  0
SECTION
  2
HEADER
  9
$ACADVER
  1
AC1021
  9
$ACADMAINTVER
 70
    25
  9
$DWGCODEPAGE
  3
ANSI_1252
  9
$INSBASE
 10
0.0
 20
0.0
 30
0.0
  9
$EXTMIN
 10
-195.0
 20
-185.0
 30
0.0
  9
$EXTMAX
 10
195.0
 20
185.0
 30
0.0
  9
$LIMMIN
 10
0.0
 20
0.0
  9
$LIMMAX
 10
420.0
 20
297.0
  9
$ORTHOMODE
 70
     0
  9
$REGENMODE
 70
     1
  9
$FILLMODE
 70
     1
  9
$QTEXTMODE
 70
     0
  9
$MIRRTEXT
 70
     1
  9
$LTSCALE
 40
1.0
  9
$ATTMODE
 70
     1
  9
$TEXTSIZE
 40
3.5
  9
$TRACEWID
 40
1.0
  9
$TEXTSTYLE
  7
Standard
  9
$CLAYER
  8
0
  9
$CELTYPE
  6
ByLayer
  9
$CECOLOR
 62
   256
  9
$CELTSCALE
 40
1.0
  9
$DISPSILH
 70
     0
  9
$DIMSCALE
 40
1.0
  9
$DIMASZ
 40
3.302
  9
$DIMEXO
 40
1.0
  9
$DIMDLI
 40
3.75
  9
$DIMRND
 40
0.0
  9
$DIMDLE
 40
0.0
  9
$DIMEXE
 40
1.0
  9
$DIMTP
 40
0.0
  9
$DIMTM
 40
0.0
  9
$DIMTXT
 40
3.5
  9
$DIMCEN
 40
2.5
  9
$DIMTSZ
 40
0.0
  9
$DIMTOL
 70
     0
  9
$DIMLIM
 70
     0
  9
$DIMTIH
 70
     1
  9
$DIMTOH
 70
     1
  9
$DIMSE1
 70
     0
  9
$DIMSE2
 70
     0
  9
$DIMTAD
 70
     1
  9
$DIMZIN
 70
     0
  9
$DIMBLK
  1

  9
$DIMASO
 70
     1
  9
$DIMSHO
 70
     1
  9
$DIMPOST
  1

  9
$DIMAPOST
  1

  9
$DIMALT
 70
     0
  9
$DIMALTD
 70
     3
  9
$DIMALTF
 40
0.0393700787
  9
$DIMLFAC
 40
1.0
  9
$DIMTOFL
 70
     1
  9
$DIMTVP
 40
0.0
  9
$DIMTIX
 70
     0
  9
$DIMSOXD
 70
     0
  9
$DIMSAH
 70
     0
  9
$DIMBLK1
  1

  9
$DIMBLK2
  1

  9
$DIMSTYLE
  2
ISO-25
  9
$DIMCLRD
 70
     0
  9
$DIMCLRE
 70
     0
  9
$DIMCLRT
 70
     0
  9
$DIMTFAC
 40
1.0
  9
$DIMGAP
 40
1.524
  9
$DIMJUST
 70
     0
  9
$DIMSD1
 70
     0
  9
$DIMSD2
 70
     0
  9
$DIMTOLJ
 70
     0
  9
$DIMTZIN
 70
     0
  9
$DIMALTZ
 70
     0
  9
$DIMALTTZ
 70
     0
  9
$DIMUPT
 70
     0
  9
$DIMDEC
 70
     2
  9
$DIMTDEC
 70
     2
  9
$DIMALTU
 70
     2
  9
$DIMALTTD
 70
     3
  9
$DIMTXSTY
  7
Standard
  9
$DIMAUNIT
 70
     0
  9
$DIMADEC
 70
     2
  9
$DIMALTRND
 40
0.0
  9
$DIMAZIN
 70
     0
  9
$DIMDSEP
 70
    44
  9
$DIMATFIT
 70
     3
  9
$DIMFRAC
 70
     0
  9
$DIMLDRBLK
  1

  9
$DIMLUNIT
 70
     2
  9
$DIMLWD
 70
    -2
  9
$DIMLWE
 70
    -2
  9
$DIMTMOVE
 70
     0
  9
$DIMFXL
 40
1.0
  9
$DIMFXLON
 70
     0
  9
$DIMJOGANG
 40
0.7853981634
  9
$DIMTFILL
 70
     0
  9
$DIMTFILLCLR
 70
     0
  9
$DIMARCSYM
 70
     0
  9
$DIMLTYPE
  6

  9
$DIMLTEX1
  6

  9
$DIMLTEX2
  6

  9
$LUNITS
 70
     2
  9
$LUPREC
 70
     2
  9
$SKETCHINC
 40
1.0
  9
$FILLETRAD
 40
10.0
  9
$AUNITS
 70
     0
  9
$AUPREC
 70
     2
  9
$MENU
  1
.
  9
$ELEVATION
 40
0.0
  9
$PELEVATION
 40
0.0
  9
$THICKNESS
 40
0.0
  9
$LIMCHECK
 70
     0
  9
$CHAMFERA
 40
0.0
  9
$CHAMFERB
 40
0.0
  9
$CHAMFERC
 40
0.0
  9
$CHAMFERD
 40
0.0
  9
$SKPOLY
 70
     0
  9
$TDCREATE
 40
2458110.662400695
  9
$TDUCREATE
 40
2458110.620734028
  9
$TDUPDATE
 40
2458110.66261728
  9
$TDUUPDATE
 40
2458110.620950614
  9
$TDINDWG
 40
0.0000000116
  9
$TDUSRTIMER
 40
0.0000000116
  9
$USRTIMER
 70
     1
  9
$ANGBASE
 50
0.0
  9
$ANGDIR
 70
     0
  9
$PDMODE
 70
     0
  9
$PDSIZE
 40
-1.0
  9
$PLINEWID
 40
0.0
  9
$SPLFRAME
 70
     0
  9
$SPLINETYPE
 70
     6
  9
$SPLINESEGS
 70
     8
  9
$HANDSEED
  5
AD9
  9
$SURFTAB1
 70
     6
  9
$SURFTAB2
 70
     6
  9
$SURFTYPE
 70
     6
  9
$SURFU
 70
     6
  9
$SURFV
 70
     6
  9
$UCSBASE
  2

  9
$UCSNAME
  2

  9
$UCSORG
 10
0.0
 20
0.0
 30
0.0
  9
$UCSXDIR
 10
1.0
 20
0.0
 30
0.0
  9
$UCSYDIR
 10
0.0
 20
1.0
 30
0.0
  9
$UCSORTHOREF
  2

  9
$UCSORTHOVIEW
 70
     0
  9
$UCSORGTOP
 10
0.0
 20
0.0
 30
0.0
  9
$UCSORGBOTTOM
 10
0.0
 20
0.0
 30
0.0
  9
$UCSORGLEFT
 10
0.0
 20
0.0
 30
0.0
  9
$UCSORGRIGHT
 10
0.0
 20
0.0
 30
0.0
  9
$UCSORGFRONT
 10
0.0
 20
0.0
 30
0.0
  9
$UCSORGBACK
 10
0.0
 20
0.0
 30
0.0
  9
$PUCSBASE
  2

  9
$PUCSNAME
  2

  9
$PUCSORG
 10
0.0
 20
0.0
 30
0.0
  9
$PUCSXDIR
 10
1.0
 20
0.0
 30
0.0
  9
$PUCSYDIR
 10
0.0
 20
1.0
 30
0.0
  9
$PUCSORTHOREF
  2

  9
$PUCSORTHOVIEW
 70
     0
  9
$PUCSORGTOP
 10
0.0
 20
0.0
 30
0.0
  9
$PUCSORGBOTTOM
 10
0.0
 20
0.0
 30
0.0
  9
$PUCSORGLEFT
 10
0.0
 20
0.0
 30
0.0
  9
$PUCSORGRIGHT
 10
0.0
 20
0.0
 30
0.0
  9
$PUCSORGFRONT
 10
0.0
 20
0.0
 30
0.0
  9
$PUCSORGBACK
 10
0.0
 20
0.0
 30
0.0
  9
$USERI1
 70
     0
  9
$USERI2
 70
     0
  9
$USERI3
 70
     0
  9
$USERI4
 70
     0
  9
$USERI5
 70
     0
  9
$USERR1
 40
0.0
  9
$USERR2
 40
0.0
  9
$USERR3
 40
0.0
  9
$USERR4
 40
0.0
  9
$USERR5
 40
0.0
  9
$WORLDVIEW
 70
     1
  9
$SHADEDGE
 70
     3
  9
$SHADEDIF
 70
    70
  9
$TILEMODE
 70
     1
  9
$MAXACTVP
 70
    64
  9
$PINSBASE
 10
0.0
 20
0.0
 30
0.0
  9
$PLIMCHECK
 70
     0
  9
$PEXTMIN
 10
1.0000000000E+20
 20
1.0000000000E+20
 30
1.0000000000E+20
  9
$PEXTMAX
 10
-1.0000000000E+20
 20
-1.0000000000E+20
 30
-1.0000000000E+20
  9
$PLIMMIN
 10
0.0
 20
0.0
  9
$PLIMMAX
 10
420.0
 20
297.0
  9
$UNITMODE
 70
     0
  9
$VISRETAIN
 70
     1
  9
$PLINEGEN
 70
     0
  9
$PSLTSCALE
 70
     1
  9
$TREEDEPTH
 70
  3020
  9
$CMLSTYLE
  2
Standard
  9
$CMLJUST
 70
     0
  9
$CMLSCALE
 40
20.0
  9
$PROXYGRAPHICS
 70
     1
  9
$MEASUREMENT
 70
     1
  9
$CELWEIGHT
370
    -1
  9
$ENDCAPS
280
     0
  9
$JOINSTYLE
280
     0
  9
$LWDISPLAY
290
     1
  9
$INSUNITS
 70
     4
  9
$HYPERLINKBASE
  1

  9
$STYLESHEET
  1

  9
$XEDIT
290
     1
  9
$CEPSNTYPE
380
     0
  9
$PSTYLEMODE
290
     1
  9
$FINGERPRINTGUID
  2
{3D103307-3857-46DA-89C7-233A10ABBDA4}
  9
$VERSIONGUID
  2
{FAEB1C32-E019-11D5-929B-00C0DF256EC4}
  9
$EXTNAMES
290
     1
  9
$PSVPSCALE
 40
0.0
  9
$OLESTARTUP
290
     0
  9
$SORTENTS
280
   127
  9
$INDEXCTL
280
     0
  9
$HIDETEXT
280
     1
  9
$XCLIPFRAME
290
     0
  9
$HALOGAP
280
     0
  9
$OBSCOLOR
 70
   257
  9
$OBSLTYPE
280
     0
  9
$INTERSECTIONDISPLAY
280
     0
  9
$INTERSECTIONCOLOR
 70
   257
  9
$DIMASSOC
280
     2
  9
$PROJECTNAME
  1

  9
$CAMERADISPLAY
290
     0
  9
$LENSLENGTH
 40
50.0
  9
$CAMERAHEIGHT
 40
0.0
  9
$STEPSPERSEC
 40
2.0
  9
$STEPSIZE
 40
6.0
  9
$3DDWFPREC
 40
2.0
  9
$PSOLWIDTH
 40
5.0
  9
$PSOLHEIGHT
 40
80.0
  9
$LOFTANG1
 40
1.5707963268
  9
$LOFTANG2
 40
1.5707963268
  9
$LOFTMAG1
 40
0.0
  9
$LOFTMAG2
 40
0.0
  9
$LOFTPARAM
 70
     7
  9
$LOFTNORMALS
280
     1
  9
$LATITUDE
 40
37.795
  9
$LONGITUDE
 40
-122.394
  9
$NORTHDIRECTION
 40
0.0
  9
$TIMEZONE
 70
 -8000
  9
$LIGHTGLYPHDISPLAY
280
     1
  9
$TILEMODELIGHTSYNCH
280
     1
  9
$CMATERIAL
347
44
  9
$SOLIDHIST
280
     0
  9
$SHOWHIST
280
     1
  9
$DWFFRAME
280
     2
  9
$DGNFRAME
280
     2
  9
$REALWORLDSCALE
290
     1
  9
$INTERFERECOLOR
 62
   256
  9
$CSHADOW
280
     0
  9
$SHADOWPLANELOCATION
 40
0.0
  0
ENDSEC
  0
SECTION
  2
CLASSES
  0
CLASS
  1
ACDBDICTIONARYWDFLT
  2
AcDbDictionaryWithDefault
  3
ObjectDBX Classes
 90
        0
 91
        4
280
     0
281
     0
  0
CLASS
  1
VISUALSTYLE
  2
AcDbVisualStyle
  3
ObjectDBX Classes
 90
     4095
 91
        4
280
     0
281
     0
  0
CLASS
  1
MATERIAL
  2
AcDbMaterial
  3
ObjectDBX Classes
 90
     1153
 91
        4
280
     0
281
     0
  0
CLASS
  1
SCALE
  2
AcDbScale
  3
ObjectDBX Classes
 90
     1153
 91
        4
280
     0
281
     0
  0
CLASS
  1
TABLESTYLE
  2
AcDbTableStyle
  3
ObjectDBX Classes
 90
     4095
 91
        4
280
     0
281
     0
  0
CLASS
  1
MLEADERSTYLE
  2
AcDbMLeaderStyle
  3
ACDB_MLEADERSTYLE_CLASS
 90
     4095
 91
        4
280
     0
281
     0
  0
CLASS
  1
SUN
  2
AcDbSun
  3
SCENEOE
 90
     1153
 91
        4
280
     0
281
     0
  0
CLASS
  1
DICTIONARYVAR
  2
AcDbDictionaryVar
  3
ObjectDBX Classes
 90
        0
 91
        4
280
     0
281
     0
  0
CLASS
  1
CELLSTYLEMAP
  2
AcDbCellStyleMap
  3
ObjectDBX Classes
 90
     1152
 91
        4
280
     0
281
     0
  0
ENDSEC
  0
SECTION
  2
TABLES
  0
TABLE
  2
VPORT
  5
8
330
0
100
AcDbSymbolTable
 70
     1
  0
VPORT
  5
29
330
8
100
AcDbSymbolTableRecord
100
AcDbViewportTableRecord
  2
*Active
 70
     0
 10
0.0
 20
0.0
 11
1.0
 21
1.0
 12
0.0
 22
0.0
 13
0.0
 23
0.0
 14
10.0
 24
10.0
 15
10.0
 25
10.0
 16
0.0
 26
0.0
 36
1.0
 17
0.0
 27
0.0
 37
0.0
 40
377.4
 41
1.0540540541
 42
50.0
 43
0.0
 44
0.0
 50
0.0
 51
0.0
 71
     0
 72
   100
 73
     1
 74
     3
 75
     0
 76
     0
 77
     0
 78
     0
281
     0
 65
     1
110
0.0
120
0.0
130
0.0
111
1.0
121
0.0
131
0.0
112
0.0
122
1.0
132
0.0
 79
     0
146
0.0
 60
     3
 61
     5
292
     1
282
     1
141
0.0
142
0.0
 63
   250
361
6D
  0
ENDTAB
  0
TABLE
  2
LTYPE
  5
5
330
0
100
AcDbSymbolTable
 70
     6
  0
LTYPE
  5
14
330
5
100
AcDbSymbolTableRecord
100
AcDbLinetypeTableRecord
  2
ByBlock
 70
     0
  3

 72
    65
 73
     0
 40
0.0
  0
LTYPE
  5
15
330
5
100
AcDbSymbolTableRecord
100
AcDbLinetypeTableRecord
  2
ByLayer
 70
     0
  3

 72
    65
 73
     0
 40
0.0
  0
LTYPE
  5
16
330
5
100
AcDbSymbolTableRecord
100
AcDbLinetypeTableRecord
  2
Continuous
 70
     0
  3
Solid line
 72
    65
 73
     0
 40
0.0
  0
LTYPE
  5
6E
330
5
100
AcDbSymbolTableRecord
100
AcDbLinetypeTableRecord
  2
HIDDEN
 70
     0
  3
Hidden __ __ __ __ __ __ __ __ __ __ __ __ __ __
 72
    65
 73
     2
 40
1.905
 49
1.27
 74
     0
 49
-0.635
 74
     0
  0
LTYPE
  5
6F
330
5
100
AcDbSymbolTableRecord
100
AcDbLinetypeTableRecord
  2
PHANTOM
 70
     0
  3
Phantom ______  __  __  ______  __  __  ______
 72
    65
 73
     6
 40
12.7
 49
6.35
 74
     0
 49
-1.27
 74
     0
 49
1.27
 74
     0
 49
-1.27
 74
     0
 49
1.27
 74
     0
 49
-1.27
 74
     0
  0
LTYPE
  5
70
330
5
100
AcDbSymbolTableRecord
100
AcDbLinetypeTableRecord
  2
CENTER
 70
     0
  3
Center ____ _ ____ _ ____ _ ____ _ ____ _ ____
 72
    65
 73
     4
 40
10.16
 49
6.35
 74
     0
 49
-1.27
 74
     0
 49
1.27
 74
     0
 49
-1.27
 74
     0
  0
LTYPE
  5
71
330
5
100
AcDbSymbolTableRecord
100
AcDbLinetypeTableRecord
  2
CENTERX2
 70
     0
  3
Center (2x) ________  __  ________  __  _____
 72
    65
 73
     4
 40
20.32
 49
12.7
 74
     0
 49
-2.54
 74
     0
 49
2.54
 74
     0
 49
-2.54
 74
     0
  0
LTYPE
  5
72
330
5
100
AcDbSymbolTableRecord
100
AcDbLinetypeTableRecord
  2
DOT2
 70
     0
  3
Dot (.5x) ........................................
 72
    65
 73
     2
 40
0.635
 49
0.0
 74
     0
 49
-0.635
 74
     0
  0
ENDTAB
  0
TABLE
  2
LAYER
  5
2
330
0
100
AcDbSymbolTable
 70
     1
  0
LAYER
  5
10
330
2
100
AcDbSymbolTableRecord
100
AcDbLayerTableRecord
  2
0
 70
     0
 62
     7
  6
Continuous
370
    -3
390
F
347
46
  0
ENDTAB
  0
TABLE
  2
STYLE
  5
3
330
0
100
AcDbSymbolTable
 70
     1
  0
STYLE
  5
11
330
3
100
AcDbSymbolTableRecord
100
AcDbTextStyleTableRecord
  2
Standard
 70
     0
 40
0.0
 41
1.0
 50
0.0
 71
     0
 42
3.5
  3
txt
  4

  0
ENDTAB
  0
TABLE
  2
VIEW
  5
6
330
0
100
AcDbSymbolTable
 70
     0
  0
ENDTAB
  0
TABLE
  2
UCS
  5
7
330
0
100
AcDbSymbolTable
 70
     0
  0
ENDTAB
  0
TABLE
  2
APPID
  5
9
330
0
100
AcDbSymbolTable
 70
     2
  0
APPID
  5
12
330
9
100
AcDbSymbolTableRecord
100
AcDbRegAppTableRecord
  2
ACAD
 70
     0
  0
APPID
  5
AD3
330
9
100
AcDbSymbolTableRecord
100
AcDbRegAppTableRecord
  2
ACAD_MLEADERVER
 70
     0
  0
ENDTAB
  0
TABLE
  2
DIMSTYLE
  5
A
330
0
100
AcDbSymbolTable
 70
     1
100
AcDbDimStyleTable
  0
DIMSTYLE
105
27
330
A
100
AcDbSymbolTableRecord
100
AcDbDimStyleTableRecord
  2
ISO-25
 70
     0
 41
2.5
 42
0.625
 43
3.75
 44
1.25
 73
     0
 74
     0
 77
     1
 78
     8
140
2.5
141
2.5
143
0.0393700787
147
0.625
171
     3
172
     1
178
     0
271
     2
272
     2
274
     3
278
    44
283
     0
284
     8
340
11
  0
ENDTAB
  0
TABLE
  2
BLOCK_RECORD
  5
1
330
0
100
AcDbSymbolTable
 70
     1
  0
BLOCK_RECORD
  5
1F
330
1
100
AcDbSymbolTableRecord
100
AcDbBlockTableRecord
  2
*Model_Space
340
22
 70
     0
280
     1
281
     0
  0
BLOCK_RECORD
  5
1B
330
1
100
AcDbSymbolTableRecord
100
AcDbBlockTableRecord
  2
*Paper_Space
340
1E
 70
     0
280
     1
281
     0
  0
BLOCK_RECORD
  5
23
330
1
100
AcDbSymbolTableRecord
100
AcDbBlockTableRecord
  2
*Paper_Space0
340
26
 70
     0
280
     1
281
     0
  0
ENDTAB
  0
ENDSEC
  0
SECTION
  2
BLOCKS
  0
BLOCK
  5
20
330
1F
100
AcDbEntity
  8
0
100
AcDbBlockBegin
  2
*Model_Space
 70
     0
 10
0.0
 20
0.0
 30
0.0
  3
*Model_Space
  1

  0
ENDBLK
  5
21
330
1F
100
AcDbEntity
  8
0
100
AcDbBlockEnd
  0
BLOCK
  5
1C
330
1B
100
AcDbEntity
 67
     1
  8
0
100
AcDbBlockBegin
  2
*Paper_Space
 70
     0
 10
0.0
 20
0.0
 30
0.0
  3
*Paper_Space
  1

  0
ENDBLK
  5
1D
330
1B
100
AcDbEntity
 67
     1
  8
0
100
AcDbBlockEnd
  0
BLOCK
  5
24
330
23
100
AcDbEntity
  8
0
100
AcDbBlockBegin
  2
*Paper_Space0
 70
     0
 10
0.0
 20
0.0
 30
0.0
  3
*Paper_Space0
  1

  0
ENDBLK
  5
25
330
23
100
AcDbEntity
  8
0
100
AcDbBlockEnd
  0
ENDSEC
  0
SECTION
  2
ENTITIES
  0
LWPOLYLINE
  5
87
330
1F
100
AcDbEntity
  8
0
  6
Continuous
 62
     7
370
    15
100
AcDbPolyline
 90
        3
 70
   128
 43
0.0
 10
68.61759936
 20
-27.495
 10
71.8049420733
 20
-27.7400319924
 10
74.1239284739
 20
-28.6728085443
  0
LWPOLYLINE
  5
90
330
1F
100
AcDbEntity
  8
0
  6
Continuous
 62
     7
370
    15
100
AcDbPolyline
 90
        3
 70
   128
 43
0.0
 10
67.8670060056
 20
-39.6468987342
 10
70.0274245302
 20
-39.5990615776
 10
71.6229395499
 20
-39.0683781646
  0
LWPOLYLINE
  5
A0
330
1F
100
AcDbEntity
  8
0
  6
Continuous
 62
     7
370
    15
100
AcDbPolyline
 90
        3
 70
   128
 43
0.0
 10
71.6321486211
 20
-53.9668117089
 10
70.3072235043
 20
-53.6934218716
 10
69.2379634945
 20
-53.6731012658
  0
LWPOLYLINE
  5
A2
330
1F
100
AcDbEntity
  8
0
  6
Continuous
 62
     7
370
    15
100
AcDbPolyline
 90
        3
 70
   128
 43
0.0
 10
70.8281533679
 20
-57.9630537975
 10
71.5251649121
 20
-57.7516371342
 10
72.0118954565
 20
-57.4527689873
  0
LWPOLYLINE
  5
A3
330
1F
100
AcDbEntity
  8
0
  6
Continuous
 62
     7
370
    15
100
AcDbPolyline
 90
        3
 70
   128
 43
0.0
 10
68.9590869122
 20
-58.0401898734
 10
70.0075134993
 20
-58.0307181872
 10
70.8281533679
 20
-57.9630537975
  0
LWPOLYLINE
  5
A9
330
1F
100
AcDbEntity
  8
0
  6
Continuous
 62
     7
370
    15
100
AcDbPolyline
 90
        3
 70
   128
 43
0.0
 10
73.3321090641
 20
-60.395806962
 10
71.8635767964
 20
-60.803089775
 10
70.6679476717
 20
-60.8882911392
  0
LWPOLYLINE
  5
AA
330
1F
100
AcDbEntity
  8
0
  6
Continuous
 62
     7
370
    15
100
AcDbPolyline
 90
        3
 70
   128
 43
0.0
 10
75.186341659
 20
-59.1111946203
 10
74.21234283
 20
-59.9258559301
 10
73.3321090641
 20
-60.395806962
  0
LWPOLYLINE
  5
AB
330
1F
100
AcDbEntity
  8
0
  6
Continuous
 62
     7
370
    15
100
AcDbPolyline
 90
        3
 70
   128
 43
0.0
 10
76.4768875451
 20
-55.5451344937
 10
76.0932292901
 20
-57.6752963794
 10
75.186341659
 20
-59.1111946203
  0
LWPOLYLINE
  5
D0
330
1F
100
AcDbEntity
  8
0
  6
Continuous
 62
     7
370
    15
100
AcDbPolyline
 90
        6
 70
   128
 43
0.0
 10
46.6943523539
 20
-16.6966455696
 10
47.5411072786
 20
-16.5971119517
 10
48.3027468178
 20
-16.2236634278
 10
48.8202531294
 20
-15.5523115324
 10
49.1000565859
 20
-14.5885033729
 10
49.1686403286
 20
-13.5845015823
  0
LWPOLYLINE
  5
D1
330
1F
100
AcDbEntity
  8
0
  6
Continuous
 62
     7
370
    15
100
AcDbPolyline
 90
        5
 70
   128
 43
0.0
 10
44.2319314678
 20
-13.5845015823
 10
44.3533180411
 20
-14.8546054603
 10
44.8750165203
 20
-16.0085989694
 10
45.704131928
 20
-16.5546309401
 10
46.6943523539
 20
-16.6966455696
  0
LWPOLYLINE
  5
D6
330
1F
100
AcDbEntity
  8
0
  6
Continuous
 62
     7
370
    15
100
AcDbPolyline
 90
        6
 70
   128
 43
0.0
 10
52.966108683
 20
-13.7773417722
 10
52.7692120576
 20
-15.5790380149
 10
52.0636718944
 20
-17.243555541
 10
50.7902228239
 20
-18.52350414
 10
48.8204250487
 20
-19.3316990163
 10
46.6943523539
 20
-19.5447468354
  0
LWPOLYLINE
  5
E4
330
1F
100
AcDbEntity
  8
0
  6
Continuous
 62
     7
370
    15
100
AcDbPolyline
 90
        3
 70
   128
 43
0.0
 10
-23.2558306962
 20
-32.9775949367
 10
-21.5973495117
 20
-33.3685507703
 10
-20.3187262658
 20
-33.763789557
  0
LWPOLYLINE
  5
E5
330
1F
100
AcDbEntity
  8
0
  6
Continuous
 62
     7
370
    15
100
AcDbPolyline
 90
        4
 70
   128
 43
0.0
 10
-25.2287341772
 20
-31.4348734177
 10
-25.0575148521
 20
-32.0902458093
 10
-24.5501843726
 20
-32.5391492489
 10
-23.2558306962
 20
-32.9775949367
  0
LWPOLYLINE
  5
E6
330
1F
100
AcDbEntity
  8
0
  6
Continuous
 62
     7
370
    15
100
AcDbPolyline
 90
        4
 70
   128
 43
0.0
 10
-24.365403481
 20
-30.1443275316
 10
-25.0349208935
 20
-30.7523582493
 10
-25.1798930913
 20
-31.0801363935
 10
-25.2287341772
 20
-31.4348734177
  0
LWPOLYLINE
  5
E7
330
1F
100
AcDbEntity
  8
0
  6
Continuous
 62
     7
370
    15
100
AcDbPolyline
 90
        3
 70
   128
 43
0.0
 10
-22.6565427215
 20
-29.7734810127
 10
-23.6386239855
 20
-29.8726440835
 10
-24.365403481
 20
-30.1443275316
  0
LWPOLYLINE
  5
E8
330
1F
100
AcDbEntity
  8
0
  6
Continuous
 62
     7
370
    15
100
AcDbPolyline
 90
        3
 70
   128
 43
0.0
 10
-18.1559493671
 20
-31.4823417722
 10
-20.5371294106
 20
-30.1369033938
 10
-22.6565427215
 20
-29.7734810127
  0
LWPOLYLINE
  5
EB
330
1F
100
AcDbEntity
  8
0
  6
Continuous
 62
     7
370
    15
100
AcDbPolyline
 90
        3
 70
   128
 43
0.0
 10
-22.8286155063
 20
-27.1152531646
 10
-19.9750171363
 20
-27.4289654254
 10
-17.8236708861
 20
-28.1091218354
  0
LWPOLYLINE
  5
EC
330
1F
100
AcDbEntity
  8
0
  6
Continuous
 62
     7
370
    15
100
AcDbPolyline
 90
        6
 70
   128
 43
0.0
 10
-29.0262025316
 20
-31.8947231013
 10
-28.7354708331
 20
-30.2985952505
 10
-27.8404465276
 20
-28.9467437461
 10
-26.535678074
 20
-27.9759556561
 10
-24.7379743717
 20
-27.3114029061
 10
-22.8286155063
 20
-27.1152531646
  0
LWPOLYLINE
  5
EE
330
1F
100
AcDbEntity
  8
0
  6
Continuous
 62
     7
370
    15
100
AcDbPolyline
 90
        3
 70
   128
 43
0.0
 10
-22.5438053797
 20
-37.0420727848
 10
-24.3708363959
 20
-36.6085866872
 10
-25.7894541139
 20
-36.205443038
  0
LWPOLYLINE
  5
F1
330
1F
100
AcDbEntity
  8
0
  6
Continuous
 62
     7
370
    15
100
AcDbPolyline
 90
        3
 70
   128
 43
0.0
 10
-23.6474446203
 20
-40.2165189873
 10
-22.6927170536
 20
-40.119995053
 10
-21.9741851266
 20
-39.8990743671
  0
LWPOLYLINE
  5
F5
330
1F
100
AcDbEntity
  8
0
  6
Continuous
 62
     7
370
    15
100
AcDbPolyline
 90
        3
 70
   128
 43
0.0
 10
-23.662278481
 20
-42.8747468354
 10
-26.7319457473
 20
-42.5190513692
 10
-29.0262025316
 20
-41.7117721519
  0
LWPOLYLINE
  5
11F
330
1F
100
AcDbEntity
  8
0
  6
Continuous
 62
     7
370
    15
100
AcDbPolyline
 90
        3
 70
   128
 43
0.0
 10
-47.889686822
 20
-109.6368987342
 10
-45.7292682973
 20
-109.5890615776
 10
-44.1337532777
 20
-109.0583781646
  0
CIRCLE
  5
13E
330
1F
100
AcDbEntity
  8
0
  6
Continuous
 62
     7
370
    15
100
AcDbCircle
 10
-158.1081081081
 20
-150.0
 30
0.0
 40
1.999999999999972
  0
CIRCLE
  5
13F
330
1F
100
AcDbEntity
  8
0
  6
Continuous
 62
     7
370
    15
100
AcDbCircle
 10
-158.1081081081
 20
150.0
 30
0.0
 40
1.999999999999972
  0
CIRCLE
  5
140
330
1F
100
AcDbEntity
  8
0
  6
Continuous
 62
     7
370
    15
100
AcDbCircle
 10
158.1081081081
 20
150.0
 30
0.0
 40
1.999999999999972
  0
CIRCLE
  5
141
330
1F
100
AcDbEntity
  8
0
  6
Continuous
 62
     7
370
    15
100
AcDbCircle
 10
158.1081081081
 20
-150.0
 30
0.0
 40
1.999999999999972
  0
LWPOLYLINE
  5
14F
330
1F
100
AcDbEntity
  8
0
  6
Continuous
 62
     7
370
    15
100
AcDbPolyline
 90
        3
 70
   128
 43
0.0
 10
-1.7066065023
 20
156.1451973194
 10
-1.2097555306
 20
156.6202496932
 10
-0.7870234792
 20
156.956813105
  0
LWPOLYLINE
  5
151
330
1F
100
AcDbEntity
  8
0
  6
Continuous
 62
     7
370
    15
100
AcDbPolyline
 90
        3
 70
   128
 43
0.0
 10
-1.8331887807
 20
155.4936708861
 10
-1.779051005
 20
155.4995048979
 10
-1.7363905678
 20
155.5011169025
  0
LWPOLYLINE
  5
152
330
1F
100
AcDbEntity
  8
0
  6
Continuous
 62
     7
370
    15
100
AcDbPolyline
 90
        3
 70
   128
 43
0.0
 10
-2.7676638366
 20
155.0394638868
 10
-2.2453609718
 20
155.2958830884
 10
-1.8331887807
 20
155.4936708861
  0
LWPOLYLINE
  5
153
330
1F
100
AcDbEntity
  8
0
  6
Continuous
 62
     7
370
    15
100
AcDbPolyline
 90
        3
 70
   128
 43
0.0
 10
-3.653739786
 20
154.2204020849
 10
-3.2044994651
 20
154.7309148303
 10
-2.7676638366
 20
155.0394638868
  0
LWPOLYLINE
  5
155
330
1F
100
AcDbEntity
  8
0
  6
Continuous
 62
     7
370
    15
100
AcDbPolyline
 90
        3
 70
   128
 43
0.0
 10
-3.9739184903
 20
150.3037974684
 10
-3.791518759
 20
151.1224788636
 10
-3.653739786
 20
151.7669396873
  0
LWPOLYLINE
  5
156
330
1F
100
AcDbEntity
  8
0
  6
Continuous
 62
     7
370
    15
100
AcDbPolyline
 90
        3
 70
   128
 43
0.0
 10
-4.5100316698
 20
149.0230826508
 10
-4.1473047331
 20
149.7141708791
 10
-3.9739184903
 20
150.3037974684
  0
LWPOLYLINE
  5
15A
330
1F
100
AcDbEntity
  8
0
  6
Continuous
 62
     7
370
    15
100
AcDbPolyline
 90
        3
 70
   128
 43
0.0
 10
-5.7013942908
 20
146.2382725242
 10
-5.9268836867
 20
146.4249605747
 10
-6.0327420198
 20
146.6291883842
  0
LWPOLYLINE
  5
15C
330
1F
100
AcDbEntity
  8
0
  6
Continuous
 62
     7
370
    15
100
AcDbPolyline
 90
        3
 70
   128
 43
0.0
 10
-1.3268596668
 20
145.7170513775
 10
-1.5639053976
 20
145.980017339
 10
-1.6637092319
 20
146.2382725232
  0
LWPOLYLINE
  5
15D
330
1F
100
AcDbEntity
  8
0
  6
Continuous
 62
     7
370
    15
100
AcDbPolyline
 90
        3
 70
   128
 43
0.0
 10
-0.8503146184
 20
145.3410275503
 10
-1.1227632493
 20
145.5442164979
 10
-1.3268596668
 20
145.7170513775
  0
LWPOLYLINE
  5
15F
330
1F
100
AcDbEntity
  8
0
  6
Continuous
 62
     7
370
    15
100
AcDbPolyline
 90
        3
 70
   128
 43
0.0
 10
1.53985664
 20
146.1005212211
 10
1.0160171426
 20
145.6249136101
 10
0.5755975186
 20
145.2851824274
  0
LWPOLYLINE
  5
160
330
1F
100
AcDbEntity
  8
0
  6
Continuous
 62
     7
370
    15
100
AcDbPolyline
 90
        3
 70
   128
 43
0.0
 10
1.5882557464
 20
146.3015636634
 10
1.5672148861
 20
146.1874531407
 10
1.53985664
 20
146.1005212211
  0
LWPOLYLINE
  5
166
330
1F
100
AcDbEntity
  8
0
  6
Continuous
 62
     7
370
    15
100
AcDbPolyline
 90
        3
 70
   128
 43
0.0
 10
4.0379951359
 20
150.2479523455
 10
4.2821378461
 20
149.4738354026
 10
4.5741083153
 20
148.9076693969
  0
LWPOLYLINE
  5
167
330
1F
100
AcDbEntity
  8
0
  6
Continuous
 62
     7
370
    15
100
AcDbPolyline
 90
        3
 70
   128
 43
0.0
 10
3.7327084642
 20
151.625465376
 10
3.9075113148
 20
150.8549102122
 10
4.0379951359
 20
150.2479523455
  0
LWPOLYLINE
  5
16A
330
1F
100
AcDbEntity
  8
0
  6
Continuous
 62
     7
370
    15
100
AcDbPolyline
 90
        3
 70
   128
 43
0.0
 10
2.6418670644
 20
155.0096798213
 10
3.2362272173
 20
154.6226778938
 10
3.6359102513
 20
154.2352941176
  0
LWPOLYLINE
  5
16B
330
1F
100
AcDbEntity
  8
0
  6
Continuous
 62
     7
370
    15
100
AcDbPolyline
 90
        3
 70
   128
 43
0.0
 10
1.7334530659
 20
155.452717796
 10
2.2421472287
 20
155.2045802861
 10
2.6418670644
 20
155.0096798213
  0
LWPOLYLINE
  5
16D
330
1F
100
AcDbEntity
  8
0
  6
Continuous
 62
     7
370
    15
100
AcDbPolyline
 90
        3
 70
   128
 43
0.0
 10
1.6515468857
 20
156.096798213
 10
1.6693120875
 20
155.7404987062
 10
1.6701619266
 20
155.4601638124
  0
LWPOLYLINE
  5
16E
330
1F
100
AcDbEntity
  8
0
  6
Continuous
 62
     7
370
    15
100
AcDbPolyline
 90
        3
 70
   128
 43
0.0
 10
0.6984567889
 20
156.9419210722
 10
1.2482275011
 20
156.486847322
 10
1.6515468857
 20
156.096798213
  0
LWPOLYLINE
  5
173
330
1F
100
AcDbEntity
  8
0
  6
Continuous
 62
     7
370
    15
100
AcDbPolyline
 90
        3
 70
   128
 43
0.0
 10
-45.9387773179
 20
-86.8765189873
 10
-45.423180733
 20
-86.8650776644
 10
-45.0190779508
 20
-86.8349841772
  0
LWPOLYLINE
  5
175
330
1F
100
AcDbEntity
  8
0
  6
Continuous
 62
     7
370
    15
100
AcDbPolyline
 90
        3
 70
   128
 43
0.0
 10
-49.4484687736
 20
-77.8782990506
 10
-50.5061388105
 20
-79.8705133937
 10
-50.7152804824
 20
-81.6431329114
  0
LWPOLYLINE
  5
176
330
1F
100
AcDbEntity
  8
0
  6
Continuous
 62
     7
370
    15
100
AcDbPolyline
 90
        3
 70
   128
 43
0.0
 10
-46.3155573812
 20
-76.6233544304
 10
-48.2096020439
 20
-76.9988403476
 10
-49.4484687736
 20
-77.8782990506
  0
LWPOLYLINE
  5
177
330
1F
100
AcDbEntity
  8
0
  6
Continuous
 62
     7
370
    15
100
AcDbPolyline
 90
        3
 70
   128
 43
0.0
 10
-43.4911902926
 20
-77.3531803797
 10
-45.0306489211
 20
-76.7713195143
 10
-46.3155573812
 20
-76.6233544304
  0
LWPOLYLINE
  5
178
330
1F
100
AcDbEntity
  8
0
  6
Continuous
 62
     7
370
    15
100
AcDbPolyline
 90
        3
 70
   128
 43
0.0
 10
-41.7496950394
 20
-78.5220886076
 10
-42.7043674374
 20
-77.8360281112
 10
-43.4911902926
 20
-77.3531803797
  0
LWPOLYLINE
  5
17E
330
1F
100
AcDbEntity
  8
0
  6
Continuous
 62
     7
370
    15
100
AcDbPolyline
 90
        3
 70
   128
 43
0.0
 10
-41.4114830141
 20
-88.3688053797
 10
-44.4654138267
 20
-89.2744294818
 10
-46.9534133938
 20
-89.5347468354
  0
LWPOLYLINE
  5
1A2
330
1F
100
AcDbEntity
  8
0
  6
Continuous
 62
     7
370
    15
100
AcDbPolyline
 90
        6
 70
   128
 43
0.0
 10
116.7215255927
 20
-86.6866455696
 10
117.5682805174
 20
-86.5871119517
 10
118.3299200566
 20
-86.2136634278
 10
118.8474263682
 20
-85.5423115324
 10
119.1272298247
 20
-84.5785033729
 10
119.1958135674
 20
-83.5745015823
  0
LWPOLYLINE
  5
1A3
330
1F
100
AcDbEntity
  8
0
  6
Continuous
 62
     7
370
    15
100
AcDbPolyline
 90
        5
 70
   128
 43
0.0
 10
114.2591047066
 20
-83.5745015823
 10
114.3804912799
 20
-84.8446054603
 10
114.9021897591
 20
-85.9985989694
 10
115.7313051668
 20
-86.5446309401
 10
116.7215255927
 20
-86.6866455696
  0
LWPOLYLINE
  5
1A8
330
1F
100
AcDbEntity
  8
0
  6
Continuous
 62
     7
370
    15
100
AcDbPolyline
 90
        6
 70
   128
 43
0.0
 10
122.9932819218
 20
-83.7673417722
 10
122.7963852964
 20
-85.5690380149
 10
122.0908451332
 20
-87.233555541
 10
120.8173960627
 20
-88.51350414
 10
118.8475982875
 20
-89.3216990163
 10
116.7215255927
 20
-89.5347468354
  0
LWPOLYLINE
  5
1DA
330
1F
100
AcDbEntity
  8
0
  6
Continuous
 62
     7
370
    15
100
AcDbPolyline
 90
        3
 70
   128
 43
0.0
 10
116.7241693038
 20
83.6724050633
 10
118.3826504883
 20
83.2814492297
 10
119.6612737342
 20
82.886210443
  0
LWPOLYLINE
  5
1DB
330
1F
100
AcDbEntity
  8
0
  6
Continuous
 62
     7
370
    15
100
AcDbPolyline
 90
        4
 70
   128
 43
0.0
 10
114.7512658228
 20
85.2151265823
 10
114.9224851479
 20
84.5597541907
 10
115.4298156274
 20
84.1108507511
 10
116.7241693038
 20
83.6724050633
  0
LWPOLYLINE
  5
1DC
330
1F
100
AcDbEntity
  8
0
  6
Continuous
 62
     7
370
    15
100
AcDbPolyline
 90
        4
 70
   128
 43
0.0
 10
115.614596519
 20
86.5056724684
 10
114.9450791065
 20
85.8976417507
 10
114.8001069087
 20
85.5698636065
 10
114.7512658228
 20
85.2151265823
  0
LWPOLYLINE
  5
1DD
330
1F
100
AcDbEntity
  8
0
  6
Continuous
 62
     7
370
    15
100
AcDbPolyline
 90
        3
 70
   128
 43
0.0
 10
117.3234572785
 20
86.8765189873
 10
116.3413760145
 20
86.7773559165
 10
115.614596519
 20
86.5056724684
  0
LWPOLYLINE
  5
1DE
330
1F
100
AcDbEntity
  8
0
  6
Continuous
 62
     7
370
    15
100
AcDbPolyline
 90
        3
 70
   128
 43
0.0
 10
121.8240506329
 20
85.1676582278
 10
119.4428705894
 20
86.5130966062
 10
117.3234572785
 20
86.8765189873
  0
LWPOLYLINE
  5
1E1
330
1F
100
AcDbEntity
  8
0
  6
Continuous
 62
     7
370
    15
100
AcDbPolyline
 90
        3
 70
   128
 43
0.0
 10
117.1513844937
 20
89.5347468354
 10
120.0049828637
 20
89.2210345746
 10
122.1563291139
 20
88.5408781646
  0
LWPOLYLINE
  5
1E2
330
1F
100
AcDbEntity
  8
0
  6
Continuous
 62
     7
370
    15
100
AcDbPolyline
 90
        6
 70
   128
 43
0.0
 10
110.9537974684
 20
84.7552768987
 10
111.2445291669
 20
86.3514047495
 10
112.1395534724
 20
87.7032562539
 10
113.444321926
 20
88.6740443439
 10
115.2420256283
 20
89.3385970939
 10
117.1513844937
 20
89.5347468354
  0
LWPOLYLINE
  5
1E4
330
1F
100
AcDbEntity
  8
0
  6
Continuous
 62
     7
370
    15
100
AcDbPolyline
 90
        3
 70
   128
 43
0.0
 10
117.4361946203
 20
79.6079272152
 10
115.6091636041
 20
80.0414133128
 10
114.1905458861
 20
80.444556962
  0
LWPOLYLINE
  5
1E7
330
1F
100
AcDbEntity
  8
0
  6
Continuous
 62
     7
370
    15
100
AcDbPolyline
 90
        3
 70
   128
 43
0.0
 10
116.3325553797
 20
76.4334810127
 10
117.2872829464
 20
76.530004947
 10
118.0058148734
 20
76.7509256329
  0
LWPOLYLINE
  5
1EB
330
1F
100
AcDbEntity
  8
0
  6
Continuous
 62
     7
370
    15
100
AcDbPolyline
 90
        3
 70
   128
 43
0.0
 10
116.317721519
 20
73.7752531646
 10
113.2480542527
 20
74.1309486308
 10
110.9537974684
 20
74.9382278481
  0
LWPOLYLINE
  5
1F6
330
1F
100
AcDbEntity
  8
0
  6
Continuous
 62
     7
370
    15
100
AcDbPolyline
 90
        3
 70
   128
 43
0.0
 10
-23.9038862894
 20
89.155
 10
-21.6751312127
 20
88.9849128606
 10
-20.0470824919
 20
88.3480379747
  0
LWPOLYLINE
  5
1FA
330
1F
100
AcDbEntity
  8
0
  6
Continuous
 62
     7
370
    15
100
AcDbPolyline
 90
        3
 70
   128
 43
0.0
 10
-23.0257217324
 20
86.2564636076
 10
-24.0385709283
 20
86.4739311522
 10
-24.8562201501
 20
86.4967721519
  0
LWPOLYLINE
  5
1FB
330
1F
100
AcDbEntity
  8
0
  6
Continuous
 62
     7
370
    15
100
AcDbPolyline
 90
        3
 70
   128
 43
0.0
 10
-25.0342264792
 20
82.319556962
 10
-23.7318664823
 20
82.4163348767
 10
-22.8091473653
 20
82.8417088608
  0
LWPOLYLINE
  5
204
330
1F
100
AcDbEntity
  8
0
  6
Continuous
 62
     7
370
    15
100
AcDbPolyline
 90
        3
 70
   128
 43
0.0
 10
-23.4145127713
 20
107.0024050633
 10
-21.7560315868
 20
106.6114492297
 10
-20.477408341
 20
106.216210443
  0
LWPOLYLINE
  5
205
330
1F
100
AcDbEntity
  8
0
  6
Continuous
 62
     7
370
    15
100
AcDbPolyline
 90
        4
 70
   128
 43
0.0
 10
-25.3874162523
 20
108.5451265823
 10
-25.2161969272
 20
107.8897541907
 10
-24.7088664477
 20
107.4408507511
 10
-23.4145127713
 20
107.0024050633
  0
LWPOLYLINE
  5
206
330
1F
100
AcDbEntity
  8
0
  6
Continuous
 62
     7
370
    15
100
AcDbPolyline
 90
        4
 70
   128
 43
0.0
 10
-24.5240855561
 20
109.8356724684
 10
-25.1936029686
 20
109.2276417507
 10
-25.3385751664
 20
108.8998636065
 10
-25.3874162523
 20
108.5451265823
  0
LWPOLYLINE
  5
207
330
1F
100
AcDbEntity
  8
0
  6
Continuous
 62
     7
370
    15
100
AcDbPolyline
 90
        3
 70
   128
 43
0.0
 10
-22.8152247966
 20
110.2065189873
 10
-23.7973060606
 20
110.1073559165
 10
-24.5240855561
 20
109.8356724684
  0
LWPOLYLINE
  5
208
330
1F
100
AcDbEntity
  8
0
  6
Continuous
 62
     7
370
    15
100
AcDbPolyline
 90
        3
 70
   128
 43
0.0
 10
-18.3146314422
 20
108.4976582278
 10
-20.6958114857
 20
109.8430966062
 10
-22.8152247966
 20
110.2065189873
  0
LWPOLYLINE
  5
20B
330
1F
100
AcDbEntity
  8
0
  6
Continuous
 62
     7
370
    15
100
AcDbPolyline
 90
        3
 70
   128
 43
0.0
 10
-22.9872975815
 20
112.8647468354
 10
-20.1336992114
 20
112.5510345746
 10
-17.9823529612
 20
111.8708781646
  0
LWPOLYLINE
  5
20C
330
1F
100
AcDbEntity
  8
0
  6
Continuous
 62
     7
370
    15
100
AcDbPolyline
 90
        6
 70
   128
 43
0.0
 10
-29.1848846068
 20
108.0852768987
 10
-28.8941529083
 20
109.6814047495
 10
-27.9991286027
 20
111.0332562539
 10
-26.6943601491
 20
112.0040443439
 10
-24.8966564468
 20
112.6685970939
 10
-22.9872975815
 20
112.8647468354
  0
LWPOLYLINE
  5
20E
330
1F
100
AcDbEntity
  8
0
  6
Continuous
 62
     7
370
    15
100
AcDbPolyline
 90
        3
 70
   128
 43
0.0
 10
-22.7024874549
 20
102.9379272152
 10
-24.5295184711
 20
103.3714133128
 10
-25.9481361891
 20
103.774556962
  0
LWPOLYLINE
  5
211
330
1F
100
AcDbEntity
  8
0
  6
Continuous
 62
     7
370
    15
100
AcDbPolyline
 90
        3
 70
   128
 43
0.0
 10
-23.8061266954
 20
99.7634810127
 10
-22.8513991287
 20
99.860004947
 10
-22.1328672017
 20
100.0809256329
  0
LWPOLYLINE
  5
215
330
1F
100
AcDbEntity
  8
0
  6
Continuous
 62
     7
370
    15
100
AcDbPolyline
 90
        3
 70
   128
 43
0.0
 10
-23.8209605561
 20
97.1052531646
 10
-26.8906278224
 20
97.4609486308
 10
-29.1848846068
 20
98.2682278481
  0
LWPOLYLINE
  5
21A
330
1F
100
AcDbEntity
  8
0
  6
Continuous
 62
     7
370
    15
100
AcDbPolyline
 90
        3
 70
   128
 43
0.0
 10
23.0400266418
 20
101.0421598101
 10
23.3066866911
 20
102.5069934105
 10
23.3218699962
 20
103.6855537975
  0
LWPOLYLINE
  5
21B
330
1F
100
AcDbEntity
  8
0
  6
Continuous
 62
     7
370
    15
100
AcDbPolyline
 90
        4
 70
   128
 43
0.0
 10
20.7496785405
 20
99.9533544304
 10
22.2253972783
 20
100.2136133552
 10
22.7090634941
 20
100.5533166007
 10
23.0400266418
 20
101.0421598101
  0
LWPOLYLINE
  5
21C
330
1F
100
AcDbEntity
  8
0
  6
Continuous
 62
     7
370
    15
100
AcDbPolyline
 90
        3
 70
   128
 43
0.0
 10
18.5364665152
 20
100.5229746835
 10
19.740812183
 20
100.0557100277
 10
20.7496785405
 20
99.9533544304
  0
LWPOLYLINE
  5
21F
330
1F
100
AcDbEntity
  8
0
  6
Continuous
 62
     7
370
    15
100
AcDbPolyline
 90
        3
 70
   128
 43
0.0
 10
21.618942781
 20
97.1052531646
 10
19.6932540521
 20
97.1864004565
 10
18.1952877177
 20
97.4048971519
  0
LWPOLYLINE
  5
221
330
1F
100
AcDbEntity
  8
0
  6
Continuous
 62
     7
370
    15
100
AcDbPolyline
 90
        3
 70
   128
 43
0.0
 10
27.1193383506
 20
101.7838528481
 10
26.7178568535
 20
99.7633332169
 10
25.7753905658
 20
98.4492009494
  0
LWPOLYLINE
  5
23E
330
1F
100
AcDbEntity
  8
0
  6
Continuous
 62
     7
370
    15
100
AcDbPolyline
 90
        6
 70
   128
 43
0.0
 10
-93.3176270443
 20
76.6233544304
 10
-92.4708721195
 20
76.7228880483
 10
-91.7092325803
 20
77.0963365722
 10
-91.1917262688
 20
77.7676884676
 10
-90.9119228122
 20
78.7314966271
 10
-90.8433390696
 20
79.7354984177
  0
LWPOLYLINE
  5
23F
330
1F
100
AcDbEntity
  8
0
  6
Continuous
 62
     7
370
    15
100
AcDbPolyline
 90
        5
 70
   128
 43
0.0
 10
-95.7800479304
 20
79.7354984177
 10
-95.6586613571
 20
78.4653945397
 10
-95.1369628779
 20
77.3114010306
 10
-94.3078474702
 20
76.7653690599
 10
-93.3176270443
 20
76.6233544304
  0
LWPOLYLINE
  5
244
330
1F
100
AcDbEntity
  8
0
  6
Continuous
 62
     7
370
    15
100
AcDbPolyline
 90
        6
 70
   128
 43
0.0
 10
-87.0458707152
 20
79.5426582278
 10
-87.2427673406
 20
77.7409619851
 10
-87.9483075037
 20
76.076444459
 10
-89.2217565742
 20
74.79649586
 10
-91.1915543495
 20
73.9883009837
 10
-93.3176270443
 20
73.7752531646
  0
LWPOLYLINE
  5
259
330
1F
100
AcDbEntity
  8
0
  6
Continuous
 62
     7
370
    15
100
AcDbPolyline
 90
        3
 70
   128
 43
0.0
 10
-70.4690934675
 20
19.165
 10
-67.2817507542
 20
18.9199680076
 10
-64.9627643536
 20
17.9871914557
  0
LWPOLYLINE
  5
260
330
1F
100
AcDbEntity
  8
0
  6
Continuous
 62
     7
370
    15
100
AcDbPolyline
 90
        3
 70
   128
 43
0.0
 10
-71.219686822
 20
7.0131012658
 10
-69.0592682973
 20
7.0609384224
 10
-67.4637532777
 20
7.5916218354
  0
LWPOLYLINE
  5
2A7
330
1F
100
AcDbEntity
  8
0
  6
Continuous
 62
     7
370
    15
100
AcDbPolyline
 90
        6
 70
   128
 43
0.0
 10
-93.3176270443
 20
29.9633544304
 10
-92.4708721195
 20
30.0628880483
 10
-91.7092325803
 20
30.4363365722
 10
-91.1917262688
 20
31.1076884676
 10
-90.9119228122
 20
32.0714966271
 10
-90.8433390696
 20
33.0754984177
  0
LWPOLYLINE
  5
2A8
330
1F
100
AcDbEntity
  8
0
  6
Continuous
 62
     7
370
    15
100
AcDbPolyline
 90
        5
 70
   128
 43
0.0
 10
-95.7800479304
 20
33.0754984177
 10
-95.6586613571
 20
31.8053945397
 10
-95.1369628779
 20
30.6514010306
 10
-94.3078474702
 20
30.1053690599
 10
-93.3176270443
 20
29.9633544304
  0
LWPOLYLINE
  5
2AD
330
1F
100
AcDbEntity
  8
0
  6
Continuous
 62
     7
370
    15
100
AcDbPolyline
 90
        6
 70
   128
 43
0.0
 10
-87.0458707152
 20
32.8826582278
 10
-87.2427673406
 20
31.0809619851
 10
-87.9483075037
 20
29.416444459
 10
-89.2217565742
 20
28.13649586
 10
-91.1915543495
 20
27.3283009837
 10
-93.3176270443
 20
27.1152531646
  0
LWPOLYLINE
  5
2B1
330
1F
100
AcDbEntity
  8
0
  6
Continuous
 62
     7
370
    15
100
AcDbPolyline
 90
        3
 70
   128
 43
0.0
 10
94.9621486211
 20
62.6831882911
 10
93.6372235043
 20
62.9565781284
 10
92.5679634945
 20
62.9768987342
  0
LWPOLYLINE
  5
2B4
330
1F
100
AcDbEntity
  8
0
  6
Continuous
 62
     7
370
    15
100
AcDbPolyline
 90
        3
 70
   128
 43
0.0
 10
94.1581533679
 20
58.6869462025
 10
94.8551649121
 20
58.8983628658
 10
95.3418954565
 20
59.1972310127
  0
LWPOLYLINE
  5
2B5
330
1F
100
AcDbEntity
  8
0
  6
Continuous
 62
     7
370
    15
100
AcDbPolyline
 90
        3
 70
   128
 43
0.0
 10
92.2890869122
 20
58.6098101266
 10
93.3375134993
 20
58.6192818128
 10
94.1581533679
 20
58.6869462025
  0
LWPOLYLINE
  5
2BB
330
1F
100
AcDbEntity
  8
0
  6
Continuous
 62
     7
370
    15
100
AcDbPolyline
 90
        3
 70
   128
 43
0.0
 10
96.6621090641
 20
56.254193038
 10
95.1935767964
 20
55.846910225
 10
93.9979476717
 20
55.7617088608
  0
LWPOLYLINE
  5
2BC
330
1F
100
AcDbEntity
  8
0
  6
Continuous
 62
     7
370
    15
100
AcDbPolyline
 90
        3
 70
   128
 43
0.0
 10
98.516341659
 20
57.5388053797
 10
97.54234283
 20
56.7241440699
 10
96.6621090641
 20
56.254193038
  0
LWPOLYLINE
  5
2BD
330
1F
100
AcDbEntity
  8
0
  6
Continuous
 62
     7
370
    15
100
AcDbPolyline
 90
        3
 70
   128
 43
0.0
 10
99.8068875451
 20
61.1048655063
 10
99.4232292901
 20
58.9747036206
 10
98.516341659
 20
57.5388053797
  0
LWPOLYLINE
  5
2BF
330
1F
100
AcDbEntity
  8
0
  6
Continuous
 62
     7
370
    15
100
AcDbPolyline
 90
        3
 70
   128
 43
0.0
 10
46.5754872287
 20
60.3424050633
 10
48.2339684132
 20
59.9514492297
 10
49.512591659
 20
59.556210443
  0
LWPOLYLINE
  5
2C0
330
1F
100
AcDbEntity
  8
0
  6
Continuous
 62
     7
370
    15
100
AcDbPolyline
 90
        4
 70
   128
 43
0.0
 10
44.6025837477
 20
61.8851265823
 10
44.7738030728
 20
61.2297541907
 10
45.2811335523
 20
60.7808507511
 10
46.5754872287
 20
60.3424050633
  0
LWPOLYLINE
  5
2C1
330
1F
100
AcDbEntity
  8
0
  6
Continuous
 62
     7
370
    15
100
AcDbPolyline
 90
        4
 70
   128
 43
0.0
 10
45.4659144439
 20
63.1756724684
 10
44.7963970314
 20
62.5676417507
 10
44.6514248336
 20
62.2398636065
 10
44.6025837477
 20
61.8851265823
  0
LWPOLYLINE
  5
2C2
330
1F
100
AcDbEntity
  8
0
  6
Continuous
 62
     7
370
    15
100
AcDbPolyline
 90
        3
 70
   128
 43
0.0
 10
47.1747752034
 20
63.5465189873
 10
46.1926939394
 20
63.4473559165
 10
45.4659144439
 20
63.1756724684
  0
LWPOLYLINE
  5
2C3
330
1F
100
AcDbEntity
  8
0
  6
Continuous
 62
     7
370
    15
100
AcDbPolyline
 90
        3
 70
   128
 43
0.0
 10
51.6753685578
 20
61.8376582278
 10
49.2941885143
 20
63.1830966062
 10
47.1747752034
 20
63.5465189873
  0
LWPOLYLINE
  5
2C6
330
1F
100
AcDbEntity
  8
0
  6
Continuous
 62
     7
370
    15
100
AcDbPolyline
 90
        3
 70
   128
 43
0.0
 10
47.0027024185
 20
66.2047468354
 10
49.8563007886
 20
65.8910345746
 10
52.0076470388
 20
65.2108781646
  0
LWPOLYLINE
  5
2C7
330
1F
100
AcDbEntity
  8
0
  6
Continuous
 62
     7
370
    15
100
AcDbPolyline
 90
        6
 70
   128
 43
0.0
 10
40.8051153932
 20
61.4252768987
 10
41.0958470917
 20
63.0214047495
 10
41.9908713973
 20
64.3732562539
 10
43.2956398509
 20
65.3440443439
 10
45.0933435532
 20
66.0085970939
 10
47.0027024185
 20
66.2047468354
  0
LWPOLYLINE
  5
2C9
330
1F
100
AcDbEntity
  8
0
  6
Continuous
 62
     7
370
    15
100
AcDbPolyline
 90
        3
 70
   128
 43
0.0
 10
47.2875125451
 20
56.2779272152
 10
45.4604815289
 20
56.7114133128
 10
44.0418638109
 20
57.114556962
  0
LWPOLYLINE
  5
2CC
330
1F
100
AcDbEntity
  8
0
  6
Continuous
 62
     7
370
    15
100
AcDbPolyline
 90
        3
 70
   128
 43
0.0
 10
46.1838733046
 20
53.1034810127
 10
47.1386008713
 20
53.200004947
 10
47.8571327983
 20
53.4209256329
  0
LWPOLYLINE
  5
2D0
330
1F
100
AcDbEntity
  8
0
  6
Continuous
 62
     7
370
    15
100
AcDbPolyline
 90
        3
 70
   128
 43
0.0
 10
46.1690394439
 20
50.4452531646
 10
43.0993721776
 20
50.8009486308
 10
40.8051153932
 20
51.6082278481
  0
LWPOLYLINE
  5
2D1
330
1F
100
AcDbEntity
  8
0
  6
Continuous
 62
     7
370
    15
100
AcDbPolyline
 90
        6
 70
   128
 43
0.0
 10
52.577267292
 20
55.4709651899
 10
52.2979732787
 20
53.7932726928
 10
51.4093424461
 20
52.3457796887
 10
50.0618924541
 20
51.3053553148
 10
48.1715035103
 20
50.6308342556
 10
46.1690394439
 20
50.4452531646
  0
LWPOLYLINE
  5
2D3
330
1F
100
AcDbEntity
  8
0
  6
Continuous
 62
     7
370
    15
100
AcDbPolyline
 90
        3
 70
   128
 43
0.0
 10
-23.2558306962
 20
37.0124050633
 10
-21.5973495117
 20
36.6214492297
 10
-20.3187262658
 20
36.226210443
  0
LWPOLYLINE
  5
2D4
330
1F
100
AcDbEntity
  8
0
  6
Continuous
 62
     7
370
    15
100
AcDbPolyline
 90
        4
 70
   128
 43
0.0
 10
-25.2287341772
 20
38.5551265823
 10
-25.0575148521
 20
37.8997541907
 10
-24.5501843726
 20
37.4508507511
 10
-23.2558306962
 20
37.0124050633
  0
LWPOLYLINE
  5
2D5
330
1F
100
AcDbEntity
  8
0
  6
Continuous
 62
     7
370
    15
100
AcDbPolyline
 90
        4
 70
   128
 43
0.0
 10
-24.365403481
 20
39.8456724684
 10
-25.0349208935
 20
39.2376417507
 10
-25.1798930913
 20
38.9098636065
 10
-25.2287341772
 20
38.5551265823
  0
LWPOLYLINE
  5
2D6
330
1F
100
AcDbEntity
  8
0
  6
Continuous
 62
     7
370
    15
100
AcDbPolyline
 90
        3
 70
   128
 43
0.0
 10
-22.6565427215
 20
40.2165189873
 10
-23.6386239855
 20
40.1173559165
 10
-24.365403481
 20
39.8456724684
  0
LWPOLYLINE
  5
2D7
330
1F
100
AcDbEntity
  8
0
  6
Continuous
 62
     7
370
    15
100
AcDbPolyline
 90
        3
 70
   128
 43
0.0
 10
-18.1559493671
 20
38.5076582278
 10
-20.5371294106
 20
39.8530966062
 10
-22.6565427215
 20
40.2165189873
  0
LWPOLYLINE
  5
2DA
330
1F
100
AcDbEntity
  8
0
  6
Continuous
 62
     7
370
    15
100
AcDbPolyline
 90
        3
 70
   128
 43
0.0
 10
-22.8286155063
 20
42.8747468354
 10
-19.9750171363
 20
42.5610345746
 10
-17.8236708861
 20
41.8808781646
  0
LWPOLYLINE
  5
2DB
330
1F
100
AcDbEntity
  8
0
  6
Continuous
 62
     7
370
    15
100
AcDbPolyline
 90
        6
 70
   128
 43
0.0
 10
-29.0262025316
 20
38.0952768987
 10
-28.7354708331
 20
39.6914047495
 10
-27.8404465276
 20
41.0432562539
 10
-26.535678074
 20
42.0140443439
 10
-24.7379743717
 20
42.6785970939
 10
-22.8286155063
 20
42.8747468354
  0
LWPOLYLINE
  5
2DD
330
1F
100
AcDbEntity
  8
0
  6
Continuous
 62
     7
370
    15
100
AcDbPolyline
 90
        3
 70
   128
 43
0.0
 10
-22.5438053797
 20
32.9479272152
 10
-24.3708363959
 20
33.3814133128
 10
-25.7894541139
 20
33.784556962
  0
LWPOLYLINE
  5
2E0
330
1F
100
AcDbEntity
  8
0
  6
Continuous
 62
     7
370
    15
100
AcDbPolyline
 90
        3
 70
   128
 43
0.0
 10
-23.6474446203
 20
29.7734810127
 10
-22.6927170536
 20
29.870004947
 10
-21.9741851266
 20
30.0909256329
  0
LWPOLYLINE
  5
2E4
330
1F
100
AcDbEntity
  8
0
  6
Continuous
 62
     7
370
    15
100
AcDbPolyline
 90
        3
 70
   128
 43
0.0
 10
-23.662278481
 20
27.1152531646
 10
-26.7319457473
 20
27.4709486308
 10
-29.0262025316
 20
28.2782278481
  0
LWPOLYLINE
  5
2E5
330
1F
100
AcDbEntity
  8
0
  6
Continuous
 62
     7
370
    15
100
AcDbPolyline
 90
        6
 70
   128
 43
0.0
 10
-17.2540506329
 20
32.1409651899
 10
-17.5333446462
 20
30.4632726928
 10
-18.4219754788
 20
29.0157796887
 10
-19.7694254708
 20
27.9753553148
 10
-21.6598144146
 20
27.3008342556
 10
-23.662278481
 20
27.1152531646
  0
LWPOLYLINE
  5
31A
330
1F
100
AcDbEntity
  8
0
  6
Continuous
 62
     7
370
    15
100
AcDbPolyline
 90
        3
 70
   128
 43
0.0
 10
49.4065422636
 20
30.716914557
 10
50.2992497393
 20
31.3258718524
 10
50.958164099
 20
31.8620886076
  0
LWPOLYLINE
  5
31B
330
1F
100
AcDbEntity
  8
0
  6
Continuous
 62
     7
370
    15
100
AcDbPolyline
 90
        3
 70
   128
 43
0.0
 10
46.8462178965
 20
29.9633544304
 10
48.3290603953
 20
30.2204903655
 10
49.4065422636
 20
30.716914557
  0
LWPOLYLINE
  5
31C
330
1F
100
AcDbEntity
  8
0
  6
Continuous
 62
     7
370
    15
100
AcDbPolyline
 90
        3
 70
   128
 43
0.0
 10
44.1049204281
 20
31.0432594937
 10
45.5382005653
 20
30.1724296648
 10
46.8462178965
 20
29.9633544304
  0
LWPOLYLINE
  5
31D
330
1F
100
AcDbEntity
  8
0
  6
Continuous
 62
     7
370
    15
100
AcDbPolyline
 90
        3
 70
   128
 43
0.0
 10
42.755039099
 20
34.9682990506
 10
43.1151019302
 20
32.6204522007
 10
44.1049204281
 20
31.0432594937
  0
LWPOLYLINE
  5
31E
330
1F
100
AcDbEntity
  8
0
  6
Continuous
 62
     7
370
    15
100
AcDbPolyline
 90
        3
 70
   128
 43
0.0
 10
44.0337178965
 20
38.8666376582
 10
42.9610061582
 20
36.8008732211
 10
42.755039099
 20
34.9682990506
  0
LWPOLYLINE
  5
31F
330
1F
100
AcDbEntity
  8
0
  6
Continuous
 62
     7
370
    15
100
AcDbPolyline
 90
        3
 70
   128
 43
0.0
 10
46.8254504914
 20
40.0266455696
 10
45.128795001
 20
39.679891927
 10
44.0337178965
 20
38.8666376582
  0
LWPOLYLINE
  5
320
330
1F
100
AcDbEntity
  8
0
  6
Continuous
 62
     7
370
    15
100
AcDbPolyline
 90
        3
 70
   128
 43
0.0
 10
49.2938049218
 20
39.2968196203
 10
47.9566818063
 20
39.871117548
 10
46.8254504914
 20
40.0266455696
  0
LWPOLYLINE
  5
321
330
1F
100
AcDbEntity
  8
0
  6
Continuous
 62
     7
370
    15
100
AcDbPolyline
 90
        3
 70
   128
 43
0.0
 10
50.9166292889
 20
38.1279113924
 10
50.0342765636
 20
38.8198601522
 10
49.2938049218
 20
39.2968196203
  0
LWPOLYLINE
  5
324
330
1F
100
AcDbEntity
  8
0
  6
Continuous
 62
     7
370
    15
100
AcDbPolyline
 90
        3
 70
   128
 43
0.0
 10
49.219635618
 20
42.4979667722
 10
50.4004097126
 20
42.0606963832
 10
51.2993428965
 20
41.6465031646
  0
LWPOLYLINE
  5
325
330
1F
100
AcDbEntity
  8
0
  6
Continuous
 62
     7
370
    15
100
AcDbPolyline
 90
        3
 70
   128
 43
0.0
 10
46.2587970104
 20
42.8747468354
 10
47.9300882752
 20
42.7637237262
 10
49.219635618
 20
42.4979667722
  0
LWPOLYLINE
  5
328
330
1F
100
AcDbEntity
  8
0
  6
Continuous
 62
     7
370
    15
100
AcDbPolyline
 90
        3
 70
   128
 43
0.0
 10
49.240403023
 20
27.5424683544
 10
47.582981975
 20
27.1762922363
 10
46.2498966939
 20
27.1152531646
  0
LWPOLYLINE
  5
370
330
1F
100
AcDbEntity
  8
0
  6
Continuous
 62
     7
370
    15
100
AcDbPolyline
 90
        6
 70
   128
 43
0.0
 10
70.0713177144
 20
6.6333544304
 10
70.9180726392
 20
6.7328880483
 10
71.6797121784
 20
7.1063365722
 10
72.1972184899
 20
7.7776884676
 10
72.4770219465
 20
8.7414966271
 10
72.5456056891
 20
9.7454984177
  0
LWPOLYLINE
  5
371
330
1F
100
AcDbEntity
  8
0
  6
Continuous
 62
     7
370
    15
100
AcDbPolyline
 90
        5
 70
   128
 43
0.0
 10
67.6088968283
 20
9.7454984177
 10
67.7302834016
 20
8.4753945397
 10
68.2519818808
 20
7.3214010306
 10
69.0810972885
 20
6.7753690599
 10
70.0713177144
 20
6.6333544304
  0
LWPOLYLINE
  5
376
330
1F
100
AcDbEntity
  8
0
  6
Continuous
 62
     7
370
    15
100
AcDbPolyline
 90
        6
 70
   128
 43
0.0
 10
76.3430740435
 20
9.5526582278
 10
76.1461774181
 20
7.7509619851
 10
75.440637255
 20
6.086444459
 10
74.1671881845
 20
4.80649586
 10
72.1973904092
 20
3.9983009837
 10
70.0713177144
 20
3.7852531646
  0
LWPOLYLINE
  5
3B6
330
1F
100
AcDbEntity
  8
0
  6
Continuous
 62
     7
370
    15
100
AcDbPolyline
 90
        6
 70
   128
 43
0.0
 10
93.3331066343
 20
99.9533544304
 10
94.1798615591
 20
100.0528880483
 10
94.9415010982
 20
100.4263365722
 10
95.4590074098
 20
101.0976884676
 10
95.7388108663
 20
102.0614966271
 10
95.807394609
 20
103.0654984177
  0
LWPOLYLINE
  5
3B7
330
1F
100
AcDbEntity
  8
0
  6
Continuous
 62
     7
370
    15
100
AcDbPolyline
 90
        5
 70
   128
 43
0.0
 10
90.8706857482
 20
103.0654984177
 10
90.9920723215
 20
101.7953945397
 10
91.5137708007
 20
100.6414010306
 10
92.3428862084
 20
100.0953690599
 10
93.3331066343
 20
99.9533544304
  0
LWPOLYLINE
  5
3BC
330
1F
100
AcDbEntity
  8
0
  6
Continuous
 62
     7
370
    15
100
AcDbPolyline
 90
        6
 70
   128
 43
0.0
 10
99.6048629634
 20
102.8726582278
 10
99.407966338
 20
101.0709619851
 10
98.7024261749
 20
99.406444459
 10
97.4289771044
 20
98.12649586
 10
95.4591793291
 20
97.3183009837
 10
93.3331066343
 20
97.1052531646
  0
LWPOLYLINE
  5
3C5
330
1F
100
AcDbEntity
  8
0
  6
Continuous
 62
     7
370
    15
100
AcDbPolyline
 90
        3
 70
   128
 43
0.0
 10
44.8241806869
 20
100.3331012658
 10
46.9845992116
 20
100.3809384224
 10
48.5801142312
 20
100.9116218354
  0
LWPOLYLINE
  5
3F2
330
1F
100
AcDbEntity
  8
0
  6
Continuous
 62
     7
370
    15
100
AcDbPolyline
 90
        3
 70
   128
 43
0.0
 10
46.0295545077
 20
89.155
 10
48.2583095843
 20
88.9849128606
 10
49.8863583052
 20
88.3480379747
  0
LWPOLYLINE
  5
3F6
330
1F
100
AcDbEntity
  8
0
  6
Continuous
 62
     7
370
    15
100
AcDbPolyline
 90
        3
 70
   128
 43
0.0
 10
44.8992143178
 20
82.319556962
 10
46.2015743148
 20
82.4163348767
 10
47.1242934317
 20
82.8417088608
  0
LWPOLYLINE
  5
417
330
1F
100
AcDbEntity
  8
0
  6
Continuous
 62
     7
370
    15
100
AcDbPolyline
 90
        6
 70
   128
 43
0.0
 10
-70.0040804682
 20
53.2933544304
 10
-69.1573255434
 20
53.3928880483
 10
-68.3956860042
 20
53.7663365722
 10
-67.8781796927
 20
54.4376884676
 10
-67.5983762361
 20
55.4014966271
 10
-67.5297924935
 20
56.4054984177
  0
LWPOLYLINE
  5
418
330
1F
100
AcDbEntity
  8
0
  6
Continuous
 62
     7
370
    15
100
AcDbPolyline
 90
        5
 70
   128
 43
0.0
 10
-72.4665013543
 20
56.4054984177
 10
-72.345114781
 20
55.1353945397
 10
-71.8234163018
 20
53.9814010306
 10
-70.9943008941
 20
53.4353690599
 10
-70.0040804682
 20
53.2933544304
  0
LWPOLYLINE
  5
41D
330
1F
100
AcDbEntity
  8
0
  6
Continuous
 62
     7
370
    15
100
AcDbPolyline
 90
        6
 70
   128
 43
0.0
 10
-63.7323241391
 20
56.2126582278
 10
-63.9292207645
 20
54.4109619851
 10
-64.6347609276
 20
52.746444459
 10
-65.9082099981
 20
51.46649586
 10
-67.8780077734
 20
50.6583009837
 10
-70.0040804682
 20
50.4452531646
  0
LWPOLYLINE
  5
421
330
1F
100
AcDbEntity
  8
0
  6
Continuous
 62
     7
370
    15
100
AcDbPolyline
 90
        6
 70
   128
 43
0.0
 10
-23.328235342
 20
53.2933544304
 10
-22.4814804173
 20
53.3928880483
 10
-21.7198408781
 20
53.7663365722
 10
-21.2023345665
 20
54.4376884676
 10
-20.92253111
 20
55.4014966271
 10
-20.8539473673
 20
56.4054984177
  0
LWPOLYLINE
  5
422
330
1F
100
AcDbEntity
  8
0
  6
Continuous
 62
     7
370
    15
100
AcDbPolyline
 90
        5
 70
   128
 43
0.0
 10
-25.7906562281
 20
56.4054984177
 10
-25.6692696548
 20
55.1353945397
 10
-25.1475711756
 20
53.9814010306
 10
-24.3184557679
 20
53.4353690599
 10
-23.328235342
 20
53.2933544304
  0
LWPOLYLINE
  5
427
330
1F
100
AcDbEntity
  8
0
  6
Continuous
 62
     7
370
    15
100
AcDbPolyline
 90
        6
 70
   128
 43
0.0
 10
-17.0564790129
 20
56.2126582278
 10
-17.2533756383
 20
54.4109619851
 10
-17.9589158015
 20
52.746444459
 10
-19.2323648719
 20
51.46649586
 10
-21.2021626472
 20
50.6583009837
 10
-23.328235342
 20
50.4452531646
  0
LWPOLYLINE
  5
434
330
1F
100
AcDbEntity
  8
0
  6
Continuous
 62
     7
370
    15
100
AcDbPolyline
 90
        3
 70
   128
 43
0.0
 10
28.520081764
 20
-88.2649683544
 10
27.3829278846
 20
-88.776875883
 10
26.4611418905
 20
-89.1075316456
  0
LWPOLYLINE
  5
437
330
1F
100
AcDbEntity
  8
0
  6
Continuous
 62
     7
370
    15
100
AcDbPolyline
 90
        3
 70
   128
 43
0.0
 10
26.6272811311
 20
-85.933085443
 10
27.5199886068
 20
-85.3241281476
 10
28.1789029665
 20
-84.7879113924
  0
LWPOLYLINE
  5
438
330
1F
100
AcDbEntity
  8
0
  6
Continuous
 62
     7
370
    15
100
AcDbPolyline
 90
        3
 70
   128
 43
0.0
 10
24.066956764
 20
-86.6866455696
 10
25.5497992628
 20
-86.4295096345
 10
26.6272811311
 20
-85.933085443
  0
LWPOLYLINE
  5
439
330
1F
100
AcDbEntity
  8
0
  6
Continuous
 62
     7
370
    15
100
AcDbPolyline
 90
        3
 70
   128
 43
0.0
 10
21.3256592956
 20
-85.6067405063
 10
22.7589394328
 20
-86.4775703352
 10
24.066956764
 20
-86.6866455696
  0
LWPOLYLINE
  5
43A
330
1F
100
AcDbEntity
  8
0
  6
Continuous
 62
     7
370
    15
100
AcDbPolyline
 90
        3
 70
   128
 43
0.0
 10
19.9757779665
 20
-81.6817009494
 10
20.3358407977
 20
-84.0295477993
 10
21.3256592956
 20
-85.6067405063
  0
LWPOLYLINE
  5
43B
330
1F
100
AcDbEntity
  8
0
  6
Continuous
 62
     7
370
    15
100
AcDbPolyline
 90
        3
 70
   128
 43
0.0
 10
21.254456764
 20
-77.7833623418
 10
20.1817450257
 20
-79.8491267789
 10
19.9757779665
 20
-81.6817009494
  0
LWPOLYLINE
  5
43C
330
1F
100
AcDbEntity
  8
0
  6
Continuous
 62
     7
370
    15
100
AcDbPolyline
 90
        3
 70
   128
 43
0.0
 10
24.0461893589
 20
-76.6233544304
 10
22.3495338685
 20
-76.970108073
 10
21.254456764
 20
-77.7833623418
  0
LWPOLYLINE
  5
43D
330
1F
100
AcDbEntity
  8
0
  6
Continuous
 62
     7
370
    15
100
AcDbPolyline
 90
        3
 70
   128
 43
0.0
 10
26.5145437893
 20
-77.3531803797
 10
25.1774206738
 20
-76.778882452
 10
24.0461893589
 20
-76.6233544304
  0
LWPOLYLINE
  5
43E
330
1F
100
AcDbEntity
  8
0
  6
Continuous
 62
     7
370
    15
100
AcDbPolyline
 90
        3
 70
   128
 43
0.0
 10
28.1373681564
 20
-78.5220886076
 10
27.2550154311
 20
-77.8301398478
 10
26.5145437893
 20
-77.3531803797
  0
LWPOLYLINE
  5
441
330
1F
100
AcDbEntity
  8
0
  6
Continuous
 62
     7
370
    15
100
AcDbPolyline
 90
        3
 70
   128
 43
0.0
 10
26.4403744855
 20
-74.1520332278
 10
27.6211485801
 20
-74.5893036168
 10
28.520081764
 20
-75.0034968354
  0
LWPOLYLINE
  5
442
330
1F
100
AcDbEntity
  8
0
  6
Continuous
 62
     7
370
    15
100
AcDbPolyline
 90
        3
 70
   128
 43
0.0
 10
23.4795358779
 20
-73.7752531646
 10
25.1508271427
 20
-73.8862762738
 10
26.4403744855
 20
-74.1520332278
  0
LWPOLYLINE
  5
445
330
1F
100
AcDbEntity
  8
0
  6
Continuous
 62
     7
370
    15
100
AcDbPolyline
 90
        3
 70
   128
 43
0.0
 10
26.4611418905
 20
-89.1075316456
 10
24.8037208425
 20
-89.4737077637
 10
23.4706355614
 20
-89.5347468354
  0
LWPOLYLINE
  5
488
330
1F
100
AcDbEntity
  8
0
  6
Continuous
 62
     7
370
    15
100
AcDbPolyline
 90
        3
 70
   128
 43
0.0
 10
71.6321486211
 20
-100.6268117089
 10
70.3072235043
 20
-100.3534218716
 10
69.2379634945
 20
-100.3331012658
  0
LWPOLYLINE
  5
48B
330
1F
100
AcDbEntity
  8
0
  6
Continuous
 62
     7
370
    15
100
AcDbPolyline
 90
        3
 70
   128
 43
0.0
 10
70.8281533679
 20
-104.6230537975
 10
71.5251649121
 20
-104.4116371342
 10
72.0118954565
 20
-104.1127689873
  0
LWPOLYLINE
  5
48C
330
1F
100
AcDbEntity
  8
0
  6
Continuous
 62
     7
370
    15
100
AcDbPolyline
 90
        3
 70
   128
 43
0.0
 10
68.9590869122
 20
-104.7001898734
 10
70.0075134993
 20
-104.6907181872
 10
70.8281533679
 20
-104.6230537975
  0
LWPOLYLINE
  5
492
330
1F
100
AcDbEntity
  8
0
  6
Continuous
 62
     7
370
    15
100
AcDbPolyline
 90
        3
 70
   128
 43
0.0
 10
73.3321090641
 20
-107.055806962
 10
71.8635767964
 20
-107.463089775
 10
70.6679476717
 20
-107.5482911392
  0
LWPOLYLINE
  5
493
330
1F
100
AcDbEntity
  8
0
  6
Continuous
 62
     7
370
    15
100
AcDbPolyline
 90
        3
 70
   128
 43
0.0
 10
75.186341659
 20
-105.7711946203
 10
74.21234283
 20
-106.5858559301
 10
73.3321090641
 20
-107.055806962
  0
LWPOLYLINE
  5
494
330
1F
100
AcDbEntity
  8
0
  6
Continuous
 62
     7
370
    15
100
AcDbPolyline
 90
        3
 70
   128
 43
0.0
 10
76.4768875451
 20
-102.2051344937
 10
76.0932292901
 20
-104.3352963794
 10
75.186341659
 20
-105.7711946203
  0
LWPOLYLINE
  5
4AE
330
1F
100
AcDbEntity
  8
0
  6
Continuous
 62
     7
370
    15
100
AcDbPolyline
 90
        3
 70
   128
 43
0.0
 10
-69.9158306962
 20
-102.9675949367
 10
-68.2573495117
 20
-103.3585507703
 10
-66.9787262658
 20
-103.753789557
  0
LWPOLYLINE
  5
4AF
330
1F
100
AcDbEntity
  8
0
  6
Continuous
 62
     7
370
    15
100
AcDbPolyline
 90
        4
 70
   128
 43
0.0
 10
-71.8887341772
 20
-101.4248734177
 10
-71.7175148521
 20
-102.0802458093
 10
-71.2101843726
 20
-102.5291492489
 10
-69.9158306962
 20
-102.9675949367
  0
LWPOLYLINE
  5
4B0
330
1F
100
AcDbEntity
  8
0
  6
Continuous
 62
     7
370
    15
100
AcDbPolyline
 90
        4
 70
   128
 43
0.0
 10
-71.025403481
 20
-100.1343275316
 10
-71.6949208935
 20
-100.7423582493
 10
-71.8398930913
 20
-101.0701363935
 10
-71.8887341772
 20
-101.4248734177
  0
LWPOLYLINE
  5
4B1
330
1F
100
AcDbEntity
  8
0
  6
Continuous
 62
     7
370
    15
100
AcDbPolyline
 90
        3
 70
   128
 43
0.0
 10
-69.3165427215
 20
-99.7634810127
 10
-70.2986239855
 20
-99.8626440835
 10
-71.025403481
 20
-100.1343275316
  0
LWPOLYLINE
  5
4B2
330
1F
100
AcDbEntity
  8
0
  6
Continuous
 62
     7
370
    15
100
AcDbPolyline
 90
        3
 70
   128
 43
0.0
 10
-64.8159493671
 20
-101.4723417722
 10
-67.1971294106
 20
-100.1269033938
 10
-69.3165427215
 20
-99.7634810127
  0
LWPOLYLINE
  5
4B5
330
1F
100
AcDbEntity
  8
0
  6
Continuous
 62
     7
370
    15
100
AcDbPolyline
 90
        3
 70
   128
 43
0.0
 10
-69.4886155063
 20
-97.1052531646
 10
-66.6350171363
 20
-97.4189654254
 10
-64.4836708861
 20
-98.0991218354
  0
LWPOLYLINE
  5
4B6
330
1F
100
AcDbEntity
  8
0
  6
Continuous
 62
     7
370
    15
100
AcDbPolyline
 90
        6
 70
   128
 43
0.0
 10
-75.6862025316
 20
-101.8847231013
 10
-75.3954708331
 20
-100.2885952505
 10
-74.5004465276
 20
-98.9367437461
 10
-73.195678074
 20
-97.9659556561
 10
-71.3979743717
 20
-97.3014029061
 10
-69.4886155063
 20
-97.1052531646
  0
LWPOLYLINE
  5
4B8
330
1F
100
AcDbEntity
  8
0
  6
Continuous
 62
     7
370
    15
100
AcDbPolyline
 90
        3
 70
   128
 43
0.0
 10
-69.2038053797
 20
-107.0320727848
 10
-71.0308363959
 20
-106.5985866872
 10
-72.4494541139
 20
-106.195443038
  0
LWPOLYLINE
  5
4BB
330
1F
100
AcDbEntity
  8
0
  6
Continuous
 62
     7
370
    15
100
AcDbPolyline
 90
        3
 70
   128
 43
0.0
 10
-70.3074446203
 20
-110.2065189873
 10
-69.3527170536
 20
-110.109995053
 10
-68.6341851266
 20
-109.8890743671
  0
LWPOLYLINE
  5
4BF
330
1F
100
AcDbEntity
  8
0
  6
Continuous
 62
     7
370
    15
100
AcDbPolyline
 90
        3
 70
   128
 43
0.0
 10
-70.322278481
 20
-112.8647468354
 10
-73.3919457473
 20
-112.5090513692
 10
-75.6862025316
 20
-111.7017721519
  0
LWPOLYLINE
  5
4C1
330
1F
100
AcDbEntity
  8
0
  6
Continuous
 62
     7
370
    15
100
AcDbPolyline
 90
        3
 70
   128
 43
0.0
 10
116.7241693038
 20
-9.6475949367
 10
118.3826504883
 20
-10.0385507703
 10
119.6612737342
 20
-10.433789557
  0
LWPOLYLINE
  5
4C2
330
1F
100
AcDbEntity
  8
0
  6
Continuous
 62
     7
370
    15
100
AcDbPolyline
 90
        4
 70
   128
 43
0.0
 10
114.7512658228
 20
-8.1048734177
 10
114.9224851479
 20
-8.7602458093
 10
115.4298156274
 20
-9.2091492489
 10
116.7241693038
 20
-9.6475949367
  0
LWPOLYLINE
  5
4C3
330
1F
100
AcDbEntity
  8
0
  6
Continuous
 62
     7
370
    15
100
AcDbPolyline
 90
        4
 70
   128
 43
0.0
 10
115.614596519
 20
-6.8143275316
 10
114.9450791065
 20
-7.4223582493
 10
114.8001069087
 20
-7.7501363935
 10
114.7512658228
 20
-8.1048734177
  0
LWPOLYLINE
  5
4C4
330
1F
100
AcDbEntity
  8
0
  6
Continuous
 62
     7
370
    15
100
AcDbPolyline
 90
        3
 70
   128
 43
0.0
 10
117.3234572785
 20
-6.4434810127
 10
116.3413760145
 20
-6.5426440835
 10
115.614596519
 20
-6.8143275316
  0
LWPOLYLINE
  5
4C5
330
1F
100
AcDbEntity
  8
0
  6
Continuous
 62
     7
370
    15
100
AcDbPolyline
 90
        3
 70
   128
 43
0.0
 10
121.8240506329
 20
-8.1523417722
 10
119.4428705894
 20
-6.8069033938
 10
117.3234572785
 20
-6.4434810127
  0
LWPOLYLINE
  5
4C8
330
1F
100
AcDbEntity
  8
0
  6
Continuous
 62
     7
370
    15
100
AcDbPolyline
 90
        3
 70
   128
 43
0.0
 10
117.1513844937
 20
-3.7852531646
 10
120.0049828637
 20
-4.0989654254
 10
122.1563291139
 20
-4.7791218354
  0
LWPOLYLINE
  5
4C9
330
1F
100
AcDbEntity
  8
0
  6
Continuous
 62
     7
370
    15
100
AcDbPolyline
 90
        6
 70
   128
 43
0.0
 10
110.9537974684
 20
-8.5647231013
 10
111.2445291669
 20
-6.9685952505
 10
112.1395534724
 20
-5.6167437461
 10
113.444321926
 20
-4.6459556561
 10
115.2420256283
 20
-3.9814029061
 10
117.1513844937
 20
-3.7852531646
  0
LWPOLYLINE
  5
4CB
330
1F
100
AcDbEntity
  8
0
  6
Continuous
 62
     7
370
    15
100
AcDbPolyline
 90
        3
 70
   128
 43
0.0
 10
117.4361946203
 20
-13.7120727848
 10
115.6091636041
 20
-13.2785866872
 10
114.1905458861
 20
-12.875443038
  0
LWPOLYLINE
  5
4CE
330
1F
100
AcDbEntity
  8
0
  6
Continuous
 62
     7
370
    15
100
AcDbPolyline
 90
        3
 70
   128
 43
0.0
 10
116.3325553797
 20
-16.8865189873
 10
117.2872829464
 20
-16.789995053
 10
118.0058148734
 20
-16.5690743671
  0
LWPOLYLINE
  5
4D2
330
1F
100
AcDbEntity
  8
0
  6
Continuous
 62
     7
370
    15
100
AcDbPolyline
 90
        3
 70
   128
 43
0.0
 10
116.317721519
 20
-19.5447468354
 10
113.2480542527
 20
-19.1890513692
 10
110.9537974684
 20
-18.3817721519
  0
LWPOLYLINE
  5
4D3
330
1F
100
AcDbEntity
  8
0
  6
Continuous
 62
     7
370
    15
100
AcDbPolyline
 90
        6
 70
   128
 43
0.0
 10
122.7259493671
 20
-14.5190348101
 10
122.4466553538
 20
-16.1967273072
 10
121.5580245212
 20
-17.6442203113
 10
120.2105745292
 20
-18.6846446852
 10
118.3201855854
 20
-19.3591657444
 10
116.317721519
 20
-19.5447468354
  0
LWPOLYLINE
  5
4ED
330
1F
100
AcDbEntity
  8
0
  6
Continuous
 62
     7
370
    15
100
AcDbPolyline
 90
        3
 70
   128
 43
0.0
 10
69.3161120924
 20
-4.165
 10
71.544867169
 20
-4.3350871394
 10
73.1729158899
 20
-4.9719620253
  0
LWPOLYLINE
  5
4F1
330
1F
100
AcDbEntity
  8
0
  6
Continuous
 62
     7
370
    15
100
AcDbPolyline
 90
        3
 70
   128
 43
0.0
 10
70.1942766493
 20
-7.0635363924
 10
69.1814274535
 20
-6.8460688478
 10
68.3637782316
 20
-6.8232278481
  0
LWPOLYLINE
  5
4F2
330
1F
100
AcDbEntity
  8
0
  6
Continuous
 62
     7
370
    15
100
AcDbPolyline
 90
        4
 70
   128
 43
0.0
 10
71.1139760164
 20
-8.7189952532
 10
70.8566116534
 20
-7.6331404404
 10
70.570100919
 20
-7.2971362041
 10
70.1942766493
 20
-7.0635363924
  0
LWPOLYLINE
  5
4F3
330
1F
100
AcDbEntity
  8
0
  6
Continuous
 62
     7
370
    15
100
AcDbPolyline
 90
        3
 70
   128
 43
0.0
 10
68.1857719025
 20
-11.000443038
 10
69.4881318995
 20
-10.9036651233
 10
70.4108510164
 20
-10.4782911392
  0
LWPOLYLINE
  5
523
330
1F
100
AcDbEntity
  8
0
  6
Continuous
 62
     7
370
    15
100
AcDbPolyline
 90
        3
 70
   128
 43
0.0
 10
22.9247494855
 20
-50.825
 10
25.1535045621
 20
-50.9950871394
 10
26.781553283
 20
-51.6319620253
  0
LWPOLYLINE
  5
527
330
1F
100
AcDbEntity
  8
0
  6
Continuous
 62
     7
370
    15
100
AcDbPolyline
 90
        3
 70
   128
 43
0.0
 10
23.8029140424
 20
-53.7235363924
 10
22.7900648466
 20
-53.5060688478
 10
21.9724156247
 20
-53.4832278481
  0
LWPOLYLINE
  5
528
330
1F
100
AcDbEntity
  8
0
  6
Continuous
 62
     7
370
    15
100
AcDbPolyline
 90
        4
 70
   128
 43
0.0
 10
24.7226134095
 20
-55.3789952532
 10
24.4652490465
 20
-54.2931404404
 10
24.1787383121
 20
-53.9571362041
 10
23.8029140424
 20
-53.7235363924
  0
LWPOLYLINE
  5
52A
330
1F
100
AcDbEntity
  8
0
  6
Continuous
 62
     7
370
    15
100
AcDbPolyline
 90
        3
 70
   128
 43
0.0
 10
21.7944092956
 20
-57.660443038
 10
23.0967692926
 20
-57.5636651233
 10
24.0194884095
 20
-57.1382911392
  0
LWPOLYLINE
  5
535
330
1F
100
AcDbEntity
  8
0
  6
Continuous
 62
     7
370
    15
100
AcDbPolyline
 90
        6
 70
   128
 43
0.0
 10
-23.328235342
 20
-63.3566455696
 10
-22.4814804173
 20
-63.2571119517
 10
-21.7198408781
 20
-62.8836634278
 10
-21.2023345665
 20
-62.2123115324
 10
-20.92253111
 20
-61.2485033729
 10
-20.8539473673
 20
-60.2445015823
  0
LWPOLYLINE
  5
536
330
1F
100
AcDbEntity
  8
0
  6
Continuous
 62
     7
370
    15
100
AcDbPolyline
 90
        5
 70
   128
 43
0.0
 10
-25.7906562281
 20
-60.2445015823
 10
-25.6692696548
 20
-61.5146054603
 10
-25.1475711756
 20
-62.6685989694
 10
-24.3184557679
 20
-63.2146309401
 10
-23.328235342
 20
-63.3566455696
  0
LWPOLYLINE
  5
53B
330
1F
100
AcDbEntity
  8
0
  6
Continuous
 62
     7
370
    15
100
AcDbPolyline
 90
        6
 70
   128
 43
0.0
 10
-17.0564790129
 20
-60.4373417722
 10
-17.2533756383
 20
-62.2390380149
 10
-17.9589158015
 20
-63.903555541
 10
-19.2323648719
 20
-65.18350414
 10
-21.2021626472
 20
-65.9916990163
 10
-23.328235342
 20
-66.2047468354
  0
LWPOLYLINE
  5
53D
330
1F
100
AcDbEntity
  8
0
  6
Continuous
 62
     7
370
    15
100
AcDbPolyline
 90
        3
 70
   128
 43
0.0
 10
-70.47066718
 20
-50.825
 10
-68.2419121034
 20
-50.9950871394
 10
-66.6138633826
 20
-51.6319620253
  0
LWPOLYLINE
  5
541
330
1F
100
AcDbEntity
  8
0
  6
Continuous
 62
     7
370
    15
100
AcDbPolyline
 90
        3
 70
   128
 43
0.0
 10
-69.5925026231
 20
-53.7235363924
 10
-70.6053518189
 20
-53.5060688478
 10
-71.4230010408
 20
-53.4832278481
  0
LWPOLYLINE
  5
542
330
1F
100
AcDbEntity
  8
0
  6
Continuous
 62
     7
370
    15
100
AcDbPolyline
 90
        4
 70
   128
 43
0.0
 10
-68.672803256
 20
-55.3789952532
 10
-68.930167619
 20
-54.2931404404
 10
-69.2166783534
 20
-53.9571362041
 10
-69.5925026231
 20
-53.7235363924
  0
LWPOLYLINE
  5
543
330
1F
100
AcDbEntity
  8
0
  6
Continuous
 62
     7
370
    15
100
AcDbPolyline
 90
        3
 70
   128
 43
0.0
 10
-71.6010073699
 20
-57.660443038
 10
-70.2986473729
 20
-57.5636651233
 10
-69.375928256
 20
-57.1382911392
  0
LWPOLYLINE
  5
572
330
1F
100
AcDbEntity
  8
0
  6
Continuous
 62
     7
370
    15
100
AcDbPolyline
 90
        3
 70
   128
 43
0.0
 10
-69.7879225815
 20
100.1497890748
 10
-68.7121229117
 20
100.1999465652
 10
-67.9058023283
 20
100.4517721519
  0
LWPOLYLINE
  5
57B
330
1F
100
AcDbEntity
  8
0
  6
Continuous
 62
     7
370
    15
100
AcDbPolyline
 90
        3
 70
   128
 43
0.0
 10
-69.7808023283
 20
112.485
 10
-67.4306371754
 20
112.3816461231
 10
-65.6747896701
 20
111.8352768987
  0
LWPOLYLINE
  5
581
330
1F
100
AcDbEntity
  8
0
  6
Continuous
 62
     7
370
    15
100
AcDbPolyline
 90
        3
 70
   128
 43
0.0
 10
-69.7879225717
 20
106.6088194078
 10
-69.1447403791
 20
106.6665671366
 10
-68.6652959992
 20
106.8332990506
  0
LWPOLYLINE
  5
583
330
1F
100
AcDbEntity
  8
0
  6
Continuous
 62
     7
370
    15
100
AcDbPolyline
 90
        3
 70
   128
 43
0.0
 10
-68.0482073916
 20
103.9584968354
 10
-69.0149089616
 20
104.1136539298
 10
-69.7879225815
 20
104.1286148372
  0
LWPOLYLINE
  5
586
330
1F
100
AcDbEntity
  8
0
  6
Continuous
 62
     7
370
    15
100
AcDbPolyline
 90
        3
 70
   128
 43
0.0
 10
-115.9390866747
 20
70.9271518987
 10
-116.8406688962
 20
72.4167161121
 10
-117.0753604089
 20
73.7752531646
  0
LWPOLYLINE
  5
587
330
1F
100
AcDbEntity
  8
0
  6
Continuous
 62
     7
370
    15
100
AcDbPolyline
 90
        3
 70
   128
 43
0.0
 10
-112.5688335102
 20
69.7879113924
 10
-114.5819486797
 20
70.0894292
 10
-115.9390866747
 20
70.9271518987
  0
LWPOLYLINE
  5
588
330
1F
100
AcDbEntity
  8
0
  6
Continuous
 62
     7
370
    15
100
AcDbPolyline
 90
        3
 70
   128
 43
0.0
 10
-109.4804237
 20
70.0667879747
 10
-111.2011513783
 20
69.8164158123
 10
-112.5688335102
 20
69.7879113924
  0
LWPOLYLINE
  5
58B
330
1F
100
AcDbEntity
  8
0
  6
Continuous
 62
     7
370
    15
100
AcDbPolyline
 90
        3
 70
   128
 43
0.0
 10
-111.5334300291
 20
72.2562658228
 10
-110.5724052326
 20
72.3882731223
 10
-109.851270219
 20
72.6360126582
  0
LWPOLYLINE
  5
58C
330
1F
100
AcDbEntity
  8
0
  6
Continuous
 62
     7
370
    15
100
AcDbPolyline
 90
        5
 70
   128
 43
0.0
 10
-113.6576388899
 20
74.3063053797
 10
-113.5318451086
 20
73.3499996893
 10
-113.0023467891
 20
72.5670324047
 10
-112.2903648421
 20
72.3143347059
 10
-111.5334300291
 20
72.2562658228
  0
LWPOLYLINE
  5
58D
330
1F
100
AcDbEntity
  8
0
  6
Continuous
 62
     7
370
    15
100
AcDbPolyline
 90
        3
 70
   128
 43
0.0
 10
-112.768116569
 20
74.7422462851
 10
-113.2585903724
 20
74.4825241019
 10
-113.6576388899
 20
74.3063053797
  0
LWPOLYLINE
  5
58F
330
1F
100
AcDbEntity
  8
0
  6
Continuous
 62
     7
370
    15
100
AcDbPolyline
 90
        3
 70
   128
 43
0.0
 10
-116.5947433203
 20
76.6233544304
 10
-115.4398407641
 20
76.8612246973
 10
-114.6612643119
 20
77.3662371188
  0
LWPOLYLINE
  5
590
330
1F
100
AcDbEntity
  8
0
  6
Continuous
 62
     7
370
    15
100
AcDbPolyline
 90
        3
 70
   128
 43
0.0
 10
-118.9236594595
 20
77.7922626582
 10
-117.7556113171
 20
76.8549180528
 10
-116.5947433203
 20
76.6233544304
  0
LWPOLYLINE
  5
591
330
1F
100
AcDbEntity
  8
0
  6
Continuous
 62
     7
370
    15
100
AcDbPolyline
 90
        3
 70
   128
 43
0.0
 10
-119.9234616747
 20
81.6490664557
 10
-119.6741989494
 20
79.3992651929
 10
-118.9236594595
 20
77.7922626582
  0
LWPOLYLINE
  5
592
330
1F
100
AcDbEntity
  8
0
  6
Continuous
 62
     7
370
    15
100
AcDbPolyline
 90
        3
 70
   128
 43
0.0
 10
-119.5797734337
 20
84.1835195285
 10
-119.866917328
 20
82.7769758819
 10
-119.9234616747
 20
81.6490664557
  0
LWPOLYLINE
  5
594
330
1F
100
AcDbEntity
  8
0
  6
Continuous
 62
     7
370
    15
100
AcDbPolyline
 90
        3
 70
   128
 43
0.0
 10
-114.2776942696
 20
85.5266376582
 10
-115.4410484725
 20
86.4561175711
 10
-116.5947433203
 20
86.6866455696
  0
LWPOLYLINE
  5
595
330
1F
100
AcDbEntity
  8
0
  6
Continuous
 62
     7
370
    15
100
AcDbPolyline
 90
        3
 70
   128
 43
0.0
 10
-113.5635493464
 20
79.263012874
 10
-113.3201975371
 20
80.595864074
 10
-113.2778920545
 20
81.6609335443
  0
LWPOLYLINE
  5
598
330
1F
100
AcDbEntity
  8
0
  6
Continuous
 62
     7
370
    15
100
AcDbPolyline
 90
        6
 70
   128
 43
0.0
 10
-116.6066104089
 20
89.5347468354
 10
-114.3813573242
 20
89.2560346297
 10
-112.3596740862
 20
88.297509582
 10
-110.8106343239
 20
86.6822932167
 10
-109.7690581238
 20
84.2597728483
 10
-109.4804237
 20
81.6312658228
  0
LWPOLYLINE
  5
599
330
1F
100
AcDbEntity
  8
0
  6
Continuous
 62
     7
370
    15
100
AcDbPolyline
 90
        3
 70
   128
 43
0.0
 10
-120.3260035755
 20
88.636088966
 10
-118.2998075679
 20
89.3783867194
 10
-116.6066104089
 20
89.5347468354
  0
LWPOLYLINE
  5
59B
330
1F
100
AcDbEntity
  8
0
  6
Continuous
 62
     7
370
    15
100
AcDbPolyline
 90
        3
 70
   128
 43
0.0
 10
-116.5947433203
 20
86.6866455696
 10
-117.6983247491
 20
86.4949528929
 10
-118.4468547024
 20
86.0315012257
  0
LWPOLYLINE
  5
59C
330
1F
100
AcDbEntity
  8
0
  6
Continuous
 62
     7
370
    15
100
AcDbPolyline
 90
        3
 70
   128
 43
0.0
 10
67.6672112171
 20
77.7922626582
 10
68.8352593595
 20
76.8549180528
 10
69.9961273563
 20
76.6233544304
  0
LWPOLYLINE
  5
59D
330
1F
100
AcDbEntity
  8
0
  6
Continuous
 62
     7
370
    15
100
AcDbPolyline
 90
        3
 70
   128
 43
0.0
 10
66.6674090019
 20
81.6490664557
 10
66.9166717272
 20
79.3992651929
 10
67.6672112171
 20
77.7922626582
  0
LWPOLYLINE
  5
59E
330
1F
100
AcDbEntity
  8
0
  6
Continuous
 62
     7
370
    15
100
AcDbPolyline
 90
        3
 70
   128
 43
0.0
 10
67.0315152937
 20
84.246577522
 10
66.7270865439
 20
82.8059768635
 10
66.6674090019
 20
81.6490664557
  0
LWPOLYLINE
  5
5A1
330
1F
100
AcDbEntity
  8
0
  6
Continuous
 62
     7
370
    15
100
AcDbPolyline
 90
        6
 70
   128
 43
0.0
 10
69.9842602677
 20
73.7752531646
 10
67.7666400226
 20
74.0538339714
 10
65.7507058873
 20
75.0068921018
 10
64.2071599634
 20
76.6171114284
 10
63.1645237234
 20
79.0302351483
 10
62.8699406474
 20
81.6490664557
  0
LWPOLYLINE
  5
5A2
330
1F
100
AcDbEntity
  8
0
  6
Continuous
 62
     7
370
    15
100
AcDbPolyline
 90
        3
 70
   128
 43
0.0
 10
73.8714698353
 20
74.7660823908
 10
71.7609486316
 20
73.9460128187
 10
69.9842602677
 20
73.7752531646
  0
LWPOLYLINE
  5
5A4
330
1F
100
AcDbEntity
  8
0
  6
Continuous
 62
     7
370
    15
100
AcDbPolyline
 90
        3
 70
   128
 43
0.0
 10
69.9961273563
 20
76.6233544304
 10
71.1788337466
 20
76.8730468263
 10
71.9685320686
 20
77.4036426442
  0
LWPOLYLINE
  5
5A5
330
1F
100
AcDbEntity
  8
0
  6
Continuous
 62
     7
370
    15
100
AcDbPolyline
 90
        3
 70
   128
 43
0.0
 10
73.3129786221
 20
81.6609335443
 10
73.0541707581
 20
83.9124197224
 10
72.3131764069
 20
85.5266376582
  0
LWPOLYLINE
  5
5A6
330
1F
100
AcDbEntity
  8
0
  6
Continuous
 62
     7
370
    15
100
AcDbPolyline
 90
        3
 70
   128
 43
0.0
 10
73.0466852179
 20
79.3275319842
 10
73.2733490125
 20
80.6253814249
 10
73.3129786221
 20
81.6609335443
  0
LWPOLYLINE
  5
5AA
330
1F
100
AcDbEntity
  8
0
  6
Continuous
 62
     7
370
    15
100
AcDbPolyline
 90
        3
 70
   128
 43
0.0
 10
69.9961273563
 20
86.6866455696
 10
68.9205897072
 20
86.5056458288
 10
68.1847030023
 20
86.0664654737
  0
LWPOLYLINE
  5
5AD
330
1F
100
AcDbEntity
  8
0
  6
Continuous
 62
     7
370
    15
100
AcDbPolyline
 90
        3
 70
   128
 43
0.0
 10
117.3202006383
 20
24.2671518987
 10
116.4186184168
 20
25.7567161121
 10
116.1839269042
 20
27.1152531646
  0
LWPOLYLINE
  5
5AE
330
1F
100
AcDbEntity
  8
0
  6
Continuous
 62
     7
370
    15
100
AcDbPolyline
 90
        3
 70
   128
 43
0.0
 10
120.6904538029
 20
23.1279113924
 10
118.6773386334
 20
23.4294292
 10
117.3202006383
 20
24.2671518987
  0
LWPOLYLINE
  5
5AF
330
1F
100
AcDbEntity
  8
0
  6
Continuous
 62
     7
370
    15
100
AcDbPolyline
 90
        3
 70
   128
 43
0.0
 10
123.778863613
 20
23.4067879747
 10
122.0581359347
 20
23.1564158123
 10
120.6904538029
 20
23.1279113924
  0
LWPOLYLINE
  5
5B2
330
1F
100
AcDbEntity
  8
0
  6
Continuous
 62
     7
370
    15
100
AcDbPolyline
 90
        3
 70
   128
 43
0.0
 10
121.7258572839
 20
25.5962658228
 10
122.6868820804
 20
25.7282731223
 10
123.408017094
 20
25.9760126582
  0
LWPOLYLINE
  5
5B3
330
1F
100
AcDbEntity
  8
0
  6
Continuous
 62
     7
370
    15
100
AcDbPolyline
 90
        5
 70
   128
 43
0.0
 10
119.6016484232
 20
27.6463053797
 10
119.7274422045
 20
26.6899996893
 10
120.2569405239
 20
25.9070324047
 10
120.968922471
 20
25.6543347059
 10
121.7258572839
 20
25.5962658228
  0
LWPOLYLINE
  5
5B4
330
1F
100
AcDbEntity
  8
0
  6
Continuous
 62
     7
370
    15
100
AcDbPolyline
 90
        3
 70
   128
 43
0.0
 10
120.5281206135
 20
28.1042345637
 10
120.0178002782
 20
27.8305706757
 10
119.6016484232
 20
27.6463053797
  0
LWPOLYLINE
  5
5B6
330
1F
100
AcDbEntity
  8
0
  6
Continuous
 62
     7
370
    15
100
AcDbPolyline
 90
        3
 70
   128
 43
0.0
 10
116.6645439928
 20
29.9633544304
 10
117.8417288926
 20
30.2106704866
 10
118.6292651628
 20
30.7361365517
  0
LWPOLYLINE
  5
5B7
330
1F
100
AcDbEntity
  8
0
  6
Continuous
 62
     7
370
    15
100
AcDbPolyline
 90
        3
 70
   128
 43
0.0
 10
114.3356278535
 20
31.1322626582
 10
115.503675996
 20
30.1949180528
 10
116.6645439928
 20
29.9633544304
  0
LWPOLYLINE
  5
5B8
330
1F
100
AcDbEntity
  8
0
  6
Continuous
 62
     7
370
    15
100
AcDbPolyline
 90
        3
 70
   128
 43
0.0
 10
113.3358256383
 20
34.9890664557
 10
113.5850883637
 20
32.7392651929
 10
114.3356278535
 20
31.1322626582
  0
LWPOLYLINE
  5
5B9
330
1F
100
AcDbEntity
  8
0
  6
Continuous
 62
     7
370
    15
100
AcDbPolyline
 90
        3
 70
   128
 43
0.0
 10
113.6958333781
 20
37.5741024664
 10
113.3948761127
 20
36.1402317294
 10
113.3358256383
 20
34.9890664557
  0
LWPOLYLINE
  5
5BB
330
1F
100
AcDbEntity
  8
0
  6
Continuous
 62
     7
370
    15
100
AcDbPolyline
 90
        3
 70
   128
 43
0.0
 10
118.9815930434
 20
38.8666376582
 10
117.8182388405
 20
39.7961175711
 10
116.6645439928
 20
40.0266455696
  0
LWPOLYLINE
  5
5BC
330
1F
100
AcDbEntity
  8
0
  6
Continuous
 62
     7
370
    15
100
AcDbPolyline
 90
        3
 70
   128
 43
0.0
 10
119.9813952586
 20
35.0009335443
 10
119.7225873946
 20
37.2524197224
 10
118.9815930434
 20
38.8666376582
  0
LWPOLYLINE
  5
5BD
330
1F
100
AcDbEntity
  8
0
  6
Continuous
 62
     7
370
    15
100
AcDbPolyline
 90
        3
 70
   128
 43
0.0
 10
119.7113048304
 20
32.6546390003
 10
119.9412388981
 20
33.9594915007
 10
119.9813952586
 20
35.0009335443
  0
LWPOLYLINE
  5
5BF
330
1F
100
AcDbEntity
  8
0
  6
Continuous
 62
     7
370
    15
100
AcDbPolyline
 90
        3
 70
   128
 43
0.0
 10
123.778863613
 20
34.9712658228
 10
123.286776847
 20
31.6989397465
 10
122.04793376
 20
29.4159626206
  0
LWPOLYLINE
  5
5C0
330
1F
100
AcDbEntity
  8
0
  6
Continuous
 62
     7
370
    15
100
AcDbPolyline
 90
        6
 70
   128
 43
0.0
 10
116.6526769042
 20
42.8747468354
 10
118.8779299888
 20
42.5960346297
 10
120.8996132268
 20
41.637509582
 10
122.4486529892
 20
40.0222932167
 10
123.4902291892
 20
37.5997728483
 10
123.778863613
 20
34.9712658228
  0
LWPOLYLINE
  5
5C1
330
1F
100
AcDbEntity
  8
0
  6
Continuous
 62
     7
370
    15
100
AcDbPolyline
 90
        3
 70
   128
 43
0.0
 10
112.9706357734
 20
41.9975198291
 10
114.9780798342
 20
42.7220249281
 10
116.6526769042
 20
42.8747468354
  0
LWPOLYLINE
  5
5C3
330
1F
100
AcDbEntity
  8
0
  6
Continuous
 62
     7
370
    15
100
AcDbPolyline
 90
        3
 70
   128
 43
0.0
 10
116.6645439928
 20
40.0266455696
 10
115.5834266266
 20
39.8435485562
 10
114.8450000819
 20
39.3995637178
  0
LWPOLYLINE
  5
5C4
330
1F
100
AcDbEntity
  8
0
  6
Continuous
 62
     7
370
    15
100
AcDbPolyline
 90
        3
 70
   128
 43
0.0
 10
-118.9236594595
 20
-15.5277373418
 10
-117.7556113171
 20
-16.4650819472
 10
-116.5947433203
 20
-16.6966455696
  0
LWPOLYLINE
  5
5C5
330
1F
100
AcDbEntity
  8
0
  6
Continuous
 62
     7
370
    15
100
AcDbPolyline
 90
        3
 70
   128
 43
0.0
 10
-119.9234616747
 20
-11.6709335443
 10
-119.6741989494
 20
-13.9207348071
 10
-118.9236594595
 20
-15.5277373418
  0
LWPOLYLINE
  5
5C6
330
1F
100
AcDbEntity
  8
0
  6
Continuous
 62
     7
370
    15
100
AcDbPolyline
 90
        3
 70
   128
 43
0.0
 10
-119.5115571761
 20
-8.9344011702
 10
-119.8565538069
 20
-10.4497123424
 10
-119.9234616747
 20
-11.6709335443
  0
LWPOLYLINE
  5
5C9
330
1F
100
AcDbEntity
  8
0
  6
Continuous
 62
     7
370
    15
100
AcDbPolyline
 90
        6
 70
   128
 43
0.0
 10
-116.6066104089
 20
-19.5447468354
 10
-118.824230654
 20
-19.2661660286
 10
-120.8401647893
 20
-18.3131078982
 10
-122.3837107132
 20
-16.7028885716
 10
-123.4263469532
 20
-14.2897648517
 10
-123.7209300291
 20
-11.6709335443
  0
LWPOLYLINE
  5
5CA
330
1F
100
AcDbEntity
  8
0
  6
Continuous
 62
     7
370
    15
100
AcDbPolyline
 90
        3
 70
   128
 43
0.0
 10
-112.6176734589
 20
-18.489644652
 10
-114.77813441
 20
-19.3630092442
 10
-116.6066104089
 20
-19.5447468354
  0
LWPOLYLINE
  5
5CC
330
1F
100
AcDbEntity
  8
0
  6
Continuous
 62
     7
370
    15
100
AcDbPolyline
 90
        3
 70
   128
 43
0.0
 10
-116.5947433203
 20
-16.6966455696
 10
-115.3497367289
 20
-16.4190978088
 10
-114.5372483052
 20
-15.8290246289
  0
LWPOLYLINE
  5
5CD
330
1F
100
AcDbEntity
  8
0
  6
Continuous
 62
     7
370
    15
100
AcDbPolyline
 90
        3
 70
   128
 43
0.0
 10
-114.2776942696
 20
-7.7933623418
 10
-115.4410484725
 20
-6.8638824289
 10
-116.5947433203
 20
-6.6333544304
  0
LWPOLYLINE
  5
5CE
330
1F
100
AcDbEntity
  8
0
  6
Continuous
 62
     7
370
    15
100
AcDbPolyline
 90
        3
 70
   128
 43
0.0
 10
-113.5030949114
 20
-13.8441495789
 10
-113.3117478522
 20
-12.6271549807
 10
-113.2778920545
 20
-11.6590664557
  0
LWPOLYLINE
  5
5D0
330
1F
100
AcDbEntity
  8
0
  6
Continuous
 62
     7
370
    15
100
AcDbPolyline
 90
        3
 70
   128
 43
0.0
 10
-109.4804237
 20
-11.6709335443
 10
-109.9353101428
 20
-14.8858126395
 10
-111.1269470479
 20
-17.137601038
  0
LWPOLYLINE
  5
5D1
330
1F
100
AcDbEntity
  8
0
  6
Continuous
 62
     7
370
    15
100
AcDbPolyline
 90
        6
 70
   128
 43
0.0
 10
-116.6066104089
 20
-3.7852531646
 10
-114.3840628119
 20
-4.0629359942
 10
-112.362984454
 20
-5.016946981
 10
-110.813028861
 20
-6.6274060957
 10
-109.7690841417
 20
-9.0454948361
 10
-109.4804237
 20
-11.6709335443
  0
LWPOLYLINE
  5
5D2
330
1F
100
AcDbEntity
  8
0
  6
Continuous
 62
     7
370
    15
100
AcDbPolyline
 90
        3
 70
   128
 43
0.0
 10
-120.1750341433
 20
-4.5965314826
 10
-118.2247882234
 20
-3.9270747046
 10
-116.6066104089
 20
-3.7852531646
  0
LWPOLYLINE
  5
5D4
330
1F
100
AcDbEntity
  8
0
  6
Continuous
 62
     7
370
    15
100
AcDbPolyline
 90
        3
 70
   128
 43
0.0
 10
-116.5947433203
 20
-6.6333544304
 10
-117.6069445237
 20
-6.7915974777
 10
-118.3132442228
 20
-7.1770589072
  0
LWPOLYLINE
  5
5D5
330
1F
100
AcDbEntity
  8
0
  6
Continuous
 62
     7
370
    15
100
AcDbPolyline
 90
        3
 70
   128
 43
0.0
 10
-95.6588766998
 20
-38.8577373418
 10
-94.4908285573
 20
-39.7950819472
 10
-93.3299605605
 20
-40.0266455696
  0
LWPOLYLINE
  5
5D6
330
1F
100
AcDbEntity
  8
0
  6
Continuous
 62
     7
370
    15
100
AcDbPolyline
 90
        3
 70
   128
 43
0.0
 10
-96.6586789149
 20
-35.0009335443
 10
-96.4094161896
 20
-37.2507348071
 10
-95.6588766998
 20
-38.8577373418
  0
LWPOLYLINE
  5
5D7
330
1F
100
AcDbEntity
  8
0
  6
Continuous
 62
     7
370
    15
100
AcDbPolyline
 90
        3
 70
   128
 43
0.0
 10
-96.3294360302
 20
-32.5124950933
 10
-96.6043636914
 20
-33.8941283777
 10
-96.6586789149
 20
-35.0009335443
  0
LWPOLYLINE
  5
5D9
330
1F
100
AcDbEntity
  8
0
  6
Continuous
 62
     7
370
    15
100
AcDbPolyline
 90
        3
 70
   128
 43
0.0
 10
-100.4561472694
 20
-35.0009335443
 10
-99.9493045461
 20
-31.6379591638
 10
-98.6357772151
 20
-29.3157989384
  0
LWPOLYLINE
  5
5DA
330
1F
100
AcDbEntity
  8
0
  6
Continuous
 62
     7
370
    15
100
AcDbPolyline
 90
        6
 70
   128
 43
0.0
 10
-93.3418276491
 20
-42.8747468354
 10
-95.5594478942
 20
-42.5961660286
 10
-97.5753820296
 20
-41.6431078982
 10
-99.1189279535
 20
-40.0328885716
 10
-100.1615641935
 20
-37.6197648517
 10
-100.4561472694
 20
-35.0009335443
  0
LWPOLYLINE
  5
5DB
330
1F
100
AcDbEntity
  8
0
  6
Continuous
 62
     7
370
    15
100
AcDbPolyline
 90
        3
 70
   128
 43
0.0
 10
-89.5335693326
 20
-41.931882422
 10
-91.6049495318
 20
-42.7121718631
 10
-93.3418276491
 20
-42.8747468354
  0
LWPOLYLINE
  5
5DD
330
1F
100
AcDbEntity
  8
0
  6
Continuous
 62
     7
370
    15
100
AcDbPolyline
 90
        3
 70
   128
 43
0.0
 10
-93.3299605605
 20
-40.0266455696
 10
-92.1951882502
 20
-39.7971163563
 10
-91.4250294782
 20
-39.3102306853
  0
LWPOLYLINE
  5
5DE
330
1F
100
AcDbEntity
  8
0
  6
Continuous
 62
     7
370
    15
100
AcDbPolyline
 90
        3
 70
   128
 43
0.0
 10
-91.0129115099
 20
-31.1233623418
 10
-92.1762657127
 20
-30.1938824289
 10
-93.3299605605
 20
-29.9633544304
  0
LWPOLYLINE
  5
5DF
330
1F
100
AcDbEntity
  8
0
  6
Continuous
 62
     7
370
    15
100
AcDbPolyline
 90
        3
 70
   128
 43
0.0
 10
-90.0131092947
 20
-34.9890664557
 10
-90.2719171587
 20
-32.7375802776
 10
-91.0129115099
 20
-31.1233623418
  0
LWPOLYLINE
  5
5E0
330
1F
100
AcDbEntity
  8
0
  6
Continuous
 62
     7
370
    15
100
AcDbPolyline
 90
        3
 70
   128
 43
0.0
 10
-90.313155078
 20
-37.4330805654
 10
-90.0573875859
 20
-36.0752905455
 10
-90.0131092947
 20
-34.9890664557
  0
LWPOLYLINE
  5
5E4
330
1F
100
AcDbEntity
  8
0
  6
Continuous
 62
     7
370
    15
100
AcDbPolyline
 90
        3
 70
   128
 43
0.0
 10
-93.3299605605
 20
-29.9633544304
 10
-94.4537648125
 20
-30.1629938479
 10
-95.2112052711
 20
-30.6441551835
  0
LWPOLYLINE
  5
5E7
330
1F
100
AcDbEntity
  8
0
  6
Continuous
 62
     7
370
    15
100
AcDbPolyline
 90
        3
 70
   128
 43
0.0
 10
-45.9913703549
 20
-69.0528481013
 10
-46.8929525764
 20
-67.5632838879
 10
-47.1276440891
 20
-66.2047468354
  0
LWPOLYLINE
  5
5E8
330
1F
100
AcDbEntity
  8
0
  6
Continuous
 62
     7
370
    15
100
AcDbPolyline
 90
        3
 70
   128
 43
0.0
 10
-42.6211171904
 20
-70.1920886076
 10
-44.6342323599
 20
-69.8905708
 10
-45.9913703549
 20
-69.0528481013
  0
LWPOLYLINE
  5
5E9
330
1F
100
AcDbEntity
  8
0
  6
Continuous
 62
     7
370
    15
100
AcDbPolyline
 90
        3
 70
   128
 43
0.0
 10
-39.5327073803
 20
-69.9132120253
 10
-41.2534350585
 20
-70.1635841877
 10
-42.6211171904
 20
-70.1920886076
  0
LWPOLYLINE
  5
5EC
330
1F
100
AcDbEntity
  8
0
  6
Continuous
 62
     7
370
    15
100
AcDbPolyline
 90
        3
 70
   128
 43
0.0
 10
-41.5857137094
 20
-67.7237341772
 10
-40.6246889129
 20
-67.5917268777
 10
-39.9035538993
 20
-67.3439873418
  0
LWPOLYLINE
  5
5ED
330
1F
100
AcDbEntity
  8
0
  6
Continuous
 62
     7
370
    15
100
AcDbPolyline
 90
        5
 70
   128
 43
0.0
 10
-43.7099225701
 20
-65.6736946203
 10
-43.5841287888
 20
-66.6300003107
 10
-43.0546304694
 20
-67.4129675953
 10
-42.3426485223
 20
-67.6656652941
 10
-41.5857137094
 20
-67.7237341772
  0
LWPOLYLINE
  5
5EE
330
1F
100
AcDbEntity
  8
0
  6
Continuous
 62
     7
370
    15
100
AcDbPolyline
 90
        3
 70
   128
 43
0.0
 10
-42.8253865519
 20
-65.240695926
 10
-43.313178874
 20
-65.4985555306
 10
-43.7099225701
 20
-65.6736946203
  0
LWPOLYLINE
  5
5F0
330
1F
100
AcDbEntity
  8
0
  6
Continuous
 62
     7
370
    15
100
AcDbPolyline
 90
        3
 70
   128
 43
0.0
 10
-46.6470270005
 20
-63.3566455696
 10
-45.4951263243
 20
-63.1200305411
 10
-44.7177856802
 20
-62.6177427102
  0
LWPOLYLINE
  5
5F1
330
1F
100
AcDbEntity
  8
0
  6
Continuous
 62
     7
370
    15
100
AcDbPolyline
 90
        3
 70
   128
 43
0.0
 10
-48.9759431398
 20
-62.1877373418
 10
-47.8078949973
 20
-63.1250819472
 10
-46.6470270005
 20
-63.3566455696
  0
LWPOLYLINE
  5
5F2
330
1F
100
AcDbEntity
  8
0
  6
Continuous
 62
     7
370
    15
100
AcDbPolyline
 90
        3
 70
   128
 43
0.0
 10
-49.9757453549
 20
-58.3309335443
 10
-49.7264826296
 20
-60.5807348071
 10
-48.9759431398
 20
-62.1877373418
  0
LWPOLYLINE
  5
5F3
330
1F
100
AcDbEntity
  8
0
  6
Continuous
 62
     7
370
    15
100
AcDbPolyline
 90
        3
 70
   128
 43
0.0
 10
-49.6342289988
 20
-55.8033235998
 10
-49.9195355669
 20
-57.2061656584
 10
-49.9757453549
 20
-58.3309335443
  0
LWPOLYLINE
  5
5F5
330
1F
100
AcDbEntity
  8
0
  6
Continuous
 62
     7
370
    15
100
AcDbPolyline
 90
        3
 70
   128
 43
0.0
 10
-44.3299779499
 20
-54.4533623418
 10
-45.4933321527
 20
-53.5238824289
 10
-46.6470270005
 20
-53.2933544304
  0
LWPOLYLINE
  5
5F6
330
1F
100
AcDbEntity
  8
0
  6
Continuous
 62
     7
370
    15
100
AcDbPolyline
 90
        3
 70
   128
 43
0.0
 10
-43.3301757347
 20
-58.3190664557
 10
-43.5889835987
 20
-56.0675802776
 10
-44.3299779499
 20
-54.4533623418
  0
LWPOLYLINE
  5
5F7
330
1F
100
AcDbEntity
  8
0
  6
Continuous
 62
     7
370
    15
100
AcDbPolyline
 90
        3
 70
   128
 43
0.0
 10
-43.6179594348
 20
-60.723893287
 10
-43.3727735562
 20
-59.3873019124
 10
-43.3301757347
 20
-58.3190664557
  0
LWPOLYLINE
  5
5FA
330
1F
100
AcDbEntity
  8
0
  6
Continuous
 62
     7
370
    15
100
AcDbPolyline
 90
        6
 70
   128
 43
0.0
 10
-46.6588940891
 20
-50.4452531646
 10
-44.4336410045
 20
-50.7239653703
 10
-42.4119577665
 20
-51.682490418
 10
-40.8629180041
 20
-53.2977067833
 10
-39.8213418041
 20
-55.7202271517
 10
-39.5327073803
 20
-58.3487341772
  0
LWPOLYLINE
  5
5FB
330
1F
100
AcDbEntity
  8
0
  6
Continuous
 62
     7
370
    15
100
AcDbPolyline
 90
        3
 70
   128
 43
0.0
 10
-50.3833010527
 20
-51.3468151399
 10
-48.3545931846
 20
-50.6021060362
 10
-46.6588940891
 20
-50.4452531646
  0
LWPOLYLINE
  5
5FD
330
1F
100
AcDbEntity
  8
0
  6
Continuous
 62
     7
370
    15
100
AcDbPolyline
 90
        3
 70
   128
 43
0.0
 10
-46.6470270005
 20
-53.2933544304
 10
-47.753628369
 20
-53.4862212491
 10
-48.5035006489
 20
-53.9523059321
  0
LWPOLYLINE
  5
600
330
1F
100
AcDbEntity
  8
0
  6
Continuous
 62
     7
370
    15
100
AcDbPolyline
 90
        3
 70
   128
 43
0.0
 10
94.0463208815
 20
-92.3828481013
 10
93.14473866
 20
-90.8932838879
 10
92.9100471473
 20
-89.5347468354
  0
LWPOLYLINE
  5
601
330
1F
100
AcDbEntity
  8
0
  6
Continuous
 62
     7
370
    15
100
AcDbPolyline
 90
        3
 70
   128
 43
0.0
 10
97.416574046
 20
-93.5220886076
 10
95.4034588765
 20
-93.2205708
 10
94.0463208815
 20
-92.3828481013
  0
LWPOLYLINE
  5
602
330
1F
100
AcDbEntity
  8
0
  6
Continuous
 62
     7
370
    15
100
AcDbPolyline
 90
        3
 70
   128
 43
0.0
 10
100.5049838561
 20
-93.2432120253
 10
98.7842561779
 20
-93.4935841877
 10
97.416574046
 20
-93.5220886076
  0
LWPOLYLINE
  5
605
330
1F
100
AcDbEntity
  8
0
  6
Continuous
 62
     7
370
    15
100
AcDbPolyline
 90
        3
 70
   128
 43
0.0
 10
98.451977527
 20
-91.0537341772
 10
99.4130023235
 20
-90.9217268777
 10
100.1341373372
 20
-90.6739873418
  0
LWPOLYLINE
  5
606
330
1F
100
AcDbEntity
  8
0
  6
Continuous
 62
     7
370
    15
100
AcDbPolyline
 90
        5
 70
   128
 43
0.0
 10
96.3277686663
 20
-89.0036946203
 10
96.4535624476
 20
-89.9600003107
 10
96.9830607671
 20
-90.7429675953
 10
97.6950427141
 20
-90.9956652941
 10
98.451977527
 20
-91.0537341772
  0
LWPOLYLINE
  5
607
330
1F
100
AcDbEntity
  8
0
  6
Continuous
 62
     7
370
    15
100
AcDbPolyline
 90
        3
 70
   128
 43
0.0
 10
97.2181460193
 20
-88.5672485953
 10
96.7272124835
 20
-88.8272906197
 10
96.3277686663
 20
-89.0036946203
  0
LWPOLYLINE
  5
609
330
1F
100
AcDbEntity
  8
0
  6
Continuous
 62
     7
370
    15
100
AcDbPolyline
 90
        3
 70
   128
 43
0.0
 10
93.3906642359
 20
-86.6866455696
 10
94.5460816637
 20
-86.4485596019
 10
95.3248693919
 20
-85.9430791212
  0
LWPOLYLINE
  5
60A
330
1F
100
AcDbEntity
  8
0
  6
Continuous
 62
     7
370
    15
100
AcDbPolyline
 90
        3
 70
   128
 43
0.0
 10
91.0617480967
 20
-85.5177373418
 10
92.2297962391
 20
-86.4550819472
 10
93.3906642359
 20
-86.6866455696
  0
LWPOLYLINE
  5
60B
330
1F
100
AcDbEntity
  8
0
  6
Continuous
 62
     7
370
    15
100
AcDbPolyline
 90
        3
 70
   128
 43
0.0
 10
90.0619458815
 20
-81.6609335443
 10
90.3112086068
 20
-83.9107348071
 10
91.0617480967
 20
-85.5177373418
  0
LWPOLYLINE
  5
60C
330
1F
100
AcDbEntity
  8
0
  6
Continuous
 62
     7
370
    15
100
AcDbPolyline
 90
        3
 70
   128
 43
0.0
 10
90.4060072671
 20
-79.1253074329
 10
90.1185476848
 20
-80.5324854922
 10
90.0619458815
 20
-81.6609335443
  0
LWPOLYLINE
  5
60E
330
1F
100
AcDbEntity
  8
0
  6
Continuous
 62
     7
370
    15
100
AcDbPolyline
 90
        3
 70
   128
 43
0.0
 10
95.7077132865
 20
-77.7833623418
 10
94.5443590837
 20
-76.8538824289
 10
93.3906642359
 20
-76.6233544304
  0
LWPOLYLINE
  5
60F
330
1F
100
AcDbEntity
  8
0
  6
Continuous
 62
     7
370
    15
100
AcDbPolyline
 90
        3
 70
   128
 43
0.0
 10
96.7075155017
 20
-81.6490664557
 10
96.4487076377
 20
-79.3975802776
 10
95.7077132865
 20
-77.7833623418
  0
LWPOLYLINE
  5
612
330
1F
100
AcDbEntity
  8
0
  6
Continuous
 62
     7
370
    15
100
AcDbPolyline
 90
        6
 70
   128
 43
0.0
 10
93.3787971473
 20
-73.7752531646
 10
95.6040502319
 20
-74.0539653703
 10
97.6257334699
 20
-75.012490418
 10
99.1747732323
 20
-76.6277067833
 10
100.2163494323
 20
-79.0502271517
 10
100.5049838561
 20
-81.6787341772
  0
LWPOLYLINE
  5
613
330
1F
100
AcDbEntity
  8
0
  6
Continuous
 62
     7
370
    15
100
AcDbPolyline
 90
        3
 70
   128
 43
0.0
 10
89.6602643657
 20
-74.6734133332
 10
91.6860292042
 20
-73.9315288272
 10
93.3787971473
 20
-73.7752531646
  0
LWPOLYLINE
  5
615
330
1F
100
AcDbEntity
  8
0
  6
Continuous
 62
     7
370
    15
100
AcDbPolyline
 90
        3
 70
   128
 43
0.0
 10
93.3906642359
 20
-76.6233544304
 10
92.2876009277
 20
-76.8148461068
 10
91.539301669
 20
-77.2778464326
  0
LWPOLYLINE
  5
616
330
1F
100
AcDbEntity
  8
0
  6
Continuous
 62
     7
370
    15
100
AcDbPolyline
 90
        6
 70
   128
 43
0.0
 10
-63.9140506329
 20
-107.8390348101
 10
-64.1933446462
 20
-109.5167273072
 10
-65.0819754788
 20
-110.9642203113
 10
-66.4294254708
 20
-112.0046446852
 10
-68.3198144146
 20
-112.6791657444
 10
-70.322278481
 20
-112.8647468354
  0
LWPOLYLINE
  5
617
330
1F
100
AcDbEntity
  8
0
  6
Continuous
 62
     7
370
    15
100
AcDbPolyline
 90
        3
 70
   128
 43
0.0
 10
-97.0962905373
 20
-28.0313393262
 10
-95.0523537384
 20
-27.2745801902
 10
-93.3418276491
 20
-27.1152531646
  0
LWPOLYLINE
  5
61B
330
1F
100
AcDbEntity
  8
0
  6
Continuous
 62
     7
370
    15
100
AcDbPolyline
 90
        6
 70
   128
 43
0.0
 10
-17.2540506329
 20
-37.8490348101
 10
-17.5333446462
 20
-39.5267273072
 10
-18.4219754788
 20
-40.9742203113
 10
-19.7694254708
 20
-42.0146446852
 10
-21.6598144146
 20
-42.6891657444
 10
-23.662278481
 20
-42.8747468354
  0
LWPOLYLINE
  5
61C
330
1F
100
AcDbEntity
  8
0
  6
Continuous
 62
     7
370
    15
100
AcDbPolyline
 90
        3
 70
   128
 43
0.0
 10
-113.2778920545
 20
81.6609335443
 10
-113.5366999184
 20
83.9124197224
 10
-114.2776942696
 20
85.5266376582
  0
LWPOLYLINE
  5
61D
330
1F
100
AcDbEntity
  8
0
  6
Continuous
 62
     7
370
    15
100
AcDbPolyline
 90
        4
 70
   128
 43
0.0
 10
-67.8702010625
 20
108.3107515823
 10
-68.1118630593
 20
109.1703298672
 10
-68.3359022034
 20
109.4433683273
 10
-68.6356282777
 20
109.6309651899
  0
LWPOLYLINE
  5
61F
330
1F
100
AcDbEntity
  8
0
  6
Continuous
 62
     7
370
    15
100
AcDbPolyline
 90
        3
 70
   128
 43
0.0
 10
66.3099780394
 20
88.6649214689
 10
68.3137424085
 20
89.3831268326
 10
69.9842602677
 20
89.5347468354
  0
LWPOLYLINE
  5
620
330
1F
100
AcDbEntity
  8
0
  6
Continuous
 62
     7
370
    15
100
AcDbPolyline
 90
        6
 70
   128
 43
0.0
 10
122.7259493671
 20
78.8009651899
 10
122.4466553538
 20
77.1232726928
 10
121.5580245212
 20
75.6757796887
 10
120.2105745292
 20
74.6353553148
 10
118.3201855854
 20
73.9608342556
 10
116.317721519
 20
73.7752531646
  0
LWPOLYLINE
  5
622
330
1F
100
AcDbEntity
  8
0
  6
Continuous
 62
     7
370
    15
100
AcDbPolyline
 90
        3
 70
   128
 43
0.0
 10
46.9077190646
 20
86.2564636076
 10
45.8948698688
 20
86.4739311522
 10
45.0772206469
 20
86.4967721519
  0
LWPOLYLINE
  5
623
330
1F
100
AcDbEntity
  8
0
  6
Continuous
 62
     7
370
    15
100
AcDbPolyline
 90
        6
 70
   128
 43
0.0
 10
-17.412732708
 20
102.1309651899
 10
-17.6920267213
 20
100.4532726928
 10
-18.5806575539
 20
99.0057796887
 10
-19.9281075459
 20
97.9653553148
 10
-21.8184964897
 20
97.2908342556
 10
-23.8209605561
 20
97.1052531646
  0
LWPOLYLINE
  5
624
330
1F
100
AcDbEntity
  8
0
  6
Continuous
 62
     7
370
    15
100
AcDbPolyline
 90
        3
 70
   128
 43
0.0
 10
-113.2778920545
 20
-11.6590664557
 10
-113.5366999184
 20
-9.4075802776
 10
-114.2776942696
 20
-7.7933623418
  0
LWPOLYLINE
  5
625
330
1F
100
AcDbEntity
  8
0
  6
Continuous
 62
     7
370
    15
100
AcDbPolyline
 90
        3
 70
   128
 43
0.0
 10
96.4222222365
 20
-84.0458014494
 10
96.6652600939
 20
-82.7135925038
 10
96.7075155017
 20
-81.6490664557
  0
LWPOLYLINE
  5
626
330
1F
100
AcDbEntity
  8
0
  6
Continuous
 62
     7
370
    15
100
AcDbPolyline
 90
        6
 70
   128
 43
0.0
 10
69.9842602677
 20
89.5347468354
 10
72.2068078646
 20
89.2570640058
 10
74.2278862226
 20
88.303053019
 10
75.7778418156
 20
86.6925939043
 10
76.8217865349
 20
84.2745051639
 10
77.1104469766
 20
81.6490664557
  0
LWPOLYLINE
  5
628
330
1F
100
AcDbEntity
  8
0
  6
Continuous
 62
     7
370
    15
100
AcDbPolyline
 90
        3
 70
   128
 43
0.0
 10
-68.6356282777
 20
109.6309651899
 10
-69.9642058776
 20
109.820709516
 10
-71.0268466321
 20
109.8267721519
  0
LWPOLYLINE
  5
629
330
1F
100
AcDbEntity
  8
0
  6
Continuous
 62
     7
370
    15
100
AcDbPolyline
 90
        3
 70
   128
 43
0.0
 10
70.7361834312
 20
-50.825
 10
73.037385767
 20
-51.075517118
 10
74.696824254
 20
-51.8099683544
  0
LWPOLYLINE
  5
62D
330
1F
100
AcDbEntity
  8
0
  6
Continuous
 62
     7
370
    15
100
AcDbPolyline
 90
        3
 70
   128
 43
0.0
 10
51.2993428965
 20
28.3850316456
 10
50.1621890171
 20
27.873124117
 10
49.240403023
 20
27.5424683544
  0
LWPOLYLINE
  5
62F
330
1F
100
AcDbEntity
  8
0
  6
Continuous
 62
     7
370
    15
100
AcDbPolyline
 90
        3
 70
   128
 43
0.0
 10
72.3131764069
 20
85.5266376582
 10
71.1498222041
 20
86.4561175711
 10
69.9961273563
 20
86.6866455696
  0
LWPOLYLINE
  5
632
330
1F
100
AcDbEntity
  8
0
  6
Continuous
 62
     7
370
    15
100
AcDbPolyline
 90
        6
 70
   128
 43
0.0
 10
-93.3418276491
 20
-27.1152531646
 10
-91.1192800522
 20
-27.3929359942
 10
-89.0982016943
 20
-28.346946981
 10
-87.5482461012
 20
-29.9574060957
 10
-86.504301382
 20
-32.3754948361
 10
-86.2156409403
 20
-35.0009335443
  0
LWPOLYLINE
  5
634
330
1F
100
AcDbEntity
  8
0
  6
Continuous
 62
     7
370
    15
100
AcDbPolyline
 90
        4
 70
   128
 43
0.0
 10
-22.1060223653
 20
84.6010047468
 10
-22.3633867283
 20
85.6868595596
 10
-22.6498974627
 20
86.0228637959
 10
-23.0257217324
 20
86.2564636076
  0
LWPOLYLINE
  5
637
330
1F
100
AcDbEntity
  8
0
  6
Continuous
 62
     7
370
    15
100
AcDbPolyline
 90
        3
 70
   128
 43
0.0
 10
-47.1390934675
 20
-97.485
 10
-43.9517507542
 20
-97.7300319924
 10
-41.6327643536
 20
-98.6628085443
  0
LWPOLYLINE
  5
639
330
1F
100
AcDbEntity
  8
0
  6
Continuous
 62
     7
370
    15
100
AcDbPolyline
 90
        3
 70
   128
 43
0.0
 10
45.5747740413
 20
112.485
 10
48.7621167546
 20
112.2399680076
 10
51.0811031553
 20
111.3071914557
  0
LWPOLYLINE
  5
63A
330
1F
100
AcDbEntity
  8
0
  6
Continuous
 62
     7
370
    15
100
AcDbPolyline
 90
        4
 70
   128
 43
0.0
 10
47.8274184317
 20
84.6010047468
 10
47.5700540687
 20
85.6868595596
 10
47.2835433343
 20
86.0228637959
 10
46.9077190646
 20
86.2564636076
  0
LWPOLYLINE
  5
63B
330
1F
100
AcDbEntity
  8
0
  6
Continuous
 62
     7
370
    15
100
AcDbPolyline
 90
        3
 70
   128
 43
0.0
 10
70.7361834312
 20
-97.485
 10
73.037385767
 20
-97.735517118
 10
74.696824254
 20
-98.4699683544
  0
LWPOLYLINE
  5
63C
330
1F
100
AcDbEntity
  8
0
  6
Continuous
 62
     7
370
    15
100
AcDbPolyline
 90
        3
 70
   128
 43
0.0
 10
94.0661834312
 20
65.825
 10
96.367385767
 20
65.574482882
 10
98.026824254
 20
64.8400316456
  0
LINE
  5
640
330
1F
100
AcDbEntity
  8
0
  6
Continuous
 62
     7
370
    15
100
AcDbLine
 10
-91.4212658228
 20
-53.6731012658
 30
0.0
 11
-91.4212658228
 21
-65.825
 31
0.0
  0
LINE
  5
641
330
1F
100
AcDbEntity
  8
0
  6
Continuous
 62
     7
370
    15
100
AcDbLine
 10
-87.0541772152
 20
-53.6731012658
 30
0.0
 11
-91.4212658228
 21
-53.6731012658
 31
0.0
  0
LINE
  5
642
330
1F
100
AcDbEntity
  8
0
  6
Continuous
 62
     7
370
    15
100
AcDbLine
 10
-87.0541772152
 20
-50.825
 30
0.0
 11
-87.0541772152
 21
-53.6731012658
 31
0.0
  0
LINE
  5
643
330
1F
100
AcDbEntity
  8
0
  6
Continuous
 62
     7
370
    15
100
AcDbLine
 10
-99.5858227848
 20
-50.825
 30
0.0
 11
-87.0541772152
 21
-50.825
 31
0.0
  0
LINE
  5
644
330
1F
100
AcDbEntity
  8
0
  6
Continuous
 62
     7
370
    15
100
AcDbLine
 10
-99.5858227848
 20
-53.6731012658
 30
0.0
 11
-99.5858227848
 21
-50.825
 31
0.0
  0
LINE
  5
645
330
1F
100
AcDbEntity
  8
0
  6
Continuous
 62
     7
370
    15
100
AcDbLine
 10
-95.2187341772
 20
-53.6731012658
 30
0.0
 11
-99.5858227848
 21
-53.6731012658
 31
0.0
  0
LINE
  5
646
330
1F
100
AcDbEntity
  8
0
  6
Continuous
 62
     7
370
    15
100
AcDbLine
 10
-95.2187341772
 20
-65.825
 30
0.0
 11
-95.2187341772
 21
-53.6731012658
 31
0.0
  0
LINE
  5
647
330
1F
100
AcDbEntity
  8
0
  6
Continuous
 62
     7
370
    15
100
AcDbLine
 10
-91.4212658228
 20
-65.825
 30
0.0
 11
-95.2187341772
 21
-65.825
 31
0.0
  0
LINE
  5
648
330
1F
100
AcDbEntity
  8
0
  6
Continuous
 62
     7
370
    15
100
AcDbLine
 10
123.7004377604
 20
-27.495
 30
0.0
 11
118.7963633933
 21
-34.7784256329
 31
0.0
  0
LINE
  5
649
330
1F
100
AcDbEntity
  8
0
  6
Continuous
 62
     7
370
    15
100
AcDbLine
 10
119.5558570642
 20
-27.495
 30
0.0
 11
123.7004377604
 21
-27.495
 31
0.0
  0
LINE
  5
64A
330
1F
100
AcDbEntity
  8
0
  6
Continuous
 62
     7
370
    15
100
AcDbLine
 10
116.7433570642
 20
-32.0163607595
 30
0.0
 11
119.5558570642
 21
-27.495
 31
0.0
  0
LINE
  5
64B
330
1F
100
AcDbEntity
  8
0
  6
Continuous
 62
     7
370
    15
100
AcDbLine
 10
113.9842589629
 20
-27.495
 30
0.0
 11
116.7433570642
 21
-32.0163607595
 31
0.0
  0
LINE
  5
64C
330
1F
100
AcDbEntity
  8
0
  6
Continuous
 62
     7
370
    15
100
AcDbLine
 10
109.649804849
 20
-27.495
 30
0.0
 11
113.9842589629
 21
-27.495
 31
0.0
  0
LINE
  5
64D
330
1F
100
AcDbEntity
  8
0
  6
Continuous
 62
     7
370
    15
100
AcDbLine
 10
114.5538792161
 20
-34.9267642405
 30
0.0
 11
109.649804849
 21
-27.495
 31
0.0
  0
LINE
  5
64E
330
1F
100
AcDbEntity
  8
0
  6
Continuous
 62
     7
370
    15
100
AcDbLine
 10
109.4599314313
 20
-42.495
 30
0.0
 11
114.5538792161
 21
-34.9267642405
 31
0.0
  0
LINE
  5
64F
330
1F
100
AcDbEntity
  8
0
  6
Continuous
 62
     7
370
    15
100
AcDbLine
 10
113.6045121275
 20
-42.495
 30
0.0
 11
109.4599314313
 21
-42.495
 31
0.0
  0
LINE
  5
650
330
1F
100
AcDbEntity
  8
0
  6
Continuous
 62
     7
370
    15
100
AcDbLine
 10
116.6068855452
 20
-37.6917958861
 30
0.0
 11
113.6045121275
 21
-42.495
 31
0.0
  0
LINE
  5
651
330
1F
100
AcDbEntity
  8
0
  6
Continuous
 62
     7
370
    15
100
AcDbLine
 10
119.5528902921
 20
-42.495
 30
0.0
 11
116.6068855452
 21
-37.6917958861
 31
0.0
  0
LINE
  5
652
330
1F
100
AcDbEntity
  8
0
  6
Continuous
 62
     7
370
    15
100
AcDbLine
 10
123.8903111781
 20
-42.495
 30
0.0
 11
119.5528902921
 21
-42.495
 31
0.0
  0
LINE
  5
653
330
1F
100
AcDbEntity
  8
0
  6
Continuous
 62
     7
370
    15
100
AcDbLine
 10
118.7963633933
 20
-34.7784256329
 30
0.0
 11
123.8903111781
 21
-42.495
 31
0.0
  0
LINE
  5
654
330
1F
100
AcDbEntity
  8
0
  6
Continuous
 62
     7
370
    15
100
AcDbLine
 10
64.0013018916
 20
-27.495
 30
0.0
 11
68.61759936
 21
-27.495
 31
0.0
  0
LINE
  5
655
330
1F
100
AcDbEntity
  8
0
  6
Continuous
 62
     7
370
    15
100
AcDbLine
 10
64.0013018916
 20
-38.1468987342
 30
0.0
 11
64.0013018916
 21
-27.495
 31
0.0
  0
LINE
  5
656
330
1F
100
AcDbEntity
  8
0
  6
Continuous
 62
     7
370
    15
100
AcDbLine
 10
67.7987702461
 20
-38.1468987342
 30
0.0
 11
64.0013018916
 21
-38.1468987342
 31
0.0
  0
LINE
  5
657
330
1F
100
AcDbEntity
  8
0
  6
Continuous
 62
     7
370
    15
100
AcDbLine
 10
67.7987702461
 20
-30.3431012658
 30
0.0
 11
67.7987702461
 21
-38.1468987342
 31
0.0
  0
LINE
  5
658
330
1F
100
AcDbEntity
  8
0
  6
Continuous
 62
     7
370
    15
100
AcDbLine
 10
67.8670060056
 20
-30.3431012658
 30
0.0
 11
67.7987702461
 21
-30.3431012658
 31
0.0
  0
LINE
  5
659
330
1F
100
AcDbEntity
  8
0
  6
Continuous
 62
     7
370
    15
100
AcDbLine
 10
64.0013018916
 20
-39.6468987342
 30
0.0
 11
67.8670060056
 21
-39.6468987342
 31
0.0
  0
LINE
  5
65A
330
1F
100
AcDbEntity
  8
0
  6
Continuous
 62
     7
370
    15
100
AcDbLine
 10
64.0013018916
 20
-42.495
 30
0.0
 11
64.0013018916
 21
-39.6468987342
 31
0.0
  0
LINE
  5
65B
330
1F
100
AcDbEntity
  8
0
  6
Continuous
 62
     7
370
    15
100
AcDbLine
 10
68.6591341701
 20
-42.495
 30
0.0
 11
64.0013018916
 21
-42.495
 31
0.0
  0
LINE
  5
65C
330
1F
100
AcDbEntity
  8
0
  6
Continuous
 62
     7
370
    15
100
AcDbLine
 10
22.0320774185
 20
-39.6468987342
 30
0.0
 11
28.2979002034
 21
-39.6468987342
 31
0.0
  0
LINE
  5
65D
330
1F
100
AcDbEntity
  8
0
  6
Continuous
 62
     7
370
    15
100
AcDbLine
 10
22.0320774185
 20
-27.495
 30
0.0
 11
22.0320774185
 21
-39.6468987342
 31
0.0
  0
LINE
  5
65E
330
1F
100
AcDbEntity
  8
0
  6
Continuous
 62
     7
370
    15
100
AcDbLine
 10
18.2346090641
 20
-27.495
 30
0.0
 11
22.0320774185
 21
-27.495
 31
0.0
  0
LINE
  5
65F
330
1F
100
AcDbEntity
  8
0
  6
Continuous
 62
     7
370
    15
100
AcDbLine
 10
18.2346090641
 20
-42.495
 30
0.0
 11
18.2346090641
 21
-27.495
 31
0.0
  0
LINE
  5
660
330
1F
100
AcDbEntity
  8
0
  6
Continuous
 62
     7
370
    15
100
AcDbLine
 10
28.2979002034
 20
-42.495
 30
0.0
 11
18.2346090641
 21
-42.495
 31
0.0
  0
LINE
  5
661
330
1F
100
AcDbEntity
  8
0
  6
Continuous
 62
     7
370
    15
100
AcDbLine
 10
28.2979002034
 20
-39.6468987342
 30
0.0
 11
28.2979002034
 21
-42.495
 31
0.0
  0
LINE
  5
662
330
1F
100
AcDbEntity
  8
0
  6
Continuous
 62
     7
370
    15
100
AcDbLine
 10
64.8946090641
 20
-50.825
 30
0.0
 11
70.7361834312
 21
-50.825
 31
0.0
  0
LINE
  5
663
330
1F
100
AcDbEntity
  8
0
  6
Continuous
 62
     7
370
    15
100
AcDbLine
 10
64.8946090641
 20
-53.6731012658
 30
0.0
 11
64.8946090641
 21
-50.825
 31
0.0
  0
LINE
  5
664
330
1F
100
AcDbEntity
  8
0
  6
Continuous
 62
     7
370
    15
100
AcDbLine
 10
69.2379634945
 20
-53.6731012658
 30
0.0
 11
64.8946090641
 21
-53.6731012658
 31
0.0
  0
LINE
  5
665
330
1F
100
AcDbEntity
  8
0
  6
Continuous
 62
     7
370
    15
100
AcDbLine
 10
64.8946090641
 20
-58.0401898734
 30
0.0
 11
68.9590869122
 21
-58.0401898734
 31
0.0
  0
LINE
  5
666
330
1F
100
AcDbEntity
  8
0
  6
Continuous
 62
     7
370
    15
100
AcDbLine
 10
64.8946090641
 20
-65.825
 30
0.0
 11
64.8946090641
 21
-58.0401898734
 31
0.0
  0
LINE
  5
667
330
1F
100
AcDbEntity
  8
0
  6
Continuous
 62
     7
370
    15
100
AcDbLine
 10
68.6920774185
 20
-65.825
 30
0.0
 11
64.8946090641
 21
-65.825
 31
0.0
  0
LINE
  5
668
330
1F
100
AcDbEntity
  8
0
  6
Continuous
 62
     7
370
    15
100
AcDbLine
 10
68.6920774185
 20
-60.8882911392
 30
0.0
 11
68.6920774185
 21
-65.825
 31
0.0
  0
LINE
  5
669
330
1F
100
AcDbEntity
  8
0
  6
Continuous
 62
     7
370
    15
100
AcDbLine
 10
70.6679476717
 20
-60.8882911392
 30
0.0
 11
68.6920774185
 21
-60.8882911392
 31
0.0
  0
LINE
  5
66A
330
1F
100
AcDbEntity
  8
0
  6
Continuous
 62
     7
370
    15
100
AcDbLine
 10
48.5587341772
 20
-53.6731012658
 30
0.0
 11
48.5587341772
 21
-65.825
 31
0.0
  0
LINE
  5
66B
330
1F
100
AcDbEntity
  8
0
  6
Continuous
 62
     7
370
    15
100
AcDbLine
 10
52.9258227848
 20
-53.6731012658
 30
0.0
 11
48.5587341772
 21
-53.6731012658
 31
0.0
  0
LINE
  5
66C
330
1F
100
AcDbEntity
  8
0
  6
Continuous
 62
     7
370
    15
100
AcDbLine
 10
52.9258227848
 20
-50.825
 30
0.0
 11
52.9258227848
 21
-53.6731012658
 31
0.0
  0
LINE
  5
66D
330
1F
100
AcDbEntity
  8
0
  6
Continuous
 62
     7
370
    15
100
AcDbLine
 10
40.3941772152
 20
-50.825
 30
0.0
 11
52.9258227848
 21
-50.825
 31
0.0
  0
LINE
  5
66E
330
1F
100
AcDbEntity
  8
0
  6
Continuous
 62
     7
370
    15
100
AcDbLine
 10
40.3941772152
 20
-53.6731012658
 30
0.0
 11
40.3941772152
 21
-50.825
 31
0.0
  0
LINE
  5
66F
330
1F
100
AcDbEntity
  8
0
  6
Continuous
 62
     7
370
    15
100
AcDbLine
 10
44.7612658228
 20
-53.6731012658
 30
0.0
 11
40.3941772152
 21
-53.6731012658
 31
0.0
  0
LINE
  5
670
330
1F
100
AcDbEntity
  8
0
  6
Continuous
 62
     7
370
    15
100
AcDbLine
 10
44.7612658228
 20
-65.825
 30
0.0
 11
44.7612658228
 21
-53.6731012658
 31
0.0
  0
LINE
  5
671
330
1F
100
AcDbEntity
  8
0
  6
Continuous
 62
     7
370
    15
100
AcDbLine
 10
48.5587341772
 20
-65.825
 30
0.0
 11
44.7612658228
 21
-65.825
 31
0.0
  0
LINE
  5
672
330
1F
100
AcDbEntity
  8
0
  6
Continuous
 62
     7
370
    15
100
AcDbLine
 10
-41.6920997966
 20
-16.3168987342
 30
0.0
 11
-41.6920997966
 21
-19.165
 31
0.0
  0
LINE
  5
673
330
1F
100
AcDbEntity
  8
0
  6
Continuous
 62
     7
370
    15
100
AcDbLine
 10
-47.9579225815
 20
-16.3168987342
 30
0.0
 11
-41.6920997966
 21
-16.3168987342
 31
0.0
  0
LINE
  5
674
330
1F
100
AcDbEntity
  8
0
  6
Continuous
 62
     7
370
    15
100
AcDbLine
 10
-47.9579225815
 20
-12.5194303797
 30
0.0
 11
-47.9579225815
 21
-16.3168987342
 31
0.0
  0
LINE
  5
675
330
1F
100
AcDbEntity
  8
0
  6
Continuous
 62
     7
370
    15
100
AcDbLine
 10
-42.2617200498
 20
-12.5194303797
 30
0.0
 11
-47.9579225815
 21
-12.5194303797
 31
0.0
  0
LINE
  5
676
330
1F
100
AcDbEntity
  8
0
  6
Continuous
 62
     7
370
    15
100
AcDbLine
 10
-42.2617200498
 20
-9.6713291139
 30
0.0
 11
-42.2617200498
 21
-12.5194303797
 31
0.0
  0
LINE
  5
677
330
1F
100
AcDbEntity
  8
0
  6
Continuous
 62
     7
370
    15
100
AcDbLine
 10
-47.9579225815
 20
-9.6713291139
 30
0.0
 11
-42.2617200498
 21
-9.6713291139
 31
0.0
  0
LINE
  5
678
330
1F
100
AcDbEntity
  8
0
  6
Continuous
 62
     7
370
    15
100
AcDbLine
 10
-47.9579225815
 20
-7.0131012658
 30
0.0
 11
-47.9579225815
 21
-9.6713291139
 31
0.0
  0
LINE
  5
679
330
1F
100
AcDbEntity
  8
0
  6
Continuous
 62
     7
370
    15
100
AcDbLine
 10
-41.6920997966
 20
-7.0131012658
 30
0.0
 11
-47.9579225815
 21
-7.0131012658
 31
0.0
  0
LINE
  5
67A
330
1F
100
AcDbEntity
  8
0
  6
Continuous
 62
     7
370
    15
100
AcDbLine
 10
-41.6920997966
 20
-4.165
 30
0.0
 11
-41.6920997966
 21
-7.0131012658
 31
0.0
  0
LINE
  5
67B
330
1F
100
AcDbEntity
  8
0
  6
Continuous
 62
     7
370
    15
100
AcDbLine
 10
-51.7553909359
 20
-4.165
 30
0.0
 11
-41.6920997966
 21
-4.165
 31
0.0
  0
LINE
  5
67C
330
1F
100
AcDbEntity
  8
0
  6
Continuous
 62
     7
370
    15
100
AcDbLine
 10
-51.7553909359
 20
-19.165
 30
0.0
 11
-51.7553909359
 21
-4.165
 31
0.0
  0
LINE
  5
67D
330
1F
100
AcDbEntity
  8
0
  6
Continuous
 62
     7
370
    15
100
AcDbLine
 10
-41.6920997966
 20
-19.165
 30
0.0
 11
-51.7553909359
 21
-19.165
 31
0.0
  0
LINE
  5
67E
330
1F
100
AcDbEntity
  8
0
  6
Continuous
 62
     7
370
    15
100
AcDbLine
 10
2.5716699897
 20
-4.165
 30
0.0
 11
6.3691383442
 21
-4.165
 31
0.0
  0
LINE
  5
67F
330
1F
100
AcDbEntity
  8
0
  6
Continuous
 62
     7
370
    15
100
AcDbLine
 10
2.5716699897
 20
-9.6713291139
 30
0.0
 11
2.5716699897
 21
-4.165
 31
0.0
  0
LINE
  5
680
330
1F
100
AcDbEntity
  8
0
  6
Continuous
 62
     7
370
    15
100
AcDbLine
 10
-2.5549122888
 20
-9.6713291139
 30
0.0
 11
2.5716699897
 21
-9.6713291139
 31
0.0
  0
LINE
  5
681
330
1F
100
AcDbEntity
  8
0
  6
Continuous
 62
     7
370
    15
100
AcDbLine
 10
-2.5549122888
 20
-4.165
 30
0.0
 11
-2.5549122888
 21
-9.6713291139
 31
0.0
  0
LINE
  5
682
330
1F
100
AcDbEntity
  8
0
  6
Continuous
 62
     7
370
    15
100
AcDbLine
 10
-6.3523806432
 20
-4.165
 30
0.0
 11
-2.5549122888
 21
-4.165
 31
0.0
  0
LINE
  5
683
330
1F
100
AcDbEntity
  8
0
  6
Continuous
 62
     7
370
    15
100
AcDbLine
 10
-6.3523806432
 20
-19.165
 30
0.0
 11
-6.3523806432
 21
-4.165
 31
0.0
  0
LINE
  5
684
330
1F
100
AcDbEntity
  8
0
  6
Continuous
 62
     7
370
    15
100
AcDbLine
 10
-2.5549122888
 20
-19.165
 30
0.0
 11
-6.3523806432
 21
-19.165
 31
0.0
  0
LINE
  5
685
330
1F
100
AcDbEntity
  8
0
  6
Continuous
 62
     7
370
    15
100
AcDbLine
 10
-2.5549122888
 20
-12.5194303797
 30
0.0
 11
-2.5549122888
 21
-19.165
 31
0.0
  0
LINE
  5
686
330
1F
100
AcDbEntity
  8
0
  6
Continuous
 62
     7
370
    15
100
AcDbLine
 10
2.5716699897
 20
-12.5194303797
 30
0.0
 11
-2.5549122888
 21
-12.5194303797
 31
0.0
  0
LINE
  5
687
330
1F
100
AcDbEntity
  8
0
  6
Continuous
 62
     7
370
    15
100
AcDbLine
 10
2.5716699897
 20
-19.165
 30
0.0
 11
2.5716699897
 21
-12.5194303797
 31
0.0
  0
LINE
  5
688
330
1F
100
AcDbEntity
  8
0
  6
Continuous
 62
     7
370
    15
100
AcDbLine
 10
6.3691383442
 20
-19.165
 30
0.0
 11
2.5716699897
 21
-19.165
 31
0.0
  0
LINE
  5
689
330
1F
100
AcDbEntity
  8
0
  6
Continuous
 62
     7
370
    15
100
AcDbLine
 10
6.3691383442
 20
-4.165
 30
0.0
 11
6.3691383442
 21
-19.165
 31
0.0
  0
LINE
  5
68A
330
1F
100
AcDbEntity
  8
0
  6
Continuous
 62
     7
370
    15
100
AcDbLine
 10
52.966108683
 20
-4.165
 30
0.0
 11
52.966108683
 21
-13.7773417722
 31
0.0
  0
LINE
  5
68B
330
1F
100
AcDbEntity
  8
0
  6
Continuous
 62
     7
370
    15
100
AcDbLine
 10
49.1686403286
 20
-4.165
 30
0.0
 11
52.966108683
 21
-4.165
 31
0.0
  0
LINE
  5
68C
330
1F
100
AcDbEntity
  8
0
  6
Continuous
 62
     7
370
    15
100
AcDbLine
 10
49.1686403286
 20
-13.5845015823
 30
0.0
 11
49.1686403286
 21
-4.165
 31
0.0
  0
LINE
  5
68D
330
1F
100
AcDbEntity
  8
0
  6
Continuous
 62
     7
370
    15
100
AcDbLine
 10
44.2319314678
 20
-4.165
 30
0.0
 11
44.2319314678
 21
-13.5845015823
 31
0.0
  0
LINE
  5
68E
330
1F
100
AcDbEntity
  8
0
  6
Continuous
 62
     7
370
    15
100
AcDbLine
 10
40.4344631134
 20
-4.165
 30
0.0
 11
44.2319314678
 21
-4.165
 31
0.0
  0
LINE
  5
68F
330
1F
100
AcDbEntity
  8
0
  6
Continuous
 62
     7
370
    15
100
AcDbLine
 10
40.4344631134
 20
-13.7862420886
 30
0.0
 11
40.4344631134
 21
-4.165
 31
0.0
  0
LINE
  5
690
330
1F
100
AcDbEntity
  8
0
  6
Continuous
 62
     7
370
    15
100
AcDbLine
 10
98.2879002034
 20
-16.3168987342
 30
0.0
 11
98.2879002034
 21
-19.165
 31
0.0
  0
LINE
  5
691
330
1F
100
AcDbEntity
  8
0
  6
Continuous
 62
     7
370
    15
100
AcDbLine
 10
92.0220774185
 20
-16.3168987342
 30
0.0
 11
98.2879002034
 21
-16.3168987342
 31
0.0
  0
LINE
  5
692
330
1F
100
AcDbEntity
  8
0
  6
Continuous
 62
     7
370
    15
100
AcDbLine
 10
92.0220774185
 20
-12.5194303797
 30
0.0
 11
92.0220774185
 21
-16.3168987342
 31
0.0
  0
LINE
  5
693
330
1F
100
AcDbEntity
  8
0
  6
Continuous
 62
     7
370
    15
100
AcDbLine
 10
97.7182799502
 20
-12.5194303797
 30
0.0
 11
92.0220774185
 21
-12.5194303797
 31
0.0
  0
LINE
  5
694
330
1F
100
AcDbEntity
  8
0
  6
Continuous
 62
     7
370
    15
100
AcDbLine
 10
97.7182799502
 20
-9.6713291139
 30
0.0
 11
97.7182799502
 21
-12.5194303797
 31
0.0
  0
LINE
  5
695
330
1F
100
AcDbEntity
  8
0
  6
Continuous
 62
     7
370
    15
100
AcDbLine
 10
92.0220774185
 20
-9.6713291139
 30
0.0
 11
97.7182799502
 21
-9.6713291139
 31
0.0
  0
LINE
  5
696
330
1F
100
AcDbEntity
  8
0
  6
Continuous
 62
     7
370
    15
100
AcDbLine
 10
92.0220774185
 20
-7.0131012658
 30
0.0
 11
92.0220774185
 21
-9.6713291139
 31
0.0
  0
LINE
  5
697
330
1F
100
AcDbEntity
  8
0
  6
Continuous
 62
     7
370
    15
100
AcDbLine
 10
98.2879002034
 20
-7.0131012658
 30
0.0
 11
92.0220774185
 21
-7.0131012658
 31
0.0
  0
LINE
  5
698
330
1F
100
AcDbEntity
  8
0
  6
Continuous
 62
     7
370
    15
100
AcDbLine
 10
98.2879002034
 20
-4.165
 30
0.0
 11
98.2879002034
 21
-7.0131012658
 31
0.0
  0
LINE
  5
699
330
1F
100
AcDbEntity
  8
0
  6
Continuous
 62
     7
370
    15
100
AcDbLine
 10
88.2246090641
 20
-4.165
 30
0.0
 11
98.2879002034
 21
-4.165
 31
0.0
  0
LINE
  5
69A
330
1F
100
AcDbEntity
  8
0
  6
Continuous
 62
     7
370
    15
100
AcDbLine
 10
88.2246090641
 20
-19.165
 30
0.0
 11
88.2246090641
 21
-4.165
 31
0.0
  0
LINE
  5
69B
330
1F
100
AcDbEntity
  8
0
  6
Continuous
 62
     7
370
    15
100
AcDbLine
 10
98.2879002034
 20
-19.165
 30
0.0
 11
88.2246090641
 21
-19.165
 31
0.0
  0
LINE
  5
69C
330
1F
100
AcDbEntity
  8
0
  6
Continuous
 62
     7
370
    15
100
AcDbLine
 10
-17.8236708861
 20
-31.4823417722
 30
0.0
 11
-18.1559493671
 21
-31.4823417722
 31
0.0
  0
LINE
  5
69D
330
1F
100
AcDbEntity
  8
0
  6
Continuous
 62
     7
370
    15
100
AcDbLine
 10
-17.8236708861
 20
-28.1091218354
 30
0.0
 11
-17.8236708861
 21
-31.4823417722
 31
0.0
  0
LINE
  5
69E
330
1F
100
AcDbEntity
  8
0
  6
Continuous
 62
     7
370
    15
100
AcDbLine
 10
-29.0262025316
 20
-38.1279113924
 30
0.0
 11
-28.6879905063
 21
-38.1279113924
 31
0.0
  0
LINE
  5
69F
330
1F
100
AcDbEntity
  8
0
  6
Continuous
 62
     7
370
    15
100
AcDbLine
 10
-29.0262025316
 20
-41.7117721519
 30
0.0
 11
-29.0262025316
 21
-38.1279113924
 31
0.0
  0
LINE
  5
6A0
330
1F
100
AcDbEntity
  8
0
  6
Continuous
 62
     7
370
    15
100
AcDbLine
 10
-68.0912658228
 20
-39.8367721519
 30
0.0
 11
-66.0026582278
 21
-39.8367721519
 31
0.0
  0
LINE
  5
6A1
330
1F
100
AcDbEntity
  8
0
  6
Continuous
 62
     7
370
    15
100
AcDbLine
 10
-68.0912658228
 20
-30.1532278481
 30
0.0
 11
-68.0912658228
 21
-39.8367721519
 31
0.0
  0
LINE
  5
6A2
330
1F
100
AcDbEntity
  8
0
  6
Continuous
 62
     7
370
    15
100
AcDbLine
 10
-66.0026582278
 20
-30.1532278481
 30
0.0
 11
-68.0912658228
 21
-30.1532278481
 31
0.0
  0
LINE
  5
6A3
330
1F
100
AcDbEntity
  8
0
  6
Continuous
 62
     7
370
    15
100
AcDbLine
 10
-66.0026582278
 20
-27.495
 30
0.0
 11
-66.0026582278
 21
-30.1532278481
 31
0.0
  0
LINE
  5
6A4
330
1F
100
AcDbEntity
  8
0
  6
Continuous
 62
     7
370
    15
100
AcDbLine
 10
-73.9773417722
 20
-27.495
 30
0.0
 11
-66.0026582278
 21
-27.495
 31
0.0
  0
LINE
  5
6A5
330
1F
100
AcDbEntity
  8
0
  6
Continuous
 62
     7
370
    15
100
AcDbLine
 10
-73.9773417722
 20
-30.1532278481
 30
0.0
 11
-73.9773417722
 21
-27.495
 31
0.0
  0
LINE
  5
6A6
330
1F
100
AcDbEntity
  8
0
  6
Continuous
 62
     7
370
    15
100
AcDbLine
 10
-71.8887341772
 20
-30.1532278481
 30
0.0
 11
-73.9773417722
 21
-30.1532278481
 31
0.0
  0
LINE
  5
6A7
330
1F
100
AcDbEntity
  8
0
  6
Continuous
 62
     7
370
    15
100
AcDbLine
 10
-71.8887341772
 20
-39.8367721519
 30
0.0
 11
-71.8887341772
 21
-30.1532278481
 31
0.0
  0
LINE
  5
6A8
330
1F
100
AcDbEntity
  8
0
  6
Continuous
 62
     7
370
    15
100
AcDbLine
 10
-73.9773417722
 20
-39.8367721519
 30
0.0
 11
-71.8887341772
 21
-39.8367721519
 31
0.0
  0
LINE
  5
6A9
330
1F
100
AcDbEntity
  8
0
  6
Continuous
 62
     7
370
    15
100
AcDbLine
 10
-73.9773417722
 20
-42.495
 30
0.0
 11
-73.9773417722
 21
-39.8367721519
 31
0.0
  0
LINE
  5
6AA
330
1F
100
AcDbEntity
  8
0
  6
Continuous
 62
     7
370
    15
100
AcDbLine
 10
-66.0026582278
 20
-42.495
 30
0.0
 11
-73.9773417722
 21
-42.495
 31
0.0
  0
LINE
  5
6AB
330
1F
100
AcDbEntity
  8
0
  6
Continuous
 62
     7
370
    15
100
AcDbLine
 10
-66.0026582278
 20
-39.8367721519
 30
0.0
 11
-66.0026582278
 21
-42.495
 31
0.0
  0
LINE
  5
6AC
330
1F
100
AcDbEntity
  8
0
  6
Continuous
 62
     7
370
    15
100
AcDbLine
 10
-113.4626944887
 20
-27.495
 30
0.0
 11
-109.0896723368
 21
-27.495
 31
0.0
  0
LINE
  5
6AD
330
1F
100
AcDbEntity
  8
0
  6
Continuous
 62
     7
370
    15
100
AcDbLine
 10
-116.6757087293
 20
-34.8466613924
 30
0.0
 11
-113.4626944887
 21
-27.495
 31
0.0
  0
LINE
  5
6AE
330
1F
100
AcDbEntity
  8
0
  6
Continuous
 62
     7
370
    15
100
AcDbLine
 10
-119.9005900584
 20
-27.495
 30
0.0
 11
-116.6757087293
 21
-34.8466613924
 31
0.0
  0
LINE
  5
6AF
330
1F
100
AcDbEntity
  8
0
  6
Continuous
 62
     7
370
    15
100
AcDbLine
 10
-124.2795457546
 20
-27.495
 30
0.0
 11
-119.9005900584
 21
-27.495
 31
0.0
  0
LINE
  5
6B0
330
1F
100
AcDbEntity
  8
0
  6
Continuous
 62
     7
370
    15
100
AcDbLine
 10
-124.2795457546
 20
-42.495
 30
0.0
 11
-124.2795457546
 21
-27.495
 31
0.0
  0
LINE
  5
6B1
330
1F
100
AcDbEntity
  8
0
  6
Continuous
 62
     7
370
    15
100
AcDbLine
 10
-120.6719508179
 20
-42.495
 30
0.0
 11
-124.2795457546
 21
-42.495
 31
0.0
  0
LINE
  5
6B2
330
1F
100
AcDbEntity
  8
0
  6
Continuous
 62
     7
370
    15
100
AcDbLine
 10
-120.6719508179
 20
-32.514778481
 30
0.0
 11
-120.6719508179
 21
-42.495
 31
0.0
  0
LINE
  5
6B3
330
1F
100
AcDbEntity
  8
0
  6
Continuous
 62
     7
370
    15
100
AcDbLine
 10
-118.0255900584
 20
-38.8874050633
 30
0.0
 11
-120.6719508179
 21
-32.514778481
 31
0.0
  0
LINE
  5
6B4
330
1F
100
AcDbEntity
  8
0
  6
Continuous
 62
     7
370
    15
100
AcDbLine
 10
-115.5335014508
 20
-38.8874050633
 30
0.0
 11
-118.0255900584
 21
-38.8874050633
 31
0.0
  0
LINE
  5
6B5
330
1F
100
AcDbEntity
  8
0
  6
Continuous
 62
     7
370
    15
100
AcDbLine
 10
-112.8871406913
 20
-32.514778481
 30
0.0
 11
-115.5335014508
 21
-38.8874050633
 31
0.0
  0
LINE
  5
6B6
330
1F
100
AcDbEntity
  8
0
  6
Continuous
 62
     7
370
    15
100
AcDbLine
 10
-112.8871406913
 20
-42.495
 30
0.0
 11
-112.8871406913
 21
-32.514778481
 31
0.0
  0
LINE
  5
6B7
330
1F
100
AcDbEntity
  8
0
  6
Continuous
 62
     7
370
    15
100
AcDbLine
 10
-109.0896723368
 20
-42.495
 30
0.0
 11
-112.8871406913
 21
-42.495
 31
0.0
  0
LINE
  5
6B8
330
1F
100
AcDbEntity
  8
0
  6
Continuous
 62
     7
370
    15
100
AcDbLine
 10
-109.0896723368
 20
-27.495
 30
0.0
 11
-109.0896723368
 21
-42.495
 31
0.0
  0
LINE
  5
6B9
330
1F
100
AcDbEntity
  8
0
  6
Continuous
 62
     7
370
    15
100
AcDbLine
 10
-91.4212658228
 20
-100.3331012658
 30
0.0
 11
-91.4212658228
 21
-112.485
 31
0.0
  0
LINE
  5
6BA
330
1F
100
AcDbEntity
  8
0
  6
Continuous
 62
     7
370
    15
100
AcDbLine
 10
-87.0541772152
 20
-100.3331012658
 30
0.0
 11
-91.4212658228
 21
-100.3331012658
 31
0.0
  0
LINE
  5
6BB
330
1F
100
AcDbEntity
  8
0
  6
Continuous
 62
     7
370
    15
100
AcDbLine
 10
-87.0541772152
 20
-97.485
 30
0.0
 11
-87.0541772152
 21
-100.3331012658
 31
0.0
  0
LINE
  5
6BC
330
1F
100
AcDbEntity
  8
0
  6
Continuous
 62
     7
370
    15
100
AcDbLine
 10
-99.5858227848
 20
-97.485
 30
0.0
 11
-87.0541772152
 21
-97.485
 31
0.0
  0
LINE
  5
6BD
330
1F
100
AcDbEntity
  8
0
  6
Continuous
 62
     7
370
    15
100
AcDbLine
 10
-99.5858227848
 20
-100.3331012658
 30
0.0
 11
-99.5858227848
 21
-97.485
 31
0.0
  0
LINE
  5
6BE
330
1F
100
AcDbEntity
  8
0
  6
Continuous
 62
     7
370
    15
100
AcDbLine
 10
-95.2187341772
 20
-100.3331012658
 30
0.0
 11
-99.5858227848
 21
-100.3331012658
 31
0.0
  0
LINE
  5
6BF
330
1F
100
AcDbEntity
  8
0
  6
Continuous
 62
     7
370
    15
100
AcDbLine
 10
-95.2187341772
 20
-112.485
 30
0.0
 11
-95.2187341772
 21
-100.3331012658
 31
0.0
  0
LINE
  5
6C0
330
1F
100
AcDbEntity
  8
0
  6
Continuous
 62
     7
370
    15
100
AcDbLine
 10
-91.4212658228
 20
-112.485
 30
0.0
 11
-95.2187341772
 21
-112.485
 31
0.0
  0
LINE
  5
6C1
330
1F
100
AcDbEntity
  8
0
  6
Continuous
 62
     7
370
    15
100
AcDbLine
 10
-51.7553909359
 20
-97.485
 30
0.0
 11
-47.1390934675
 21
-97.485
 31
0.0
  0
LINE
  5
6C2
330
1F
100
AcDbEntity
  8
0
  6
Continuous
 62
     7
370
    15
100
AcDbLine
 10
-51.7553909359
 20
-108.1368987342
 30
0.0
 11
-51.7553909359
 21
-97.485
 31
0.0
  0
LINE
  5
6C3
330
1F
100
AcDbEntity
  8
0
  6
Continuous
 62
     7
370
    15
100
AcDbLine
 10
-47.9579225815
 20
-108.1368987342
 30
0.0
 11
-51.7553909359
 21
-108.1368987342
 31
0.0
  0
LINE
  5
6C4
330
1F
100
AcDbEntity
  8
0
  6
Continuous
 62
     7
370
    15
100
AcDbLine
 10
-47.9579225815
 20
-100.3331012658
 30
0.0
 11
-47.9579225815
 21
-108.1368987342
 31
0.0
  0
LINE
  5
6C5
330
1F
100
AcDbEntity
  8
0
  6
Continuous
 62
     7
370
    15
100
AcDbLine
 10
-47.889686822
 20
-100.3331012658
 30
0.0
 11
-47.9579225815
 21
-100.3331012658
 31
0.0
  0
LINE
  5
6C6
330
1F
100
AcDbEntity
  8
0
  6
Continuous
 62
     7
370
    15
100
AcDbLine
 10
-51.7553909359
 20
-109.6368987342
 30
0.0
 11
-47.889686822
 21
-109.6368987342
 31
0.0
  0
LINE
  5
6C7
330
1F
100
AcDbEntity
  8
0
  6
Continuous
 62
     7
370
    15
100
AcDbLine
 10
-51.7553909359
 20
-112.485
 30
0.0
 11
-51.7553909359
 21
-109.6368987342
 31
0.0
  0
LINE
  5
6C8
330
1F
100
AcDbEntity
  8
0
  6
Continuous
 62
     7
370
    15
100
AcDbLine
 10
-47.0975586574
 20
-112.485
 30
0.0
 11
-51.7553909359
 21
-112.485
 31
0.0
  0
LINE
  5
6C9
330
1F
100
AcDbEntity
  8
0
  6
Continuous
 62
     7
370
    15
100
AcDbLine
 10
3.203018237
 20
-97.485
 30
0.0
 11
7.5760403889
 21
-97.485
 31
0.0
  0
LINE
  5
6CA
330
1F
100
AcDbEntity
  8
0
  6
Continuous
 62
     7
370
    15
100
AcDbLine
 10
-0.0099960035
 20
-104.8366613924
 30
0.0
 11
3.203018237
 21
-97.485
 31
0.0
  0
LINE
  5
6CB
330
1F
100
AcDbEntity
  8
0
  6
Continuous
 62
     7
370
    15
100
AcDbLine
 10
-3.2348773326
 20
-97.485
 30
0.0
 11
-0.0099960035
 21
-104.8366613924
 31
0.0
  0
LINE
  5
6CC
330
1F
100
AcDbEntity
  8
0
  6
Continuous
 62
     7
370
    15
100
AcDbLine
 10
-7.6138330288
 20
-97.485
 30
0.0
 11
-3.2348773326
 21
-97.485
 31
0.0
  0
LINE
  5
6CD
330
1F
100
AcDbEntity
  8
0
  6
Continuous
 62
     7
370
    15
100
AcDbLine
 10
-7.6138330288
 20
-112.485
 30
0.0
 11
-7.6138330288
 21
-97.485
 31
0.0
  0
LINE
  5
6CE
330
1F
100
AcDbEntity
  8
0
  6
Continuous
 62
     7
370
    15
100
AcDbLine
 10
-4.0062380921
 20
-112.485
 30
0.0
 11
-7.6138330288
 21
-112.485
 31
0.0
  0
LINE
  5
6CF
330
1F
100
AcDbEntity
  8
0
  6
Continuous
 62
     7
370
    15
100
AcDbLine
 10
-4.0062380921
 20
-102.504778481
 30
0.0
 11
-4.0062380921
 21
-112.485
 31
0.0
  0
LINE
  5
6D0
330
1F
100
AcDbEntity
  8
0
  6
Continuous
 62
     7
370
    15
100
AcDbLine
 10
-1.3598773326
 20
-108.8774050633
 30
0.0
 11
-4.0062380921
 21
-102.504778481
 31
0.0
  0
LINE
  5
6D1
330
1F
100
AcDbEntity
  8
0
  6
Continuous
 62
     7
370
    15
100
AcDbLine
 10
1.132211275
 20
-108.8774050633
 30
0.0
 11
-1.3598773326
 21
-108.8774050633
 31
0.0
  0
LINE
  5
6D2
330
1F
100
AcDbEntity
  8
0
  6
Continuous
 62
     7
370
    15
100
AcDbLine
 10
3.7785720345
 20
-102.504778481
 30
0.0
 11
1.132211275
 21
-108.8774050633
 31
0.0
  0
LINE
  5
6D3
330
1F
100
AcDbEntity
  8
0
  6
Continuous
 62
     7
370
    15
100
AcDbLine
 10
3.7785720345
 20
-112.485
 30
0.0
 11
3.7785720345
 21
-102.504778481
 31
0.0
  0
LINE
  5
6D4
330
1F
100
AcDbEntity
  8
0
  6
Continuous
 62
     7
370
    15
100
AcDbLine
 10
7.5760403889
 20
-112.485
 30
0.0
 11
3.7785720345
 21
-112.485
 31
0.0
  0
LINE
  5
6D5
330
1F
100
AcDbEntity
  8
0
  6
Continuous
 62
     7
370
    15
100
AcDbLine
 10
7.5760403889
 20
-97.485
 30
0.0
 11
7.5760403889
 21
-112.485
 31
0.0
  0
LINE
  5
6D6
330
1F
100
AcDbEntity
  8
0
  6
Continuous
 62
     7
370
    15
100
AcDbLine
 10
51.9764556962
 20
-109.6368987342
 30
0.0
 11
51.9764556962
 21
-112.485
 31
0.0
  0
LINE
  5
6D7
330
1F
100
AcDbEntity
  8
0
  6
Continuous
 62
     7
370
    15
100
AcDbLine
 10
45.7106329114
 20
-109.6368987342
 30
0.0
 11
51.9764556962
 21
-109.6368987342
 31
0.0
  0
LINE
  5
6D8
330
1F
100
AcDbEntity
  8
0
  6
Continuous
 62
     7
370
    15
100
AcDbLine
 10
45.7106329114
 20
-105.8394303797
 30
0.0
 11
45.7106329114
 21
-109.6368987342
 31
0.0
  0
LINE
  5
6D9
330
1F
100
AcDbEntity
  8
0
  6
Continuous
 62
     7
370
    15
100
AcDbLine
 10
51.406835443
 20
-105.8394303797
 30
0.0
 11
45.7106329114
 21
-105.8394303797
 31
0.0
  0
LINE
  5
6DA
330
1F
100
AcDbEntity
  8
0
  6
Continuous
 62
     7
370
    15
100
AcDbLine
 10
51.406835443
 20
-102.9913291139
 30
0.0
 11
51.406835443
 21
-105.8394303797
 31
0.0
  0
LINE
  5
6DB
330
1F
100
AcDbEntity
  8
0
  6
Continuous
 62
     7
370
    15
100
AcDbLine
 10
45.7106329114
 20
-102.9913291139
 30
0.0
 11
51.406835443
 21
-102.9913291139
 31
0.0
  0
LINE
  5
6DC
330
1F
100
AcDbEntity
  8
0
  6
Continuous
 62
     7
370
    15
100
AcDbLine
 10
45.7106329114
 20
-100.3331012658
 30
0.0
 11
45.7106329114
 21
-102.9913291139
 31
0.0
  0
LINE
  5
6DD
330
1F
100
AcDbEntity
  8
0
  6
Continuous
 62
     7
370
    15
100
AcDbLine
 10
51.9764556962
 20
-100.3331012658
 30
0.0
 11
45.7106329114
 21
-100.3331012658
 31
0.0
  0
LINE
  5
6DE
330
1F
100
AcDbEntity
  8
0
  6
Continuous
 62
     7
370
    15
100
AcDbLine
 10
51.9764556962
 20
-97.485
 30
0.0
 11
51.9764556962
 21
-100.3331012658
 31
0.0
  0
LINE
  5
6DF
330
1F
100
AcDbEntity
  8
0
  6
Continuous
 62
     7
370
    15
100
AcDbLine
 10
41.913164557
 20
-97.485
 30
0.0
 11
51.9764556962
 21
-97.485
 31
0.0
  0
LINE
  5
6E0
330
1F
100
AcDbEntity
  8
0
  6
Continuous
 62
     7
370
    15
100
AcDbLine
 10
41.913164557
 20
-112.485
 30
0.0
 11
41.913164557
 21
-97.485
 31
0.0
  0
LINE
  5
6E1
330
1F
100
AcDbEntity
  8
0
  6
Continuous
 62
     7
370
    15
100
AcDbLine
 10
51.9764556962
 20
-112.485
 30
0.0
 11
41.913164557
 21
-112.485
 31
0.0
  0
LINE
  5
6E2
330
1F
100
AcDbEntity
  8
0
  6
Continuous
 62
     7
370
    15
100
AcDbLine
 10
91.0301121475
 20
-109.4470253165
 30
0.0
 11
90.1104127804
 21
-112.485
 31
0.0
  0
LINE
  5
6E3
330
1F
100
AcDbEntity
  8
0
  6
Continuous
 62
     7
370
    15
100
AcDbLine
 10
91.8163067677
 20
-106.7887974684
 30
0.0
 11
91.0301121475
 21
-109.4470253165
 31
0.0
  0
LINE
  5
6E4
330
1F
100
AcDbEntity
  8
0
  6
Continuous
 62
     7
370
    15
100
AcDbLine
 10
93.3352941095
 20
-101.8253876582
 30
0.0
 11
91.8163067677
 21
-106.7887974684
 31
0.0
  0
LINE
  5
6E5
330
1F
100
AcDbEntity
  8
0
  6
Continuous
 62
     7
370
    15
100
AcDbLine
 10
94.8513146791
 20
-106.7887974684
 30
0.0
 11
93.3352941095
 21
-101.8253876582
 31
0.0
  0
LINE
  5
6E6
330
1F
100
AcDbEntity
  8
0
  6
Continuous
 62
     7
370
    15
100
AcDbLine
 10
92.8591266677
 20
-106.7887974684
 30
0.0
 11
94.8513146791
 21
-106.7887974684
 31
0.0
  0
LINE
  5
6E7
330
1F
100
AcDbEntity
  8
0
  6
Continuous
 62
     7
370
    15
100
AcDbLine
 10
92.0729320475
 20
-109.4470253165
 30
0.0
 11
92.8591266677
 21
-106.7887974684
 31
0.0
  0
LINE
  5
6E8
330
1F
100
AcDbEntity
  8
0
  6
Continuous
 62
     7
370
    15
100
AcDbLine
 10
95.6375092994
 20
-109.4470253165
 30
0.0
 11
92.0729320475
 21
-109.4470253165
 31
0.0
  0
LINE
  5
6E9
330
1F
100
AcDbEntity
  8
0
  6
Continuous
 62
     7
370
    15
100
AcDbLine
 10
96.5572086665
 20
-112.485
 30
0.0
 11
95.6375092994
 21
-109.4470253165
 31
0.0
  0
LINE
  5
6EA
330
1F
100
AcDbEntity
  8
0
  6
Continuous
 62
     7
370
    15
100
AcDbLine
 10
100.3606105652
 20
-112.485
 30
0.0
 11
96.5572086665
 21
-112.485
 31
0.0
  0
LINE
  5
6EB
330
1F
100
AcDbEntity
  8
0
  6
Continuous
 62
     7
370
    15
100
AcDbLine
 10
95.3615994892
 20
-97.485
 30
0.0
 11
100.3606105652
 21
-112.485
 31
0.0
  0
LINE
  5
6EC
330
1F
100
AcDbEntity
  8
0
  6
Continuous
 62
     7
370
    15
100
AcDbLine
 10
91.3089887297
 20
-97.485
 30
0.0
 11
95.3615994892
 21
-97.485
 31
0.0
  0
LINE
  5
6ED
330
1F
100
AcDbEntity
  8
0
  6
Continuous
 62
     7
370
    15
100
AcDbLine
 10
86.3099776538
 20
-112.485
 30
0.0
 11
91.3089887297
 21
-97.485
 31
0.0
  0
LINE
  5
6EE
330
1F
100
AcDbEntity
  8
0
  6
Continuous
 62
     7
370
    15
100
AcDbLine
 10
90.1104127804
 20
-112.485
 30
0.0
 11
86.3099776538
 21
-112.485
 31
0.0
  0
LINE
  5
6EF
330
1F
100
AcDbEntity
  8
0
  6
Continuous
 62
     7
370
    15
100
AcDbLine
 10
-1.7363905678
 20
155.5011169025
 30
0.0
 11
-1.7066065023
 21
156.1451973194
 31
0.0
  0
LINE
  5
6F0
330
1F
100
AcDbEntity
  8
0
  6
Continuous
 62
     7
370
    15
100
AcDbLine
 10
-3.653739786
 20
151.7669396873
 30
0.0
 11
-3.653739786
 21
154.2204020849
 31
0.0
  0
LINE
  5
6F1
330
1F
100
AcDbEntity
  8
0
  6
Continuous
 62
     7
370
    15
100
AcDbLine
 10
-5.4854598157
 20
148.0253164557
 30
0.0
 11
-4.5100316698
 21
149.0230826508
 31
0.0
  0
LINE
  5
6F2
330
1F
100
AcDbEntity
  8
0
  6
Continuous
 62
     7
370
    15
100
AcDbLine
 10
-6.0364650279
 20
146.9084139985
 30
0.0
 11
-5.4854598157
 21
148.0253164557
 31
0.0
  0
LINE
  5
6F3
330
1F
100
AcDbEntity
  8
0
  6
Continuous
 62
     7
370
    15
100
AcDbLine
 10
-6.0327420198
 20
146.6291883842
 30
0.0
 11
-6.0364650279
 21
146.9084139985
 31
0.0
  0
LINE
  5
6F4
330
1F
100
AcDbEntity
  8
0
  6
Continuous
 62
     7
370
    15
100
AcDbLine
 10
-1.6637092319
 20
146.2382725232
 30
0.0
 11
-5.7013942908
 21
146.2382725242
 31
0.0
  0
LINE
  5
6F5
330
1F
100
AcDbEntity
  8
0
  6
Continuous
 62
     7
370
    15
100
AcDbLine
 10
0.5755975186
 20
145.2851824274
 30
0.0
 11
-0.8503146184
 21
145.3410275503
 31
0.0
  0
LINE
  5
6F6
330
1F
100
AcDbEntity
  8
0
  6
Continuous
 62
     7
370
    15
100
AcDbLine
 10
1.5882557464
 20
146.2382725242
 30
0.0
 11
1.5882557464
 21
146.3015636634
 31
0.0
  0
LINE
  5
6F7
330
1F
100
AcDbEntity
  8
0
  6
Continuous
 62
     7
370
    15
100
AcDbLine
 10
5.4006161336
 20
146.2382725242
 30
0.0
 11
1.5882557464
 21
146.2382725242
 31
0.0
  0
LINE
  5
6F8
330
1F
100
AcDbEntity
  8
0
  6
Continuous
 62
     7
370
    15
100
AcDbLine
 10
5.642611666
 20
146.3387937453
 30
0.0
 11
5.4006161336
 21
146.2382725242
 31
0.0
  0
LINE
  5
6F9
330
1F
100
AcDbEntity
  8
0
  6
Continuous
 62
     7
370
    15
100
AcDbLine
 10
5.4750762974
 20
147.9396872673
 30
0.0
 11
5.9776824032
 21
146.8339538347
 31
0.0
  0
LINE
  5
6FA
330
1F
100
AcDbEntity
  8
0
  6
Continuous
 62
     7
370
    15
100
AcDbLine
 10
4.5741083153
 20
148.9076693969
 30
0.0
 11
5.4750762974
 21
147.9396872673
 31
0.0
  0
LINE
  5
6FB
330
1F
100
AcDbEntity
  8
0
  6
Continuous
 62
     7
370
    15
100
AcDbLine
 10
3.7327084642
 20
153.9970215934
 30
0.0
 11
3.7327084642
 21
151.625465376
 31
0.0
  0
LINE
  5
6FC
330
1F
100
AcDbEntity
  8
0
  6
Continuous
 62
     7
370
    15
100
AcDbLine
 10
3.6359102513
 20
154.2352941176
 30
0.0
 11
3.7327084642
 21
153.9970215934
 31
0.0
  0
LINE
  5
6FD
330
1F
100
AcDbEntity
  8
0
  6
Continuous
 62
     7
370
    15
100
AcDbLine
 10
1.6701619266
 20
155.4601638124
 30
0.0
 11
1.7334530659
 21
155.452717796
 31
0.0
  0
LINE
  5
6FE
330
1F
100
AcDbEntity
  8
0
  6
Continuous
 62
     7
370
    15
100
AcDbLine
 10
-47.8671792166
 20
-80.990443038
 30
0.0
 11
-41.4114830141
 21
-80.990443038
 31
0.0
  0
LINE
  5
6FF
330
1F
100
AcDbEntity
  8
0
  6
Continuous
 62
     7
370
    15
100
AcDbLine
 10
-47.8671792166
 20
-83.8385443038
 30
0.0
 11
-47.8671792166
 21
-80.990443038
 31
0.0
  0
LINE
  5
700
330
1F
100
AcDbEntity
  8
0
  6
Continuous
 62
     7
370
    15
100
AcDbLine
 10
-45.0190779508
 20
-83.8385443038
 30
0.0
 11
-47.8671792166
 21
-83.8385443038
 31
0.0
  0
LINE
  5
701
330
1F
100
AcDbEntity
  8
0
  6
Continuous
 62
     7
370
    15
100
AcDbLine
 10
-45.0190779508
 20
-86.8349841772
 30
0.0
 11
-45.0190779508
 21
-83.8385443038
 31
0.0
  0
LINE
  5
702
330
1F
100
AcDbEntity
  8
0
  6
Continuous
 62
     7
370
    15
100
AcDbLine
 10
-41.4114830141
 20
-78.5220886076
 30
0.0
 11
-41.7496950394
 21
-78.5220886076
 31
0.0
  0
LINE
  5
703
330
1F
100
AcDbEntity
  8
0
  6
Continuous
 62
     7
370
    15
100
AcDbLine
 10
-41.4114830141
 20
-75.0776661392
 30
0.0
 11
-41.4114830141
 21
-78.5220886076
 31
0.0
  0
LINE
  5
704
330
1F
100
AcDbEntity
  8
0
  6
Continuous
 62
     7
370
    15
100
AcDbLine
 10
-41.4114830141
 20
-80.990443038
 30
0.0
 11
-41.4114830141
 21
-88.3688053797
 31
0.0
  0
LINE
  5
705
330
1F
100
AcDbEntity
  8
0
  6
Continuous
 62
     7
370
    15
100
AcDbLine
 10
-91.4212658228
 20
-86.4967721519
 30
0.0
 11
-89.3326582278
 21
-86.4967721519
 31
0.0
  0
LINE
  5
706
330
1F
100
AcDbEntity
  8
0
  6
Continuous
 62
     7
370
    15
100
AcDbLine
 10
-91.4212658228
 20
-76.8132278481
 30
0.0
 11
-91.4212658228
 21
-86.4967721519
 31
0.0
  0
LINE
  5
707
330
1F
100
AcDbEntity
  8
0
  6
Continuous
 62
     7
370
    15
100
AcDbLine
 10
-89.3326582278
 20
-76.8132278481
 30
0.0
 11
-91.4212658228
 21
-76.8132278481
 31
0.0
  0
LINE
  5
708
330
1F
100
AcDbEntity
  8
0
  6
Continuous
 62
     7
370
    15
100
AcDbLine
 10
-89.3326582278
 20
-74.155
 30
0.0
 11
-89.3326582278
 21
-76.8132278481
 31
0.0
  0
LINE
  5
709
330
1F
100
AcDbEntity
  8
0
  6
Continuous
 62
     7
370
    15
100
AcDbLine
 10
-97.3073417722
 20
-74.155
 30
0.0
 11
-89.3326582278
 21
-74.155
 31
0.0
  0
LINE
  5
70A
330
1F
100
AcDbEntity
  8
0
  6
Continuous
 62
     7
370
    15
100
AcDbLine
 10
-97.3073417722
 20
-76.8132278481
 30
0.0
 11
-97.3073417722
 21
-74.155
 31
0.0
  0
LINE
  5
70B
330
1F
100
AcDbEntity
  8
0
  6
Continuous
 62
     7
370
    15
100
AcDbLine
 10
-95.2187341772
 20
-76.8132278481
 30
0.0
 11
-97.3073417722
 21
-76.8132278481
 31
0.0
  0
LINE
  5
70C
330
1F
100
AcDbEntity
  8
0
  6
Continuous
 62
     7
370
    15
100
AcDbLine
 10
-95.2187341772
 20
-86.4967721519
 30
0.0
 11
-95.2187341772
 21
-76.8132278481
 31
0.0
  0
LINE
  5
70D
330
1F
100
AcDbEntity
  8
0
  6
Continuous
 62
     7
370
    15
100
AcDbLine
 10
-97.3073417722
 20
-86.4967721519
 30
0.0
 11
-95.2187341772
 21
-86.4967721519
 31
0.0
  0
LINE
  5
70E
330
1F
100
AcDbEntity
  8
0
  6
Continuous
 62
     7
370
    15
100
AcDbLine
 10
-97.3073417722
 20
-89.155
 30
0.0
 11
-97.3073417722
 21
-86.4967721519
 31
0.0
  0
LINE
  5
70F
330
1F
100
AcDbEntity
  8
0
  6
Continuous
 62
     7
370
    15
100
AcDbLine
 10
-89.3326582278
 20
-89.155
 30
0.0
 11
-97.3073417722
 21
-89.155
 31
0.0
  0
LINE
  5
710
330
1F
100
AcDbEntity
  8
0
  6
Continuous
 62
     7
370
    15
100
AcDbLine
 10
-89.3326582278
 20
-86.4967721519
 30
0.0
 11
-89.3326582278
 21
-89.155
 31
0.0
  0
LINE
  5
711
330
1F
100
AcDbEntity
  8
0
  6
Continuous
 62
     7
370
    15
100
AcDbLine
 10
116.6707037203
 20
-56.254193038
 30
0.0
 11
119.5188049861
 21
-50.825
 31
0.0
  0
LINE
  5
712
330
1F
100
AcDbEntity
  8
0
  6
Continuous
 62
     7
370
    15
100
AcDbLine
 10
113.6594299861
 20
-50.825
 30
0.0
 11
116.6707037203
 21
-56.254193038
 31
0.0
  0
LINE
  5
713
330
1F
100
AcDbEntity
  8
0
  6
Continuous
 62
     7
370
    15
100
AcDbLine
 10
109.4614473912
 20
-50.825
 30
0.0
 11
113.6594299861
 21
-50.825
 31
0.0
  0
LINE
  5
714
330
1F
100
AcDbEntity
  8
0
  6
Continuous
 62
     7
370
    15
100
AcDbLine
 10
114.7779030874
 20
-59.7490506329
 30
0.0
 11
109.4614473912
 21
-50.825
 31
0.0
  0
LINE
  5
715
330
1F
100
AcDbEntity
  8
0
  6
Continuous
 62
     7
370
    15
100
AcDbLine
 10
114.7779030874
 20
-65.825
 30
0.0
 11
114.7779030874
 21
-59.7490506329
 31
0.0
  0
LINE
  5
716
330
1F
100
AcDbEntity
  8
0
  6
Continuous
 62
     7
370
    15
100
AcDbLine
 10
118.5753714418
 20
-65.825
 30
0.0
 11
114.7779030874
 21
-65.825
 31
0.0
  0
LINE
  5
717
330
1F
100
AcDbEntity
  8
0
  6
Continuous
 62
     7
370
    15
100
AcDbLine
 10
118.5753714418
 20
-59.5591772152
 30
0.0
 11
118.5753714418
 21
-65.825
 31
0.0
  0
LINE
  5
718
330
1F
100
AcDbEntity
  8
0
  6
Continuous
 62
     7
370
    15
100
AcDbLine
 10
123.7019537203
 20
-50.825
 30
0.0
 11
118.5753714418
 21
-59.5591772152
 31
0.0
  0
LINE
  5
719
330
1F
100
AcDbEntity
  8
0
  6
Continuous
 62
     7
370
    15
100
AcDbLine
 10
119.5188049861
 20
-50.825
 30
0.0
 11
123.7019537203
 21
-50.825
 31
0.0
  0
LINE
  5
71A
330
1F
100
AcDbEntity
  8
0
  6
Continuous
 62
     7
370
    15
100
AcDbLine
 10
72.9332317867
 20
-74.155
 30
0.0
 11
76.3509533057
 21
-74.155
 31
0.0
  0
LINE
  5
71B
330
1F
100
AcDbEntity
  8
0
  6
Continuous
 62
     7
370
    15
100
AcDbLine
 10
72.9332317867
 20
-82.7467721519
 30
0.0
 11
72.9332317867
 21
-74.155
 31
0.0
  0
LINE
  5
71C
330
1F
100
AcDbEntity
  8
0
  6
Continuous
 62
     7
370
    15
100
AcDbLine
 10
68.2101305209
 20
-74.155
 30
0.0
 11
72.9332317867
 21
-82.7467721519
 31
0.0
  0
LINE
  5
71D
330
1F
100
AcDbEntity
  8
0
  6
Continuous
 62
     7
370
    15
100
AcDbLine
 10
63.6294343183
 20
-74.155
 30
0.0
 11
68.2101305209
 21
-74.155
 31
0.0
  0
LINE
  5
71E
330
1F
100
AcDbEntity
  8
0
  6
Continuous
 62
     7
370
    15
100
AcDbLine
 10
63.6294343183
 20
-89.155
 30
0.0
 11
63.6294343183
 21
-74.155
 31
0.0
  0
LINE
  5
71F
330
1F
100
AcDbEntity
  8
0
  6
Continuous
 62
     7
370
    15
100
AcDbLine
 10
67.0471558373
 20
-89.155
 30
0.0
 11
63.6294343183
 21
-89.155
 31
0.0
  0
LINE
  5
720
330
1F
100
AcDbEntity
  8
0
  6
Continuous
 62
     7
370
    15
100
AcDbLine
 10
67.0471558373
 20
-78.6971281646
 30
0.0
 11
67.0471558373
 21
-89.155
 31
0.0
  0
LINE
  5
721
330
1F
100
AcDbEntity
  8
0
  6
Continuous
 62
     7
370
    15
100
AcDbLine
 10
72.7552254576
 20
-89.155
 30
0.0
 11
67.0471558373
 21
-78.6971281646
 31
0.0
  0
LINE
  5
722
330
1F
100
AcDbEntity
  8
0
  6
Continuous
 62
     7
370
    15
100
AcDbLine
 10
76.3509533057
 20
-89.155
 30
0.0
 11
72.7552254576
 21
-89.155
 31
0.0
  0
LINE
  5
723
330
1F
100
AcDbEntity
  8
0
  6
Continuous
 62
     7
370
    15
100
AcDbLine
 10
76.3509533057
 20
-74.155
 30
0.0
 11
76.3509533057
 21
-89.155
 31
0.0
  0
LINE
  5
724
330
1F
100
AcDbEntity
  8
0
  6
Continuous
 62
     7
370
    15
100
AcDbLine
 10
122.9932819218
 20
-74.155
 30
0.0
 11
122.9932819218
 21
-83.7673417722
 31
0.0
  0
LINE
  5
725
330
1F
100
AcDbEntity
  8
0
  6
Continuous
 62
     7
370
    15
100
AcDbLine
 10
119.1958135674
 20
-74.155
 30
0.0
 11
122.9932819218
 21
-74.155
 31
0.0
  0
LINE
  5
726
330
1F
100
AcDbEntity
  8
0
  6
Continuous
 62
     7
370
    15
100
AcDbLine
 10
119.1958135674
 20
-83.5745015823
 30
0.0
 11
119.1958135674
 21
-74.155
 31
0.0
  0
LINE
  5
727
330
1F
100
AcDbEntity
  8
0
  6
Continuous
 62
     7
370
    15
100
AcDbLine
 10
114.2591047066
 20
-74.155
 30
0.0
 11
114.2591047066
 21
-83.5745015823
 31
0.0
  0
LINE
  5
728
330
1F
100
AcDbEntity
  8
0
  6
Continuous
 62
     7
370
    15
100
AcDbLine
 10
110.4616363522
 20
-74.155
 30
0.0
 11
114.2591047066
 21
-74.155
 31
0.0
  0
LINE
  5
729
330
1F
100
AcDbEntity
  8
0
  6
Continuous
 62
     7
370
    15
100
AcDbLine
 10
110.4616363522
 20
-83.7762420886
 30
0.0
 11
110.4616363522
 21
-74.155
 31
0.0
  0
LINE
  5
72A
330
1F
100
AcDbEntity
  8
0
  6
Continuous
 62
     7
370
    15
100
AcDbLine
 10
48.5587341772
 20
-86.4967721519
 30
0.0
 11
50.6473417722
 21
-86.4967721519
 31
0.0
  0
LINE
  5
72B
330
1F
100
AcDbEntity
  8
0
  6
Continuous
 62
     7
370
    15
100
AcDbLine
 10
48.5587341772
 20
-76.8132278481
 30
0.0
 11
48.5587341772
 21
-86.4967721519
 31
0.0
  0
LINE
  5
72C
330
1F
100
AcDbEntity
  8
0
  6
Continuous
 62
     7
370
    15
100
AcDbLine
 10
50.6473417722
 20
-76.8132278481
 30
0.0
 11
48.5587341772
 21
-76.8132278481
 31
0.0
  0
LINE
  5
72D
330
1F
100
AcDbEntity
  8
0
  6
Continuous
 62
     7
370
    15
100
AcDbLine
 10
50.6473417722
 20
-74.155
 30
0.0
 11
50.6473417722
 21
-76.8132278481
 31
0.0
  0
LINE
  5
72E
330
1F
100
AcDbEntity
  8
0
  6
Continuous
 62
     7
370
    15
100
AcDbLine
 10
42.6726582278
 20
-74.155
 30
0.0
 11
50.6473417722
 21
-74.155
 31
0.0
  0
LINE
  5
72F
330
1F
100
AcDbEntity
  8
0
  6
Continuous
 62
     7
370
    15
100
AcDbLine
 10
42.6726582278
 20
-76.8132278481
 30
0.0
 11
42.6726582278
 21
-74.155
 31
0.0
  0
LINE
  5
730
330
1F
100
AcDbEntity
  8
0
  6
Continuous
 62
     7
370
    15
100
AcDbLine
 10
44.7612658228
 20
-76.8132278481
 30
0.0
 11
42.6726582278
 21
-76.8132278481
 31
0.0
  0
LINE
  5
731
330
1F
100
AcDbEntity
  8
0
  6
Continuous
 62
     7
370
    15
100
AcDbLine
 10
44.7612658228
 20
-86.4967721519
 30
0.0
 11
44.7612658228
 21
-76.8132278481
 31
0.0
  0
LINE
  5
732
330
1F
100
AcDbEntity
  8
0
  6
Continuous
 62
     7
370
    15
100
AcDbLine
 10
42.6726582278
 20
-86.4967721519
 30
0.0
 11
44.7612658228
 21
-86.4967721519
 31
0.0
  0
LINE
  5
733
330
1F
100
AcDbEntity
  8
0
  6
Continuous
 62
     7
370
    15
100
AcDbLine
 10
42.6726582278
 20
-89.155
 30
0.0
 11
42.6726582278
 21
-86.4967721519
 31
0.0
  0
LINE
  5
734
330
1F
100
AcDbEntity
  8
0
  6
Continuous
 62
     7
370
    15
100
AcDbLine
 10
50.6473417722
 20
-89.155
 30
0.0
 11
42.6726582278
 21
-89.155
 31
0.0
  0
LINE
  5
735
330
1F
100
AcDbEntity
  8
0
  6
Continuous
 62
     7
370
    15
100
AcDbLine
 10
50.6473417722
 20
-86.4967721519
 30
0.0
 11
50.6473417722
 21
-89.155
 31
0.0
  0
LINE
  5
736
330
1F
100
AcDbEntity
  8
0
  6
Continuous
 62
     7
370
    15
100
AcDbLine
 10
-3.3227848101
 20
-81.1803164557
 30
0.0
 11
3.3227848101
 21
-81.1803164557
 31
0.0
  0
LINE
  5
737
330
1F
100
AcDbEntity
  8
0
  6
Continuous
 62
     7
370
    15
100
AcDbLine
 10
-3.3227848101
 20
-84.0284177215
 30
0.0
 11
-3.3227848101
 21
-81.1803164557
 31
0.0
  0
LINE
  5
738
330
1F
100
AcDbEntity
  8
0
  6
Continuous
 62
     7
370
    15
100
AcDbLine
 10
3.3227848101
 20
-84.0284177215
 30
0.0
 11
-3.3227848101
 21
-84.0284177215
 31
0.0
  0
LINE
  5
739
330
1F
100
AcDbEntity
  8
0
  6
Continuous
 62
     7
370
    15
100
AcDbLine
 10
3.3227848101
 20
-81.1803164557
 30
0.0
 11
3.3227848101
 21
-84.0284177215
 31
0.0
  0
LINE
  5
73A
330
1F
100
AcDbEntity
  8
0
  6
Continuous
 62
     7
370
    15
100
AcDbLine
 10
2.9514168252
 20
65.825
 30
0.0
 11
6.3691383442
 21
65.825
 31
0.0
  0
LINE
  5
73B
330
1F
100
AcDbEntity
  8
0
  6
Continuous
 62
     7
370
    15
100
AcDbLine
 10
2.9514168252
 20
57.2332278481
 30
0.0
 11
2.9514168252
 21
65.825
 31
0.0
  0
LINE
  5
73C
330
1F
100
AcDbEntity
  8
0
  6
Continuous
 62
     7
370
    15
100
AcDbLine
 10
-1.7716844407
 20
65.825
 30
0.0
 11
2.9514168252
 21
57.2332278481
 31
0.0
  0
LINE
  5
73D
330
1F
100
AcDbEntity
  8
0
  6
Continuous
 62
     7
370
    15
100
AcDbLine
 10
-6.3523806432
 20
65.825
 30
0.0
 11
-1.7716844407
 21
65.825
 31
0.0
  0
LINE
  5
73E
330
1F
100
AcDbEntity
  8
0
  6
Continuous
 62
     7
370
    15
100
AcDbLine
 10
-6.3523806432
 20
50.825
 30
0.0
 11
-6.3523806432
 21
65.825
 31
0.0
  0
LINE
  5
73F
330
1F
100
AcDbEntity
  8
0
  6
Continuous
 62
     7
370
    15
100
AcDbLine
 10
-2.9346591242
 20
50.825
 30
0.0
 11
-6.3523806432
 21
50.825
 31
0.0
  0
LINE
  5
740
330
1F
100
AcDbEntity
  8
0
  6
Continuous
 62
     7
370
    15
100
AcDbLine
 10
-2.9346591242
 20
61.2828718354
 30
0.0
 11
-2.9346591242
 21
50.825
 31
0.0
  0
LINE
  5
741
330
1F
100
AcDbEntity
  8
0
  6
Continuous
 62
     7
370
    15
100
AcDbLine
 10
2.7734104961
 20
50.825
 30
0.0
 11
-2.9346591242
 21
61.2828718354
 31
0.0
  0
LINE
  5
742
330
1F
100
AcDbEntity
  8
0
  6
Continuous
 62
     7
370
    15
100
AcDbLine
 10
6.3691383442
 20
50.825
 30
0.0
 11
2.7734104961
 21
50.825
 31
0.0
  0
LINE
  5
743
330
1F
100
AcDbEntity
  8
0
  6
Continuous
 62
     7
370
    15
100
AcDbLine
 10
6.3691383442
 20
65.825
 30
0.0
 11
6.3691383442
 21
50.825
 31
0.0
  0
LINE
  5
744
330
1F
100
AcDbEntity
  8
0
  6
Continuous
 62
     7
370
    15
100
AcDbLine
 10
-51.7553909359
 20
65.825
 30
0.0
 11
-41.6920997966
 21
65.825
 31
0.0
  0
LINE
  5
745
330
1F
100
AcDbEntity
  8
0
  6
Continuous
 62
     7
370
    15
100
AcDbLine
 10
-51.7553909359
 20
50.825
 30
0.0
 11
-51.7553909359
 21
65.825
 31
0.0
  0
LINE
  5
746
330
1F
100
AcDbEntity
  8
0
  6
Continuous
 62
     7
370
    15
100
AcDbLine
 10
-47.9579225815
 20
50.825
 30
0.0
 11
-51.7553909359
 21
50.825
 31
0.0
  0
LINE
  5
747
330
1F
100
AcDbEntity
  8
0
  6
Continuous
 62
     7
370
    15
100
AcDbLine
 10
-47.9579225815
 20
57.2806962025
 30
0.0
 11
-47.9579225815
 21
50.825
 31
0.0
  0
LINE
  5
748
330
1F
100
AcDbEntity
  8
0
  6
Continuous
 62
     7
370
    15
100
AcDbLine
 10
-42.2617200498
 20
57.2806962025
 30
0.0
 11
-47.9579225815
 21
57.2806962025
 31
0.0
  0
LINE
  5
749
330
1F
100
AcDbEntity
  8
0
  6
Continuous
 62
     7
370
    15
100
AcDbLine
 10
-42.2617200498
 20
60.1287974684
 30
0.0
 11
-42.2617200498
 21
57.2806962025
 31
0.0
  0
LINE
  5
74A
330
1F
100
AcDbEntity
  8
0
  6
Continuous
 62
     7
370
    15
100
AcDbLine
 10
-47.9579225815
 20
60.1287974684
 30
0.0
 11
-42.2617200498
 21
60.1287974684
 31
0.0
  0
LINE
  5
74B
330
1F
100
AcDbEntity
  8
0
  6
Continuous
 62
     7
370
    15
100
AcDbLine
 10
-47.9579225815
 20
62.9768987342
 30
0.0
 11
-47.9579225815
 21
60.1287974684
 31
0.0
  0
LINE
  5
74C
330
1F
100
AcDbEntity
  8
0
  6
Continuous
 62
     7
370
    15
100
AcDbLine
 10
-41.6920997966
 20
62.9768987342
 30
0.0
 11
-47.9579225815
 21
62.9768987342
 31
0.0
  0
LINE
  5
74D
330
1F
100
AcDbEntity
  8
0
  6
Continuous
 62
     7
370
    15
100
AcDbLine
 10
-41.6920997966
 20
65.825
 30
0.0
 11
-41.6920997966
 21
62.9768987342
 31
0.0
  0
LINE
  5
74E
330
1F
100
AcDbEntity
  8
0
  6
Continuous
 62
     7
370
    15
100
AcDbLine
 10
-88.3520997966
 20
53.6731012658
 30
0.0
 11
-88.3520997966
 21
50.825
 31
0.0
  0
LINE
  5
74F
330
1F
100
AcDbEntity
  8
0
  6
Continuous
 62
     7
370
    15
100
AcDbLine
 10
-94.6179225815
 20
53.6731012658
 30
0.0
 11
-88.3520997966
 21
53.6731012658
 31
0.0
  0
LINE
  5
750
330
1F
100
AcDbEntity
  8
0
  6
Continuous
 62
     7
370
    15
100
AcDbLine
 10
-94.6179225815
 20
57.4705696203
 30
0.0
 11
-94.6179225815
 21
53.6731012658
 31
0.0
  0
LINE
  5
751
330
1F
100
AcDbEntity
  8
0
  6
Continuous
 62
     7
370
    15
100
AcDbLine
 10
-88.9217200498
 20
57.4705696203
 30
0.0
 11
-94.6179225815
 21
57.4705696203
 31
0.0
  0
LINE
  5
752
330
1F
100
AcDbEntity
  8
0
  6
Continuous
 62
     7
370
    15
100
AcDbLine
 10
-88.9217200498
 20
60.3186708861
 30
0.0
 11
-88.9217200498
 21
57.4705696203
 31
0.0
  0
LINE
  5
753
330
1F
100
AcDbEntity
  8
0
  6
Continuous
 62
     7
370
    15
100
AcDbLine
 10
-94.6179225815
 20
60.3186708861
 30
0.0
 11
-88.9217200498
 21
60.3186708861
 31
0.0
  0
LINE
  5
754
330
1F
100
AcDbEntity
  8
0
  6
Continuous
 62
     7
370
    15
100
AcDbLine
 10
-94.6179225815
 20
62.9768987342
 30
0.0
 11
-94.6179225815
 21
60.3186708861
 31
0.0
  0
LINE
  5
755
330
1F
100
AcDbEntity
  8
0
  6
Continuous
 62
     7
370
    15
100
AcDbLine
 10
-88.3520997966
 20
62.9768987342
 30
0.0
 11
-94.6179225815
 21
62.9768987342
 31
0.0
  0
LINE
  5
756
330
1F
100
AcDbEntity
  8
0
  6
Continuous
 62
     7
370
    15
100
AcDbLine
 10
-88.3520997966
 20
65.825
 30
0.0
 11
-88.3520997966
 21
62.9768987342
 31
0.0
  0
LINE
  5
757
330
1F
100
AcDbEntity
  8
0
  6
Continuous
 62
     7
370
    15
100
AcDbLine
 10
-98.4153909359
 20
65.825
 30
0.0
 11
-88.3520997966
 21
65.825
 31
0.0
  0
LINE
  5
758
330
1F
100
AcDbEntity
  8
0
  6
Continuous
 62
     7
370
    15
100
AcDbLine
 10
-98.4153909359
 20
50.825
 30
0.0
 11
-98.4153909359
 21
65.825
 31
0.0
  0
LINE
  5
759
330
1F
100
AcDbEntity
  8
0
  6
Continuous
 62
     7
370
    15
100
AcDbLine
 10
-88.3520997966
 20
50.825
 30
0.0
 11
-98.4153909359
 21
50.825
 31
0.0
  0
LINE
  5
75A
330
1F
100
AcDbEntity
  8
0
  6
Continuous
 62
     7
370
    15
100
AcDbLine
 10
122.1563291139
 20
85.1676582278
 30
0.0
 11
121.8240506329
 21
85.1676582278
 31
0.0
  0
LINE
  5
75B
330
1F
100
AcDbEntity
  8
0
  6
Continuous
 62
     7
370
    15
100
AcDbLine
 10
122.1563291139
 20
88.5408781646
 30
0.0
 11
122.1563291139
 21
85.1676582278
 31
0.0
  0
LINE
  5
75C
330
1F
100
AcDbEntity
  8
0
  6
Continuous
 62
     7
370
    15
100
AcDbLine
 10
110.9537974684
 20
78.5220886076
 30
0.0
 11
111.2920094937
 21
78.5220886076
 31
0.0
  0
LINE
  5
75D
330
1F
100
AcDbEntity
  8
0
  6
Continuous
 62
     7
370
    15
100
AcDbLine
 10
110.9537974684
 20
74.9382278481
 30
0.0
 11
110.9537974684
 21
78.5220886076
 31
0.0
  0
LINE
  5
75E
330
1F
100
AcDbEntity
  8
0
  6
Continuous
 62
     7
370
    15
100
AcDbLine
 10
25.2287341772
 20
86.3068987342
 30
0.0
 11
25.2287341772
 21
74.155
 31
0.0
  0
LINE
  5
75F
330
1F
100
AcDbEntity
  8
0
  6
Continuous
 62
     7
370
    15
100
AcDbLine
 10
29.5958227848
 20
86.3068987342
 30
0.0
 11
25.2287341772
 21
86.3068987342
 31
0.0
  0
LINE
  5
760
330
1F
100
AcDbEntity
  8
0
  6
Continuous
 62
     7
370
    15
100
AcDbLine
 10
29.5958227848
 20
89.155
 30
0.0
 11
29.5958227848
 21
86.3068987342
 31
0.0
  0
LINE
  5
761
330
1F
100
AcDbEntity
  8
0
  6
Continuous
 62
     7
370
    15
100
AcDbLine
 10
17.0641772152
 20
89.155
 30
0.0
 11
29.5958227848
 21
89.155
 31
0.0
  0
LINE
  5
762
330
1F
100
AcDbEntity
  8
0
  6
Continuous
 62
     7
370
    15
100
AcDbLine
 10
17.0641772152
 20
86.3068987342
 30
0.0
 11
17.0641772152
 21
89.155
 31
0.0
  0
LINE
  5
763
330
1F
100
AcDbEntity
  8
0
  6
Continuous
 62
     7
370
    15
100
AcDbLine
 10
21.4312658228
 20
86.3068987342
 30
0.0
 11
17.0641772152
 21
86.3068987342
 31
0.0
  0
LINE
  5
764
330
1F
100
AcDbEntity
  8
0
  6
Continuous
 62
     7
370
    15
100
AcDbLine
 10
21.4312658228
 20
74.155
 30
0.0
 11
21.4312658228
 21
86.3068987342
 31
0.0
  0
LINE
  5
765
330
1F
100
AcDbEntity
  8
0
  6
Continuous
 62
     7
370
    15
100
AcDbLine
 10
25.2287341772
 20
74.155
 30
0.0
 11
21.4312658228
 21
74.155
 31
0.0
  0
LINE
  5
766
330
1F
100
AcDbEntity
  8
0
  6
Continuous
 62
     7
370
    15
100
AcDbLine
 10
-29.8908324919
 20
89.155
 30
0.0
 11
-23.9038862894
 21
89.155
 31
0.0
  0
LINE
  5
767
330
1F
100
AcDbEntity
  8
0
  6
Continuous
 62
     7
370
    15
100
AcDbLine
 10
-29.8908324919
 20
86.4967721519
 30
0.0
 11
-29.8908324919
 21
89.155
 31
0.0
  0
LINE
  5
768
330
1F
100
AcDbEntity
  8
0
  6
Continuous
 62
     7
370
    15
100
AcDbLine
 10
-24.8562201501
 20
86.4967721519
 30
0.0
 11
-29.8908324919
 21
86.4967721519
 31
0.0
  0
LINE
  5
769
330
1F
100
AcDbEntity
  8
0
  6
Continuous
 62
     7
370
    15
100
AcDbLine
 10
-29.8908324919
 20
82.319556962
 30
0.0
 11
-25.0342264792
 21
82.319556962
 31
0.0
  0
LINE
  5
76A
330
1F
100
AcDbEntity
  8
0
  6
Continuous
 62
     7
370
    15
100
AcDbLine
 10
-29.8908324919
 20
74.155
 30
0.0
 11
-29.8908324919
 21
82.319556962
 31
0.0
  0
LINE
  5
76B
330
1F
100
AcDbEntity
  8
0
  6
Continuous
 62
     7
370
    15
100
AcDbLine
 10
-26.0933641375
 20
74.155
 30
0.0
 11
-29.8908324919
 21
74.155
 31
0.0
  0
LINE
  5
76C
330
1F
100
AcDbEntity
  8
0
  6
Continuous
 62
     7
370
    15
100
AcDbLine
 10
-26.0933641375
 20
79.6613291139
 30
0.0
 11
-26.0933641375
 21
74.155
 31
0.0
  0
LINE
  5
76D
330
1F
100
AcDbEntity
  8
0
  6
Continuous
 62
     7
370
    15
100
AcDbLine
 10
-24.9185223653
 20
79.6613291139
 30
0.0
 11
-26.0933641375
 21
79.6613291139
 31
0.0
  0
LINE
  5
76E
330
1F
100
AcDbEntity
  8
0
  6
Continuous
 62
     7
370
    15
100
AcDbLine
 10
-20.7976758463
 20
74.155
 30
0.0
 11
-24.9185223653
 21
79.6613291139
 31
0.0
  0
LINE
  5
76F
330
1F
100
AcDbEntity
  8
0
  6
Continuous
 62
     7
370
    15
100
AcDbLine
 10
-16.2199464159
 20
74.155
 30
0.0
 11
-20.7976758463
 21
74.155
 31
0.0
  0
LINE
  5
770
330
1F
100
AcDbEntity
  8
0
  6
Continuous
 62
     7
370
    15
100
AcDbLine
 10
-17.9823529612
 20
108.4976582278
 30
0.0
 11
-18.3146314422
 21
108.4976582278
 31
0.0
  0
LINE
  5
771
330
1F
100
AcDbEntity
  8
0
  6
Continuous
 62
     7
370
    15
100
AcDbLine
 10
-17.9823529612
 20
111.8708781646
 30
0.0
 11
-17.9823529612
 21
108.4976582278
 31
0.0
  0
LINE
  5
772
330
1F
100
AcDbEntity
  8
0
  6
Continuous
 62
     7
370
    15
100
AcDbLine
 10
-29.1848846068
 20
101.8520886076
 30
0.0
 11
-28.8466725815
 21
101.8520886076
 31
0.0
  0
LINE
  5
773
330
1F
100
AcDbEntity
  8
0
  6
Continuous
 62
     7
370
    15
100
AcDbLine
 10
-29.1848846068
 20
98.2682278481
 30
0.0
 11
-29.1848846068
 21
101.8520886076
 31
0.0
  0
LINE
  5
774
330
1F
100
AcDbEntity
  8
0
  6
Continuous
 62
     7
370
    15
100
AcDbLine
 10
19.9041484772
 20
112.485
 30
0.0
 11
27.1193383506
 21
112.485
 31
0.0
  0
LINE
  5
775
330
1F
100
AcDbEntity
  8
0
  6
Continuous
 62
     7
370
    15
100
AcDbLine
 10
19.9041484772
 20
109.8267721519
 30
0.0
 11
19.9041484772
 21
112.485
 31
0.0
  0
LINE
  5
776
330
1F
100
AcDbEntity
  8
0
  6
Continuous
 62
     7
370
    15
100
AcDbLine
 10
23.3218699962
 20
109.8267721519
 30
0.0
 11
19.9041484772
 21
109.8267721519
 31
0.0
  0
LINE
  5
777
330
1F
100
AcDbEntity
  8
0
  6
Continuous
 62
     7
370
    15
100
AcDbLine
 10
23.3218699962
 20
103.6855537975
 30
0.0
 11
23.3218699962
 21
109.8267721519
 31
0.0
  0
LINE
  5
778
330
1F
100
AcDbEntity
  8
0
  6
Continuous
 62
     7
370
    15
100
AcDbLine
 10
18.1952877177
 20
100.5229746835
 30
0.0
 11
18.5364665152
 21
100.5229746835
 31
0.0
  0
LINE
  5
779
330
1F
100
AcDbEntity
  8
0
  6
Continuous
 62
     7
370
    15
100
AcDbLine
 10
18.1952877177
 20
97.4048971519
 30
0.0
 11
18.1952877177
 21
100.5229746835
 31
0.0
  0
LINE
  5
77A
330
1F
100
AcDbEntity
  8
0
  6
Continuous
 62
     7
370
    15
100
AcDbLine
 10
27.1193383506
 20
112.485
 30
0.0
 11
27.1193383506
 21
101.7838528481
 31
0.0
  0
LINE
  5
77B
330
1F
100
AcDbEntity
  8
0
  6
Continuous
 62
     7
370
    15
100
AcDbLine
 10
74.9579002034
 20
100.3331012658
 30
0.0
 11
74.9579002034
 21
97.485
 31
0.0
  0
LINE
  5
77C
330
1F
100
AcDbEntity
  8
0
  6
Continuous
 62
     7
370
    15
100
AcDbLine
 10
68.6920774185
 20
100.3331012658
 30
0.0
 11
74.9579002034
 21
100.3331012658
 31
0.0
  0
LINE
  5
77D
330
1F
100
AcDbEntity
  8
0
  6
Continuous
 62
     7
370
    15
100
AcDbLine
 10
68.6920774185
 20
104.1305696203
 30
0.0
 11
68.6920774185
 21
100.3331012658
 31
0.0
  0
LINE
  5
77E
330
1F
100
AcDbEntity
  8
0
  6
Continuous
 62
     7
370
    15
100
AcDbLine
 10
74.3882799502
 20
104.1305696203
 30
0.0
 11
68.6920774185
 21
104.1305696203
 31
0.0
  0
LINE
  5
77F
330
1F
100
AcDbEntity
  8
0
  6
Continuous
 62
     7
370
    15
100
AcDbLine
 10
74.3882799502
 20
106.9786708861
 30
0.0
 11
74.3882799502
 21
104.1305696203
 31
0.0
  0
LINE
  5
780
330
1F
100
AcDbEntity
  8
0
  6
Continuous
 62
     7
370
    15
100
AcDbLine
 10
68.6920774185
 20
106.9786708861
 30
0.0
 11
74.3882799502
 21
106.9786708861
 31
0.0
  0
LINE
  5
781
330
1F
100
AcDbEntity
  8
0
  6
Continuous
 62
     7
370
    15
100
AcDbLine
 10
68.6920774185
 20
109.6368987342
 30
0.0
 11
68.6920774185
 21
106.9786708861
 31
0.0
  0
LINE
  5
782
330
1F
100
AcDbEntity
  8
0
  6
Continuous
 62
     7
370
    15
100
AcDbLine
 10
74.9579002034
 20
109.6368987342
 30
0.0
 11
68.6920774185
 21
109.6368987342
 31
0.0
  0
LINE
  5
783
330
1F
100
AcDbEntity
  8
0
  6
Continuous
 62
     7
370
    15
100
AcDbLine
 10
74.9579002034
 20
112.485
 30
0.0
 11
74.9579002034
 21
109.6368987342
 31
0.0
  0
LINE
  5
784
330
1F
100
AcDbEntity
  8
0
  6
Continuous
 62
     7
370
    15
100
AcDbLine
 10
64.8946090641
 20
112.485
 30
0.0
 11
74.9579002034
 21
112.485
 31
0.0
  0
LINE
  5
785
330
1F
100
AcDbEntity
  8
0
  6
Continuous
 62
     7
370
    15
100
AcDbLine
 10
64.8946090641
 20
97.485
 30
0.0
 11
64.8946090641
 21
112.485
 31
0.0
  0
LINE
  5
786
330
1F
100
AcDbEntity
  8
0
  6
Continuous
 62
     7
370
    15
100
AcDbLine
 10
74.9579002034
 20
97.485
 30
0.0
 11
64.8946090641
 21
97.485
 31
0.0
  0
LINE
  5
787
330
1F
100
AcDbEntity
  8
0
  6
Continuous
 62
     7
370
    15
100
AcDbLine
 10
123.7503590526
 20
112.485
 30
0.0
 11
118.8462846855
 21
105.2015743671
 31
0.0
  0
LINE
  5
788
330
1F
100
AcDbEntity
  8
0
  6
Continuous
 62
     7
370
    15
100
AcDbLine
 10
119.6057783564
 20
112.485
 30
0.0
 11
123.7503590526
 21
112.485
 31
0.0
  0
LINE
  5
789
330
1F
100
AcDbEntity
  8
0
  6
Continuous
 62
     7
370
    15
100
AcDbLine
 10
116.7932783564
 20
107.9636392405
 30
0.0
 11
119.6057783564
 21
112.485
 31
0.0
  0
LINE
  5
78A
330
1F
100
AcDbEntity
  8
0
  6
Continuous
 62
     7
370
    15
100
AcDbLine
 10
114.0341802551
 20
112.485
 30
0.0
 11
116.7932783564
 21
107.9636392405
 31
0.0
  0
LINE
  5
78B
330
1F
100
AcDbEntity
  8
0
  6
Continuous
 62
     7
370
    15
100
AcDbLine
 10
109.6997261412
 20
112.485
 30
0.0
 11
114.0341802551
 21
112.485
 31
0.0
  0
LINE
  5
78C
330
1F
100
AcDbEntity
  8
0
  6
Continuous
 62
     7
370
    15
100
AcDbLine
 10
114.6038005083
 20
105.0532357595
 30
0.0
 11
109.6997261412
 21
112.485
 31
0.0
  0
LINE
  5
78D
330
1F
100
AcDbEntity
  8
0
  6
Continuous
 62
     7
370
    15
100
AcDbLine
 10
109.5098527235
 20
97.485
 30
0.0
 11
114.6038005083
 21
105.0532357595
 31
0.0
  0
LINE
  5
78E
330
1F
100
AcDbEntity
  8
0
  6
Continuous
 62
     7
370
    15
100
AcDbLine
 10
113.6544334197
 20
97.485
 30
0.0
 11
109.5098527235
 21
97.485
 31
0.0
  0
LINE
  5
78F
330
1F
100
AcDbEntity
  8
0
  6
Continuous
 62
     7
370
    15
100
AcDbLine
 10
116.6568068374
 20
102.2882041139
 30
0.0
 11
113.6544334197
 21
97.485
 31
0.0
  0
LINE
  5
790
330
1F
100
AcDbEntity
  8
0
  6
Continuous
 62
     7
370
    15
100
AcDbLine
 10
119.6028115842
 20
97.485
 30
0.0
 11
116.6568068374
 21
102.2882041139
 31
0.0
  0
LINE
  5
791
330
1F
100
AcDbEntity
  8
0
  6
Continuous
 62
     7
370
    15
100
AcDbLine
 10
123.9402324703
 20
97.485
 30
0.0
 11
119.6028115842
 21
97.485
 31
0.0
  0
LINE
  5
792
330
1F
100
AcDbEntity
  8
0
  6
Continuous
 62
     7
370
    15
100
AcDbLine
 10
118.8462846855
 20
105.2015743671
 30
0.0
 11
123.9402324703
 21
97.485
 31
0.0
  0
LINE
  5
793
330
1F
100
AcDbEntity
  8
0
  6
Continuous
 62
     7
370
    15
100
AcDbLine
 10
-87.0458707152
 20
89.155
 30
0.0
 11
-87.0458707152
 21
79.5426582278
 31
0.0
  0
LINE
  5
794
330
1F
100
AcDbEntity
  8
0
  6
Continuous
 62
     7
370
    15
100
AcDbLine
 10
-90.8433390696
 20
89.155
 30
0.0
 11
-87.0458707152
 21
89.155
 31
0.0
  0
LINE
  5
795
330
1F
100
AcDbEntity
  8
0
  6
Continuous
 62
     7
370
    15
100
AcDbLine
 10
-90.8433390696
 20
79.7354984177
 30
0.0
 11
-90.8433390696
 21
89.155
 31
0.0
  0
LINE
  5
796
330
1F
100
AcDbEntity
  8
0
  6
Continuous
 62
     7
370
    15
100
AcDbLine
 10
-95.7800479304
 20
89.155
 30
0.0
 11
-95.7800479304
 21
79.7354984177
 31
0.0
  0
LINE
  5
797
330
1F
100
AcDbEntity
  8
0
  6
Continuous
 62
     7
370
    15
100
AcDbLine
 10
-99.5775162848
 20
89.155
 30
0.0
 11
-95.7800479304
 21
89.155
 31
0.0
  0
LINE
  5
798
330
1F
100
AcDbEntity
  8
0
  6
Continuous
 62
     7
370
    15
100
AcDbLine
 10
-99.5775162848
 20
79.5337579114
 30
0.0
 11
-99.5775162848
 21
89.155
 31
0.0
  0
LINE
  5
799
330
1F
100
AcDbEntity
  8
0
  6
Continuous
 62
     7
370
    15
100
AcDbLine
 10
-44.7612658228
 20
86.3068987342
 30
0.0
 11
-44.7612658228
 21
74.155
 31
0.0
  0
LINE
  5
79A
330
1F
100
AcDbEntity
  8
0
  6
Continuous
 62
     7
370
    15
100
AcDbLine
 10
-40.3941772152
 20
86.3068987342
 30
0.0
 11
-44.7612658228
 21
86.3068987342
 31
0.0
  0
LINE
  5
79B
330
1F
100
AcDbEntity
  8
0
  6
Continuous
 62
     7
370
    15
100
AcDbLine
 10
-40.3941772152
 20
89.155
 30
0.0
 11
-40.3941772152
 21
86.3068987342
 31
0.0
  0
LINE
  5
79C
330
1F
100
AcDbEntity
  8
0
  6
Continuous
 62
     7
370
    15
100
AcDbLine
 10
-52.9258227848
 20
89.155
 30
0.0
 11
-40.3941772152
 21
89.155
 31
0.0
  0
LINE
  5
79D
330
1F
100
AcDbEntity
  8
0
  6
Continuous
 62
     7
370
    15
100
AcDbLine
 10
-52.9258227848
 20
86.3068987342
 30
0.0
 11
-52.9258227848
 21
89.155
 31
0.0
  0
LINE
  5
79E
330
1F
100
AcDbEntity
  8
0
  6
Continuous
 62
     7
370
    15
100
AcDbLine
 10
-48.5587341772
 20
86.3068987342
 30
0.0
 11
-52.9258227848
 21
86.3068987342
 31
0.0
  0
LINE
  5
79F
330
1F
100
AcDbEntity
  8
0
  6
Continuous
 62
     7
370
    15
100
AcDbLine
 10
-48.5587341772
 20
74.155
 30
0.0
 11
-48.5587341772
 21
86.3068987342
 31
0.0
  0
LINE
  5
7A0
330
1F
100
AcDbEntity
  8
0
  6
Continuous
 62
     7
370
    15
100
AcDbLine
 10
-44.7612658228
 20
74.155
 30
0.0
 11
-48.5587341772
 21
74.155
 31
0.0
  0
LINE
  5
7A1
330
1F
100
AcDbEntity
  8
0
  6
Continuous
 62
     7
370
    15
100
AcDbLine
 10
-16.2117302625
 20
19.165
 30
0.0
 11
-21.1158046296
 21
11.8815743671
 31
0.0
  0
LINE
  5
7A2
330
1F
100
AcDbEntity
  8
0
  6
Continuous
 62
     7
370
    15
100
AcDbLine
 10
-20.3563109587
 20
19.165
 30
0.0
 11
-16.2117302625
 21
19.165
 31
0.0
  0
LINE
  5
7A3
330
1F
100
AcDbEntity
  8
0
  6
Continuous
 62
     7
370
    15
100
AcDbLine
 10
-23.1688109587
 20
14.6436392405
 30
0.0
 11
-20.3563109587
 21
19.165
 31
0.0
  0
LINE
  5
7A4
330
1F
100
AcDbEntity
  8
0
  6
Continuous
 62
     7
370
    15
100
AcDbLine
 10
-25.92790906
 20
19.165
 30
0.0
 11
-23.1688109587
 21
14.6436392405
 31
0.0
  0
LINE
  5
7A5
330
1F
100
AcDbEntity
  8
0
  6
Continuous
 62
     7
370
    15
100
AcDbLine
 10
-30.2623631739
 20
19.165
 30
0.0
 11
-25.92790906
 21
19.165
 31
0.0
  0
LINE
  5
7A6
330
1F
100
AcDbEntity
  8
0
  6
Continuous
 62
     7
370
    15
100
AcDbLine
 10
-25.3582888068
 20
11.7332357595
 30
0.0
 11
-30.2623631739
 21
19.165
 31
0.0
  0
LINE
  5
7A7
330
1F
100
AcDbEntity
  8
0
  6
Continuous
 62
     7
370
    15
100
AcDbLine
 10
-30.4522365917
 20
4.165
 30
0.0
 11
-25.3582888068
 21
11.7332357595
 31
0.0
  0
LINE
  5
7A8
330
1F
100
AcDbEntity
  8
0
  6
Continuous
 62
     7
370
    15
100
AcDbLine
 10
-26.3076558955
 20
4.165
 30
0.0
 11
-30.4522365917
 21
4.165
 31
0.0
  0
LINE
  5
7A9
330
1F
100
AcDbEntity
  8
0
  6
Continuous
 62
     7
370
    15
100
AcDbLine
 10
-23.3052824777
 20
8.9682041139
 30
0.0
 11
-26.3076558955
 21
4.165
 31
0.0
  0
LINE
  5
7AA
330
1F
100
AcDbEntity
  8
0
  6
Continuous
 62
     7
370
    15
100
AcDbLine
 10
-20.3592777309
 20
4.165
 30
0.0
 11
-23.3052824777
 21
8.9682041139
 31
0.0
  0
LINE
  5
7AB
330
1F
100
AcDbEntity
  8
0
  6
Continuous
 62
     7
370
    15
100
AcDbLine
 10
-16.0218568448
 20
4.165
 30
0.0
 11
-20.3592777309
 21
4.165
 31
0.0
  0
LINE
  5
7AC
330
1F
100
AcDbEntity
  8
0
  6
Continuous
 62
     7
370
    15
100
AcDbLine
 10
-21.1158046296
 20
11.8815743671
 30
0.0
 11
-16.0218568448
 21
4.165
 31
0.0
  0
LINE
  5
7AD
330
1F
100
AcDbEntity
  8
0
  6
Continuous
 62
     7
370
    15
100
AcDbLine
 10
-75.0853909359
 20
19.165
 30
0.0
 11
-70.4690934675
 21
19.165
 31
0.0
  0
LINE
  5
7AE
330
1F
100
AcDbEntity
  8
0
  6
Continuous
 62
     7
370
    15
100
AcDbLine
 10
-75.0853909359
 20
8.5131012658
 30
0.0
 11
-75.0853909359
 21
19.165
 31
0.0
  0
LINE
  5
7AF
330
1F
100
AcDbEntity
  8
0
  6
Continuous
 62
     7
370
    15
100
AcDbLine
 10
-71.2879225815
 20
8.5131012658
 30
0.0
 11
-75.0853909359
 21
8.5131012658
 31
0.0
  0
LINE
  5
7B0
330
1F
100
AcDbEntity
  8
0
  6
Continuous
 62
     7
370
    15
100
AcDbLine
 10
-71.2879225815
 20
16.3168987342
 30
0.0
 11
-71.2879225815
 21
8.5131012658
 31
0.0
  0
LINE
  5
7B1
330
1F
100
AcDbEntity
  8
0
  6
Continuous
 62
     7
370
    15
100
AcDbLine
 10
-71.219686822
 20
16.3168987342
 30
0.0
 11
-71.2879225815
 21
16.3168987342
 31
0.0
  0
LINE
  5
7B2
330
1F
100
AcDbEntity
  8
0
  6
Continuous
 62
     7
370
    15
100
AcDbLine
 10
-75.0853909359
 20
7.0131012658
 30
0.0
 11
-71.219686822
 21
7.0131012658
 31
0.0
  0
LINE
  5
7B3
330
1F
100
AcDbEntity
  8
0
  6
Continuous
 62
     7
370
    15
100
AcDbLine
 10
-75.0853909359
 20
4.165
 30
0.0
 11
-75.0853909359
 21
7.0131012658
 31
0.0
  0
LINE
  5
7B4
330
1F
100
AcDbEntity
  8
0
  6
Continuous
 62
     7
370
    15
100
AcDbLine
 10
-70.4275586574
 20
4.165
 30
0.0
 11
-75.0853909359
 21
4.165
 31
0.0
  0
LINE
  5
7B5
330
1F
100
AcDbEntity
  8
0
  6
Continuous
 62
     7
370
    15
100
AcDbLine
 10
-113.4626944887
 20
19.165
 30
0.0
 11
-109.0896723368
 21
19.165
 31
0.0
  0
LINE
  5
7B6
330
1F
100
AcDbEntity
  8
0
  6
Continuous
 62
     7
370
    15
100
AcDbLine
 10
-116.6757087293
 20
11.8133386076
 30
0.0
 11
-113.4626944887
 21
19.165
 31
0.0
  0
LINE
  5
7B7
330
1F
100
AcDbEntity
  8
0
  6
Continuous
 62
     7
370
    15
100
AcDbLine
 10
-119.9005900584
 20
19.165
 30
0.0
 11
-116.6757087293
 21
11.8133386076
 31
0.0
  0
LINE
  5
7B8
330
1F
100
AcDbEntity
  8
0
  6
Continuous
 62
     7
370
    15
100
AcDbLine
 10
-124.2795457546
 20
19.165
 30
0.0
 11
-119.9005900584
 21
19.165
 31
0.0
  0
LINE
  5
7B9
330
1F
100
AcDbEntity
  8
0
  6
Continuous
 62
     7
370
    15
100
AcDbLine
 10
-124.2795457546
 20
4.165
 30
0.0
 11
-124.2795457546
 21
19.165
 31
0.0
  0
LINE
  5
7BA
330
1F
100
AcDbEntity
  8
0
  6
Continuous
 62
     7
370
    15
100
AcDbLine
 10
-120.6719508179
 20
4.165
 30
0.0
 11
-124.2795457546
 21
4.165
 31
0.0
  0
LINE
  5
7BB
330
1F
100
AcDbEntity
  8
0
  6
Continuous
 62
     7
370
    15
100
AcDbLine
 10
-120.6719508179
 20
14.145221519
 30
0.0
 11
-120.6719508179
 21
4.165
 31
0.0
  0
LINE
  5
7BC
330
1F
100
AcDbEntity
  8
0
  6
Continuous
 62
     7
370
    15
100
AcDbLine
 10
-118.0255900584
 20
7.7725949367
 30
0.0
 11
-120.6719508179
 21
14.145221519
 31
0.0
  0
LINE
  5
7BD
330
1F
100
AcDbEntity
  8
0
  6
Continuous
 62
     7
370
    15
100
AcDbLine
 10
-115.5335014508
 20
7.7725949367
 30
0.0
 11
-118.0255900584
 21
7.7725949367
 31
0.0
  0
LINE
  5
7BE
330
1F
100
AcDbEntity
  8
0
  6
Continuous
 62
     7
370
    15
100
AcDbLine
 10
-112.8871406913
 20
14.145221519
 30
0.0
 11
-115.5335014508
 21
7.7725949367
 31
0.0
  0
LINE
  5
7BF
330
1F
100
AcDbEntity
  8
0
  6
Continuous
 62
     7
370
    15
100
AcDbLine
 10
-112.8871406913
 20
4.165
 30
0.0
 11
-112.8871406913
 21
14.145221519
 31
0.0
  0
LINE
  5
7C0
330
1F
100
AcDbEntity
  8
0
  6
Continuous
 62
     7
370
    15
100
AcDbLine
 10
-109.0896723368
 20
4.165
 30
0.0
 11
-112.8871406913
 21
4.165
 31
0.0
  0
LINE
  5
7C1
330
1F
100
AcDbEntity
  8
0
  6
Continuous
 62
     7
370
    15
100
AcDbLine
 10
-109.0896723368
 20
19.165
 30
0.0
 11
-109.0896723368
 21
4.165
 31
0.0
  0
LINE
  5
7C2
330
1F
100
AcDbEntity
  8
0
  6
Continuous
 62
     7
370
    15
100
AcDbLine
 10
118.5487341772
 20
16.3168987342
 30
0.0
 11
118.5487341772
 21
4.165
 31
0.0
  0
LINE
  5
7C3
330
1F
100
AcDbEntity
  8
0
  6
Continuous
 62
     7
370
    15
100
AcDbLine
 10
122.9158227848
 20
16.3168987342
 30
0.0
 11
118.5487341772
 21
16.3168987342
 31
0.0
  0
LINE
  5
7C4
330
1F
100
AcDbEntity
  8
0
  6
Continuous
 62
     7
370
    15
100
AcDbLine
 10
122.9158227848
 20
19.165
 30
0.0
 11
122.9158227848
 21
16.3168987342
 31
0.0
  0
LINE
  5
7C5
330
1F
100
AcDbEntity
  8
0
  6
Continuous
 62
     7
370
    15
100
AcDbLine
 10
110.3841772152
 20
19.165
 30
0.0
 11
122.9158227848
 21
19.165
 31
0.0
  0
LINE
  5
7C6
330
1F
100
AcDbEntity
  8
0
  6
Continuous
 62
     7
370
    15
100
AcDbLine
 10
110.3841772152
 20
16.3168987342
 30
0.0
 11
110.3841772152
 21
19.165
 31
0.0
  0
LINE
  5
7C7
330
1F
100
AcDbEntity
  8
0
  6
Continuous
 62
     7
370
    15
100
AcDbLine
 10
114.7512658228
 20
16.3168987342
 30
0.0
 11
110.3841772152
 21
16.3168987342
 31
0.0
  0
LINE
  5
7C8
330
1F
100
AcDbEntity
  8
0
  6
Continuous
 62
     7
370
    15
100
AcDbLine
 10
114.7512658228
 20
4.165
 30
0.0
 11
114.7512658228
 21
16.3168987342
 31
0.0
  0
LINE
  5
7C9
330
1F
100
AcDbEntity
  8
0
  6
Continuous
 62
     7
370
    15
100
AcDbLine
 10
118.5487341772
 20
4.165
 30
0.0
 11
114.7512658228
 21
4.165
 31
0.0
  0
LINE
  5
7CA
330
1F
100
AcDbEntity
  8
0
  6
Continuous
 62
     7
370
    15
100
AcDbLine
 10
-90.3928561301
 20
-4.165
 30
0.0
 11
-86.9751346111
 21
-4.165
 31
0.0
  0
LINE
  5
7CB
330
1F
100
AcDbEntity
  8
0
  6
Continuous
 62
     7
370
    15
100
AcDbLine
 10
-90.3928561301
 20
-12.7567721519
 30
0.0
 11
-90.3928561301
 21
-4.165
 31
0.0
  0
LINE
  5
7CC
330
1F
100
AcDbEntity
  8
0
  6
Continuous
 62
     7
370
    15
100
AcDbLine
 10
-95.115957396
 20
-4.165
 30
0.0
 11
-90.3928561301
 21
-12.7567721519
 31
0.0
  0
LINE
  5
7CD
330
1F
100
AcDbEntity
  8
0
  6
Continuous
 62
     7
370
    15
100
AcDbLine
 10
-99.6966535985
 20
-4.165
 30
0.0
 11
-95.115957396
 21
-4.165
 31
0.0
  0
LINE
  5
7CE
330
1F
100
AcDbEntity
  8
0
  6
Continuous
 62
     7
370
    15
100
AcDbLine
 10
-99.6966535985
 20
-19.165
 30
0.0
 11
-99.6966535985
 21
-4.165
 31
0.0
  0
LINE
  5
7CF
330
1F
100
AcDbEntity
  8
0
  6
Continuous
 62
     7
370
    15
100
AcDbLine
 10
-96.2789320795
 20
-19.165
 30
0.0
 11
-99.6966535985
 21
-19.165
 31
0.0
  0
LINE
  5
7D0
330
1F
100
AcDbEntity
  8
0
  6
Continuous
 62
     7
370
    15
100
AcDbLine
 10
-96.2789320795
 20
-8.7071281646
 30
0.0
 11
-96.2789320795
 21
-19.165
 31
0.0
  0
LINE
  5
7D1
330
1F
100
AcDbEntity
  8
0
  6
Continuous
 62
     7
370
    15
100
AcDbLine
 10
-90.5708624592
 20
-19.165
 30
0.0
 11
-96.2789320795
 21
-8.7071281646
 31
0.0
  0
LINE
  5
7D2
330
1F
100
AcDbEntity
  8
0
  6
Continuous
 62
     7
370
    15
100
AcDbLine
 10
-86.9751346111
 20
-19.165
 30
0.0
 11
-90.5708624592
 21
-19.165
 31
0.0
  0
LINE
  5
7D3
330
1F
100
AcDbEntity
  8
0
  6
Continuous
 62
     7
370
    15
100
AcDbLine
 10
-86.9751346111
 20
-4.165
 30
0.0
 11
-86.9751346111
 21
-19.165
 31
0.0
  0
LINE
  5
7D4
330
1F
100
AcDbEntity
  8
0
  6
Continuous
 62
     7
370
    15
100
AcDbLine
 10
95.2187341772
 20
6.8232278481
 30
0.0
 11
97.3073417722
 21
6.8232278481
 31
0.0
  0
LINE
  5
7D5
330
1F
100
AcDbEntity
  8
0
  6
Continuous
 62
     7
370
    15
100
AcDbLine
 10
95.2187341772
 20
16.5067721519
 30
0.0
 11
95.2187341772
 21
6.8232278481
 31
0.0
  0
LINE
  5
7D6
330
1F
100
AcDbEntity
  8
0
  6
Continuous
 62
     7
370
    15
100
AcDbLine
 10
97.3073417722
 20
16.5067721519
 30
0.0
 11
95.2187341772
 21
16.5067721519
 31
0.0
  0
LINE
  5
7D7
330
1F
100
AcDbEntity
  8
0
  6
Continuous
 62
     7
370
    15
100
AcDbLine
 10
97.3073417722
 20
19.165
 30
0.0
 11
97.3073417722
 21
16.5067721519
 31
0.0
  0
LINE
  5
7D8
330
1F
100
AcDbEntity
  8
0
  6
Continuous
 62
     7
370
    15
100
AcDbLine
 10
89.3326582278
 20
19.165
 30
0.0
 11
97.3073417722
 21
19.165
 31
0.0
  0
LINE
  5
7D9
330
1F
100
AcDbEntity
  8
0
  6
Continuous
 62
     7
370
    15
100
AcDbLine
 10
89.3326582278
 20
16.5067721519
 30
0.0
 11
89.3326582278
 21
19.165
 31
0.0
  0
LINE
  5
7DA
330
1F
100
AcDbEntity
  8
0
  6
Continuous
 62
     7
370
    15
100
AcDbLine
 10
91.4212658228
 20
16.5067721519
 30
0.0
 11
89.3326582278
 21
16.5067721519
 31
0.0
  0
LINE
  5
7DB
330
1F
100
AcDbEntity
  8
0
  6
Continuous
 62
     7
370
    15
100
AcDbLine
 10
91.4212658228
 20
6.8232278481
 30
0.0
 11
91.4212658228
 21
16.5067721519
 31
0.0
  0
LINE
  5
7DC
330
1F
100
AcDbEntity
  8
0
  6
Continuous
 62
     7
370
    15
100
AcDbLine
 10
89.3326582278
 20
6.8232278481
 30
0.0
 11
91.4212658228
 21
6.8232278481
 31
0.0
  0
LINE
  5
7DD
330
1F
100
AcDbEntity
  8
0
  6
Continuous
 62
     7
370
    15
100
AcDbLine
 10
89.3326582278
 20
4.165
 30
0.0
 11
89.3326582278
 21
6.8232278481
 31
0.0
  0
LINE
  5
7DE
330
1F
100
AcDbEntity
  8
0
  6
Continuous
 62
     7
370
    15
100
AcDbLine
 10
97.3073417722
 20
4.165
 30
0.0
 11
89.3326582278
 21
4.165
 31
0.0
  0
LINE
  5
7DF
330
1F
100
AcDbEntity
  8
0
  6
Continuous
 62
     7
370
    15
100
AcDbLine
 10
97.3073417722
 20
6.8232278481
 30
0.0
 11
97.3073417722
 21
4.165
 31
0.0
  0
LINE
  5
7E0
330
1F
100
AcDbEntity
  8
0
  6
Continuous
 62
     7
370
    15
100
AcDbLine
 10
49.5635428818
 20
19.165
 30
0.0
 11
52.9812644008
 21
19.165
 31
0.0
  0
LINE
  5
7E1
330
1F
100
AcDbEntity
  8
0
  6
Continuous
 62
     7
370
    15
100
AcDbLine
 10
49.5635428818
 20
10.5732278481
 30
0.0
 11
49.5635428818
 21
19.165
 31
0.0
  0
LINE
  5
7E2
330
1F
100
AcDbEntity
  8
0
  6
Continuous
 62
     7
370
    15
100
AcDbLine
 10
44.840441616
 20
19.165
 30
0.0
 11
49.5635428818
 21
10.5732278481
 31
0.0
  0
LINE
  5
7E3
330
1F
100
AcDbEntity
  8
0
  6
Continuous
 62
     7
370
    15
100
AcDbLine
 10
40.2597454135
 20
19.165
 30
0.0
 11
44.840441616
 21
19.165
 31
0.0
  0
LINE
  5
7E4
330
1F
100
AcDbEntity
  8
0
  6
Continuous
 62
     7
370
    15
100
AcDbLine
 10
40.2597454135
 20
4.165
 30
0.0
 11
40.2597454135
 21
19.165
 31
0.0
  0
LINE
  5
7E5
330
1F
100
AcDbEntity
  8
0
  6
Continuous
 62
     7
370
    15
100
AcDbLine
 10
43.6774669325
 20
4.165
 30
0.0
 11
40.2597454135
 21
4.165
 31
0.0
  0
LINE
  5
7E6
330
1F
100
AcDbEntity
  8
0
  6
Continuous
 62
     7
370
    15
100
AcDbLine
 10
43.6774669325
 20
14.6228718354
 30
0.0
 11
43.6774669325
 21
4.165
 31
0.0
  0
LINE
  5
7E7
330
1F
100
AcDbEntity
  8
0
  6
Continuous
 62
     7
370
    15
100
AcDbLine
 10
49.3855365527
 20
4.165
 30
0.0
 11
43.6774669325
 21
14.6228718354
 31
0.0
  0
LINE
  5
7E8
330
1F
100
AcDbEntity
  8
0
  6
Continuous
 62
     7
370
    15
100
AcDbLine
 10
52.9812644008
 20
4.165
 30
0.0
 11
49.3855365527
 21
4.165
 31
0.0
  0
LINE
  5
7E9
330
1F
100
AcDbEntity
  8
0
  6
Continuous
 62
     7
370
    15
100
AcDbLine
 10
52.9812644008
 20
19.165
 30
0.0
 11
52.9812644008
 21
4.165
 31
0.0
  0
LINE
  5
7EA
330
1F
100
AcDbEntity
  8
0
  6
Continuous
 62
     7
370
    15
100
AcDbLine
 10
118.5487341772
 20
62.9768987342
 30
0.0
 11
118.5487341772
 21
50.825
 31
0.0
  0
LINE
  5
7EB
330
1F
100
AcDbEntity
  8
0
  6
Continuous
 62
     7
370
    15
100
AcDbLine
 10
122.9158227848
 20
62.9768987342
 30
0.0
 11
118.5487341772
 21
62.9768987342
 31
0.0
  0
LINE
  5
7EC
330
1F
100
AcDbEntity
  8
0
  6
Continuous
 62
     7
370
    15
100
AcDbLine
 10
122.9158227848
 20
65.825
 30
0.0
 11
122.9158227848
 21
62.9768987342
 31
0.0
  0
LINE
  5
7ED
330
1F
100
AcDbEntity
  8
0
  6
Continuous
 62
     7
370
    15
100
AcDbLine
 10
110.3841772152
 20
65.825
 30
0.0
 11
122.9158227848
 21
65.825
 31
0.0
  0
LINE
  5
7EE
330
1F
100
AcDbEntity
  8
0
  6
Continuous
 62
     7
370
    15
100
AcDbLine
 10
110.3841772152
 20
62.9768987342
 30
0.0
 11
110.3841772152
 21
65.825
 31
0.0
  0
LINE
  5
7EF
330
1F
100
AcDbEntity
  8
0
  6
Continuous
 62
     7
370
    15
100
AcDbLine
 10
114.7512658228
 20
62.9768987342
 30
0.0
 11
110.3841772152
 21
62.9768987342
 31
0.0
  0
LINE
  5
7F0
330
1F
100
AcDbEntity
  8
0
  6
Continuous
 62
     7
370
    15
100
AcDbLine
 10
114.7512658228
 20
50.825
 30
0.0
 11
114.7512658228
 21
62.9768987342
 31
0.0
  0
LINE
  5
7F1
330
1F
100
AcDbEntity
  8
0
  6
Continuous
 62
     7
370
    15
100
AcDbLine
 10
118.5487341772
 20
50.825
 30
0.0
 11
114.7512658228
 21
50.825
 31
0.0
  0
LINE
  5
7F2
330
1F
100
AcDbEntity
  8
0
  6
Continuous
 62
     7
370
    15
100
AcDbLine
 10
-87.0458707152
 20
42.495
 30
0.0
 11
-87.0458707152
 21
32.8826582278
 31
0.0
  0
LINE
  5
7F3
330
1F
100
AcDbEntity
  8
0
  6
Continuous
 62
     7
370
    15
100
AcDbLine
 10
-90.8433390696
 20
42.495
 30
0.0
 11
-87.0458707152
 21
42.495
 31
0.0
  0
LINE
  5
7F4
330
1F
100
AcDbEntity
  8
0
  6
Continuous
 62
     7
370
    15
100
AcDbLine
 10
-90.8433390696
 20
33.0754984177
 30
0.0
 11
-90.8433390696
 21
42.495
 31
0.0
  0
LINE
  5
7F5
330
1F
100
AcDbEntity
  8
0
  6
Continuous
 62
     7
370
    15
100
AcDbLine
 10
-95.7800479304
 20
42.495
 30
0.0
 11
-95.7800479304
 21
33.0754984177
 31
0.0
  0
LINE
  5
7F6
330
1F
100
AcDbEntity
  8
0
  6
Continuous
 62
     7
370
    15
100
AcDbLine
 10
-99.5775162848
 20
42.495
 30
0.0
 11
-95.7800479304
 21
42.495
 31
0.0
  0
LINE
  5
7F7
330
1F
100
AcDbEntity
  8
0
  6
Continuous
 62
     7
370
    15
100
AcDbLine
 10
-99.5775162848
 20
32.8737579114
 30
0.0
 11
-99.5775162848
 21
42.495
 31
0.0
  0
LINE
  5
7F8
330
1F
100
AcDbEntity
  8
0
  6
Continuous
 62
     7
370
    15
100
AcDbLine
 10
88.2246090641
 20
65.825
 30
0.0
 11
94.0661834312
 21
65.825
 31
0.0
  0
LINE
  5
7F9
330
1F
100
AcDbEntity
  8
0
  6
Continuous
 62
     7
370
    15
100
AcDbLine
 10
88.2246090641
 20
62.9768987342
 30
0.0
 11
88.2246090641
 21
65.825
 31
0.0
  0
LINE
  5
7FA
330
1F
100
AcDbEntity
  8
0
  6
Continuous
 62
     7
370
    15
100
AcDbLine
 10
92.5679634945
 20
62.9768987342
 30
0.0
 11
88.2246090641
 21
62.9768987342
 31
0.0
  0
LINE
  5
7FB
330
1F
100
AcDbEntity
  8
0
  6
Continuous
 62
     7
370
    15
100
AcDbLine
 10
88.2246090641
 20
58.6098101266
 30
0.0
 11
92.2890869122
 21
58.6098101266
 31
0.0
  0
LINE
  5
7FC
330
1F
100
AcDbEntity
  8
0
  6
Continuous
 62
     7
370
    15
100
AcDbLine
 10
88.2246090641
 20
50.825
 30
0.0
 11
88.2246090641
 21
58.6098101266
 31
0.0
  0
LINE
  5
7FD
330
1F
100
AcDbEntity
  8
0
  6
Continuous
 62
     7
370
    15
100
AcDbLine
 10
92.0220774185
 20
50.825
 30
0.0
 11
88.2246090641
 21
50.825
 31
0.0
  0
LINE
  5
7FE
330
1F
100
AcDbEntity
  8
0
  6
Continuous
 62
     7
370
    15
100
AcDbLine
 10
92.0220774185
 20
55.7617088608
 30
0.0
 11
92.0220774185
 21
50.825
 31
0.0
  0
LINE
  5
7FF
330
1F
100
AcDbEntity
  8
0
  6
Continuous
 62
     7
370
    15
100
AcDbLine
 10
93.9979476717
 20
55.7617088608
 30
0.0
 11
92.0220774185
 21
55.7617088608
 31
0.0
  0
LINE
  5
800
330
1F
100
AcDbEntity
  8
0
  6
Continuous
 62
     7
370
    15
100
AcDbLine
 10
52.0076470388
 20
61.8376582278
 30
0.0
 11
51.6753685578
 21
61.8376582278
 31
0.0
  0
LINE
  5
801
330
1F
100
AcDbEntity
  8
0
  6
Continuous
 62
     7
370
    15
100
AcDbLine
 10
52.0076470388
 20
65.2108781646
 30
0.0
 11
52.0076470388
 21
61.8376582278
 31
0.0
  0
LINE
  5
802
330
1F
100
AcDbEntity
  8
0
  6
Continuous
 62
     7
370
    15
100
AcDbLine
 10
40.8051153932
 20
55.1920886076
 30
0.0
 11
41.1433274185
 21
55.1920886076
 31
0.0
  0
LINE
  5
803
330
1F
100
AcDbEntity
  8
0
  6
Continuous
 62
     7
370
    15
100
AcDbLine
 10
40.8051153932
 20
51.6082278481
 30
0.0
 11
40.8051153932
 21
55.1920886076
 31
0.0
  0
LINE
  5
804
330
1F
100
AcDbEntity
  8
0
  6
Continuous
 62
     7
370
    15
100
AcDbLine
 10
-17.8236708861
 20
38.5076582278
 30
0.0
 11
-18.1559493671
 21
38.5076582278
 31
0.0
  0
LINE
  5
805
330
1F
100
AcDbEntity
  8
0
  6
Continuous
 62
     7
370
    15
100
AcDbLine
 10
-17.8236708861
 20
41.8808781646
 30
0.0
 11
-17.8236708861
 21
38.5076582278
 31
0.0
  0
LINE
  5
806
330
1F
100
AcDbEntity
  8
0
  6
Continuous
 62
     7
370
    15
100
AcDbLine
 10
-29.0262025316
 20
31.8620886076
 30
0.0
 11
-28.6879905063
 21
31.8620886076
 31
0.0
  0
LINE
  5
807
330
1F
100
AcDbEntity
  8
0
  6
Continuous
 62
     7
370
    15
100
AcDbLine
 10
-29.0262025316
 20
28.2782278481
 30
0.0
 11
-29.0262025316
 21
31.8620886076
 31
0.0
  0
LINE
  5
808
330
1F
100
AcDbEntity
  8
0
  6
Continuous
 62
     7
370
    15
100
AcDbLine
 10
30.4243142084
 20
42.495
 30
0.0
 11
25.5202398413
 21
35.2115743671
 31
0.0
  0
LINE
  5
809
330
1F
100
AcDbEntity
  8
0
  6
Continuous
 62
     7
370
    15
100
AcDbLine
 10
26.2797335122
 20
42.495
 30
0.0
 11
30.4243142084
 21
42.495
 31
0.0
  0
LINE
  5
80A
330
1F
100
AcDbEntity
  8
0
  6
Continuous
 62
     7
370
    15
100
AcDbLine
 10
23.4672335122
 20
37.9736392405
 30
0.0
 11
26.2797335122
 21
42.495
 31
0.0
  0
LINE
  5
80B
330
1F
100
AcDbEntity
  8
0
  6
Continuous
 62
     7
370
    15
100
AcDbLine
 10
20.7081354109
 20
42.495
 30
0.0
 11
23.4672335122
 21
37.9736392405
 31
0.0
  0
LINE
  5
80C
330
1F
100
AcDbEntity
  8
0
  6
Continuous
 62
     7
370
    15
100
AcDbLine
 10
16.373681297
 20
42.495
 30
0.0
 11
20.7081354109
 21
42.495
 31
0.0
  0
LINE
  5
80D
330
1F
100
AcDbEntity
  8
0
  6
Continuous
 62
     7
370
    15
100
AcDbLine
 10
21.2777556641
 20
35.0632357595
 30
0.0
 11
16.373681297
 21
42.495
 31
0.0
  0
LINE
  5
80E
330
1F
100
AcDbEntity
  8
0
  6
Continuous
 62
     7
370
    15
100
AcDbLine
 10
16.1838078793
 20
27.495
 30
0.0
 11
21.2777556641
 21
35.0632357595
 31
0.0
  0
LINE
  5
80F
330
1F
100
AcDbEntity
  8
0
  6
Continuous
 62
     7
370
    15
100
AcDbLine
 10
20.3283885755
 20
27.495
 30
0.0
 11
16.1838078793
 21
27.495
 31
0.0
  0
LINE
  5
810
330
1F
100
AcDbEntity
  8
0
  6
Continuous
 62
     7
370
    15
100
AcDbLine
 10
23.3307619932
 20
32.2982041139
 30
0.0
 11
20.3283885755
 21
27.495
 31
0.0
  0
LINE
  5
811
330
1F
100
AcDbEntity
  8
0
  6
Continuous
 62
     7
370
    15
100
AcDbLine
 10
26.27676674
 20
27.495
 30
0.0
 11
23.3307619932
 21
32.2982041139
 31
0.0
  0
LINE
  5
812
330
1F
100
AcDbEntity
  8
0
  6
Continuous
 62
     7
370
    15
100
AcDbLine
 10
30.6141876261
 20
27.495
 30
0.0
 11
26.27676674
 21
27.495
 31
0.0
  0
LINE
  5
813
330
1F
100
AcDbEntity
  8
0
  6
Continuous
 62
     7
370
    15
100
AcDbLine
 10
25.5202398413
 20
35.2115743671
 30
0.0
 11
30.6141876261
 21
27.495
 31
0.0
  0
LINE
  5
814
330
1F
100
AcDbEntity
  8
0
  6
Continuous
 62
     7
370
    15
100
AcDbLine
 10
71.8887341772
 20
30.1532278481
 30
0.0
 11
73.9773417722
 21
30.1532278481
 31
0.0
  0
LINE
  5
815
330
1F
100
AcDbEntity
  8
0
  6
Continuous
 62
     7
370
    15
100
AcDbLine
 10
71.8887341772
 20
39.8367721519
 30
0.0
 11
71.8887341772
 21
30.1532278481
 31
0.0
  0
LINE
  5
816
330
1F
100
AcDbEntity
  8
0
  6
Continuous
 62
     7
370
    15
100
AcDbLine
 10
73.9773417722
 20
39.8367721519
 30
0.0
 11
71.8887341772
 21
39.8367721519
 31
0.0
  0
LINE
  5
817
330
1F
100
AcDbEntity
  8
0
  6
Continuous
 62
     7
370
    15
100
AcDbLine
 10
73.9773417722
 20
42.495
 30
0.0
 11
73.9773417722
 21
39.8367721519
 31
0.0
  0
LINE
  5
818
330
1F
100
AcDbEntity
  8
0
  6
Continuous
 62
     7
370
    15
100
AcDbLine
 10
66.0026582278
 20
42.495
 30
0.0
 11
73.9773417722
 21
42.495
 31
0.0
  0
LINE
  5
819
330
1F
100
AcDbEntity
  8
0
  6
Continuous
 62
     7
370
    15
100
AcDbLine
 10
66.0026582278
 20
39.8367721519
 30
0.0
 11
66.0026582278
 21
42.495
 31
0.0
  0
LINE
  5
81A
330
1F
100
AcDbEntity
  8
0
  6
Continuous
 62
     7
370
    15
100
AcDbLine
 10
68.0912658228
 20
39.8367721519
 30
0.0
 11
66.0026582278
 21
39.8367721519
 31
0.0
  0
LINE
  5
81B
330
1F
100
AcDbEntity
  8
0
  6
Continuous
 62
     7
370
    15
100
AcDbLine
 10
68.0912658228
 20
30.1532278481
 30
0.0
 11
68.0912658228
 21
39.8367721519
 31
0.0
  0
LINE
  5
81C
330
1F
100
AcDbEntity
  8
0
  6
Continuous
 62
     7
370
    15
100
AcDbLine
 10
66.0026582278
 20
30.1532278481
 30
0.0
 11
68.0912658228
 21
30.1532278481
 31
0.0
  0
LINE
  5
81D
330
1F
100
AcDbEntity
  8
0
  6
Continuous
 62
     7
370
    15
100
AcDbLine
 10
66.0026582278
 20
27.495
 30
0.0
 11
66.0026582278
 21
30.1532278481
 31
0.0
  0
LINE
  5
81E
330
1F
100
AcDbEntity
  8
0
  6
Continuous
 62
     7
370
    15
100
AcDbLine
 10
73.9773417722
 20
27.495
 30
0.0
 11
66.0026582278
 21
27.495
 31
0.0
  0
LINE
  5
81F
330
1F
100
AcDbEntity
  8
0
  6
Continuous
 62
     7
370
    15
100
AcDbLine
 10
73.9773417722
 20
30.1532278481
 30
0.0
 11
73.9773417722
 21
27.495
 31
0.0
  0
LINE
  5
820
330
1F
100
AcDbEntity
  8
0
  6
Continuous
 62
     7
370
    15
100
AcDbLine
 10
-114.7512658228
 20
100.1432278481
 30
0.0
 11
-112.6626582278
 21
100.1432278481
 31
0.0
  0
LINE
  5
821
330
1F
100
AcDbEntity
  8
0
  6
Continuous
 62
     7
370
    15
100
AcDbLine
 10
-114.7512658228
 20
109.8267721519
 30
0.0
 11
-114.7512658228
 21
100.1432278481
 31
0.0
  0
LINE
  5
822
330
1F
100
AcDbEntity
  8
0
  6
Continuous
 62
     7
370
    15
100
AcDbLine
 10
-112.6626582278
 20
109.8267721519
 30
0.0
 11
-114.7512658228
 21
109.8267721519
 31
0.0
  0
LINE
  5
823
330
1F
100
AcDbEntity
  8
0
  6
Continuous
 62
     7
370
    15
100
AcDbLine
 10
-112.6626582278
 20
112.485
 30
0.0
 11
-112.6626582278
 21
109.8267721519
 31
0.0
  0
LINE
  5
824
330
1F
100
AcDbEntity
  8
0
  6
Continuous
 62
     7
370
    15
100
AcDbLine
 10
-120.6373417722
 20
112.485
 30
0.0
 11
-112.6626582278
 21
112.485
 31
0.0
  0
LINE
  5
825
330
1F
100
AcDbEntity
  8
0
  6
Continuous
 62
     7
370
    15
100
AcDbLine
 10
-120.6373417722
 20
109.8267721519
 30
0.0
 11
-120.6373417722
 21
112.485
 31
0.0
  0
LINE
  5
826
330
1F
100
AcDbEntity
  8
0
  6
Continuous
 62
     7
370
    15
100
AcDbLine
 10
-118.5487341772
 20
109.8267721519
 30
0.0
 11
-120.6373417722
 21
109.8267721519
 31
0.0
  0
LINE
  5
827
330
1F
100
AcDbEntity
  8
0
  6
Continuous
 62
     7
370
    15
100
AcDbLine
 10
-118.5487341772
 20
100.1432278481
 30
0.0
 11
-118.5487341772
 21
109.8267721519
 31
0.0
  0
LINE
  5
828
330
1F
100
AcDbEntity
  8
0
  6
Continuous
 62
     7
370
    15
100
AcDbLine
 10
-120.6373417722
 20
100.1432278481
 30
0.0
 11
-118.5487341772
 21
100.1432278481
 31
0.0
  0
LINE
  5
829
330
1F
100
AcDbEntity
  8
0
  6
Continuous
 62
     7
370
    15
100
AcDbLine
 10
-120.6373417722
 20
97.485
 30
0.0
 11
-120.6373417722
 21
100.1432278481
 31
0.0
  0
LINE
  5
82A
330
1F
100
AcDbEntity
  8
0
  6
Continuous
 62
     7
370
    15
100
AcDbLine
 10
-112.6626582278
 20
97.485
 30
0.0
 11
-120.6373417722
 21
97.485
 31
0.0
  0
LINE
  5
82B
330
1F
100
AcDbEntity
  8
0
  6
Continuous
 62
     7
370
    15
100
AcDbLine
 10
-112.6626582278
 20
100.1432278481
 30
0.0
 11
-112.6626582278
 21
97.485
 31
0.0
  0
LINE
  5
82C
330
1F
100
AcDbEntity
  8
0
  6
Continuous
 62
     7
370
    15
100
AcDbLine
 10
-195.0
 20
-185.0
 30
0.0
 11
195.0
 21
-185.0
 31
0.0
  0
LINE
  5
82D
330
1F
100
AcDbEntity
  8
0
  6
Continuous
 62
     7
370
    15
100
AcDbLine
 10
-195.0
 20
185.0
 30
0.0
 11
-195.0
 21
-185.0
 31
0.0
  0
LINE
  5
82E
330
1F
100
AcDbEntity
  8
0
  6
Continuous
 62
     7
370
    15
100
AcDbLine
 10
195.0
 20
185.0
 30
0.0
 11
-195.0
 21
185.0
 31
0.0
  0
LINE
  5
82F
330
1F
100
AcDbEntity
  8
0
  6
Continuous
 62
     7
370
    15
100
AcDbLine
 10
195.0
 20
-185.0
 30
0.0
 11
195.0
 21
185.0
 31
0.0
  0
LINE
  5
830
330
1F
100
AcDbEntity
  8
0
  6
Continuous
 62
     7
370
    15
100
AcDbLine
 10
96.3277686663
 20
42.495
 30
0.0
 11
99.7454901853
 21
42.495
 31
0.0
  0
LINE
  5
831
330
1F
100
AcDbEntity
  8
0
  6
Continuous
 62
     7
370
    15
100
AcDbLine
 10
96.3277686663
 20
33.9032278481
 30
0.0
 11
96.3277686663
 21
42.495
 31
0.0
  0
LINE
  5
832
330
1F
100
AcDbEntity
  8
0
  6
Continuous
 62
     7
370
    15
100
AcDbLine
 10
91.6046674005
 20
42.495
 30
0.0
 11
96.3277686663
 21
33.9032278481
 31
0.0
  0
LINE
  5
833
330
1F
100
AcDbEntity
  8
0
  6
Continuous
 62
     7
370
    15
100
AcDbLine
 10
87.0239711979
 20
42.495
 30
0.0
 11
91.6046674005
 21
42.495
 31
0.0
  0
LINE
  5
834
330
1F
100
AcDbEntity
  8
0
  6
Continuous
 62
     7
370
    15
100
AcDbLine
 10
87.0239711979
 20
27.495
 30
0.0
 11
87.0239711979
 21
42.495
 31
0.0
  0
LINE
  5
835
330
1F
100
AcDbEntity
  8
0
  6
Continuous
 62
     7
370
    15
100
AcDbLine
 10
90.4416927169
 20
27.495
 30
0.0
 11
87.0239711979
 21
27.495
 31
0.0
  0
LINE
  5
836
330
1F
100
AcDbEntity
  8
0
  6
Continuous
 62
     7
370
    15
100
AcDbLine
 10
90.4416927169
 20
37.9528718354
 30
0.0
 11
90.4416927169
 21
27.495
 31
0.0
  0
LINE
  5
837
330
1F
100
AcDbEntity
  8
0
  6
Continuous
 62
     7
370
    15
100
AcDbLine
 10
96.1497623372
 20
27.495
 30
0.0
 11
90.4416927169
 21
37.9528718354
 31
0.0
  0
LINE
  5
838
330
1F
100
AcDbEntity
  8
0
  6
Continuous
 62
     7
370
    15
100
AcDbLine
 10
99.7454901853
 20
27.495
 30
0.0
 11
96.1497623372
 21
27.495
 31
0.0
  0
LINE
  5
839
330
1F
100
AcDbEntity
  8
0
  6
Continuous
 62
     7
370
    15
100
AcDbLine
 10
99.7454901853
 20
42.495
 30
0.0
 11
99.7454901853
 21
27.495
 31
0.0
  0
LINE
  5
83A
330
1F
100
AcDbEntity
  8
0
  6
Continuous
 62
     7
370
    15
100
AcDbLine
 10
51.2993428965
 20
31.8620886076
 30
0.0
 11
51.2993428965
 21
28.3850316456
 31
0.0
  0
LINE
  5
83B
330
1F
100
AcDbEntity
  8
0
  6
Continuous
 62
     7
370
    15
100
AcDbLine
 10
50.958164099
 20
31.8620886076
 30
0.0
 11
51.2993428965
 21
31.8620886076
 31
0.0
  0
LINE
  5
83C
330
1F
100
AcDbEntity
  8
0
  6
Continuous
 62
     7
370
    15
100
AcDbLine
 10
51.2993428965
 20
38.1279113924
 30
0.0
 11
50.9166292889
 21
38.1279113924
 31
0.0
  0
LINE
  5
83D
330
1F
100
AcDbEntity
  8
0
  6
Continuous
 62
     7
370
    15
100
AcDbLine
 10
51.2993428965
 20
41.6465031646
 30
0.0
 11
51.2993428965
 21
38.1279113924
 31
0.0
  0
LINE
  5
83E
330
1F
100
AcDbEntity
  8
0
  6
Continuous
 62
     7
370
    15
100
AcDbLine
 10
1.8987341772
 20
30.1532278481
 30
0.0
 11
3.9873417722
 21
30.1532278481
 31
0.0
  0
LINE
  5
83F
330
1F
100
AcDbEntity
  8
0
  6
Continuous
 62
     7
370
    15
100
AcDbLine
 10
1.8987341772
 20
39.8367721519
 30
0.0
 11
1.8987341772
 21
30.1532278481
 31
0.0
  0
LINE
  5
840
330
1F
100
AcDbEntity
  8
0
  6
Continuous
 62
     7
370
    15
100
AcDbLine
 10
3.9873417722
 20
39.8367721519
 30
0.0
 11
1.8987341772
 21
39.8367721519
 31
0.0
  0
LINE
  5
841
330
1F
100
AcDbEntity
  8
0
  6
Continuous
 62
     7
370
    15
100
AcDbLine
 10
3.9873417722
 20
42.495
 30
0.0
 11
3.9873417722
 21
39.8367721519
 31
0.0
  0
LINE
  5
842
330
1F
100
AcDbEntity
  8
0
  6
Continuous
 62
     7
370
    15
100
AcDbLine
 10
-3.9873417722
 20
42.495
 30
0.0
 11
3.9873417722
 21
42.495
 31
0.0
  0
LINE
  5
843
330
1F
100
AcDbEntity
  8
0
  6
Continuous
 62
     7
370
    15
100
AcDbLine
 10
-3.9873417722
 20
39.8367721519
 30
0.0
 11
-3.9873417722
 21
42.495
 31
0.0
  0
LINE
  5
844
330
1F
100
AcDbEntity
  8
0
  6
Continuous
 62
     7
370
    15
100
AcDbLine
 10
-1.8987341772
 20
39.8367721519
 30
0.0
 11
-3.9873417722
 21
39.8367721519
 31
0.0
  0
LINE
  5
845
330
1F
100
AcDbEntity
  8
0
  6
Continuous
 62
     7
370
    15
100
AcDbLine
 10
-1.8987341772
 20
30.1532278481
 30
0.0
 11
-1.8987341772
 21
39.8367721519
 31
0.0
  0
LINE
  5
846
330
1F
100
AcDbEntity
  8
0
  6
Continuous
 62
     7
370
    15
100
AcDbLine
 10
-3.9873417722
 20
30.1532278481
 30
0.0
 11
-1.8987341772
 21
30.1532278481
 31
0.0
  0
LINE
  5
847
330
1F
100
AcDbEntity
  8
0
  6
Continuous
 62
     7
370
    15
100
AcDbLine
 10
-3.9873417722
 20
27.495
 30
0.0
 11
-3.9873417722
 21
30.1532278481
 31
0.0
  0
LINE
  5
848
330
1F
100
AcDbEntity
  8
0
  6
Continuous
 62
     7
370
    15
100
AcDbLine
 10
3.9873417722
 20
27.495
 30
0.0
 11
-3.9873417722
 21
27.495
 31
0.0
  0
LINE
  5
849
330
1F
100
AcDbEntity
  8
0
  6
Continuous
 62
     7
370
    15
100
AcDbLine
 10
3.9873417722
 20
30.1532278481
 30
0.0
 11
3.9873417722
 21
27.495
 31
0.0
  0
LINE
  5
84A
330
1F
100
AcDbEntity
  8
0
  6
Continuous
 62
     7
370
    15
100
AcDbLine
 10
-44.7612658228
 20
39.6468987342
 30
0.0
 11
-44.7612658228
 21
27.495
 31
0.0
  0
LINE
  5
84B
330
1F
100
AcDbEntity
  8
0
  6
Continuous
 62
     7
370
    15
100
AcDbLine
 10
-40.3941772152
 20
39.6468987342
 30
0.0
 11
-44.7612658228
 21
39.6468987342
 31
0.0
  0
LINE
  5
84C
330
1F
100
AcDbEntity
  8
0
  6
Continuous
 62
     7
370
    15
100
AcDbLine
 10
-40.3941772152
 20
42.495
 30
0.0
 11
-40.3941772152
 21
39.6468987342
 31
0.0
  0
LINE
  5
84D
330
1F
100
AcDbEntity
  8
0
  6
Continuous
 62
     7
370
    15
100
AcDbLine
 10
-52.9258227848
 20
42.495
 30
0.0
 11
-40.3941772152
 21
42.495
 31
0.0
  0
LINE
  5
84E
330
1F
100
AcDbEntity
  8
0
  6
Continuous
 62
     7
370
    15
100
AcDbLine
 10
-52.9258227848
 20
39.6468987342
 30
0.0
 11
-52.9258227848
 21
42.495
 31
0.0
  0
LINE
  5
84F
330
1F
100
AcDbEntity
  8
0
  6
Continuous
 62
     7
370
    15
100
AcDbLine
 10
-48.5587341772
 20
39.6468987342
 30
0.0
 11
-52.9258227848
 21
39.6468987342
 31
0.0
  0
LINE
  5
850
330
1F
100
AcDbEntity
  8
0
  6
Continuous
 62
     7
370
    15
100
AcDbLine
 10
-48.5587341772
 20
27.495
 30
0.0
 11
-48.5587341772
 21
39.6468987342
 31
0.0
  0
LINE
  5
851
330
1F
100
AcDbEntity
  8
0
  6
Continuous
 62
     7
370
    15
100
AcDbLine
 10
-44.7612658228
 20
27.495
 30
0.0
 11
-48.5587341772
 21
27.495
 31
0.0
  0
LINE
  5
852
330
1F
100
AcDbEntity
  8
0
  6
Continuous
 62
     7
370
    15
100
AcDbLine
 10
74.9579002034
 20
53.6731012658
 30
0.0
 11
74.9579002034
 21
50.825
 31
0.0
  0
LINE
  5
853
330
1F
100
AcDbEntity
  8
0
  6
Continuous
 62
     7
370
    15
100
AcDbLine
 10
68.6920774185
 20
53.6731012658
 30
0.0
 11
74.9579002034
 21
53.6731012658
 31
0.0
  0
LINE
  5
854
330
1F
100
AcDbEntity
  8
0
  6
Continuous
 62
     7
370
    15
100
AcDbLine
 10
68.6920774185
 20
57.4705696203
 30
0.0
 11
68.6920774185
 21
53.6731012658
 31
0.0
  0
LINE
  5
855
330
1F
100
AcDbEntity
  8
0
  6
Continuous
 62
     7
370
    15
100
AcDbLine
 10
74.3882799502
 20
57.4705696203
 30
0.0
 11
68.6920774185
 21
57.4705696203
 31
0.0
  0
LINE
  5
856
330
1F
100
AcDbEntity
  8
0
  6
Continuous
 62
     7
370
    15
100
AcDbLine
 10
74.3882799502
 20
60.3186708861
 30
0.0
 11
74.3882799502
 21
57.4705696203
 31
0.0
  0
LINE
  5
857
330
1F
100
AcDbEntity
  8
0
  6
Continuous
 62
     7
370
    15
100
AcDbLine
 10
68.6920774185
 20
60.3186708861
 30
0.0
 11
74.3882799502
 21
60.3186708861
 31
0.0
  0
LINE
  5
858
330
1F
100
AcDbEntity
  8
0
  6
Continuous
 62
     7
370
    15
100
AcDbLine
 10
68.6920774185
 20
62.9768987342
 30
0.0
 11
68.6920774185
 21
60.3186708861
 31
0.0
  0
LINE
  5
859
330
1F
100
AcDbEntity
  8
0
  6
Continuous
 62
     7
370
    15
100
AcDbLine
 10
74.9579002034
 20
62.9768987342
 30
0.0
 11
68.6920774185
 21
62.9768987342
 31
0.0
  0
LINE
  5
85A
330
1F
100
AcDbEntity
  8
0
  6
Continuous
 62
     7
370
    15
100
AcDbLine
 10
74.9579002034
 20
65.825
 30
0.0
 11
74.9579002034
 21
62.9768987342
 31
0.0
  0
LINE
  5
85B
330
1F
100
AcDbEntity
  8
0
  6
Continuous
 62
     7
370
    15
100
AcDbLine
 10
64.8946090641
 20
65.825
 30
0.0
 11
74.9579002034
 21
65.825
 31
0.0
  0
LINE
  5
85C
330
1F
100
AcDbEntity
  8
0
  6
Continuous
 62
     7
370
    15
100
AcDbLine
 10
64.8946090641
 20
50.825
 30
0.0
 11
64.8946090641
 21
65.825
 31
0.0
  0
LINE
  5
85D
330
1F
100
AcDbEntity
  8
0
  6
Continuous
 62
     7
370
    15
100
AcDbLine
 10
74.9579002034
 20
50.825
 30
0.0
 11
64.8946090641
 21
50.825
 31
0.0
  0
LINE
  5
85E
330
1F
100
AcDbEntity
  8
0
  6
Continuous
 62
     7
370
    15
100
AcDbLine
 10
-68.0912658228
 20
30.1532278481
 30
0.0
 11
-66.0026582278
 21
30.1532278481
 31
0.0
  0
LINE
  5
85F
330
1F
100
AcDbEntity
  8
0
  6
Continuous
 62
     7
370
    15
100
AcDbLine
 10
-68.0912658228
 20
39.8367721519
 30
0.0
 11
-68.0912658228
 21
30.1532278481
 31
0.0
  0
LINE
  5
860
330
1F
100
AcDbEntity
  8
0
  6
Continuous
 62
     7
370
    15
100
AcDbLine
 10
-66.0026582278
 20
39.8367721519
 30
0.0
 11
-68.0912658228
 21
39.8367721519
 31
0.0
  0
LINE
  5
861
330
1F
100
AcDbEntity
  8
0
  6
Continuous
 62
     7
370
    15
100
AcDbLine
 10
-66.0026582278
 20
42.495
 30
0.0
 11
-66.0026582278
 21
39.8367721519
 31
0.0
  0
LINE
  5
862
330
1F
100
AcDbEntity
  8
0
  6
Continuous
 62
     7
370
    15
100
AcDbLine
 10
-73.9773417722
 20
42.495
 30
0.0
 11
-66.0026582278
 21
42.495
 31
0.0
  0
LINE
  5
863
330
1F
100
AcDbEntity
  8
0
  6
Continuous
 62
     7
370
    15
100
AcDbLine
 10
-73.9773417722
 20
39.8367721519
 30
0.0
 11
-73.9773417722
 21
42.495
 31
0.0
  0
LINE
  5
864
330
1F
100
AcDbEntity
  8
0
  6
Continuous
 62
     7
370
    15
100
AcDbLine
 10
-71.8887341772
 20
39.8367721519
 30
0.0
 11
-73.9773417722
 21
39.8367721519
 31
0.0
  0
LINE
  5
865
330
1F
100
AcDbEntity
  8
0
  6
Continuous
 62
     7
370
    15
100
AcDbLine
 10
-71.8887341772
 20
30.1532278481
 30
0.0
 11
-71.8887341772
 21
39.8367721519
 31
0.0
  0
LINE
  5
866
330
1F
100
AcDbEntity
  8
0
  6
Continuous
 62
     7
370
    15
100
AcDbLine
 10
-73.9773417722
 20
30.1532278481
 30
0.0
 11
-71.8887341772
 21
30.1532278481
 31
0.0
  0
LINE
  5
867
330
1F
100
AcDbEntity
  8
0
  6
Continuous
 62
     7
370
    15
100
AcDbLine
 10
-73.9773417722
 20
27.495
 30
0.0
 11
-73.9773417722
 21
30.1532278481
 31
0.0
  0
LINE
  5
868
330
1F
100
AcDbEntity
  8
0
  6
Continuous
 62
     7
370
    15
100
AcDbLine
 10
-66.0026582278
 20
27.495
 30
0.0
 11
-73.9773417722
 21
27.495
 31
0.0
  0
LINE
  5
869
330
1F
100
AcDbEntity
  8
0
  6
Continuous
 62
     7
370
    15
100
AcDbLine
 10
-66.0026582278
 20
30.1532278481
 30
0.0
 11
-66.0026582278
 21
27.495
 31
0.0
  0
LINE
  5
86A
330
1F
100
AcDbEntity
  8
0
  6
Continuous
 62
     7
370
    15
100
AcDbLine
 10
-114.0373857253
 20
42.495
 30
0.0
 11
-110.2399173709
 21
42.495
 31
0.0
  0
LINE
  5
86B
330
1F
100
AcDbEntity
  8
0
  6
Continuous
 62
     7
370
    15
100
AcDbLine
 10
-114.0373857253
 20
36.9886708861
 30
0.0
 11
-114.0373857253
 21
42.495
 31
0.0
  0
LINE
  5
86C
330
1F
100
AcDbEntity
  8
0
  6
Continuous
 62
     7
370
    15
100
AcDbLine
 10
-119.1639680038
 20
36.9886708861
 30
0.0
 11
-114.0373857253
 21
36.9886708861
 31
0.0
  0
LINE
  5
86D
330
1F
100
AcDbEntity
  8
0
  6
Continuous
 62
     7
370
    15
100
AcDbLine
 10
-119.1639680038
 20
42.495
 30
0.0
 11
-119.1639680038
 21
36.9886708861
 31
0.0
  0
LINE
  5
86E
330
1F
100
AcDbEntity
  8
0
  6
Continuous
 62
     7
370
    15
100
AcDbLine
 10
-122.9614363583
 20
42.495
 30
0.0
 11
-119.1639680038
 21
42.495
 31
0.0
  0
LINE
  5
86F
330
1F
100
AcDbEntity
  8
0
  6
Continuous
 62
     7
370
    15
100
AcDbLine
 10
-122.9614363583
 20
27.495
 30
0.0
 11
-122.9614363583
 21
42.495
 31
0.0
  0
LINE
  5
870
330
1F
100
AcDbEntity
  8
0
  6
Continuous
 62
     7
370
    15
100
AcDbLine
 10
-119.1639680038
 20
27.495
 30
0.0
 11
-122.9614363583
 21
27.495
 31
0.0
  0
LINE
  5
871
330
1F
100
AcDbEntity
  8
0
  6
Continuous
 62
     7
370
    15
100
AcDbLine
 10
-119.1639680038
 20
34.1405696203
 30
0.0
 11
-119.1639680038
 21
27.495
 31
0.0
  0
LINE
  5
872
330
1F
100
AcDbEntity
  8
0
  6
Continuous
 62
     7
370
    15
100
AcDbLine
 10
-114.0373857253
 20
34.1405696203
 30
0.0
 11
-119.1639680038
 21
34.1405696203
 31
0.0
  0
LINE
  5
873
330
1F
100
AcDbEntity
  8
0
  6
Continuous
 62
     7
370
    15
100
AcDbLine
 10
-114.0373857253
 20
27.495
 30
0.0
 11
-114.0373857253
 21
34.1405696203
 31
0.0
  0
LINE
  5
874
330
1F
100
AcDbEntity
  8
0
  6
Continuous
 62
     7
370
    15
100
AcDbLine
 10
-110.2399173709
 20
27.495
 30
0.0
 11
-114.0373857253
 21
27.495
 31
0.0
  0
LINE
  5
875
330
1F
100
AcDbEntity
  8
0
  6
Continuous
 62
     7
370
    15
100
AcDbLine
 10
-110.2399173709
 20
42.495
 30
0.0
 11
-110.2399173709
 21
27.495
 31
0.0
  0
LINE
  5
876
330
1F
100
AcDbEntity
  8
0
  6
Continuous
 62
     7
370
    15
100
AcDbLine
 10
25.2287341772
 20
6.8232278481
 30
0.0
 11
27.3173417722
 21
6.8232278481
 31
0.0
  0
LINE
  5
877
330
1F
100
AcDbEntity
  8
0
  6
Continuous
 62
     7
370
    15
100
AcDbLine
 10
25.2287341772
 20
16.5067721519
 30
0.0
 11
25.2287341772
 21
6.8232278481
 31
0.0
  0
LINE
  5
878
330
1F
100
AcDbEntity
  8
0
  6
Continuous
 62
     7
370
    15
100
AcDbLine
 10
27.3173417722
 20
16.5067721519
 30
0.0
 11
25.2287341772
 21
16.5067721519
 31
0.0
  0
LINE
  5
879
330
1F
100
AcDbEntity
  8
0
  6
Continuous
 62
     7
370
    15
100
AcDbLine
 10
27.3173417722
 20
19.165
 30
0.0
 11
27.3173417722
 21
16.5067721519
 31
0.0
  0
LINE
  5
87A
330
1F
100
AcDbEntity
  8
0
  6
Continuous
 62
     7
370
    15
100
AcDbLine
 10
19.3426582278
 20
19.165
 30
0.0
 11
27.3173417722
 21
19.165
 31
0.0
  0
LINE
  5
87B
330
1F
100
AcDbEntity
  8
0
  6
Continuous
 62
     7
370
    15
100
AcDbLine
 10
19.3426582278
 20
16.5067721519
 30
0.0
 11
19.3426582278
 21
19.165
 31
0.0
  0
LINE
  5
87C
330
1F
100
AcDbEntity
  8
0
  6
Continuous
 62
     7
370
    15
100
AcDbLine
 10
21.4312658228
 20
16.5067721519
 30
0.0
 11
19.3426582278
 21
16.5067721519
 31
0.0
  0
LINE
  5
87D
330
1F
100
AcDbEntity
  8
0
  6
Continuous
 62
     7
370
    15
100
AcDbLine
 10
21.4312658228
 20
6.8232278481
 30
0.0
 11
21.4312658228
 21
16.5067721519
 31
0.0
  0
LINE
  5
87E
330
1F
100
AcDbEntity
  8
0
  6
Continuous
 62
     7
370
    15
100
AcDbLine
 10
19.3426582278
 20
6.8232278481
 30
0.0
 11
21.4312658228
 21
6.8232278481
 31
0.0
  0
LINE
  5
87F
330
1F
100
AcDbEntity
  8
0
  6
Continuous
 62
     7
370
    15
100
AcDbLine
 10
19.3426582278
 20
4.165
 30
0.0
 11
19.3426582278
 21
6.8232278481
 31
0.0
  0
LINE
  5
880
330
1F
100
AcDbEntity
  8
0
  6
Continuous
 62
     7
370
    15
100
AcDbLine
 10
27.3173417722
 20
4.165
 30
0.0
 11
19.3426582278
 21
4.165
 31
0.0
  0
LINE
  5
881
330
1F
100
AcDbEntity
  8
0
  6
Continuous
 62
     7
370
    15
100
AcDbLine
 10
27.3173417722
 20
6.8232278481
 30
0.0
 11
27.3173417722
 21
4.165
 31
0.0
  0
LINE
  5
882
330
1F
100
AcDbEntity
  8
0
  6
Continuous
 62
     7
370
    15
100
AcDbLine
 10
76.3430740435
 20
19.165
 30
0.0
 11
76.3430740435
 21
9.5526582278
 31
0.0
  0
LINE
  5
883
330
1F
100
AcDbEntity
  8
0
  6
Continuous
 62
     7
370
    15
100
AcDbLine
 10
72.5456056891
 20
19.165
 30
0.0
 11
76.3430740435
 21
19.165
 31
0.0
  0
LINE
  5
884
330
1F
100
AcDbEntity
  8
0
  6
Continuous
 62
     7
370
    15
100
AcDbLine
 10
72.5456056891
 20
9.7454984177
 30
0.0
 11
72.5456056891
 21
19.165
 31
0.0
  0
LINE
  5
885
330
1F
100
AcDbEntity
  8
0
  6
Continuous
 62
     7
370
    15
100
AcDbLine
 10
67.6088968283
 20
19.165
 30
0.0
 11
67.6088968283
 21
9.7454984177
 31
0.0
  0
LINE
  5
886
330
1F
100
AcDbEntity
  8
0
  6
Continuous
 62
     7
370
    15
100
AcDbLine
 10
63.8114284739
 20
19.165
 30
0.0
 11
67.6088968283
 21
19.165
 31
0.0
  0
LINE
  5
887
330
1F
100
AcDbEntity
  8
0
  6
Continuous
 62
     7
370
    15
100
AcDbLine
 10
63.8114284739
 20
9.5437579114
 30
0.0
 11
63.8114284739
 21
19.165
 31
0.0
  0
LINE
  5
888
330
1F
100
AcDbEntity
  8
0
  6
Continuous
 62
     7
370
    15
100
AcDbLine
 10
-71.2301107595
 20
-16.3168987342
 30
0.0
 11
-64.0089873418
 21
-16.3168987342
 31
0.0
  0
LINE
  5
889
330
1F
100
AcDbEntity
  8
0
  6
Continuous
 62
     7
370
    15
100
AcDbLine
 10
-64.3887341772
 20
-7.0131012658
 30
0.0
 11
-71.2301107595
 21
-16.3168987342
 31
0.0
  0
LINE
  5
88A
330
1F
100
AcDbEntity
  8
0
  6
Continuous
 62
     7
370
    15
100
AcDbLine
 10
-64.3887341772
 20
-4.165
 30
0.0
 11
-64.3887341772
 21
-7.0131012658
 31
0.0
  0
LINE
  5
88B
330
1F
100
AcDbEntity
  8
0
  6
Continuous
 62
     7
370
    15
100
AcDbLine
 10
-75.4013924051
 20
-4.165
 30
0.0
 11
-64.3887341772
 21
-4.165
 31
0.0
  0
LINE
  5
88C
330
1F
100
AcDbEntity
  8
0
  6
Continuous
 62
     7
370
    15
100
AcDbLine
 10
-75.4013924051
 20
-7.0131012658
 30
0.0
 11
-75.4013924051
 21
-4.165
 31
0.0
  0
LINE
  5
88D
330
1F
100
AcDbEntity
  8
0
  6
Continuous
 62
     7
370
    15
100
AcDbLine
 10
-68.9041613924
 20
-7.0131012658
 30
0.0
 11
-75.4013924051
 21
-7.0131012658
 31
0.0
  0
LINE
  5
88E
330
1F
100
AcDbEntity
  8
0
  6
Continuous
 62
     7
370
    15
100
AcDbLine
 10
-75.7811392405
 20
-16.3673338608
 30
0.0
 11
-68.9041613924
 21
-7.0131012658
 31
0.0
  0
LINE
  5
88F
330
1F
100
AcDbEntity
  8
0
  6
Continuous
 62
     7
370
    15
100
AcDbLine
 10
-75.7811392405
 20
-19.165
 30
0.0
 11
-75.7811392405
 21
-16.3673338608
 31
0.0
  0
LINE
  5
890
330
1F
100
AcDbEntity
  8
0
  6
Continuous
 62
     7
370
    15
100
AcDbLine
 10
-64.0089873418
 20
-19.165
 30
0.0
 11
-75.7811392405
 21
-19.165
 31
0.0
  0
LINE
  5
891
330
1F
100
AcDbEntity
  8
0
  6
Continuous
 62
     7
370
    15
100
AcDbLine
 10
-64.0089873418
 20
-16.3168987342
 30
0.0
 11
-64.0089873418
 21
-19.165
 31
0.0
  0
LINE
  5
892
330
1F
100
AcDbEntity
  8
0
  6
Continuous
 62
     7
370
    15
100
AcDbLine
 10
-91.4212658228
 20
6.8232278481
 30
0.0
 11
-89.3326582278
 21
6.8232278481
 31
0.0
  0
LINE
  5
893
330
1F
100
AcDbEntity
  8
0
  6
Continuous
 62
     7
370
    15
100
AcDbLine
 10
-91.4212658228
 20
16.5067721519
 30
0.0
 11
-91.4212658228
 21
6.8232278481
 31
0.0
  0
LINE
  5
894
330
1F
100
AcDbEntity
  8
0
  6
Continuous
 62
     7
370
    15
100
AcDbLine
 10
-89.3326582278
 20
16.5067721519
 30
0.0
 11
-91.4212658228
 21
16.5067721519
 31
0.0
  0
LINE
  5
895
330
1F
100
AcDbEntity
  8
0
  6
Continuous
 62
     7
370
    15
100
AcDbLine
 10
-89.3326582278
 20
19.165
 30
0.0
 11
-89.3326582278
 21
16.5067721519
 31
0.0
  0
LINE
  5
896
330
1F
100
AcDbEntity
  8
0
  6
Continuous
 62
     7
370
    15
100
AcDbLine
 10
-97.3073417722
 20
19.165
 30
0.0
 11
-89.3326582278
 21
19.165
 31
0.0
  0
LINE
  5
897
330
1F
100
AcDbEntity
  8
0
  6
Continuous
 62
     7
370
    15
100
AcDbLine
 10
-97.3073417722
 20
16.5067721519
 30
0.0
 11
-97.3073417722
 21
19.165
 31
0.0
  0
LINE
  5
898
330
1F
100
AcDbEntity
  8
0
  6
Continuous
 62
     7
370
    15
100
AcDbLine
 10
-95.2187341772
 20
16.5067721519
 30
0.0
 11
-97.3073417722
 21
16.5067721519
 31
0.0
  0
LINE
  5
899
330
1F
100
AcDbEntity
  8
0
  6
Continuous
 62
     7
370
    15
100
AcDbLine
 10
-95.2187341772
 20
6.8232278481
 30
0.0
 11
-95.2187341772
 21
16.5067721519
 31
0.0
  0
LINE
  5
89A
330
1F
100
AcDbEntity
  8
0
  6
Continuous
 62
     7
370
    15
100
AcDbLine
 10
-97.3073417722
 20
6.8232278481
 30
0.0
 11
-95.2187341772
 21
6.8232278481
 31
0.0
  0
LINE
  5
89B
330
1F
100
AcDbEntity
  8
0
  6
Continuous
 62
     7
370
    15
100
AcDbLine
 10
-97.3073417722
 20
4.165
 30
0.0
 11
-97.3073417722
 21
6.8232278481
 31
0.0
  0
LINE
  5
89C
330
1F
100
AcDbEntity
  8
0
  6
Continuous
 62
     7
370
    15
100
AcDbLine
 10
-89.3326582278
 20
4.165
 30
0.0
 11
-97.3073417722
 21
4.165
 31
0.0
  0
LINE
  5
89D
330
1F
100
AcDbEntity
  8
0
  6
Continuous
 62
     7
370
    15
100
AcDbLine
 10
-89.3326582278
 20
6.8232278481
 30
0.0
 11
-89.3326582278
 21
4.165
 31
0.0
  0
LINE
  5
89E
330
1F
100
AcDbEntity
  8
0
  6
Continuous
 62
     7
370
    15
100
AcDbLine
 10
-44.7612658228
 20
6.8232278481
 30
0.0
 11
-42.6726582278
 21
6.8232278481
 31
0.0
  0
LINE
  5
89F
330
1F
100
AcDbEntity
  8
0
  6
Continuous
 62
     7
370
    15
100
AcDbLine
 10
-44.7612658228
 20
16.5067721519
 30
0.0
 11
-44.7612658228
 21
6.8232278481
 31
0.0
  0
LINE
  5
8A0
330
1F
100
AcDbEntity
  8
0
  6
Continuous
 62
     7
370
    15
100
AcDbLine
 10
-42.6726582278
 20
16.5067721519
 30
0.0
 11
-44.7612658228
 21
16.5067721519
 31
0.0
  0
LINE
  5
8A1
330
1F
100
AcDbEntity
  8
0
  6
Continuous
 62
     7
370
    15
100
AcDbLine
 10
-42.6726582278
 20
19.165
 30
0.0
 11
-42.6726582278
 21
16.5067721519
 31
0.0
  0
LINE
  5
8A2
330
1F
100
AcDbEntity
  8
0
  6
Continuous
 62
     7
370
    15
100
AcDbLine
 10
-50.6473417722
 20
19.165
 30
0.0
 11
-42.6726582278
 21
19.165
 31
0.0
  0
LINE
  5
8A3
330
1F
100
AcDbEntity
  8
0
  6
Continuous
 62
     7
370
    15
100
AcDbLine
 10
-50.6473417722
 20
16.5067721519
 30
0.0
 11
-50.6473417722
 21
19.165
 31
0.0
  0
LINE
  5
8A4
330
1F
100
AcDbEntity
  8
0
  6
Continuous
 62
     7
370
    15
100
AcDbLine
 10
-48.5587341772
 20
16.5067721519
 30
0.0
 11
-50.6473417722
 21
16.5067721519
 31
0.0
  0
LINE
  5
8A5
330
1F
100
AcDbEntity
  8
0
  6
Continuous
 62
     7
370
    15
100
AcDbLine
 10
-48.5587341772
 20
6.8232278481
 30
0.0
 11
-48.5587341772
 21
16.5067721519
 31
0.0
  0
LINE
  5
8A6
330
1F
100
AcDbEntity
  8
0
  6
Continuous
 62
     7
370
    15
100
AcDbLine
 10
-50.6473417722
 20
6.8232278481
 30
0.0
 11
-48.5587341772
 21
6.8232278481
 31
0.0
  0
LINE
  5
8A7
330
1F
100
AcDbEntity
  8
0
  6
Continuous
 62
     7
370
    15
100
AcDbLine
 10
-50.6473417722
 20
4.165
 30
0.0
 11
-50.6473417722
 21
6.8232278481
 31
0.0
  0
LINE
  5
8A8
330
1F
100
AcDbEntity
  8
0
  6
Continuous
 62
     7
370
    15
100
AcDbLine
 10
-42.6726582278
 20
4.165
 30
0.0
 11
-50.6473417722
 21
4.165
 31
0.0
  0
LINE
  5
8A9
330
1F
100
AcDbEntity
  8
0
  6
Continuous
 62
     7
370
    15
100
AcDbLine
 10
-42.6726582278
 20
6.8232278481
 30
0.0
 11
-42.6726582278
 21
4.165
 31
0.0
  0
LINE
  5
8AA
330
1F
100
AcDbEntity
  8
0
  6
Continuous
 62
     7
370
    15
100
AcDbLine
 10
3.203018237
 20
19.165
 30
0.0
 11
7.5760403889
 21
19.165
 31
0.0
  0
LINE
  5
8AB
330
1F
100
AcDbEntity
  8
0
  6
Continuous
 62
     7
370
    15
100
AcDbLine
 10
-0.0099960035
 20
11.8133386076
 30
0.0
 11
3.203018237
 21
19.165
 31
0.0
  0
LINE
  5
8AC
330
1F
100
AcDbEntity
  8
0
  6
Continuous
 62
     7
370
    15
100
AcDbLine
 10
-3.2348773326
 20
19.165
 30
0.0
 11
-0.0099960035
 21
11.8133386076
 31
0.0
  0
LINE
  5
8AD
330
1F
100
AcDbEntity
  8
0
  6
Continuous
 62
     7
370
    15
100
AcDbLine
 10
-7.6138330288
 20
19.165
 30
0.0
 11
-3.2348773326
 21
19.165
 31
0.0
  0
LINE
  5
8AE
330
1F
100
AcDbEntity
  8
0
  6
Continuous
 62
     7
370
    15
100
AcDbLine
 10
-7.6138330288
 20
4.165
 30
0.0
 11
-7.6138330288
 21
19.165
 31
0.0
  0
LINE
  5
8AF
330
1F
100
AcDbEntity
  8
0
  6
Continuous
 62
     7
370
    15
100
AcDbLine
 10
-4.0062380921
 20
4.165
 30
0.0
 11
-7.6138330288
 21
4.165
 31
0.0
  0
LINE
  5
8B0
330
1F
100
AcDbEntity
  8
0
  6
Continuous
 62
     7
370
    15
100
AcDbLine
 10
-4.0062380921
 20
14.145221519
 30
0.0
 11
-4.0062380921
 21
4.165
 31
0.0
  0
LINE
  5
8B1
330
1F
100
AcDbEntity
  8
0
  6
Continuous
 62
     7
370
    15
100
AcDbLine
 10
-1.3598773326
 20
7.7725949367
 30
0.0
 11
-4.0062380921
 21
14.145221519
 31
0.0
  0
LINE
  5
8B2
330
1F
100
AcDbEntity
  8
0
  6
Continuous
 62
     7
370
    15
100
AcDbLine
 10
1.132211275
 20
7.7725949367
 30
0.0
 11
-1.3598773326
 21
7.7725949367
 31
0.0
  0
LINE
  5
8B3
330
1F
100
AcDbEntity
  8
0
  6
Continuous
 62
     7
370
    15
100
AcDbLine
 10
3.7785720345
 20
14.145221519
 30
0.0
 11
1.132211275
 21
7.7725949367
 31
0.0
  0
LINE
  5
8B4
330
1F
100
AcDbEntity
  8
0
  6
Continuous
 62
     7
370
    15
100
AcDbLine
 10
3.7785720345
 20
4.165
 30
0.0
 11
3.7785720345
 21
14.145221519
 31
0.0
  0
LINE
  5
8B5
330
1F
100
AcDbEntity
  8
0
  6
Continuous
 62
     7
370
    15
100
AcDbLine
 10
7.5760403889
 20
4.165
 30
0.0
 11
3.7785720345
 21
4.165
 31
0.0
  0
LINE
  5
8B6
330
1F
100
AcDbEntity
  8
0
  6
Continuous
 62
     7
370
    15
100
AcDbLine
 10
7.5760403889
 20
19.165
 30
0.0
 11
7.5760403889
 21
4.165
 31
0.0
  0
LINE
  5
8B7
330
1F
100
AcDbEntity
  8
0
  6
Continuous
 62
     7
370
    15
100
AcDbLine
 10
-72.279326975
 20
77.1929746835
 30
0.0
 11
-73.199026342
 21
74.155
 31
0.0
  0
LINE
  5
8B8
330
1F
100
AcDbEntity
  8
0
  6
Continuous
 62
     7
370
    15
100
AcDbLine
 10
-71.4931323547
 20
79.8512025316
 30
0.0
 11
-72.279326975
 21
77.1929746835
 31
0.0
  0
LINE
  5
8B9
330
1F
100
AcDbEntity
  8
0
  6
Continuous
 62
     7
370
    15
100
AcDbLine
 10
-69.9741450129
 20
84.8146123418
 30
0.0
 11
-71.4931323547
 21
79.8512025316
 31
0.0
  0
LINE
  5
8BA
330
1F
100
AcDbEntity
  8
0
  6
Continuous
 62
     7
370
    15
100
AcDbLine
 10
-68.4581244433
 20
79.8512025316
 30
0.0
 11
-69.9741450129
 21
84.8146123418
 31
0.0
  0
LINE
  5
8BB
330
1F
100
AcDbEntity
  8
0
  6
Continuous
 62
     7
370
    15
100
AcDbLine
 10
-70.4503124547
 20
79.8512025316
 30
0.0
 11
-68.4581244433
 21
79.8512025316
 31
0.0
  0
LINE
  5
8BC
330
1F
100
AcDbEntity
  8
0
  6
Continuous
 62
     7
370
    15
100
AcDbLine
 10
-71.236507075
 20
77.1929746835
 30
0.0
 11
-70.4503124547
 21
79.8512025316
 31
0.0
  0
LINE
  5
8BD
330
1F
100
AcDbEntity
  8
0
  6
Continuous
 62
     7
370
    15
100
AcDbLine
 10
-67.6719298231
 20
77.1929746835
 30
0.0
 11
-71.236507075
 21
77.1929746835
 31
0.0
  0
LINE
  5
8BE
330
1F
100
AcDbEntity
  8
0
  6
Continuous
 62
     7
370
    15
100
AcDbLine
 10
-66.752230456
 20
74.155
 30
0.0
 11
-67.6719298231
 21
77.1929746835
 31
0.0
  0
LINE
  5
8BF
330
1F
100
AcDbEntity
  8
0
  6
Continuous
 62
     7
370
    15
100
AcDbLine
 10
-62.9488285572
 20
74.155
 30
0.0
 11
-66.752230456
 21
74.155
 31
0.0
  0
LINE
  5
8C0
330
1F
100
AcDbEntity
  8
0
  6
Continuous
 62
     7
370
    15
100
AcDbLine
 10
-67.9478396332
 20
89.155
 30
0.0
 11
-62.9488285572
 21
74.155
 31
0.0
  0
LINE
  5
8C1
330
1F
100
AcDbEntity
  8
0
  6
Continuous
 62
     7
370
    15
100
AcDbLine
 10
-72.0004503927
 20
89.155
 30
0.0
 11
-67.9478396332
 21
89.155
 31
0.0
  0
LINE
  5
8C2
330
1F
100
AcDbEntity
  8
0
  6
Continuous
 62
     7
370
    15
100
AcDbLine
 10
-76.9994614686
 20
74.155
 30
0.0
 11
-72.0004503927
 21
89.155
 31
0.0
  0
LINE
  5
8C3
330
1F
100
AcDbEntity
  8
0
  6
Continuous
 62
     7
370
    15
100
AcDbLine
 10
-73.199026342
 20
74.155
 30
0.0
 11
-76.9994614686
 21
74.155
 31
0.0
  0
LINE
  5
8C4
330
1F
100
AcDbEntity
  8
0
  6
Continuous
 62
     7
370
    15
100
AcDbLine
 10
99.6048629634
 20
112.485
 30
0.0
 11
99.6048629634
 21
102.8726582278
 31
0.0
  0
LINE
  5
8C5
330
1F
100
AcDbEntity
  8
0
  6
Continuous
 62
     7
370
    15
100
AcDbLine
 10
95.807394609
 20
112.485
 30
0.0
 11
99.6048629634
 21
112.485
 31
0.0
  0
LINE
  5
8C6
330
1F
100
AcDbEntity
  8
0
  6
Continuous
 62
     7
370
    15
100
AcDbLine
 10
95.807394609
 20
103.0654984177
 30
0.0
 11
95.807394609
 21
112.485
 31
0.0
  0
LINE
  5
8C7
330
1F
100
AcDbEntity
  8
0
  6
Continuous
 62
     7
370
    15
100
AcDbLine
 10
90.8706857482
 20
112.485
 30
0.0
 11
90.8706857482
 21
103.0654984177
 31
0.0
  0
LINE
  5
8C8
330
1F
100
AcDbEntity
  8
0
  6
Continuous
 62
     7
370
    15
100
AcDbLine
 10
87.0732173938
 20
112.485
 30
0.0
 11
90.8706857482
 21
112.485
 31
0.0
  0
LINE
  5
8C9
330
1F
100
AcDbEntity
  8
0
  6
Continuous
 62
     7
370
    15
100
AcDbLine
 10
87.0732173938
 20
102.8637579114
 30
0.0
 11
87.0732173938
 21
112.485
 31
0.0
  0
LINE
  5
8CA
330
1F
100
AcDbEntity
  8
0
  6
Continuous
 62
     7
370
    15
100
AcDbLine
 10
40.958476573
 20
112.485
 30
0.0
 11
45.5747740413
 21
112.485
 31
0.0
  0
LINE
  5
8CB
330
1F
100
AcDbEntity
  8
0
  6
Continuous
 62
     7
370
    15
100
AcDbLine
 10
40.958476573
 20
101.8331012658
 30
0.0
 11
40.958476573
 21
112.485
 31
0.0
  0
LINE
  5
8CC
330
1F
100
AcDbEntity
  8
0
  6
Continuous
 62
     7
370
    15
100
AcDbLine
 10
44.7559449274
 20
101.8331012658
 30
0.0
 11
40.958476573
 21
101.8331012658
 31
0.0
  0
LINE
  5
8CD
330
1F
100
AcDbEntity
  8
0
  6
Continuous
 62
     7
370
    15
100
AcDbLine
 10
44.7559449274
 20
109.6368987342
 30
0.0
 11
44.7559449274
 21
101.8331012658
 31
0.0
  0
LINE
  5
8CE
330
1F
100
AcDbEntity
  8
0
  6
Continuous
 62
     7
370
    15
100
AcDbLine
 10
44.8241806869
 20
109.6368987342
 30
0.0
 11
44.7559449274
 21
109.6368987342
 31
0.0
  0
LINE
  5
8CF
330
1F
100
AcDbEntity
  8
0
  6
Continuous
 62
     7
370
    15
100
AcDbLine
 10
40.958476573
 20
100.3331012658
 30
0.0
 11
44.8241806869
 21
100.3331012658
 31
0.0
  0
LINE
  5
8D0
330
1F
100
AcDbEntity
  8
0
  6
Continuous
 62
     7
370
    15
100
AcDbLine
 10
40.958476573
 20
97.485
 30
0.0
 11
40.958476573
 21
100.3331012658
 31
0.0
  0
LINE
  5
8D1
330
1F
100
AcDbEntity
  8
0
  6
Continuous
 62
     7
370
    15
100
AcDbLine
 10
45.6163088515
 20
97.485
 30
0.0
 11
40.958476573
 21
97.485
 31
0.0
  0
LINE
  5
8D2
330
1F
100
AcDbEntity
  8
0
  6
Continuous
 62
     7
370
    15
100
AcDbLine
 10
1.8987341772
 20
109.6368987342
 30
0.0
 11
1.8987341772
 21
97.485
 31
0.0
  0
LINE
  5
8D3
330
1F
100
AcDbEntity
  8
0
  6
Continuous
 62
     7
370
    15
100
AcDbLine
 10
6.2658227848
 20
109.6368987342
 30
0.0
 11
1.8987341772
 21
109.6368987342
 31
0.0
  0
LINE
  5
8D4
330
1F
100
AcDbEntity
  8
0
  6
Continuous
 62
     7
370
    15
100
AcDbLine
 10
6.2658227848
 20
112.485
 30
0.0
 11
6.2658227848
 21
109.6368987342
 31
0.0
  0
LINE
  5
8D5
330
1F
100
AcDbEntity
  8
0
  6
Continuous
 62
     7
370
    15
100
AcDbLine
 10
-6.2658227848
 20
112.485
 30
0.0
 11
6.2658227848
 21
112.485
 31
0.0
  0
LINE
  5
8D6
330
1F
100
AcDbEntity
  8
0
  6
Continuous
 62
     7
370
    15
100
AcDbLine
 10
-6.2658227848
 20
109.6368987342
 30
0.0
 11
-6.2658227848
 21
112.485
 31
0.0
  0
LINE
  5
8D7
330
1F
100
AcDbEntity
  8
0
  6
Continuous
 62
     7
370
    15
100
AcDbLine
 10
-1.8987341772
 20
109.6368987342
 30
0.0
 11
-6.2658227848
 21
109.6368987342
 31
0.0
  0
LINE
  5
8D8
330
1F
100
AcDbEntity
  8
0
  6
Continuous
 62
     7
370
    15
100
AcDbLine
 10
-1.8987341772
 20
97.485
 30
0.0
 11
-1.8987341772
 21
109.6368987342
 31
0.0
  0
LINE
  5
8D9
330
1F
100
AcDbEntity
  8
0
  6
Continuous
 62
     7
370
    15
100
AcDbLine
 10
1.8987341772
 20
97.485
 30
0.0
 11
-1.8987341772
 21
97.485
 31
0.0
  0
LINE
  5
8DA
330
1F
100
AcDbEntity
  8
0
  6
Continuous
 62
     7
370
    15
100
AcDbLine
 10
-41.6920997966
 20
100.3331012658
 30
0.0
 11
-41.6920997966
 21
97.485
 31
0.0
  0
LINE
  5
8DB
330
1F
100
AcDbEntity
  8
0
  6
Continuous
 62
     7
370
    15
100
AcDbLine
 10
-47.9579225815
 20
100.3331012658
 30
0.0
 11
-41.6920997966
 21
100.3331012658
 31
0.0
  0
LINE
  5
8DC
330
1F
100
AcDbEntity
  8
0
  6
Continuous
 62
     7
370
    15
100
AcDbLine
 10
-47.9579225815
 20
104.1305696203
 30
0.0
 11
-47.9579225815
 21
100.3331012658
 31
0.0
  0
LINE
  5
8DD
330
1F
100
AcDbEntity
  8
0
  6
Continuous
 62
     7
370
    15
100
AcDbLine
 10
-42.2617200498
 20
104.1305696203
 30
0.0
 11
-47.9579225815
 21
104.1305696203
 31
0.0
  0
LINE
  5
8DE
330
1F
100
AcDbEntity
  8
0
  6
Continuous
 62
     7
370
    15
100
AcDbLine
 10
-42.2617200498
 20
106.9786708861
 30
0.0
 11
-42.2617200498
 21
104.1305696203
 31
0.0
  0
LINE
  5
8DF
330
1F
100
AcDbEntity
  8
0
  6
Continuous
 62
     7
370
    15
100
AcDbLine
 10
-47.9579225815
 20
106.9786708861
 30
0.0
 11
-42.2617200498
 21
106.9786708861
 31
0.0
  0
LINE
  5
8E0
330
1F
100
AcDbEntity
  8
0
  6
Continuous
 62
     7
370
    15
100
AcDbLine
 10
-47.9579225815
 20
109.6368987342
 30
0.0
 11
-47.9579225815
 21
106.9786708861
 31
0.0
  0
LINE
  5
8E1
330
1F
100
AcDbEntity
  8
0
  6
Continuous
 62
     7
370
    15
100
AcDbLine
 10
-41.6920997966
 20
109.6368987342
 30
0.0
 11
-47.9579225815
 21
109.6368987342
 31
0.0
  0
LINE
  5
8E2
330
1F
100
AcDbEntity
  8
0
  6
Continuous
 62
     7
370
    15
100
AcDbLine
 10
-41.6920997966
 20
112.485
 30
0.0
 11
-41.6920997966
 21
109.6368987342
 31
0.0
  0
LINE
  5
8E3
330
1F
100
AcDbEntity
  8
0
  6
Continuous
 62
     7
370
    15
100
AcDbLine
 10
-51.7553909359
 20
112.485
 30
0.0
 11
-41.6920997966
 21
112.485
 31
0.0
  0
LINE
  5
8E4
330
1F
100
AcDbEntity
  8
0
  6
Continuous
 62
     7
370
    15
100
AcDbLine
 10
-51.7553909359
 20
97.485
 30
0.0
 11
-51.7553909359
 21
112.485
 31
0.0
  0
LINE
  5
8E5
330
1F
100
AcDbEntity
  8
0
  6
Continuous
 62
     7
370
    15
100
AcDbLine
 10
-41.6920997966
 20
97.485
 30
0.0
 11
-51.7553909359
 21
97.485
 31
0.0
  0
LINE
  5
8E6
330
1F
100
AcDbEntity
  8
0
  6
Continuous
 62
     7
370
    15
100
AcDbLine
 10
-94.6179225815
 20
100.3331012658
 30
0.0
 11
-88.3520997966
 21
100.3331012658
 31
0.0
  0
LINE
  5
8E7
330
1F
100
AcDbEntity
  8
0
  6
Continuous
 62
     7
370
    15
100
AcDbLine
 10
-94.6179225815
 20
112.485
 30
0.0
 11
-94.6179225815
 21
100.3331012658
 31
0.0
  0
LINE
  5
8E8
330
1F
100
AcDbEntity
  8
0
  6
Continuous
 62
     7
370
    15
100
AcDbLine
 10
-98.4153909359
 20
112.485
 30
0.0
 11
-94.6179225815
 21
112.485
 31
0.0
  0
LINE
  5
8E9
330
1F
100
AcDbEntity
  8
0
  6
Continuous
 62
     7
370
    15
100
AcDbLine
 10
-98.4153909359
 20
97.485
 30
0.0
 11
-98.4153909359
 21
112.485
 31
0.0
  0
LINE
  5
8EA
330
1F
100
AcDbEntity
  8
0
  6
Continuous
 62
     7
370
    15
100
AcDbLine
 10
-88.3520997966
 20
97.485
 30
0.0
 11
-98.4153909359
 21
97.485
 31
0.0
  0
LINE
  5
8EB
330
1F
100
AcDbEntity
  8
0
  6
Continuous
 62
     7
370
    15
100
AcDbLine
 10
-88.3520997966
 20
100.3331012658
 30
0.0
 11
-88.3520997966
 21
97.485
 31
0.0
  0
LINE
  5
8EC
330
1F
100
AcDbEntity
  8
0
  6
Continuous
 62
     7
370
    15
100
AcDbLine
 10
4.9679002034
 20
77.0031012658
 30
0.0
 11
4.9679002034
 21
74.155
 31
0.0
  0
LINE
  5
8ED
330
1F
100
AcDbEntity
  8
0
  6
Continuous
 62
     7
370
    15
100
AcDbLine
 10
-1.2979225815
 20
77.0031012658
 30
0.0
 11
4.9679002034
 21
77.0031012658
 31
0.0
  0
LINE
  5
8EE
330
1F
100
AcDbEntity
  8
0
  6
Continuous
 62
     7
370
    15
100
AcDbLine
 10
-1.2979225815
 20
80.8005696203
 30
0.0
 11
-1.2979225815
 21
77.0031012658
 31
0.0
  0
LINE
  5
8EF
330
1F
100
AcDbEntity
  8
0
  6
Continuous
 62
     7
370
    15
100
AcDbLine
 10
4.3982799502
 20
80.8005696203
 30
0.0
 11
-1.2979225815
 21
80.8005696203
 31
0.0
  0
LINE
  5
8F0
330
1F
100
AcDbEntity
  8
0
  6
Continuous
 62
     7
370
    15
100
AcDbLine
 10
4.3982799502
 20
83.6486708861
 30
0.0
 11
4.3982799502
 21
80.8005696203
 31
0.0
  0
LINE
  5
8F1
330
1F
100
AcDbEntity
  8
0
  6
Continuous
 62
     7
370
    15
100
AcDbLine
 10
-1.2979225815
 20
83.6486708861
 30
0.0
 11
4.3982799502
 21
83.6486708861
 31
0.0
  0
LINE
  5
8F2
330
1F
100
AcDbEntity
  8
0
  6
Continuous
 62
     7
370
    15
100
AcDbLine
 10
-1.2979225815
 20
86.3068987342
 30
0.0
 11
-1.2979225815
 21
83.6486708861
 31
0.0
  0
LINE
  5
8F3
330
1F
100
AcDbEntity
  8
0
  6
Continuous
 62
     7
370
    15
100
AcDbLine
 10
4.9679002034
 20
86.3068987342
 30
0.0
 11
-1.2979225815
 21
86.3068987342
 31
0.0
  0
LINE
  5
8F4
330
1F
100
AcDbEntity
  8
0
  6
Continuous
 62
     7
370
    15
100
AcDbLine
 10
4.9679002034
 20
89.155
 30
0.0
 11
4.9679002034
 21
86.3068987342
 31
0.0
  0
LINE
  5
8F5
330
1F
100
AcDbEntity
  8
0
  6
Continuous
 62
     7
370
    15
100
AcDbLine
 10
-5.0953909359
 20
89.155
 30
0.0
 11
4.9679002034
 21
89.155
 31
0.0
  0
LINE
  5
8F6
330
1F
100
AcDbEntity
  8
0
  6
Continuous
 62
     7
370
    15
100
AcDbLine
 10
-5.0953909359
 20
74.155
 30
0.0
 11
-5.0953909359
 21
89.155
 31
0.0
  0
LINE
  5
8F7
330
1F
100
AcDbEntity
  8
0
  6
Continuous
 62
     7
370
    15
100
AcDbLine
 10
4.9679002034
 20
74.155
 30
0.0
 11
-5.0953909359
 21
74.155
 31
0.0
  0
LINE
  5
8F8
330
1F
100
AcDbEntity
  8
0
  6
Continuous
 62
     7
370
    15
100
AcDbLine
 10
40.0426083052
 20
89.155
 30
0.0
 11
46.0295545077
 21
89.155
 31
0.0
  0
LINE
  5
8F9
330
1F
100
AcDbEntity
  8
0
  6
Continuous
 62
     7
370
    15
100
AcDbLine
 10
40.0426083052
 20
86.4967721519
 30
0.0
 11
40.0426083052
 21
89.155
 31
0.0
  0
LINE
  5
8FA
330
1F
100
AcDbEntity
  8
0
  6
Continuous
 62
     7
370
    15
100
AcDbLine
 10
45.0772206469
 20
86.4967721519
 30
0.0
 11
40.0426083052
 21
86.4967721519
 31
0.0
  0
LINE
  5
8FB
330
1F
100
AcDbEntity
  8
0
  6
Continuous
 62
     7
370
    15
100
AcDbLine
 10
40.0426083052
 20
82.319556962
 30
0.0
 11
44.8992143178
 21
82.319556962
 31
0.0
  0
LINE
  5
8FC
330
1F
100
AcDbEntity
  8
0
  6
Continuous
 62
     7
370
    15
100
AcDbLine
 10
40.0426083052
 20
74.155
 30
0.0
 11
40.0426083052
 21
82.319556962
 31
0.0
  0
LINE
  5
8FD
330
1F
100
AcDbEntity
  8
0
  6
Continuous
 62
     7
370
    15
100
AcDbLine
 10
43.8400766596
 20
74.155
 30
0.0
 11
40.0426083052
 21
74.155
 31
0.0
  0
LINE
  5
8FE
330
1F
100
AcDbEntity
  8
0
  6
Continuous
 62
     7
370
    15
100
AcDbLine
 10
43.8400766596
 20
79.6613291139
 30
0.0
 11
43.8400766596
 21
74.155
 31
0.0
  0
LINE
  5
8FF
330
1F
100
AcDbEntity
  8
0
  6
Continuous
 62
     7
370
    15
100
AcDbLine
 10
45.0149184317
 20
79.6613291139
 30
0.0
 11
43.8400766596
 21
79.6613291139
 31
0.0
  0
LINE
  5
900
330
1F
100
AcDbEntity
  8
0
  6
Continuous
 62
     7
370
    15
100
AcDbLine
 10
49.1357649507
 20
74.155
 30
0.0
 11
45.0149184317
 21
79.6613291139
 31
0.0
  0
LINE
  5
901
330
1F
100
AcDbEntity
  8
0
  6
Continuous
 62
     7
370
    15
100
AcDbLine
 10
53.7134943811
 20
74.155
 30
0.0
 11
49.1357649507
 21
74.155
 31
0.0
  0
LINE
  5
902
330
1F
100
AcDbEntity
  8
0
  6
Continuous
 62
     7
370
    15
100
AcDbLine
 10
95.2187341772
 20
76.8132278481
 30
0.0
 11
97.3073417722
 21
76.8132278481
 31
0.0
  0
LINE
  5
903
330
1F
100
AcDbEntity
  8
0
  6
Continuous
 62
     7
370
    15
100
AcDbLine
 10
95.2187341772
 20
86.4967721519
 30
0.0
 11
95.2187341772
 21
76.8132278481
 31
0.0
  0
LINE
  5
904
330
1F
100
AcDbEntity
  8
0
  6
Continuous
 62
     7
370
    15
100
AcDbLine
 10
97.3073417722
 20
86.4967721519
 30
0.0
 11
95.2187341772
 21
86.4967721519
 31
0.0
  0
LINE
  5
905
330
1F
100
AcDbEntity
  8
0
  6
Continuous
 62
     7
370
    15
100
AcDbLine
 10
97.3073417722
 20
89.155
 30
0.0
 11
97.3073417722
 21
86.4967721519
 31
0.0
  0
LINE
  5
906
330
1F
100
AcDbEntity
  8
0
  6
Continuous
 62
     7
370
    15
100
AcDbLine
 10
89.3326582278
 20
89.155
 30
0.0
 11
97.3073417722
 21
89.155
 31
0.0
  0
LINE
  5
907
330
1F
100
AcDbEntity
  8
0
  6
Continuous
 62
     7
370
    15
100
AcDbLine
 10
89.3326582278
 20
86.4967721519
 30
0.0
 11
89.3326582278
 21
89.155
 31
0.0
  0
LINE
  5
908
330
1F
100
AcDbEntity
  8
0
  6
Continuous
 62
     7
370
    15
100
AcDbLine
 10
91.4212658228
 20
86.4967721519
 30
0.0
 11
89.3326582278
 21
86.4967721519
 31
0.0
  0
LINE
  5
909
330
1F
100
AcDbEntity
  8
0
  6
Continuous
 62
     7
370
    15
100
AcDbLine
 10
91.4212658228
 20
76.8132278481
 30
0.0
 11
91.4212658228
 21
86.4967721519
 31
0.0
  0
LINE
  5
90A
330
1F
100
AcDbEntity
  8
0
  6
Continuous
 62
     7
370
    15
100
AcDbLine
 10
89.3326582278
 20
76.8132278481
 30
0.0
 11
91.4212658228
 21
76.8132278481
 31
0.0
  0
LINE
  5
90B
330
1F
100
AcDbEntity
  8
0
  6
Continuous
 62
     7
370
    15
100
AcDbLine
 10
89.3326582278
 20
74.155
 30
0.0
 11
89.3326582278
 21
76.8132278481
 31
0.0
  0
LINE
  5
90C
330
1F
100
AcDbEntity
  8
0
  6
Continuous
 62
     7
370
    15
100
AcDbLine
 10
97.3073417722
 20
74.155
 30
0.0
 11
89.3326582278
 21
74.155
 31
0.0
  0
LINE
  5
90D
330
1F
100
AcDbEntity
  8
0
  6
Continuous
 62
     7
370
    15
100
AcDbLine
 10
97.3073417722
 20
76.8132278481
 30
0.0
 11
97.3073417722
 21
74.155
 31
0.0
  0
LINE
  5
90E
330
1F
100
AcDbEntity
  8
0
  6
Continuous
 62
     7
370
    15
100
AcDbLine
 10
-113.6576388899
 20
65.825
 30
0.0
 11
-110.2399173709
 21
65.825
 31
0.0
  0
LINE
  5
90F
330
1F
100
AcDbEntity
  8
0
  6
Continuous
 62
     7
370
    15
100
AcDbLine
 10
-113.6576388899
 20
57.2332278481
 30
0.0
 11
-113.6576388899
 21
65.825
 31
0.0
  0
LINE
  5
910
330
1F
100
AcDbEntity
  8
0
  6
Continuous
 62
     7
370
    15
100
AcDbLine
 10
-118.3807401557
 20
65.825
 30
0.0
 11
-113.6576388899
 21
57.2332278481
 31
0.0
  0
LINE
  5
911
330
1F
100
AcDbEntity
  8
0
  6
Continuous
 62
     7
370
    15
100
AcDbLine
 10
-122.9614363583
 20
65.825
 30
0.0
 11
-118.3807401557
 21
65.825
 31
0.0
  0
LINE
  5
912
330
1F
100
AcDbEntity
  8
0
  6
Continuous
 62
     7
370
    15
100
AcDbLine
 10
-122.9614363583
 20
50.825
 30
0.0
 11
-122.9614363583
 21
65.825
 31
0.0
  0
LINE
  5
913
330
1F
100
AcDbEntity
  8
0
  6
Continuous
 62
     7
370
    15
100
AcDbLine
 10
-119.5437148393
 20
50.825
 30
0.0
 11
-122.9614363583
 21
50.825
 31
0.0
  0
LINE
  5
914
330
1F
100
AcDbEntity
  8
0
  6
Continuous
 62
     7
370
    15
100
AcDbLine
 10
-119.5437148393
 20
61.2828718354
 30
0.0
 11
-119.5437148393
 21
50.825
 31
0.0
  0
LINE
  5
915
330
1F
100
AcDbEntity
  8
0
  6
Continuous
 62
     7
370
    15
100
AcDbLine
 10
-113.835645219
 20
50.825
 30
0.0
 11
-119.5437148393
 21
61.2828718354
 31
0.0
  0
LINE
  5
916
330
1F
100
AcDbEntity
  8
0
  6
Continuous
 62
     7
370
    15
100
AcDbLine
 10
-110.2399173709
 20
50.825
 30
0.0
 11
-113.835645219
 21
50.825
 31
0.0
  0
LINE
  5
917
330
1F
100
AcDbEntity
  8
0
  6
Continuous
 62
     7
370
    15
100
AcDbLine
 10
-110.2399173709
 20
65.825
 30
0.0
 11
-110.2399173709
 21
50.825
 31
0.0
  0
LINE
  5
918
330
1F
100
AcDbEntity
  8
0
  6
Continuous
 62
     7
370
    15
100
AcDbLine
 10
-63.7323241391
 20
65.825
 30
0.0
 11
-63.7323241391
 21
56.2126582278
 31
0.0
  0
LINE
  5
919
330
1F
100
AcDbEntity
  8
0
  6
Continuous
 62
     7
370
    15
100
AcDbLine
 10
-67.5297924935
 20
65.825
 30
0.0
 11
-63.7323241391
 21
65.825
 31
0.0
  0
LINE
  5
91A
330
1F
100
AcDbEntity
  8
0
  6
Continuous
 62
     7
370
    15
100
AcDbLine
 10
-67.5297924935
 20
56.4054984177
 30
0.0
 11
-67.5297924935
 21
65.825
 31
0.0
  0
LINE
  5
91B
330
1F
100
AcDbEntity
  8
0
  6
Continuous
 62
     7
370
    15
100
AcDbLine
 10
-72.4665013543
 20
65.825
 30
0.0
 11
-72.4665013543
 21
56.4054984177
 31
0.0
  0
LINE
  5
91C
330
1F
100
AcDbEntity
  8
0
  6
Continuous
 62
     7
370
    15
100
AcDbLine
 10
-76.2639697087
 20
65.825
 30
0.0
 11
-72.4665013543
 21
65.825
 31
0.0
  0
LINE
  5
91D
330
1F
100
AcDbEntity
  8
0
  6
Continuous
 62
     7
370
    15
100
AcDbLine
 10
-76.2639697087
 20
56.2037579114
 30
0.0
 11
-76.2639697087
 21
65.825
 31
0.0
  0
LINE
  5
91E
330
1F
100
AcDbEntity
  8
0
  6
Continuous
 62
     7
370
    15
100
AcDbLine
 10
-17.0564790129
 20
65.825
 30
0.0
 11
-17.0564790129
 21
56.2126582278
 31
0.0
  0
LINE
  5
91F
330
1F
100
AcDbEntity
  8
0
  6
Continuous
 62
     7
370
    15
100
AcDbLine
 10
-20.8539473673
 20
65.825
 30
0.0
 11
-17.0564790129
 21
65.825
 31
0.0
  0
LINE
  5
920
330
1F
100
AcDbEntity
  8
0
  6
Continuous
 62
     7
370
    15
100
AcDbLine
 10
-20.8539473673
 20
56.4054984177
 30
0.0
 11
-20.8539473673
 21
65.825
 31
0.0
  0
LINE
  5
921
330
1F
100
AcDbEntity
  8
0
  6
Continuous
 62
     7
370
    15
100
AcDbLine
 10
-25.7906562281
 20
65.825
 30
0.0
 11
-25.7906562281
 21
56.4054984177
 31
0.0
  0
LINE
  5
922
330
1F
100
AcDbEntity
  8
0
  6
Continuous
 62
     7
370
    15
100
AcDbLine
 10
-29.5881245825
 20
65.825
 30
0.0
 11
-25.7906562281
 21
65.825
 31
0.0
  0
LINE
  5
923
330
1F
100
AcDbEntity
  8
0
  6
Continuous
 62
     7
370
    15
100
AcDbLine
 10
-29.5881245825
 20
56.2037579114
 30
0.0
 11
-29.5881245825
 21
65.825
 31
0.0
  0
LINE
  5
924
330
1F
100
AcDbEntity
  8
0
  6
Continuous
 62
     7
370
    15
100
AcDbLine
 10
28.2979002034
 20
53.6731012658
 30
0.0
 11
28.2979002034
 21
50.825
 31
0.0
  0
LINE
  5
925
330
1F
100
AcDbEntity
  8
0
  6
Continuous
 62
     7
370
    15
100
AcDbLine
 10
22.0320774185
 20
53.6731012658
 30
0.0
 11
28.2979002034
 21
53.6731012658
 31
0.0
  0
LINE
  5
926
330
1F
100
AcDbEntity
  8
0
  6
Continuous
 62
     7
370
    15
100
AcDbLine
 10
22.0320774185
 20
57.4705696203
 30
0.0
 11
22.0320774185
 21
53.6731012658
 31
0.0
  0
LINE
  5
927
330
1F
100
AcDbEntity
  8
0
  6
Continuous
 62
     7
370
    15
100
AcDbLine
 10
27.7282799502
 20
57.4705696203
 30
0.0
 11
22.0320774185
 21
57.4705696203
 31
0.0
  0
LINE
  5
928
330
1F
100
AcDbEntity
  8
0
  6
Continuous
 62
     7
370
    15
100
AcDbLine
 10
27.7282799502
 20
60.3186708861
 30
0.0
 11
27.7282799502
 21
57.4705696203
 31
0.0
  0
LINE
  5
929
330
1F
100
AcDbEntity
  8
0
  6
Continuous
 62
     7
370
    15
100
AcDbLine
 10
22.0320774185
 20
60.3186708861
 30
0.0
 11
27.7282799502
 21
60.3186708861
 31
0.0
  0
LINE
  5
92A
330
1F
100
AcDbEntity
  8
0
  6
Continuous
 62
     7
370
    15
100
AcDbLine
 10
22.0320774185
 20
62.9768987342
 30
0.0
 11
22.0320774185
 21
60.3186708861
 31
0.0
  0
LINE
  5
92B
330
1F
100
AcDbEntity
  8
0
  6
Continuous
 62
     7
370
    15
100
AcDbLine
 10
28.2979002034
 20
62.9768987342
 30
0.0
 11
22.0320774185
 21
62.9768987342
 31
0.0
  0
LINE
  5
92C
330
1F
100
AcDbEntity
  8
0
  6
Continuous
 62
     7
370
    15
100
AcDbLine
 10
28.2979002034
 20
65.825
 30
0.0
 11
28.2979002034
 21
62.9768987342
 31
0.0
  0
LINE
  5
92D
330
1F
100
AcDbEntity
  8
0
  6
Continuous
 62
     7
370
    15
100
AcDbLine
 10
18.2346090641
 20
65.825
 30
0.0
 11
28.2979002034
 21
65.825
 31
0.0
  0
LINE
  5
92E
330
1F
100
AcDbEntity
  8
0
  6
Continuous
 62
     7
370
    15
100
AcDbLine
 10
18.2346090641
 20
50.825
 30
0.0
 11
18.2346090641
 21
65.825
 31
0.0
  0
LINE
  5
92F
330
1F
100
AcDbEntity
  8
0
  6
Continuous
 62
     7
370
    15
100
AcDbLine
 10
28.2979002034
 20
50.825
 30
0.0
 11
18.2346090641
 21
50.825
 31
0.0
  0
LINE
  5
930
330
1F
100
AcDbEntity
  8
0
  6
Continuous
 62
     7
370
    15
100
AcDbLine
 10
28.520081764
 20
-84.7879113924
 30
0.0
 11
28.520081764
 21
-88.2649683544
 31
0.0
  0
LINE
  5
931
330
1F
100
AcDbEntity
  8
0
  6
Continuous
 62
     7
370
    15
100
AcDbLine
 10
28.1789029665
 20
-84.7879113924
 30
0.0
 11
28.520081764
 21
-84.7879113924
 31
0.0
  0
LINE
  5
932
330
1F
100
AcDbEntity
  8
0
  6
Continuous
 62
     7
370
    15
100
AcDbLine
 10
28.520081764
 20
-78.5220886076
 30
0.0
 11
28.1373681564
 21
-78.5220886076
 31
0.0
  0
LINE
  5
933
330
1F
100
AcDbEntity
  8
0
  6
Continuous
 62
     7
370
    15
100
AcDbLine
 10
28.520081764
 20
-75.0034968354
 30
0.0
 11
28.520081764
 21
-78.5220886076
 31
0.0
  0
LINE
  5
934
330
1F
100
AcDbEntity
  8
0
  6
Continuous
 62
     7
370
    15
100
AcDbLine
 10
-111.6820997966
 20
-109.6368987342
 30
0.0
 11
-111.6820997966
 21
-112.485
 31
0.0
  0
LINE
  5
935
330
1F
100
AcDbEntity
  8
0
  6
Continuous
 62
     7
370
    15
100
AcDbLine
 10
-117.9479225815
 20
-109.6368987342
 30
0.0
 11
-111.6820997966
 21
-109.6368987342
 31
0.0
  0
LINE
  5
936
330
1F
100
AcDbEntity
  8
0
  6
Continuous
 62
     7
370
    15
100
AcDbLine
 10
-117.9479225815
 20
-105.8394303797
 30
0.0
 11
-117.9479225815
 21
-109.6368987342
 31
0.0
  0
LINE
  5
937
330
1F
100
AcDbEntity
  8
0
  6
Continuous
 62
     7
370
    15
100
AcDbLine
 10
-112.2517200498
 20
-105.8394303797
 30
0.0
 11
-117.9479225815
 21
-105.8394303797
 31
0.0
  0
LINE
  5
938
330
1F
100
AcDbEntity
  8
0
  6
Continuous
 62
     7
370
    15
100
AcDbLine
 10
-112.2517200498
 20
-102.9913291139
 30
0.0
 11
-112.2517200498
 21
-105.8394303797
 31
0.0
  0
LINE
  5
939
330
1F
100
AcDbEntity
  8
0
  6
Continuous
 62
     7
370
    15
100
AcDbLine
 10
-117.9479225815
 20
-102.9913291139
 30
0.0
 11
-112.2517200498
 21
-102.9913291139
 31
0.0
  0
LINE
  5
93A
330
1F
100
AcDbEntity
  8
0
  6
Continuous
 62
     7
370
    15
100
AcDbLine
 10
-117.9479225815
 20
-100.3331012658
 30
0.0
 11
-117.9479225815
 21
-102.9913291139
 31
0.0
  0
LINE
  5
93B
330
1F
100
AcDbEntity
  8
0
  6
Continuous
 62
     7
370
    15
100
AcDbLine
 10
-111.6820997966
 20
-100.3331012658
 30
0.0
 11
-117.9479225815
 21
-100.3331012658
 31
0.0
  0
LINE
  5
93C
330
1F
100
AcDbEntity
  8
0
  6
Continuous
 62
     7
370
    15
100
AcDbLine
 10
-111.6820997966
 20
-97.485
 30
0.0
 11
-111.6820997966
 21
-100.3331012658
 31
0.0
  0
LINE
  5
93D
330
1F
100
AcDbEntity
  8
0
  6
Continuous
 62
     7
370
    15
100
AcDbLine
 10
-121.7453909359
 20
-97.485
 30
0.0
 11
-111.6820997966
 21
-97.485
 31
0.0
  0
LINE
  5
93E
330
1F
100
AcDbEntity
  8
0
  6
Continuous
 62
     7
370
    15
100
AcDbLine
 10
-121.7453909359
 20
-112.485
 30
0.0
 11
-121.7453909359
 21
-97.485
 31
0.0
  0
LINE
  5
93F
330
1F
100
AcDbEntity
  8
0
  6
Continuous
 62
     7
370
    15
100
AcDbLine
 10
-111.6820997966
 20
-112.485
 30
0.0
 11
-121.7453909359
 21
-112.485
 31
0.0
  0
LINE
  5
940
330
1F
100
AcDbEntity
  8
0
  6
Continuous
 62
     7
370
    15
100
AcDbLine
 10
-116.6536406403
 20
-84.4526661392
 30
0.0
 11
-113.345689691
 21
-74.155
 31
0.0
  0
LINE
  5
941
330
1F
100
AcDbEntity
  8
0
  6
Continuous
 62
     7
370
    15
100
AcDbLine
 10
-119.9556580454
 20
-74.155
 30
0.0
 11
-116.6536406403
 21
-84.4526661392
 31
0.0
  0
LINE
  5
942
330
1F
100
AcDbEntity
  8
0
  6
Continuous
 62
     7
370
    15
100
AcDbLine
 10
-123.7709270327
 20
-74.155
 30
0.0
 11
-119.9556580454
 21
-74.155
 31
0.0
  0
LINE
  5
943
330
1F
100
AcDbEntity
  8
0
  6
Continuous
 62
     7
370
    15
100
AcDbLine
 10
-118.6146770327
 20
-89.155
 30
0.0
 11
-123.7709270327
 21
-74.155
 31
0.0
  0
LINE
  5
944
330
1F
100
AcDbEntity
  8
0
  6
Continuous
 62
     7
370
    15
100
AcDbLine
 10
-114.6866707036
 20
-89.155
 30
0.0
 11
-118.6146770327
 21
-89.155
 31
0.0
  0
LINE
  5
945
330
1F
100
AcDbEntity
  8
0
  6
Continuous
 62
     7
370
    15
100
AcDbLine
 10
-109.5304207036
 20
-74.155
 30
0.0
 11
-114.6866707036
 21
-89.155
 31
0.0
  0
LINE
  5
946
330
1F
100
AcDbEntity
  8
0
  6
Continuous
 62
     7
370
    15
100
AcDbLine
 10
-113.345689691
 20
-74.155
 30
0.0
 11
-109.5304207036
 21
-74.155
 31
0.0
  0
LINE
  5
947
330
1F
100
AcDbEntity
  8
0
  6
Continuous
 62
     7
370
    15
100
AcDbLine
 10
96.5493297026
 20
-50.825
 30
0.0
 11
100.9223518545
 21
-50.825
 31
0.0
  0
LINE
  5
948
330
1F
100
AcDbEntity
  8
0
  6
Continuous
 62
     7
370
    15
100
AcDbLine
 10
93.3363154621
 20
-58.1766613924
 30
0.0
 11
96.5493297026
 21
-50.825
 31
0.0
  0
LINE
  5
949
330
1F
100
AcDbEntity
  8
0
  6
Continuous
 62
     7
370
    15
100
AcDbLine
 10
90.111434133
 20
-50.825
 30
0.0
 11
93.3363154621
 21
-58.1766613924
 31
0.0
  0
LINE
  5
94A
330
1F
100
AcDbEntity
  8
0
  6
Continuous
 62
     7
370
    15
100
AcDbLine
 10
85.7324784368
 20
-50.825
 30
0.0
 11
90.111434133
 21
-50.825
 31
0.0
  0
LINE
  5
94B
330
1F
100
AcDbEntity
  8
0
  6
Continuous
 62
     7
370
    15
100
AcDbLine
 10
85.7324784368
 20
-65.825
 30
0.0
 11
85.7324784368
 21
-50.825
 31
0.0
  0
LINE
  5
94C
330
1F
100
AcDbEntity
  8
0
  6
Continuous
 62
     7
370
    15
100
AcDbLine
 10
89.3400733735
 20
-65.825
 30
0.0
 11
85.7324784368
 21
-65.825
 31
0.0
  0
LINE
  5
94D
330
1F
100
AcDbEntity
  8
0
  6
Continuous
 62
     7
370
    15
100
AcDbLine
 10
89.3400733735
 20
-55.844778481
 30
0.0
 11
89.3400733735
 21
-65.825
 31
0.0
  0
LINE
  5
94E
330
1F
100
AcDbEntity
  8
0
  6
Continuous
 62
     7
370
    15
100
AcDbLine
 10
91.986434133
 20
-62.2174050633
 30
0.0
 11
89.3400733735
 21
-55.844778481
 31
0.0
  0
LINE
  5
94F
330
1F
100
AcDbEntity
  8
0
  6
Continuous
 62
     7
370
    15
100
AcDbLine
 10
94.4785227406
 20
-62.2174050633
 30
0.0
 11
91.986434133
 21
-62.2174050633
 31
0.0
  0
LINE
  5
950
330
1F
100
AcDbEntity
  8
0
  6
Continuous
 62
     7
370
    15
100
AcDbLine
 10
97.1248835
 20
-55.844778481
 30
0.0
 11
94.4785227406
 21
-62.2174050633
 31
0.0
  0
LINE
  5
951
330
1F
100
AcDbEntity
  8
0
  6
Continuous
 62
     7
370
    15
100
AcDbLine
 10
97.1248835
 20
-65.825
 30
0.0
 11
97.1248835
 21
-55.844778481
 31
0.0
  0
LINE
  5
952
330
1F
100
AcDbEntity
  8
0
  6
Continuous
 62
     7
370
    15
100
AcDbLine
 10
100.9223518545
 20
-65.825
 30
0.0
 11
97.1248835
 21
-65.825
 31
0.0
  0
LINE
  5
953
330
1F
100
AcDbEntity
  8
0
  6
Continuous
 62
     7
370
    15
100
AcDbLine
 10
100.9223518545
 20
-50.825
 30
0.0
 11
100.9223518545
 21
-65.825
 31
0.0
  0
LINE
  5
954
330
1F
100
AcDbEntity
  8
0
  6
Continuous
 62
     7
370
    15
100
AcDbLine
 10
-67.1538159142
 20
-74.155
 30
0.0
 11
-63.7360943952
 21
-74.155
 31
0.0
  0
LINE
  5
955
330
1F
100
AcDbEntity
  8
0
  6
Continuous
 62
     7
370
    15
100
AcDbLine
 10
-67.1538159142
 20
-82.7467721519
 30
0.0
 11
-67.1538159142
 21
-74.155
 31
0.0
  0
LINE
  5
956
330
1F
100
AcDbEntity
  8
0
  6
Continuous
 62
     7
370
    15
100
AcDbLine
 10
-71.87691718
 20
-74.155
 30
0.0
 11
-67.1538159142
 21
-82.7467721519
 31
0.0
  0
LINE
  5
957
330
1F
100
AcDbEntity
  8
0
  6
Continuous
 62
     7
370
    15
100
AcDbLine
 10
-76.4576133826
 20
-74.155
 30
0.0
 11
-71.87691718
 21
-74.155
 31
0.0
  0
LINE
  5
958
330
1F
100
AcDbEntity
  8
0
  6
Continuous
 62
     7
370
    15
100
AcDbLine
 10
-76.4576133826
 20
-89.155
 30
0.0
 11
-76.4576133826
 21
-74.155
 31
0.0
  0
LINE
  5
959
330
1F
100
AcDbEntity
  8
0
  6
Continuous
 62
     7
370
    15
100
AcDbLine
 10
-73.0398918636
 20
-89.155
 30
0.0
 11
-76.4576133826
 21
-89.155
 31
0.0
  0
LINE
  5
95A
330
1F
100
AcDbEntity
  8
0
  6
Continuous
 62
     7
370
    15
100
AcDbLine
 10
-73.0398918636
 20
-78.6971281646
 30
0.0
 11
-73.0398918636
 21
-89.155
 31
0.0
  0
LINE
  5
95B
330
1F
100
AcDbEntity
  8
0
  6
Continuous
 62
     7
370
    15
100
AcDbLine
 10
-67.3318222433
 20
-89.155
 30
0.0
 11
-73.0398918636
 21
-78.6971281646
 31
0.0
  0
LINE
  5
95C
330
1F
100
AcDbEntity
  8
0
  6
Continuous
 62
     7
370
    15
100
AcDbLine
 10
-63.7360943952
 20
-89.155
 30
0.0
 11
-67.3318222433
 21
-89.155
 31
0.0
  0
LINE
  5
95D
330
1F
100
AcDbEntity
  8
0
  6
Continuous
 62
     7
370
    15
100
AcDbLine
 10
-63.7360943952
 20
-74.155
 30
0.0
 11
-63.7360943952
 21
-89.155
 31
0.0
  0
LINE
  5
95E
330
1F
100
AcDbEntity
  8
0
  6
Continuous
 62
     7
370
    15
100
AcDbLine
 10
-21.4312658228
 20
-77.0031012658
 30
0.0
 11
-21.4312658228
 21
-89.155
 31
0.0
  0
LINE
  5
95F
330
1F
100
AcDbEntity
  8
0
  6
Continuous
 62
     7
370
    15
100
AcDbLine
 10
-17.0641772152
 20
-77.0031012658
 30
0.0
 11
-21.4312658228
 21
-77.0031012658
 31
0.0
  0
LINE
  5
960
330
1F
100
AcDbEntity
  8
0
  6
Continuous
 62
     7
370
    15
100
AcDbLine
 10
-17.0641772152
 20
-74.155
 30
0.0
 11
-17.0641772152
 21
-77.0031012658
 31
0.0
  0
LINE
  5
961
330
1F
100
AcDbEntity
  8
0
  6
Continuous
 62
     7
370
    15
100
AcDbLine
 10
-29.5958227848
 20
-74.155
 30
0.0
 11
-17.0641772152
 21
-74.155
 31
0.0
  0
LINE
  5
962
330
1F
100
AcDbEntity
  8
0
  6
Continuous
 62
     7
370
    15
100
AcDbLine
 10
-29.5958227848
 20
-77.0031012658
 30
0.0
 11
-29.5958227848
 21
-74.155
 31
0.0
  0
LINE
  5
963
330
1F
100
AcDbEntity
  8
0
  6
Continuous
 62
     7
370
    15
100
AcDbLine
 10
-25.2287341772
 20
-77.0031012658
 30
0.0
 11
-29.5958227848
 21
-77.0031012658
 31
0.0
  0
LINE
  5
964
330
1F
100
AcDbEntity
  8
0
  6
Continuous
 62
     7
370
    15
100
AcDbLine
 10
-25.2287341772
 20
-89.155
 30
0.0
 11
-25.2287341772
 21
-77.0031012658
 31
0.0
  0
LINE
  5
965
330
1F
100
AcDbEntity
  8
0
  6
Continuous
 62
     7
370
    15
100
AcDbLine
 10
-21.4312658228
 20
-89.155
 30
0.0
 11
-25.2287341772
 21
-89.155
 31
0.0
  0
LINE
  5
966
330
1F
100
AcDbEntity
  8
0
  6
Continuous
 62
     7
370
    15
100
AcDbLine
 10
119.8891589462
 20
-97.485
 30
0.0
 11
124.2621810981
 21
-97.485
 31
0.0
  0
LINE
  5
967
330
1F
100
AcDbEntity
  8
0
  6
Continuous
 62
     7
370
    15
100
AcDbLine
 10
116.6761447057
 20
-104.8366613924
 30
0.0
 11
119.8891589462
 21
-97.485
 31
0.0
  0
LINE
  5
968
330
1F
100
AcDbEntity
  8
0
  6
Continuous
 62
     7
370
    15
100
AcDbLine
 10
113.4512633766
 20
-97.485
 30
0.0
 11
116.6761447057
 21
-104.8366613924
 31
0.0
  0
LINE
  5
969
330
1F
100
AcDbEntity
  8
0
  6
Continuous
 62
     7
370
    15
100
AcDbLine
 10
109.0723076804
 20
-97.485
 30
0.0
 11
113.4512633766
 21
-97.485
 31
0.0
  0
LINE
  5
96A
330
1F
100
AcDbEntity
  8
0
  6
Continuous
 62
     7
370
    15
100
AcDbLine
 10
109.0723076804
 20
-112.485
 30
0.0
 11
109.0723076804
 21
-97.485
 31
0.0
  0
LINE
  5
96B
330
1F
100
AcDbEntity
  8
0
  6
Continuous
 62
     7
370
    15
100
AcDbLine
 10
112.6799026171
 20
-112.485
 30
0.0
 11
109.0723076804
 21
-112.485
 31
0.0
  0
LINE
  5
96C
330
1F
100
AcDbEntity
  8
0
  6
Continuous
 62
     7
370
    15
100
AcDbLine
 10
112.6799026171
 20
-102.504778481
 30
0.0
 11
112.6799026171
 21
-112.485
 31
0.0
  0
LINE
  5
96D
330
1F
100
AcDbEntity
  8
0
  6
Continuous
 62
     7
370
    15
100
AcDbLine
 10
115.3262633766
 20
-108.8774050633
 30
0.0
 11
112.6799026171
 21
-102.504778481
 31
0.0
  0
LINE
  5
96E
330
1F
100
AcDbEntity
  8
0
  6
Continuous
 62
     7
370
    15
100
AcDbLine
 10
117.8183519842
 20
-108.8774050633
 30
0.0
 11
115.3262633766
 21
-108.8774050633
 31
0.0
  0
LINE
  5
96F
330
1F
100
AcDbEntity
  8
0
  6
Continuous
 62
     7
370
    15
100
AcDbLine
 10
120.4647127437
 20
-102.504778481
 30
0.0
 11
117.8183519842
 21
-108.8774050633
 31
0.0
  0
LINE
  5
970
330
1F
100
AcDbEntity
  8
0
  6
Continuous
 62
     7
370
    15
100
AcDbLine
 10
120.4647127437
 20
-112.485
 30
0.0
 11
120.4647127437
 21
-102.504778481
 31
0.0
  0
LINE
  5
971
330
1F
100
AcDbEntity
  8
0
  6
Continuous
 62
     7
370
    15
100
AcDbLine
 10
124.2621810981
 20
-112.485
 30
0.0
 11
120.4647127437
 21
-112.485
 31
0.0
  0
LINE
  5
972
330
1F
100
AcDbEntity
  8
0
  6
Continuous
 62
     7
370
    15
100
AcDbLine
 10
124.2621810981
 20
-97.485
 30
0.0
 11
124.2621810981
 21
-112.485
 31
0.0
  0
LINE
  5
973
330
1F
100
AcDbEntity
  8
0
  6
Continuous
 62
     7
370
    15
100
AcDbLine
 10
64.8946090641
 20
-97.485
 30
0.0
 11
70.7361834312
 21
-97.485
 31
0.0
  0
LINE
  5
974
330
1F
100
AcDbEntity
  8
0
  6
Continuous
 62
     7
370
    15
100
AcDbLine
 10
64.8946090641
 20
-100.3331012658
 30
0.0
 11
64.8946090641
 21
-97.485
 31
0.0
  0
LINE
  5
975
330
1F
100
AcDbEntity
  8
0
  6
Continuous
 62
     7
370
    15
100
AcDbLine
 10
69.2379634945
 20
-100.3331012658
 30
0.0
 11
64.8946090641
 21
-100.3331012658
 31
0.0
  0
LINE
  5
976
330
1F
100
AcDbEntity
  8
0
  6
Continuous
 62
     7
370
    15
100
AcDbLine
 10
64.8946090641
 20
-104.7001898734
 30
0.0
 11
68.9590869122
 21
-104.7001898734
 31
0.0
  0
LINE
  5
977
330
1F
100
AcDbEntity
  8
0
  6
Continuous
 62
     7
370
    15
100
AcDbLine
 10
64.8946090641
 20
-112.485
 30
0.0
 11
64.8946090641
 21
-104.7001898734
 31
0.0
  0
LINE
  5
978
330
1F
100
AcDbEntity
  8
0
  6
Continuous
 62
     7
370
    15
100
AcDbLine
 10
68.6920774185
 20
-112.485
 30
0.0
 11
64.8946090641
 21
-112.485
 31
0.0
  0
LINE
  5
979
330
1F
100
AcDbEntity
  8
0
  6
Continuous
 62
     7
370
    15
100
AcDbLine
 10
68.6920774185
 20
-107.5482911392
 30
0.0
 11
68.6920774185
 21
-112.485
 31
0.0
  0
LINE
  5
97A
330
1F
100
AcDbEntity
  8
0
  6
Continuous
 62
     7
370
    15
100
AcDbLine
 10
70.6679476717
 20
-107.5482911392
 30
0.0
 11
68.6920774185
 21
-107.5482911392
 31
0.0
  0
LINE
  5
97B
330
1F
100
AcDbEntity
  8
0
  6
Continuous
 62
     7
370
    15
100
AcDbLine
 10
25.2287341772
 20
-109.8267721519
 30
0.0
 11
27.3173417722
 21
-109.8267721519
 31
0.0
  0
LINE
  5
97C
330
1F
100
AcDbEntity
  8
0
  6
Continuous
 62
     7
370
    15
100
AcDbLine
 10
25.2287341772
 20
-100.1432278481
 30
0.0
 11
25.2287341772
 21
-109.8267721519
 31
0.0
  0
LINE
  5
97D
330
1F
100
AcDbEntity
  8
0
  6
Continuous
 62
     7
370
    15
100
AcDbLine
 10
27.3173417722
 20
-100.1432278481
 30
0.0
 11
25.2287341772
 21
-100.1432278481
 31
0.0
  0
LINE
  5
97E
330
1F
100
AcDbEntity
  8
0
  6
Continuous
 62
     7
370
    15
100
AcDbLine
 10
27.3173417722
 20
-97.485
 30
0.0
 11
27.3173417722
 21
-100.1432278481
 31
0.0
  0
LINE
  5
97F
330
1F
100
AcDbEntity
  8
0
  6
Continuous
 62
     7
370
    15
100
AcDbLine
 10
19.3426582278
 20
-97.485
 30
0.0
 11
27.3173417722
 21
-97.485
 31
0.0
  0
LINE
  5
980
330
1F
100
AcDbEntity
  8
0
  6
Continuous
 62
     7
370
    15
100
AcDbLine
 10
19.3426582278
 20
-100.1432278481
 30
0.0
 11
19.3426582278
 21
-97.485
 31
0.0
  0
LINE
  5
981
330
1F
100
AcDbEntity
  8
0
  6
Continuous
 62
     7
370
    15
100
AcDbLine
 10
21.4312658228
 20
-100.1432278481
 30
0.0
 11
19.3426582278
 21
-100.1432278481
 31
0.0
  0
LINE
  5
982
330
1F
100
AcDbEntity
  8
0
  6
Continuous
 62
     7
370
    15
100
AcDbLine
 10
21.4312658228
 20
-109.8267721519
 30
0.0
 11
21.4312658228
 21
-100.1432278481
 31
0.0
  0
LINE
  5
983
330
1F
100
AcDbEntity
  8
0
  6
Continuous
 62
     7
370
    15
100
AcDbLine
 10
19.3426582278
 20
-109.8267721519
 30
0.0
 11
21.4312658228
 21
-109.8267721519
 31
0.0
  0
LINE
  5
984
330
1F
100
AcDbEntity
  8
0
  6
Continuous
 62
     7
370
    15
100
AcDbLine
 10
19.3426582278
 20
-112.485
 30
0.0
 11
19.3426582278
 21
-109.8267721519
 31
0.0
  0
LINE
  5
985
330
1F
100
AcDbEntity
  8
0
  6
Continuous
 62
     7
370
    15
100
AcDbLine
 10
27.3173417722
 20
-112.485
 30
0.0
 11
19.3426582278
 21
-112.485
 31
0.0
  0
LINE
  5
986
330
1F
100
AcDbEntity
  8
0
  6
Continuous
 62
     7
370
    15
100
AcDbLine
 10
27.3173417722
 20
-109.8267721519
 30
0.0
 11
27.3173417722
 21
-112.485
 31
0.0
  0
LINE
  5
987
330
1F
100
AcDbEntity
  8
0
  6
Continuous
 62
     7
370
    15
100
AcDbLine
 10
-18.3620997966
 20
-109.6368987342
 30
0.0
 11
-18.3620997966
 21
-112.485
 31
0.0
  0
LINE
  5
988
330
1F
100
AcDbEntity
  8
0
  6
Continuous
 62
     7
370
    15
100
AcDbLine
 10
-24.6279225815
 20
-109.6368987342
 30
0.0
 11
-18.3620997966
 21
-109.6368987342
 31
0.0
  0
LINE
  5
989
330
1F
100
AcDbEntity
  8
0
  6
Continuous
 62
     7
370
    15
100
AcDbLine
 10
-24.6279225815
 20
-105.8394303797
 30
0.0
 11
-24.6279225815
 21
-109.6368987342
 31
0.0
  0
LINE
  5
98A
330
1F
100
AcDbEntity
  8
0
  6
Continuous
 62
     7
370
    15
100
AcDbLine
 10
-18.9317200498
 20
-105.8394303797
 30
0.0
 11
-24.6279225815
 21
-105.8394303797
 31
0.0
  0
LINE
  5
98B
330
1F
100
AcDbEntity
  8
0
  6
Continuous
 62
     7
370
    15
100
AcDbLine
 10
-18.9317200498
 20
-102.9913291139
 30
0.0
 11
-18.9317200498
 21
-105.8394303797
 31
0.0
  0
LINE
  5
98C
330
1F
100
AcDbEntity
  8
0
  6
Continuous
 62
     7
370
    15
100
AcDbLine
 10
-24.6279225815
 20
-102.9913291139
 30
0.0
 11
-18.9317200498
 21
-102.9913291139
 31
0.0
  0
LINE
  5
98D
330
1F
100
AcDbEntity
  8
0
  6
Continuous
 62
     7
370
    15
100
AcDbLine
 10
-24.6279225815
 20
-100.3331012658
 30
0.0
 11
-24.6279225815
 21
-102.9913291139
 31
0.0
  0
LINE
  5
98E
330
1F
100
AcDbEntity
  8
0
  6
Continuous
 62
     7
370
    15
100
AcDbLine
 10
-18.3620997966
 20
-100.3331012658
 30
0.0
 11
-24.6279225815
 21
-100.3331012658
 31
0.0
  0
LINE
  5
98F
330
1F
100
AcDbEntity
  8
0
  6
Continuous
 62
     7
370
    15
100
AcDbLine
 10
-18.3620997966
 20
-97.485
 30
0.0
 11
-18.3620997966
 21
-100.3331012658
 31
0.0
  0
LINE
  5
990
330
1F
100
AcDbEntity
  8
0
  6
Continuous
 62
     7
370
    15
100
AcDbLine
 10
-28.4253909359
 20
-97.485
 30
0.0
 11
-18.3620997966
 21
-97.485
 31
0.0
  0
LINE
  5
991
330
1F
100
AcDbEntity
  8
0
  6
Continuous
 62
     7
370
    15
100
AcDbLine
 10
-28.4253909359
 20
-112.485
 30
0.0
 11
-28.4253909359
 21
-97.485
 31
0.0
  0
LINE
  5
992
330
1F
100
AcDbEntity
  8
0
  6
Continuous
 62
     7
370
    15
100
AcDbLine
 10
-18.3620997966
 20
-112.485
 30
0.0
 11
-28.4253909359
 21
-112.485
 31
0.0
  0
LINE
  5
993
330
1F
100
AcDbEntity
  8
0
  6
Continuous
 62
     7
370
    15
100
AcDbLine
 10
-64.4836708861
 20
-101.4723417722
 30
0.0
 11
-64.8159493671
 21
-101.4723417722
 31
0.0
  0
LINE
  5
994
330
1F
100
AcDbEntity
  8
0
  6
Continuous
 62
     7
370
    15
100
AcDbLine
 10
-64.4836708861
 20
-98.0991218354
 30
0.0
 11
-64.4836708861
 21
-101.4723417722
 31
0.0
  0
LINE
  5
995
330
1F
100
AcDbEntity
  8
0
  6
Continuous
 62
     7
370
    15
100
AcDbLine
 10
-75.6862025316
 20
-108.1179113924
 30
0.0
 11
-75.3479905063
 21
-108.1179113924
 31
0.0
  0
LINE
  5
996
330
1F
100
AcDbEntity
  8
0
  6
Continuous
 62
     7
370
    15
100
AcDbLine
 10
-75.6862025316
 20
-111.7017721519
 30
0.0
 11
-75.6862025316
 21
-108.1179113924
 31
0.0
  0
LINE
  5
997
330
1F
100
AcDbEntity
  8
0
  6
Continuous
 62
     7
370
    15
100
AcDbLine
 10
122.1563291139
 20
-8.1523417722
 30
0.0
 11
121.8240506329
 21
-8.1523417722
 31
0.0
  0
LINE
  5
998
330
1F
100
AcDbEntity
  8
0
  6
Continuous
 62
     7
370
    15
100
AcDbLine
 10
122.1563291139
 20
-4.7791218354
 30
0.0
 11
122.1563291139
 21
-8.1523417722
 31
0.0
  0
LINE
  5
999
330
1F
100
AcDbEntity
  8
0
  6
Continuous
 62
     7
370
    15
100
AcDbLine
 10
110.9537974684
 20
-14.7979113924
 30
0.0
 11
111.2920094937
 21
-14.7979113924
 31
0.0
  0
LINE
  5
99A
330
1F
100
AcDbEntity
  8
0
  6
Continuous
 62
     7
370
    15
100
AcDbLine
 10
110.9537974684
 20
-18.3817721519
 30
0.0
 11
110.9537974684
 21
-14.7979113924
 31
0.0
  0
LINE
  5
99B
330
1F
100
AcDbEntity
  8
0
  6
Continuous
 62
     7
370
    15
100
AcDbLine
 10
-43.7099225701
 20
-27.495
 30
0.0
 11
-40.2922010512
 21
-27.495
 31
0.0
  0
LINE
  5
99C
330
1F
100
AcDbEntity
  8
0
  6
Continuous
 62
     7
370
    15
100
AcDbLine
 10
-43.7099225701
 20
-36.0867721519
 30
0.0
 11
-43.7099225701
 21
-27.495
 31
0.0
  0
LINE
  5
99D
330
1F
100
AcDbEntity
  8
0
  6
Continuous
 62
     7
370
    15
100
AcDbLine
 10
-48.433023836
 20
-27.495
 30
0.0
 11
-43.7099225701
 21
-36.0867721519
 31
0.0
  0
LINE
  5
99E
330
1F
100
AcDbEntity
  8
0
  6
Continuous
 62
     7
370
    15
100
AcDbLine
 10
-53.0137200385
 20
-27.495
 30
0.0
 11
-48.433023836
 21
-27.495
 31
0.0
  0
LINE
  5
99F
330
1F
100
AcDbEntity
  8
0
  6
Continuous
 62
     7
370
    15
100
AcDbLine
 10
-53.0137200385
 20
-42.495
 30
0.0
 11
-53.0137200385
 21
-27.495
 31
0.0
  0
LINE
  5
9A0
330
1F
100
AcDbEntity
  8
0
  6
Continuous
 62
     7
370
    15
100
AcDbLine
 10
-49.5959985195
 20
-42.495
 30
0.0
 11
-53.0137200385
 21
-42.495
 31
0.0
  0
LINE
  5
9A1
330
1F
100
AcDbEntity
  8
0
  6
Continuous
 62
     7
370
    15
100
AcDbLine
 10
-49.5959985195
 20
-32.0371281646
 30
0.0
 11
-49.5959985195
 21
-42.495
 31
0.0
  0
LINE
  5
9A2
330
1F
100
AcDbEntity
  8
0
  6
Continuous
 62
     7
370
    15
100
AcDbLine
 10
-43.8879288993
 20
-42.495
 30
0.0
 11
-49.5959985195
 21
-32.0371281646
 31
0.0
  0
LINE
  5
9A3
330
1F
100
AcDbEntity
  8
0
  6
Continuous
 62
     7
370
    15
100
AcDbLine
 10
-40.2922010512
 20
-42.495
 30
0.0
 11
-43.8879288993
 21
-42.495
 31
0.0
  0
LINE
  5
9A4
330
1F
100
AcDbEntity
  8
0
  6
Continuous
 62
     7
370
    15
100
AcDbLine
 10
-40.2922010512
 20
-27.495
 30
0.0
 11
-40.2922010512
 21
-42.495
 31
0.0
  0
LINE
  5
9A5
330
1F
100
AcDbEntity
  8
0
  6
Continuous
 62
     7
370
    15
100
AcDbLine
 10
4.2744622434
 20
-37.6413607595
 30
0.0
 11
6.4372391421
 21
-27.495
 31
0.0
  0
LINE
  5
9A6
330
1F
100
AcDbEntity
  8
0
  6
Continuous
 62
     7
370
    15
100
AcDbLine
 10
1.9010445219
 20
-27.495
 30
0.0
 11
4.2744622434
 21
-37.6413607595
 31
0.0
  0
LINE
  5
9A7
330
1F
100
AcDbEntity
  8
0
  6
Continuous
 62
     7
370
    15
100
AcDbLine
 10
-1.7836864908
 20
-27.495
 30
0.0
 11
1.9010445219
 21
-27.495
 31
0.0
  0
LINE
  5
9A8
330
1F
100
AcDbEntity
  8
0
  6
Continuous
 62
     7
370
    15
100
AcDbLine
 10
-4.3351105414
 20
-37.8282674051
 30
0.0
 11
-1.7836864908
 21
-27.495
 31
0.0
  0
LINE
  5
9A9
330
1F
100
AcDbEntity
  8
0
  6
Continuous
 62
     7
370
    15
100
AcDbLine
 10
-6.4385519971
 20
-27.495
 30
0.0
 11
-4.3351105414
 21
-37.8282674051
 31
0.0
  0
LINE
  5
9AA
330
1F
100
AcDbEntity
  8
0
  6
Continuous
 62
     7
370
    15
100
AcDbLine
 10
-10.1588842756
 20
-27.495
 30
0.0
 11
-6.4385519971
 21
-27.495
 31
0.0
  0
LINE
  5
9AB
330
1F
100
AcDbEntity
  8
0
  6
Continuous
 62
     7
370
    15
100
AcDbLine
 10
-6.4148178199
 20
-42.495
 30
0.0
 11
-10.1588842756
 21
-27.495
 31
0.0
  0
LINE
  5
9AC
330
1F
100
AcDbEntity
  8
0
  6
Continuous
 62
     7
370
    15
100
AcDbLine
 10
-2.4779111743
 20
-42.495
 30
0.0
 11
-6.4148178199
 21
-42.495
 31
0.0
  0
LINE
  5
9AD
330
1F
100
AcDbEntity
  8
0
  6
Continuous
 62
     7
370
    15
100
AcDbLine
 10
-0.0362576933
 20
-33.217903481
 30
0.0
 11
-2.4779111743
 21
-42.495
 31
0.0
  0
LINE
  5
9AE
330
1F
100
AcDbEntity
  8
0
  6
Continuous
 62
     7
370
    15
100
AcDbLine
 10
2.3697945219
 20
-42.495
 30
0.0
 11
-0.0362576933
 21
-33.217903481
 31
0.0
  0
LINE
  5
9AF
330
1F
100
AcDbEntity
  8
0
  6
Continuous
 62
     7
370
    15
100
AcDbLine
 10
6.4135049649
 20
-42.495
 30
0.0
 11
2.3697945219
 21
-42.495
 31
0.0
  0
LINE
  5
9B0
330
1F
100
AcDbEntity
  8
0
  6
Continuous
 62
     7
370
    15
100
AcDbLine
 10
10.1575714206
 20
-27.495
 30
0.0
 11
6.4135049649
 21
-42.495
 31
0.0
  0
LINE
  5
9B1
330
1F
100
AcDbEntity
  8
0
  6
Continuous
 62
     7
370
    15
100
AcDbLine
 10
6.4372391421
 20
-27.495
 30
0.0
 11
10.1575714206
 21
-27.495
 31
0.0
  0
LINE
  5
9B2
330
1F
100
AcDbEntity
  8
0
  6
Continuous
 62
     7
370
    15
100
AcDbLine
 10
63.3291658899
 20
-4.165
 30
0.0
 11
69.3161120924
 21
-4.165
 31
0.0
  0
LINE
  5
9B3
330
1F
100
AcDbEntity
  8
0
  6
Continuous
 62
     7
370
    15
100
AcDbLine
 10
63.3291658899
 20
-6.8232278481
 30
0.0
 11
63.3291658899
 21
-4.165
 31
0.0
  0
LINE
  5
9B4
330
1F
100
AcDbEntity
  8
0
  6
Continuous
 62
     7
370
    15
100
AcDbLine
 10
68.3637782316
 20
-6.8232278481
 30
0.0
 11
63.3291658899
 21
-6.8232278481
 31
0.0
  0
LINE
  5
9B5
330
1F
100
AcDbEntity
  8
0
  6
Continuous
 62
     7
370
    15
100
AcDbLine
 10
63.3291658899
 20
-11.000443038
 30
0.0
 11
68.1857719025
 21
-11.000443038
 31
0.0
  0
LINE
  5
9B6
330
1F
100
AcDbEntity
  8
0
  6
Continuous
 62
     7
370
    15
100
AcDbLine
 10
63.3291658899
 20
-19.165
 30
0.0
 11
63.3291658899
 21
-11.000443038
 31
0.0
  0
LINE
  5
9B7
330
1F
100
AcDbEntity
  8
0
  6
Continuous
 62
     7
370
    15
100
AcDbLine
 10
67.1266342443
 20
-19.165
 30
0.0
 11
63.3291658899
 21
-19.165
 31
0.0
  0
LINE
  5
9B8
330
1F
100
AcDbEntity
  8
0
  6
Continuous
 62
     7
370
    15
100
AcDbLine
 10
67.1266342443
 20
-13.6586708861
 30
0.0
 11
67.1266342443
 21
-19.165
 31
0.0
  0
LINE
  5
9B9
330
1F
100
AcDbEntity
  8
0
  6
Continuous
 62
     7
370
    15
100
AcDbLine
 10
68.3014760164
 20
-13.6586708861
 30
0.0
 11
67.1266342443
 21
-13.6586708861
 31
0.0
  0
LINE
  5
9BA
330
1F
100
AcDbEntity
  8
0
  6
Continuous
 62
     7
370
    15
100
AcDbLine
 10
72.4223225354
 20
-19.165
 30
0.0
 11
68.3014760164
 21
-13.6586708861
 31
0.0
  0
LINE
  5
9BB
330
1F
100
AcDbEntity
  8
0
  6
Continuous
 62
     7
370
    15
100
AcDbLine
 10
77.0000519658
 20
-19.165
 30
0.0
 11
72.4223225354
 21
-19.165
 31
0.0
  0
LINE
  5
9BC
330
1F
100
AcDbEntity
  8
0
  6
Continuous
 62
     7
370
    15
100
AcDbLine
 10
72.0247750671
 20
-12.7923734177
 30
0.0
 11
77.0000519658
 21
-19.165
 31
0.0
  0
LINE
  5
9BD
330
1F
100
AcDbEntity
  8
0
  6
Continuous
 62
     7
370
    15
100
AcDbLine
 10
28.2979002034
 20
-16.3168987342
 30
0.0
 11
28.2979002034
 21
-19.165
 31
0.0
  0
LINE
  5
9BE
330
1F
100
AcDbEntity
  8
0
  6
Continuous
 62
     7
370
    15
100
AcDbLine
 10
22.0320774185
 20
-16.3168987342
 30
0.0
 11
28.2979002034
 21
-16.3168987342
 31
0.0
  0
LINE
  5
9BF
330
1F
100
AcDbEntity
  8
0
  6
Continuous
 62
     7
370
    15
100
AcDbLine
 10
22.0320774185
 20
-12.5194303797
 30
0.0
 11
22.0320774185
 21
-16.3168987342
 31
0.0
  0
LINE
  5
9C0
330
1F
100
AcDbEntity
  8
0
  6
Continuous
 62
     7
370
    15
100
AcDbLine
 10
27.7282799502
 20
-12.5194303797
 30
0.0
 11
22.0320774185
 21
-12.5194303797
 31
0.0
  0
LINE
  5
9C1
330
1F
100
AcDbEntity
  8
0
  6
Continuous
 62
     7
370
    15
100
AcDbLine
 10
27.7282799502
 20
-9.6713291139
 30
0.0
 11
27.7282799502
 21
-12.5194303797
 31
0.0
  0
LINE
  5
9C2
330
1F
100
AcDbEntity
  8
0
  6
Continuous
 62
     7
370
    15
100
AcDbLine
 10
22.0320774185
 20
-9.6713291139
 30
0.0
 11
27.7282799502
 21
-9.6713291139
 31
0.0
  0
LINE
  5
9C3
330
1F
100
AcDbEntity
  8
0
  6
Continuous
 62
     7
370
    15
100
AcDbLine
 10
22.0320774185
 20
-7.0131012658
 30
0.0
 11
22.0320774185
 21
-9.6713291139
 31
0.0
  0
LINE
  5
9C4
330
1F
100
AcDbEntity
  8
0
  6
Continuous
 62
     7
370
    15
100
AcDbLine
 10
28.2979002034
 20
-7.0131012658
 30
0.0
 11
22.0320774185
 21
-7.0131012658
 31
0.0
  0
LINE
  5
9C5
330
1F
100
AcDbEntity
  8
0
  6
Continuous
 62
     7
370
    15
100
AcDbLine
 10
28.2979002034
 20
-4.165
 30
0.0
 11
28.2979002034
 21
-7.0131012658
 31
0.0
  0
LINE
  5
9C6
330
1F
100
AcDbEntity
  8
0
  6
Continuous
 62
     7
370
    15
100
AcDbLine
 10
18.2346090641
 20
-4.165
 30
0.0
 11
28.2979002034
 21
-4.165
 31
0.0
  0
LINE
  5
9C7
330
1F
100
AcDbEntity
  8
0
  6
Continuous
 62
     7
370
    15
100
AcDbLine
 10
18.2346090641
 20
-19.165
 30
0.0
 11
18.2346090641
 21
-4.165
 31
0.0
  0
LINE
  5
9C8
330
1F
100
AcDbEntity
  8
0
  6
Continuous
 62
     7
370
    15
100
AcDbLine
 10
28.2979002034
 20
-19.165
 30
0.0
 11
18.2346090641
 21
-19.165
 31
0.0
  0
LINE
  5
9C9
330
1F
100
AcDbEntity
  8
0
  6
Continuous
 62
     7
370
    15
100
AcDbLine
 10
-16.9794400868
 20
-4.165
 30
0.0
 11
-22.3047960995
 21
-11.1250474684
 31
0.0
  0
LINE
  5
9CA
330
1F
100
AcDbEntity
  8
0
  6
Continuous
 62
     7
370
    15
100
AcDbLine
 10
-21.2812597071
 20
-4.165
 30
0.0
 11
-16.9794400868
 21
-4.165
 31
0.0
  0
LINE
  5
9CB
330
1F
100
AcDbEntity
  8
0
  6
Continuous
 62
     7
370
    15
100
AcDbLine
 10
-26.0933641375
 20
-10.8817721519
 30
0.0
 11
-21.2812597071
 21
-4.165
 31
0.0
  0
LINE
  5
9CC
330
1F
100
AcDbEntity
  8
0
  6
Continuous
 62
     7
370
    15
100
AcDbLine
 10
-26.0933641375
 20
-4.165
 30
0.0
 11
-26.0933641375
 21
-10.8817721519
 31
0.0
  0
LINE
  5
9CD
330
1F
100
AcDbEntity
  8
0
  6
Continuous
 62
     7
370
    15
100
AcDbLine
 10
-29.8908324919
 20
-4.165
 30
0.0
 11
-26.0933641375
 21
-4.165
 31
0.0
  0
LINE
  5
9CE
330
1F
100
AcDbEntity
  8
0
  6
Continuous
 62
     7
370
    15
100
AcDbLine
 10
-29.8908324919
 20
-19.165
 30
0.0
 11
-29.8908324919
 21
-4.165
 31
0.0
  0
LINE
  5
9CF
330
1F
100
AcDbEntity
  8
0
  6
Continuous
 62
     7
370
    15
100
AcDbLine
 10
-26.0933641375
 20
-19.165
 30
0.0
 11
-29.8908324919
 21
-19.165
 31
0.0
  0
LINE
  5
9D0
330
1F
100
AcDbEntity
  8
0
  6
Continuous
 62
     7
370
    15
100
AcDbLine
 10
-26.0933641375
 20
-14.1036867089
 30
0.0
 11
-26.0933641375
 21
-19.165
 31
0.0
  0
LINE
  5
9D1
330
1F
100
AcDbEntity
  8
0
  6
Continuous
 62
     7
370
    15
100
AcDbLine
 10
-25.1617976818
 20
-12.8072072785
 30
0.0
 11
-26.0933641375
 21
-14.1036867089
 31
0.0
  0
LINE
  5
9D2
330
1F
100
AcDbEntity
  8
0
  6
Continuous
 62
     7
370
    15
100
AcDbLine
 10
-20.9341473653
 20
-19.165
 30
0.0
 11
-25.1617976818
 21
-12.8072072785
 31
0.0
  0
LINE
  5
9D3
330
1F
100
AcDbEntity
  8
0
  6
Continuous
 62
     7
370
    15
100
AcDbLine
 10
-16.7895666691
 20
-19.165
 30
0.0
 11
-20.9341473653
 21
-19.165
 31
0.0
  0
LINE
  5
9D4
330
1F
100
AcDbEntity
  8
0
  6
Continuous
 62
     7
370
    15
100
AcDbLine
 10
-22.3047960995
 20
-11.1250474684
 30
0.0
 11
-16.7895666691
 21
-19.165
 31
0.0
  0
LINE
  5
9D5
330
1F
100
AcDbEntity
  8
0
  6
Continuous
 62
     7
370
    15
100
AcDbLine
 10
-2.2946884232
 20
-62.7870253165
 30
0.0
 11
-3.2143877903
 21
-65.825
 31
0.0
  0
LINE
  5
9D6
330
1F
100
AcDbEntity
  8
0
  6
Continuous
 62
     7
370
    15
100
AcDbLine
 10
-1.508493803
 20
-60.1287974684
 30
0.0
 11
-2.2946884232
 21
-62.7870253165
 31
0.0
  0
LINE
  5
9D7
330
1F
100
AcDbEntity
  8
0
  6
Continuous
 62
     7
370
    15
100
AcDbLine
 10
0.0104935388
 20
-55.1653876582
 30
0.0
 11
-1.508493803
 21
-60.1287974684
 31
0.0
  0
LINE
  5
9D8
330
1F
100
AcDbEntity
  8
0
  6
Continuous
 62
     7
370
    15
100
AcDbLine
 10
1.5265141084
 20
-60.1287974684
 30
0.0
 11
0.0104935388
 21
-55.1653876582
 31
0.0
  0
LINE
  5
9D9
330
1F
100
AcDbEntity
  8
0
  6
Continuous
 62
     7
370
    15
100
AcDbLine
 10
-0.465673903
 20
-60.1287974684
 30
0.0
 11
1.5265141084
 21
-60.1287974684
 31
0.0
  0
LINE
  5
9DA
330
1F
100
AcDbEntity
  8
0
  6
Continuous
 62
     7
370
    15
100
AcDbLine
 10
-1.2518685232
 20
-62.7870253165
 30
0.0
 11
-0.465673903
 21
-60.1287974684
 31
0.0
  0
LINE
  5
9DB
330
1F
100
AcDbEntity
  8
0
  6
Continuous
 62
     7
370
    15
100
AcDbLine
 10
2.3127087287
 20
-62.7870253165
 30
0.0
 11
-1.2518685232
 21
-62.7870253165
 31
0.0
  0
LINE
  5
9DC
330
1F
100
AcDbEntity
  8
0
  6
Continuous
 62
     7
370
    15
100
AcDbLine
 10
3.2324080958
 20
-65.825
 30
0.0
 11
2.3127087287
 21
-62.7870253165
 31
0.0
  0
LINE
  5
9DD
330
1F
100
AcDbEntity
  8
0
  6
Continuous
 62
     7
370
    15
100
AcDbLine
 10
7.0358099945
 20
-65.825
 30
0.0
 11
3.2324080958
 21
-65.825
 31
0.0
  0
LINE
  5
9DE
330
1F
100
AcDbEntity
  8
0
  6
Continuous
 62
     7
370
    15
100
AcDbLine
 10
2.0367989186
 20
-50.825
 30
0.0
 11
7.0358099945
 21
-65.825
 31
0.0
  0
LINE
  5
9DF
330
1F
100
AcDbEntity
  8
0
  6
Continuous
 62
     7
370
    15
100
AcDbLine
 10
-2.0158118409
 20
-50.825
 30
0.0
 11
2.0367989186
 21
-50.825
 31
0.0
  0
LINE
  5
9E0
330
1F
100
AcDbEntity
  8
0
  6
Continuous
 62
     7
370
    15
100
AcDbLine
 10
-7.0148229169
 20
-65.825
 30
0.0
 11
-2.0158118409
 21
-50.825
 31
0.0
  0
LINE
  5
9E1
330
1F
100
AcDbEntity
  8
0
  6
Continuous
 62
     7
370
    15
100
AcDbLine
 10
-3.2143877903
 20
-65.825
 30
0.0
 11
-7.0148229169
 21
-65.825
 31
0.0
  0
LINE
  5
9E2
330
1F
100
AcDbEntity
  8
0
  6
Continuous
 62
     7
370
    15
100
AcDbLine
 10
16.937803283
 20
-50.825
 30
0.0
 11
22.9247494855
 21
-50.825
 31
0.0
  0
LINE
  5
9E3
330
1F
100
AcDbEntity
  8
0
  6
Continuous
 62
     7
370
    15
100
AcDbLine
 10
16.937803283
 20
-53.4832278481
 30
0.0
 11
16.937803283
 21
-50.825
 31
0.0
  0
LINE
  5
9E4
330
1F
100
AcDbEntity
  8
0
  6
Continuous
 62
     7
370
    15
100
AcDbLine
 10
21.9724156247
 20
-53.4832278481
 30
0.0
 11
16.937803283
 21
-53.4832278481
 31
0.0
  0
LINE
  5
9E5
330
1F
100
AcDbEntity
  8
0
  6
Continuous
 62
     7
370
    15
100
AcDbLine
 10
16.937803283
 20
-57.660443038
 30
0.0
 11
21.7944092956
 21
-57.660443038
 31
0.0
  0
LINE
  5
9E6
330
1F
100
AcDbEntity
  8
0
  6
Continuous
 62
     7
370
    15
100
AcDbLine
 10
16.937803283
 20
-65.825
 30
0.0
 11
16.937803283
 21
-57.660443038
 31
0.0
  0
LINE
  5
9E7
330
1F
100
AcDbEntity
  8
0
  6
Continuous
 62
     7
370
    15
100
AcDbLine
 10
20.7352716374
 20
-65.825
 30
0.0
 11
16.937803283
 21
-65.825
 31
0.0
  0
LINE
  5
9E8
330
1F
100
AcDbEntity
  8
0
  6
Continuous
 62
     7
370
    15
100
AcDbLine
 10
20.7352716374
 20
-60.3186708861
 30
0.0
 11
20.7352716374
 21
-65.825
 31
0.0
  0
LINE
  5
9E9
330
1F
100
AcDbEntity
  8
0
  6
Continuous
 62
     7
370
    15
100
AcDbLine
 10
21.9101134095
 20
-60.3186708861
 30
0.0
 11
20.7352716374
 21
-60.3186708861
 31
0.0
  0
LINE
  5
9EA
330
1F
100
AcDbEntity
  8
0
  6
Continuous
 62
     7
370
    15
100
AcDbLine
 10
26.0309599285
 20
-65.825
 30
0.0
 11
21.9101134095
 21
-60.3186708861
 31
0.0
  0
LINE
  5
9EB
330
1F
100
AcDbEntity
  8
0
  6
Continuous
 62
     7
370
    15
100
AcDbLine
 10
30.6086893589
 20
-65.825
 30
0.0
 11
26.0309599285
 21
-65.825
 31
0.0
  0
LINE
  5
9EC
330
1F
100
AcDbEntity
  8
0
  6
Continuous
 62
     7
370
    15
100
AcDbLine
 10
-17.0564790129
 20
-50.825
 30
0.0
 11
-17.0564790129
 21
-60.4373417722
 31
0.0
  0
LINE
  5
9ED
330
1F
100
AcDbEntity
  8
0
  6
Continuous
 62
     7
370
    15
100
AcDbLine
 10
-20.8539473673
 20
-50.825
 30
0.0
 11
-17.0564790129
 21
-50.825
 31
0.0
  0
LINE
  5
9EE
330
1F
100
AcDbEntity
  8
0
  6
Continuous
 62
     7
370
    15
100
AcDbLine
 10
-20.8539473673
 20
-60.2445015823
 30
0.0
 11
-20.8539473673
 21
-50.825
 31
0.0
  0
LINE
  5
9EF
330
1F
100
AcDbEntity
  8
0
  6
Continuous
 62
     7
370
    15
100
AcDbLine
 10
-25.7906562281
 20
-50.825
 30
0.0
 11
-25.7906562281
 21
-60.2445015823
 31
0.0
  0
LINE
  5
9F0
330
1F
100
AcDbEntity
  8
0
  6
Continuous
 62
     7
370
    15
100
AcDbLine
 10
-29.5881245825
 20
-50.825
 30
0.0
 11
-25.7906562281
 21
-50.825
 31
0.0
  0
LINE
  5
9F1
330
1F
100
AcDbEntity
  8
0
  6
Continuous
 62
     7
370
    15
100
AcDbLine
 10
-29.5881245825
 20
-60.4462420886
 30
0.0
 11
-29.5881245825
 21
-50.825
 31
0.0
  0
LINE
  5
9F2
330
1F
100
AcDbEntity
  8
0
  6
Continuous
 62
     7
370
    15
100
AcDbLine
 10
-76.4576133826
 20
-50.825
 30
0.0
 11
-70.47066718
 21
-50.825
 31
0.0
  0
LINE
  5
9F3
330
1F
100
AcDbEntity
  8
0
  6
Continuous
 62
     7
370
    15
100
AcDbLine
 10
-76.4576133826
 20
-53.4832278481
 30
0.0
 11
-76.4576133826
 21
-50.825
 31
0.0
  0
LINE
  5
9F4
330
1F
100
AcDbEntity
  8
0
  6
Continuous
 62
     7
370
    15
100
AcDbLine
 10
-71.4230010408
 20
-53.4832278481
 30
0.0
 11
-76.4576133826
 21
-53.4832278481
 31
0.0
  0
LINE
  5
9F5
330
1F
100
AcDbEntity
  8
0
  6
Continuous
 62
     7
370
    15
100
AcDbLine
 10
-76.4576133826
 20
-57.660443038
 30
0.0
 11
-71.6010073699
 21
-57.660443038
 31
0.0
  0
LINE
  5
9F6
330
1F
100
AcDbEntity
  8
0
  6
Continuous
 62
     7
370
    15
100
AcDbLine
 10
-76.4576133826
 20
-65.825
 30
0.0
 11
-76.4576133826
 21
-57.660443038
 31
0.0
  0
LINE
  5
9F7
330
1F
100
AcDbEntity
  8
0
  6
Continuous
 62
     7
370
    15
100
AcDbLine
 10
-72.6601450281
 20
-65.825
 30
0.0
 11
-76.4576133826
 21
-65.825
 31
0.0
  0
LINE
  5
9F8
330
1F
100
AcDbEntity
  8
0
  6
Continuous
 62
     7
370
    15
100
AcDbLine
 10
-72.6601450281
 20
-60.3186708861
 30
0.0
 11
-72.6601450281
 21
-65.825
 31
0.0
  0
LINE
  5
9F9
330
1F
100
AcDbEntity
  8
0
  6
Continuous
 62
     7
370
    15
100
AcDbLine
 10
-71.485303256
 20
-60.3186708861
 30
0.0
 11
-72.6601450281
 21
-60.3186708861
 31
0.0
  0
LINE
  5
9FA
330
1F
100
AcDbEntity
  8
0
  6
Continuous
 62
     7
370
    15
100
AcDbLine
 10
-67.364456737
 20
-65.825
 30
0.0
 11
-71.485303256
 21
-60.3186708861
 31
0.0
  0
LINE
  5
9FB
330
1F
100
AcDbEntity
  8
0
  6
Continuous
 62
     7
370
    15
100
AcDbLine
 10
-62.7867273066
 20
-65.825
 30
0.0
 11
-67.364456737
 21
-65.825
 31
0.0
  0
LINE
  5
9FC
330
1F
100
AcDbEntity
  8
0
  6
Continuous
 62
     7
370
    15
100
AcDbLine
 10
-67.7620042053
 20
-59.4523734177
 30
0.0
 11
-62.7867273066
 21
-65.825
 31
0.0
  0
LINE
  5
9FD
330
1F
100
AcDbEntity
  8
0
  6
Continuous
 62
     7
370
    15
100
AcDbLine
 10
51.6279002034
 20
-39.6468987342
 30
0.0
 11
51.6279002034
 21
-42.495
 31
0.0
  0
LINE
  5
9FE
330
1F
100
AcDbEntity
  8
0
  6
Continuous
 62
     7
370
    15
100
AcDbLine
 10
45.3620774185
 20
-39.6468987342
 30
0.0
 11
51.6279002034
 21
-39.6468987342
 31
0.0
  0
LINE
  5
9FF
330
1F
100
AcDbEntity
  8
0
  6
Continuous
 62
     7
370
    15
100
AcDbLine
 10
45.3620774185
 20
-35.8494303797
 30
0.0
 11
45.3620774185
 21
-39.6468987342
 31
0.0
  0
LINE
  5
A00
330
1F
100
AcDbEntity
  8
0
  6
Continuous
 62
     7
370
    15
100
AcDbLine
 10
51.0582799502
 20
-35.8494303797
 30
0.0
 11
45.3620774185
 21
-35.8494303797
 31
0.0
  0
LINE
  5
A01
330
1F
100
AcDbEntity
  8
0
  6
Continuous
 62
     7
370
    15
100
AcDbLine
 10
51.0582799502
 20
-33.0013291139
 30
0.0
 11
51.0582799502
 21
-35.8494303797
 31
0.0
  0
LINE
  5
A02
330
1F
100
AcDbEntity
  8
0
  6
Continuous
 62
     7
370
    15
100
AcDbLine
 10
45.3620774185
 20
-33.0013291139
 30
0.0
 11
51.0582799502
 21
-33.0013291139
 31
0.0
  0
LINE
  5
A03
330
1F
100
AcDbEntity
  8
0
  6
Continuous
 62
     7
370
    15
100
AcDbLine
 10
45.3620774185
 20
-30.3431012658
 30
0.0
 11
45.3620774185
 21
-33.0013291139
 31
0.0
  0
LINE
  5
A04
330
1F
100
AcDbEntity
  8
0
  6
Continuous
 62
     7
370
    15
100
AcDbLine
 10
51.6279002034
 20
-30.3431012658
 30
0.0
 11
45.3620774185
 21
-30.3431012658
 31
0.0
  0
LINE
  5
A05
330
1F
100
AcDbEntity
  8
0
  6
Continuous
 62
     7
370
    15
100
AcDbLine
 10
51.6279002034
 20
-27.495
 30
0.0
 11
51.6279002034
 21
-30.3431012658
 31
0.0
  0
LINE
  5
A06
330
1F
100
AcDbEntity
  8
0
  6
Continuous
 62
     7
370
    15
100
AcDbLine
 10
41.5646090641
 20
-27.495
 30
0.0
 11
51.6279002034
 21
-27.495
 31
0.0
  0
LINE
  5
A07
330
1F
100
AcDbEntity
  8
0
  6
Continuous
 62
     7
370
    15
100
AcDbLine
 10
41.5646090641
 20
-42.495
 30
0.0
 11
41.5646090641
 21
-27.495
 31
0.0
  0
LINE
  5
A08
330
1F
100
AcDbEntity
  8
0
  6
Continuous
 62
     7
370
    15
100
AcDbLine
 10
51.6279002034
 20
-42.495
 30
0.0
 11
41.5646090641
 21
-42.495
 31
0.0
  0
LINE
  5
A09
330
1F
100
AcDbEntity
  8
0
  6
Continuous
 62
     7
370
    15
100
AcDbLine
 10
95.2187341772
 20
-39.8367721519
 30
0.0
 11
97.3073417722
 21
-39.8367721519
 31
0.0
  0
LINE
  5
A0A
330
1F
100
AcDbEntity
  8
0
  6
Continuous
 62
     7
370
    15
100
AcDbLine
 10
95.2187341772
 20
-30.1532278481
 30
0.0
 11
95.2187341772
 21
-39.8367721519
 31
0.0
  0
LINE
  5
A0B
330
1F
100
AcDbEntity
  8
0
  6
Continuous
 62
     7
370
    15
100
AcDbLine
 10
97.3073417722
 20
-30.1532278481
 30
0.0
 11
95.2187341772
 21
-30.1532278481
 31
0.0
  0
LINE
  5
A0C
330
1F
100
AcDbEntity
  8
0
  6
Continuous
 62
     7
370
    15
100
AcDbLine
 10
97.3073417722
 20
-27.495
 30
0.0
 11
97.3073417722
 21
-30.1532278481
 31
0.0
  0
LINE
  5
A0D
330
1F
100
AcDbEntity
  8
0
  6
Continuous
 62
     7
370
    15
100
AcDbLine
 10
89.3326582278
 20
-27.495
 30
0.0
 11
97.3073417722
 21
-27.495
 31
0.0
  0
LINE
  5
A0E
330
1F
100
AcDbEntity
  8
0
  6
Continuous
 62
     7
370
    15
100
AcDbLine
 10
89.3326582278
 20
-30.1532278481
 30
0.0
 11
89.3326582278
 21
-27.495
 31
0.0
  0
LINE
  5
A0F
330
1F
100
AcDbEntity
  8
0
  6
Continuous
 62
     7
370
    15
100
AcDbLine
 10
91.4212658228
 20
-30.1532278481
 30
0.0
 11
89.3326582278
 21
-30.1532278481
 31
0.0
  0
LINE
  5
A10
330
1F
100
AcDbEntity
  8
0
  6
Continuous
 62
     7
370
    15
100
AcDbLine
 10
91.4212658228
 20
-39.8367721519
 30
0.0
 11
91.4212658228
 21
-30.1532278481
 31
0.0
  0
LINE
  5
A11
330
1F
100
AcDbEntity
  8
0
  6
Continuous
 62
     7
370
    15
100
AcDbLine
 10
89.3326582278
 20
-39.8367721519
 30
0.0
 11
91.4212658228
 21
-39.8367721519
 31
0.0
  0
LINE
  5
A12
330
1F
100
AcDbEntity
  8
0
  6
Continuous
 62
     7
370
    15
100
AcDbLine
 10
89.3326582278
 20
-42.495
 30
0.0
 11
89.3326582278
 21
-39.8367721519
 31
0.0
  0
LINE
  5
A13
330
1F
100
AcDbEntity
  8
0
  6
Continuous
 62
     7
370
    15
100
AcDbLine
 10
97.3073417722
 20
-42.495
 30
0.0
 11
89.3326582278
 21
-42.495
 31
0.0
  0
LINE
  5
A14
330
1F
100
AcDbEntity
  8
0
  6
Continuous
 62
     7
370
    15
100
AcDbLine
 10
97.3073417722
 20
-39.8367721519
 30
0.0
 11
97.3073417722
 21
-42.495
 31
0.0
  0
LINE
  5
A15
330
1F
100
AcDbEntity
  8
0
  6
Continuous
 62
     7
370
    15
100
AcDbLine
 10
-111.6820997966
 20
-62.9768987342
 30
0.0
 11
-111.6820997966
 21
-65.825
 31
0.0
  0
LINE
  5
A16
330
1F
100
AcDbEntity
  8
0
  6
Continuous
 62
     7
370
    15
100
AcDbLine
 10
-117.9479225815
 20
-62.9768987342
 30
0.0
 11
-111.6820997966
 21
-62.9768987342
 31
0.0
  0
LINE
  5
A17
330
1F
100
AcDbEntity
  8
0
  6
Continuous
 62
     7
370
    15
100
AcDbLine
 10
-117.9479225815
 20
-59.1794303797
 30
0.0
 11
-117.9479225815
 21
-62.9768987342
 31
0.0
  0
LINE
  5
A18
330
1F
100
AcDbEntity
  8
0
  6
Continuous
 62
     7
370
    15
100
AcDbLine
 10
-112.2517200498
 20
-59.1794303797
 30
0.0
 11
-117.9479225815
 21
-59.1794303797
 31
0.0
  0
LINE
  5
A19
330
1F
100
AcDbEntity
  8
0
  6
Continuous
 62
     7
370
    15
100
AcDbLine
 10
-112.2517200498
 20
-56.3313291139
 30
0.0
 11
-112.2517200498
 21
-59.1794303797
 31
0.0
  0
LINE
  5
A1A
330
1F
100
AcDbEntity
  8
0
  6
Continuous
 62
     7
370
    15
100
AcDbLine
 10
-117.9479225815
 20
-56.3313291139
 30
0.0
 11
-112.2517200498
 21
-56.3313291139
 31
0.0
  0
LINE
  5
A1B
330
1F
100
AcDbEntity
  8
0
  6
Continuous
 62
     7
370
    15
100
AcDbLine
 10
-117.9479225815
 20
-53.6731012658
 30
0.0
 11
-117.9479225815
 21
-56.3313291139
 31
0.0
  0
LINE
  5
A1C
330
1F
100
AcDbEntity
  8
0
  6
Continuous
 62
     7
370
    15
100
AcDbLine
 10
-111.6820997966
 20
-53.6731012658
 30
0.0
 11
-117.9479225815
 21
-53.6731012658
 31
0.0
  0
LINE
  5
A1D
330
1F
100
AcDbEntity
  8
0
  6
Continuous
 62
     7
370
    15
100
AcDbLine
 10
-111.6820997966
 20
-50.825
 30
0.0
 11
-111.6820997966
 21
-53.6731012658
 31
0.0
  0
LINE
  5
A1E
330
1F
100
AcDbEntity
  8
0
  6
Continuous
 62
     7
370
    15
100
AcDbLine
 10
-121.7453909359
 20
-50.825
 30
0.0
 11
-111.6820997966
 21
-50.825
 31
0.0
  0
LINE
  5
A1F
330
1F
100
AcDbEntity
  8
0
  6
Continuous
 62
     7
370
    15
100
AcDbLine
 10
-121.7453909359
 20
-65.825
 30
0.0
 11
-121.7453909359
 21
-50.825
 31
0.0
  0
LINE
  5
A20
330
1F
100
AcDbEntity
  8
0
  6
Continuous
 62
     7
370
    15
100
AcDbLine
 10
-111.6820997966
 20
-65.825
 30
0.0
 11
-121.7453909359
 21
-65.825
 31
0.0
  0
LINE
  5
A21
330
1F
100
AcDbEntity
  8
0
  6
Continuous
 62
     7
370
    15
100
AcDbLine
 10
-69.7879225815
 20
97.485
 30
0.0
 11
-69.7879225815
 21
100.1497890748
 31
0.0
  0
LINE
  5
A22
330
1F
100
AcDbEntity
  8
0
  6
Continuous
 62
     7
370
    15
100
AcDbLine
 10
-69.0984447334
 20
97.485
 30
0.0
 11
-69.7879225815
 21
97.485
 31
0.0
  0
LINE
  5
A23
330
1F
100
AcDbEntity
  8
0
  6
Continuous
 62
     7
370
    15
100
AcDbLine
 10
-66.1257390372
 20
105.8542642405
 30
0.0
 11
-66.1257390372
 21
105.7741613924
 31
0.0
  0
LINE
  5
A24
330
1F
100
AcDbEntity
  8
0
  6
Continuous
 62
     7
370
    15
100
AcDbLine
 10
-75.0853909359
 20
112.485
 30
0.0
 11
-69.7808023283
 21
112.485
 31
0.0
  0
LINE
  5
A25
330
1F
100
AcDbEntity
  8
0
  6
Continuous
 62
     7
370
    15
100
AcDbLine
 10
-75.0853909359
 20
97.485
 30
0.0
 11
-75.0853909359
 21
112.485
 31
0.0
  0
LINE
  5
A26
330
1F
100
AcDbEntity
  8
0
  6
Continuous
 62
     7
370
    15
100
AcDbLine
 10
-71.2879225815
 20
97.485
 30
0.0
 11
-75.0853909359
 21
97.485
 31
0.0
  0
LINE
  5
A27
330
1F
100
AcDbEntity
  8
0
  6
Continuous
 62
     7
370
    15
100
AcDbLine
 10
-71.2879225815
 20
109.8267721519
 30
0.0
 11
-71.2879225815
 21
97.485
 31
0.0
  0
LINE
  5
A28
330
1F
100
AcDbEntity
  8
0
  6
Continuous
 62
     7
370
    15
100
AcDbLine
 10
-71.0268466321
 20
109.8267721519
 30
0.0
 11
-71.2879225815
 21
109.8267721519
 31
0.0
  0
LINE
  5
A29
330
1F
100
AcDbEntity
  8
0
  6
Continuous
 62
     7
370
    15
100
AcDbLine
 10
-69.7879225815
 20
104.1286148373
 30
0.0
 11
-69.7879225717
 21
106.6088194078
 31
0.0
  0
LINE
  5
A2A
330
1F
100
AcDbEntity
  8
0
  6
Continuous
 62
     7
370
    15
100
AcDbLine
 10
-109.4804237
 20
72.6360126582
 30
0.0
 11
-109.4804237
 21
70.0667879747
 31
0.0
  0
LINE
  5
A2B
330
1F
100
AcDbEntity
  8
0
  6
Continuous
 62
     7
370
    15
100
AcDbLine
 10
-109.851270219
 20
72.6360126582
 30
0.0
 11
-109.4804237
 21
72.6360126582
 31
0.0
  0
LINE
  5
A2C
330
1F
100
AcDbEntity
  8
0
  6
Continuous
 62
     7
370
    15
100
AcDbLine
 10
-114.6612643119
 20
77.3662371188
 30
0.0
 11
-112.768116569
 21
74.7422462851
 31
0.0
  0
LINE
  5
A2D
330
1F
100
AcDbEntity
  8
0
  6
Continuous
 62
     7
370
    15
100
AcDbLine
 10
-121.8720987228
 20
87.360789
 30
0.0
 11
-119.5797734337
 21
84.1835195285
 31
0.0
  0
LINE
  5
A2E
330
1F
100
AcDbEntity
  8
0
  6
Continuous
 62
     7
370
    15
100
AcDbLine
 10
-111.2395614917
 20
76.0418576127
 30
0.0
 11
-113.5635493464
 21
79.263012874
 31
0.0
  0
LINE
  5
A2F
330
1F
100
AcDbEntity
  8
0
  6
Continuous
 62
     7
370
    15
100
AcDbLine
 10
-118.4468547024
 20
86.0315012257
 30
0.0
 11
-120.3260035755
 21
88.636088966
 31
0.0
  0
LINE
  5
A30
330
1F
100
AcDbEntity
  8
0
  6
Continuous
 62
     7
370
    15
100
AcDbLine
 10
64.7526571076
 20
87.4051809622
 30
0.0
 11
67.0315152937
 21
84.246577522
 31
0.0
  0
LINE
  5
A31
330
1F
100
AcDbEntity
  8
0
  6
Continuous
 62
     7
370
    15
100
AcDbLine
 10
71.9685320686
 20
77.4036426442
 30
0.0
 11
73.8714698353
 21
74.7660823908
 31
0.0
  0
LINE
  5
A32
330
1F
100
AcDbEntity
  8
0
  6
Continuous
 62
     7
370
    15
100
AcDbLine
 10
75.3853947639
 20
76.0859717763
 30
0.0
 11
73.0466852179
 21
79.3275319842
 31
0.0
  0
LINE
  5
A33
330
1F
100
AcDbEntity
  8
0
  6
Continuous
 62
     7
370
    15
100
AcDbLine
 10
68.1847030028
 20
86.0664654731
 30
0.0
 11
66.3099780394
 21
88.6649214689
 31
0.0
  0
LINE
  5
A34
330
1F
100
AcDbEntity
  8
0
  6
Continuous
 62
     7
370
    15
100
AcDbLine
 10
123.778863613
 20
25.9760126582
 30
0.0
 11
123.778863613
 21
23.4067879747
 31
0.0
  0
LINE
  5
A35
330
1F
100
AcDbEntity
  8
0
  6
Continuous
 62
     7
370
    15
100
AcDbLine
 10
123.408017094
 20
25.9760126582
 30
0.0
 11
123.778863613
 21
25.9760126582
 31
0.0
  0
LINE
  5
A36
330
1F
100
AcDbEntity
  8
0
  6
Continuous
 62
     7
370
    15
100
AcDbLine
 10
118.6292651628
 20
30.7361365517
 30
0.0
 11
120.5281206135
 21
28.1042345637
 31
0.0
  0
LINE
  5
A37
330
1F
100
AcDbEntity
  8
0
  6
Continuous
 62
     7
370
    15
100
AcDbLine
 10
111.4162244096
 20
40.733746526
 30
0.0
 11
113.6958333781
 21
37.5741024664
 31
0.0
  0
LINE
  5
A38
330
1F
100
AcDbEntity
  8
0
  6
Continuous
 62
     7
370
    15
100
AcDbLine
 10
122.0479337586
 20
29.4159626217
 30
0.0
 11
119.7113048304
 21
32.6546390003
 31
0.0
  0
LINE
  5
A39
330
1F
100
AcDbEntity
  8
0
  6
Continuous
 62
     7
370
    15
100
AcDbLine
 10
114.8450000819
 20
39.3995637178
 30
0.0
 11
112.9706357734
 21
41.9975198291
 31
0.0
  0
LINE
  5
A3A
330
1F
100
AcDbEntity
  8
0
  6
Continuous
 62
     7
370
    15
100
AcDbLine
 10
-121.7556898708
 20
-5.823928877
 30
0.0
 11
-119.5115571761
 21
-8.9344011702
 31
0.0
  0
LINE
  5
A3B
330
1F
100
AcDbEntity
  8
0
  6
Continuous
 62
     7
370
    15
100
AcDbLine
 10
-114.5372483038
 20
-15.8290246302
 30
0.0
 11
-112.6176734589
 21
-18.489644652
 31
0.0
  0
LINE
  5
A3C
330
1F
100
AcDbEntity
  8
0
  6
Continuous
 62
     7
370
    15
100
AcDbLine
 10
-111.1269470479
 20
-17.137601038
 30
0.0
 11
-113.5030949114
 21
-13.8441495789
 31
0.0
  0
LINE
  5
A3D
330
1F
100
AcDbEntity
  8
0
  6
Continuous
 62
     7
370
    15
100
AcDbLine
 10
-118.3132442228
 20
-7.1770589072
 30
0.0
 11
-120.1750341433
 21
-4.5965314826
 31
0.0
  0
LINE
  5
A3E
330
1F
100
AcDbEntity
  8
0
  6
Continuous
 62
     7
370
    15
100
AcDbLine
 10
-98.635777215
 20
-29.3157989384
 30
0.0
 11
-96.3294360302
 21
-32.5124950933
 31
0.0
  0
LINE
  5
A3F
330
1F
100
AcDbEntity
  8
0
  6
Continuous
 62
     7
370
    15
100
AcDbLine
 10
-91.4250294782
 20
-39.3102306853
 30
0.0
 11
-89.5335693326
 21
-41.931882422
 31
0.0
  0
LINE
  5
A40
330
1F
100
AcDbEntity
  8
0
  6
Continuous
 62
     7
370
    15
100
AcDbLine
 10
-88.0018656633
 20
-40.636635198
 30
0.0
 11
-90.313155078
 21
-37.4330805654
 31
0.0
  0
LINE
  5
A41
330
1F
100
AcDbEntity
  8
0
  6
Continuous
 62
     7
370
    15
100
AcDbLine
 10
-95.2112052711
 20
-30.6441551835
 30
0.0
 11
-97.0962905373
 21
-28.0313393262
 31
0.0
  0
LINE
  5
A42
330
1F
100
AcDbEntity
  8
0
  6
Continuous
 62
     7
370
    15
100
AcDbLine
 10
-39.5327073803
 20
-67.3439873418
 30
0.0
 11
-39.5327073803
 21
-69.9132120253
 31
0.0
  0
LINE
  5
A43
330
1F
100
AcDbEntity
  8
0
  6
Continuous
 62
     7
370
    15
100
AcDbLine
 10
-39.9035538993
 20
-67.3439873418
 30
0.0
 11
-39.5327073803
 21
-67.3439873418
 31
0.0
  0
LINE
  5
A44
330
1F
100
AcDbEntity
  8
0
  6
Continuous
 62
     7
370
    15
100
AcDbLine
 10
-44.7177856802
 20
-62.6177427102
 30
0.0
 11
-42.8253865519
 21
-65.240695926
 31
0.0
  0
LINE
  5
A45
330
1F
100
AcDbEntity
  8
0
  6
Continuous
 62
     7
370
    15
100
AcDbLine
 10
-51.9282782494
 20
-52.6236646375
 30
0.0
 11
-49.6342289988
 21
-55.8033235998
 31
0.0
  0
LINE
  5
A46
330
1F
100
AcDbEntity
  8
0
  6
Continuous
 62
     7
370
    15
100
AcDbLine
 10
-41.2956562654
 20
-63.9427134963
 30
0.0
 11
-43.6179594348
 21
-60.723893287
 31
0.0
  0
LINE
  5
A47
330
1F
100
AcDbEntity
  8
0
  6
Continuous
 62
     7
370
    15
100
AcDbLine
 10
-48.5035006489
 20
-53.9523059321
 30
0.0
 11
-50.3833010527
 21
-51.3468151399
 31
0.0
  0
LINE
  5
A48
330
1F
100
AcDbEntity
  8
0
  6
Continuous
 62
     7
370
    15
100
AcDbLine
 10
100.5049838561
 20
-90.6739873418
 30
0.0
 11
100.5049838561
 21
-93.2432120253
 31
0.0
  0
LINE
  5
A49
330
1F
100
AcDbEntity
  8
0
  6
Continuous
 62
     7
370
    15
100
AcDbLine
 10
100.1341373372
 20
-90.6739873418
 30
0.0
 11
100.5049838561
 21
-90.6739873418
 31
0.0
  0
LINE
  5
A4A
330
1F
100
AcDbEntity
  8
0
  6
Continuous
 62
     7
370
    15
100
AcDbLine
 10
95.3248693919
 20
-85.9430791212
 30
0.0
 11
97.2181460193
 21
-88.5672485953
 31
0.0
  0
LINE
  5
A4B
330
1F
100
AcDbEntity
  8
0
  6
Continuous
 62
     7
370
    15
100
AcDbLine
 10
88.1139774158
 20
-75.9484474519
 30
0.0
 11
90.4060072671
 21
-79.1253074329
 31
0.0
  0
LINE
  5
A4C
330
1F
100
AcDbEntity
  8
0
  6
Continuous
 62
     7
370
    15
100
AcDbLine
 10
98.7464994699
 20
-87.2673578032
 30
0.0
 11
96.4222222365
 21
-84.0458014494
 31
0.0
  0
LINE
  5
A4D
330
1F
100
AcDbEntity
  8
0
  6
Continuous
 62
     7
370
    15
100
AcDbLine
 10
91.539301669
 20
-77.2778464326
 30
0.0
 11
89.6602643657
 21
-74.6734133332
 31
0.0
  0
LINE
  5
A4E
330
1F
100
AcDbEntity
  8
0
  6
Continuous
 62
     7
370
    15
100
AcDbLine
 10
-21.1952233147
 20
80.5276265823
 30
0.0
 11
-16.2199464159
 21
74.155
 31
0.0
  0
LINE
  5
A4F
330
1F
100
AcDbEntity
  8
0
  6
Continuous
 62
     7
370
    15
100
AcDbLine
 10
-0.7870234792
 20
156.956813105
 30
0.0
 11
0.6984567889
 21
156.9419210722
 31
0.0
  0
LINE
  5
A50
330
1F
100
AcDbEntity
  8
0
  6
Continuous
 62
     7
370
    15
100
AcDbLine
 10
48.7382174824
 20
80.5276265823
 30
0.0
 11
53.7134943811
 21
74.155
 31
0.0
  0
LINE
  5
A51
330
1F
100
AcDbEntity
  8
0
  6
Continuous
 62
     7
370
    15
100
AcDbLine
 10
25.6334124602
 20
-59.4523734177
 30
0.0
 11
30.6086893589
 21
-65.825
 31
0.0
  0
ARC
  5
A52
330
1F
100
AcDbEntity
  8
0
  6
Continuous
 62
     7
370
    15
100
AcDbCircle
 10
68.7234589362
 20
-37.2864046294
 30
0.0
 40
6.995925472772941
100
AcDbArc
 50
67.1071822502
 51
97.0318851506
  0
ARC
  5
A53
330
1F
100
AcDbEntity
  8
0
  6
Continuous
 62
     7
370
    15
100
AcDbCircle
 10
69.1295419734
 20
-34.5660813604
 30
0.0
 40
4.385590210997567
100
AcDbArc
 50
354.504224533
 51
58.1326603832
  0
ARC
  5
A54
330
1F
100
AcDbEntity
  8
0
  6
Continuous
 62
     7
370
    15
100
AcDbCircle
 10
69.0820082776
 20
-35.4327955257
 30
0.0
 40
4.435514948043034
100
AcDbArc
 50
304.9499383638
 51
5.7799936813
  0
ARC
  5
A55
330
1F
100
AcDbEntity
  8
0
  6
Continuous
 62
     7
370
    15
100
AcDbCircle
 10
69.4620644127
 20
-33.1876322423
 30
0.0
 40
9.341937248289442
100
AcDbArc
 50
265.0694012341
 51
299.6629537247
  0
ARC
  5
A56
330
1F
100
AcDbEntity
  8
0
  6
Continuous
 62
     7
370
    15
100
AcDbCircle
 10
69.9246263378
 20
-35.2211131967
 30
0.0
 40
7.370843493187631
100
AcDbArc
 50
304.3665694742
 51
1.6425626972
  0
ARC
  5
A57
330
1F
100
AcDbEntity
  8
0
  6
Continuous
 62
     7
370
    15
100
AcDbCircle
 10
70.0302984484
 20
-34.6802643798
 30
0.0
 40
7.26961707392909
100
AcDbArc
 50
357.4015942796
 51
55.7285080745
  0
ARC
  5
A58
330
1F
100
AcDbEntity
  8
0
  6
Continuous
 62
     7
370
    15
100
AcDbCircle
 10
70.9159073081
 20
-55.5794635107
 30
0.0
 40
1.76455304607359
100
AcDbArc
 50
358.0316556052
 51
66.0521339389
  0
ARC
  5
A59
330
1F
100
AcDbEntity
  8
0
  6
Continuous
 62
     7
370
    15
100
AcDbCircle
 10
72.3047100471
 20
-55.2417194236
 30
0.0
 40
4.18319564205605
100
AcDbArc
 50
355.8405765586
 51
55.1214388081
  0
ARC
  5
A5A
330
1F
100
AcDbEntity
  8
0
  6
Continuous
 62
     7
370
    15
100
AcDbCircle
 10
45.9933974543
 20
-14.0250161979
 30
0.0
 40
5.564060035799537
100
AcDbArc
 50
177.5404738354
 51
277.2372971717
  0
ARC
  5
A5B
330
1F
100
AcDbEntity
  8
0
  6
Continuous
 62
     7
370
    15
100
AcDbCircle
 10
-21.3252058156
 20
-37.7109861409
 30
0.0
 40
4.073495054193755
100
AcDbArc
 50
358.0579033931
 51
75.6952056616
  0
ARC
  5
A5C
330
1F
100
AcDbEntity
  8
0
  6
Continuous
 62
     7
370
    15
100
AcDbCircle
 10
-24.7470394401
 20
-32.0522023601
 30
0.0
 40
4.282059840883786
100
AcDbArc
 50
177.8923853487
 51
255.9104762872
  0
ARC
  5
A5D
330
1F
100
AcDbEntity
  8
0
  6
Continuous
 62
     7
370
    15
100
AcDbCircle
 10
-22.6869833718
 20
-38.6822309025
 30
0.0
 40
1.646395635428296
100
AcDbArc
 50
6.606113717
 51
85.0109985095
  0
ARC
  5
A5E
330
1F
100
AcDbEntity
  8
0
  6
Continuous
 62
     7
370
    15
100
AcDbCircle
 10
-22.559368434
 20
-38.5093109847
 30
0.0
 40
1.507939575201093
100
AcDbArc
 50
292.8343467747
 51
0.6264391764
  0
ARC
  5
A5F
330
1F
100
AcDbEntity
  8
0
  6
Continuous
 62
     7
370
    15
100
AcDbCircle
 10
-23.3664268364
 20
-32.4117138475
 30
0.0
 40
7.809862627853947
100
AcDbArc
 50
227.0476279636
 51
267.9379138626
  0
ARC
  5
A60
330
1F
100
AcDbEntity
  8
0
  6
Continuous
 62
     7
370
    15
100
AcDbCircle
 10
-47.0332338914
 20
-107.2764046294
 30
0.0
 40
6.995925472773459
100
AcDbArc
 50
67.1071822502
 51
97.0318851506
  0
ARC
  5
A61
330
1F
100
AcDbEntity
  8
0
  6
Continuous
 62
     7
370
    15
100
AcDbCircle
 10
-46.6271508541
 20
-104.5560813604
 30
0.0
 40
4.385590210997459
100
AcDbArc
 50
354.504224533
 51
58.1326603832
  0
ARC
  5
A62
330
1F
100
AcDbEntity
  8
0
  6
Continuous
 62
     7
370
    15
100
AcDbCircle
 10
-46.6746845499
 20
-105.4227955257
 30
0.0
 40
4.435514948043036
100
AcDbArc
 50
304.9499383638
 51
5.7799936813
  0
ARC
  5
A63
330
1F
100
AcDbEntity
  8
0
  6
Continuous
 62
     7
370
    15
100
AcDbCircle
 10
-46.2946284148
 20
-103.1776322423
 30
0.0
 40
9.341937248289511
100
AcDbArc
 50
265.0694012341
 51
299.6629537247
  0
ARC
  5
A64
330
1F
100
AcDbEntity
  8
0
  6
Continuous
 62
     7
370
    15
100
AcDbCircle
 10
-45.8320664897
 20
-105.2111131967
 30
0.0
 40
7.370843493187593
100
AcDbArc
 50
304.3665694742
 51
1.6425626972
  0
ARC
  5
A65
330
1F
100
AcDbEntity
  8
0
  6
Continuous
 62
     7
370
    15
100
AcDbCircle
 10
-46.120013083
 20
-82.2454861162
 30
0.0
 40
4.634577850870452
100
AcDbArc
 50
172.5321771542
 51
272.2411302951
  0
ARC
  5
A66
330
1F
100
AcDbEntity
  8
0
  6
Continuous
 62
     7
370
    15
100
AcDbCircle
 10
-46.5453773671
 20
-84.5178484551
 30
0.0
 40
10.74587890237527
100
AcDbArc
 50
61.4611384454
 51
91.4164577552
  0
ARC
  5
A67
330
1F
100
AcDbEntity
  8
0
  6
Continuous
 62
     7
370
    15
100
AcDbCircle
 10
-47.1678027577
 20
-81.1285312433
 30
0.0
 40
7.361929147119567
100
AcDbArc
 50
87.2220832749
 51
183.8925429308
  0
ARC
  5
A68
330
1F
100
AcDbEntity
  8
0
  6
Continuous
 62
     7
370
    15
100
AcDbCircle
 10
-47.273064142
 20
-82.2734091539
 30
0.0
 40
7.268369935965995
100
AcDbArc
 50
174.9079658672
 51
272.5205854681
  0
ARC
  5
A69
330
1F
100
AcDbEntity
  8
0
  6
Continuous
 62
     7
370
    15
100
AcDbCircle
 10
116.0205706931
 20
-84.0150161979
 30
0.0
 40
5.564060035799518
100
AcDbArc
 50
177.5404738354
 51
277.2372971717
  0
ARC
  5
A6A
330
1F
100
AcDbEntity
  8
0
  6
Continuous
 62
     7
370
    15
100
AcDbCircle
 10
118.6547941844
 20
78.9390138591
 30
0.0
 40
4.07349505419378
100
AcDbArc
 50
358.0579033931
 51
75.6952056616
  0
ARC
  5
A6B
330
1F
100
AcDbEntity
  8
0
  6
Continuous
 62
     7
370
    15
100
AcDbCircle
 10
115.2329605599
 20
84.5977976399
 30
0.0
 40
4.282059840883688
100
AcDbArc
 50
177.8923853487
 51
255.9104762872
  0
ARC
  5
A6C
330
1F
100
AcDbEntity
  8
0
  6
Continuous
 62
     7
370
    15
100
AcDbCircle
 10
117.2930166282
 20
77.9677690975
 30
0.0
 40
1.646395635428277
100
AcDbArc
 50
6.606113717
 51
85.0109985095
  0
ARC
  5
A6D
330
1F
100
AcDbEntity
  8
0
  6
Continuous
 62
     7
370
    15
100
AcDbCircle
 10
117.420631566
 20
78.1406890153
 30
0.0
 40
1.50793957520115
100
AcDbArc
 50
292.8343467747
 51
0.6264391764
  0
ARC
  5
A6E
330
1F
100
AcDbEntity
  8
0
  6
Continuous
 62
     7
370
    15
100
AcDbCircle
 10
116.6135731636
 20
84.2382861525
 30
0.0
 40
7.80986262785401
100
AcDbArc
 50
227.0476279636
 51
267.9379138626
  0
ARC
  5
A6F
330
1F
100
AcDbEntity
  8
0
  6
Continuous
 62
     7
370
    15
100
AcDbCircle
 10
-23.0337276212
 20
84.8830818069
 30
0.0
 40
4.727588000108979
100
AcDbArc
 50
292.8853523519
 51
1.8312177667
  0
ARC
  5
A70
330
1F
100
AcDbEntity
  8
0
  6
Continuous
 62
     7
370
    15
100
AcDbCircle
 10
-21.9627506414
 20
85.2300658438
 30
0.0
 40
3.659444584656414
100
AcDbArc
 50
356.9311407225
 51
58.4336200684
  0
ARC
  5
A71
330
1F
100
AcDbEntity
  8
0
  6
Continuous
 62
     7
370
    15
100
AcDbCircle
 10
-21.4838878907
 20
102.2690138591
 30
0.0
 40
4.073495054193823
100
AcDbArc
 50
358.0579033931
 51
75.6952056616
  0
ARC
  5
A72
330
1F
100
AcDbEntity
  8
0
  6
Continuous
 62
     7
370
    15
100
AcDbCircle
 10
-24.9057215152
 20
107.9277976399
 30
0.0
 40
4.28205984088379
100
AcDbArc
 50
177.8923853487
 51
255.9104762872
  0
ARC
  5
A73
330
1F
100
AcDbEntity
  8
0
  6
Continuous
 62
     7
370
    15
100
AcDbCircle
 10
-22.8456654469
 20
101.2977690975
 30
0.0
 40
1.64639563542832
100
AcDbArc
 50
6.606113717
 51
85.0109985095
  0
ARC
  5
A74
330
1F
100
AcDbEntity
  8
0
  6
Continuous
 62
     7
370
    15
100
AcDbCircle
 10
-22.7180505092
 20
101.4706890153
 30
0.0
 40
1.50793957520104
100
AcDbArc
 50
292.8343467747
 51
0.6264391764
  0
ARC
  5
A75
330
1F
100
AcDbEntity
  8
0
  6
Continuous
 62
     7
370
    15
100
AcDbCircle
 10
-23.5251089115
 20
107.5682861525
 30
0.0
 40
7.809862627853664
100
AcDbArc
 50
227.0476279636
 51
267.9379138626
  0
ARC
  5
A76
330
1F
100
AcDbEntity
  8
0
  6
Continuous
 62
     7
370
    15
100
AcDbCircle
 10
22.0496168422
 20
102.8726295151
 30
0.0
 40
5.783434110922806
100
AcDbArc
 50
265.7294111924
 51
310.1068277459
  0
ARC
  5
A77
330
1F
100
AcDbEntity
  8
0
  6
Continuous
 62
     7
370
    15
100
AcDbCircle
 10
-94.0185819439
 20
79.2949838021
 30
0.0
 40
5.564060035799544
100
AcDbArc
 50
177.5404738354
 51
277.2372971717
  0
ARC
  5
A78
330
1F
100
AcDbEntity
  8
0
  6
Continuous
 62
     7
370
    15
100
AcDbCircle
 10
-70.0046845499
 20
11.2272044743
 30
0.0
 40
4.435514948042927
100
AcDbArc
 50
304.9499383638
 51
5.7799936813
  0
ARC
  5
A79
330
1F
100
AcDbEntity
  8
0
  6
Continuous
 62
     7
370
    15
100
AcDbCircle
 10
-69.6246284148
 20
13.4723677577
 30
0.0
 40
9.341937248289426
100
AcDbArc
 50
265.0694012341
 51
299.6629537247
  0
ARC
  5
A7A
330
1F
100
AcDbEntity
  8
0
  6
Continuous
 62
     7
370
    15
100
AcDbCircle
 10
-69.1620664897
 20
11.4388868033
 30
0.0
 40
7.370843493187574
100
AcDbArc
 50
304.3665694742
 51
1.6425626972
  0
ARC
  5
A7B
330
1F
100
AcDbEntity
  8
0
  6
Continuous
 62
     7
370
    15
100
AcDbCircle
 10
-69.0563943791
 20
11.9797356202
 30
0.0
 40
7.269617073929054
100
AcDbArc
 50
357.4015942796
 51
55.7285080745
  0
ARC
  5
A7C
330
1F
100
AcDbEntity
  8
0
  6
Continuous
 62
     7
370
    15
100
AcDbCircle
 10
-94.0185819439
 20
32.6349838021
 30
0.0
 40
5.564060035799491
100
AcDbArc
 50
177.5404738354
 51
277.2372971717
  0
ARC
  5
A7D
330
1F
100
AcDbEntity
  8
0
  6
Continuous
 62
     7
370
    15
100
AcDbCircle
 10
94.2459073081
 20
61.0705364893
 30
0.0
 40
1.764553046073591
100
AcDbArc
 50
358.0316556052
 51
66.0521339389
  0
ARC
  5
A7E
330
1F
100
AcDbEntity
  8
0
  6
Continuous
 62
     7
370
    15
100
AcDbCircle
 10
93.9141189686
 20
60.752264242
 30
0.0
 40
2.111083618410854
100
AcDbArc
 50
312.5570499152
 51
7.0106146506
  0
ARC
  5
A7F
330
1F
100
AcDbEntity
  8
0
  6
Continuous
 62
     7
370
    15
100
AcDbCircle
 10
48.5061121093
 20
55.6090138591
 30
0.0
 40
4.073495054193804
100
AcDbArc
 50
358.0579033931
 51
75.6952056616
  0
ARC
  5
A80
330
1F
100
AcDbEntity
  8
0
  6
Continuous
 62
     7
370
    15
100
AcDbCircle
 10
45.0842784848
 20
61.2677976399
 30
0.0
 40
4.282059840883814
100
AcDbArc
 50
177.8923853487
 51
255.9104762872
  0
ARC
  5
A81
330
1F
100
AcDbEntity
  8
0
  6
Continuous
 62
     7
370
    15
100
AcDbCircle
 10
47.1443345531
 20
54.6377690975
 30
0.0
 40
1.646395635428294
100
AcDbArc
 50
6.606113717
 51
85.0109985095
  0
ARC
  5
A82
330
1F
100
AcDbEntity
  8
0
  6
Continuous
 62
     7
370
    15
100
AcDbCircle
 10
47.2719494908
 20
54.8106890153
 30
0.0
 40
1.507939575201093
100
AcDbArc
 50
292.8343467747
 51
0.6264391764
  0
ARC
  5
A83
330
1F
100
AcDbEntity
  8
0
  6
Continuous
 62
     7
370
    15
100
AcDbCircle
 10
46.4648910885
 20
60.9082861525
 30
0.0
 40
7.809862627853811
100
AcDbArc
 50
227.0476279636
 51
267.9379138626
  0
ARC
  5
A84
330
1F
100
AcDbEntity
  8
0
  6
Continuous
 62
     7
370
    15
100
AcDbCircle
 10
-21.3252058156
 20
32.2790138591
 30
0.0
 40
4.073495054193784
100
AcDbArc
 50
358.0579033931
 51
75.6952056616
  0
ARC
  5
A85
330
1F
100
AcDbEntity
  8
0
  6
Continuous
 62
     7
370
    15
100
AcDbCircle
 10
-24.7470394401
 20
37.9377976399
 30
0.0
 40
4.282059840883766
100
AcDbArc
 50
177.8923853487
 51
255.9104762872
  0
ARC
  5
A86
330
1F
100
AcDbEntity
  8
0
  6
Continuous
 62
     7
370
    15
100
AcDbCircle
 10
-22.6869833718
 20
31.3077690975
 30
0.0
 40
1.646395635428274
100
AcDbArc
 50
6.606113717
 51
85.0109985095
  0
ARC
  5
A87
330
1F
100
AcDbEntity
  8
0
  6
Continuous
 62
     7
370
    15
100
AcDbCircle
 10
-22.559368434
 20
31.4806890153
 30
0.0
 40
1.507939575201085
100
AcDbArc
 50
292.8343467747
 51
0.6264391764
  0
ARC
  5
A88
330
1F
100
AcDbEntity
  8
0
  6
Continuous
 62
     7
370
    15
100
AcDbCircle
 10
-23.3664268364
 20
37.5782861525
 30
0.0
 40
7.809862627853835
100
AcDbArc
 50
227.0476279636
 51
267.9379138626
  0
ARC
  5
A89
330
1F
100
AcDbEntity
  8
0
  6
Continuous
 62
     7
370
    15
100
AcDbCircle
 10
46.1446258586
 20
35.6568124755
 30
0.0
 40
7.21883726624542
100
AcDbArc
 50
89.0937878716
 51
185.3784250715
  0
ARC
  5
A8A
330
1F
100
AcDbEntity
  8
0
  6
Continuous
 62
     7
370
    15
100
AcDbCircle
 10
46.0613487522
 20
34.2536009197
 30
0.0
 40
7.140837415872951
100
AcDbArc
 50
174.1601687012
 51
271.5130238004
  0
ARC
  5
A8B
330
1F
100
AcDbEntity
  8
0
  6
Continuous
 62
     7
370
    15
100
AcDbCircle
 10
69.3703628148
 20
9.3049838021
 30
0.0
 40
5.564060035799534
100
AcDbArc
 50
177.5404738354
 51
277.2372971717
  0
ARC
  5
A8C
330
1F
100
AcDbEntity
  8
0
  6
Continuous
 62
     7
370
    15
100
AcDbCircle
 10
92.6321517347
 20
102.6249838021
 30
0.0
 40
5.564060035799587
100
AcDbArc
 50
177.5404738354
 51
277.2372971717
  0
ARC
  5
A8D
330
1F
100
AcDbEntity
  8
0
  6
Continuous
 62
     7
370
    15
100
AcDbCircle
 10
45.6806336175
 20
102.6935953706
 30
0.0
 40
6.995925472773406
100
AcDbArc
 50
67.1071822502
 51
97.0318851506
  0
ARC
  5
A8E
330
1F
100
AcDbEntity
  8
0
  6
Continuous
 62
     7
370
    15
100
AcDbCircle
 10
46.0867166548
 20
105.4139186396
 30
0.0
 40
4.385590210997345
100
AcDbArc
 50
354.504224533
 51
58.1326603832
  0
ARC
  5
A8F
330
1F
100
AcDbEntity
  8
0
  6
Continuous
 62
     7
370
    15
100
AcDbCircle
 10
46.039182959
 20
104.5472044743
 30
0.0
 40
4.435514948042981
100
AcDbArc
 50
304.9499383638
 51
5.7799936813
  0
ARC
  5
A90
330
1F
100
AcDbEntity
  8
0
  6
Continuous
 62
     7
370
    15
100
AcDbCircle
 10
46.419239094
 20
106.7923677577
 30
0.0
 40
9.341937248289858
100
AcDbArc
 50
265.0694012341
 51
299.6629537247
  0
ARC
  5
A91
330
1F
100
AcDbEntity
  8
0
  6
Continuous
 62
     7
370
    15
100
AcDbCircle
 10
46.8818010192
 20
104.7588868033
 30
0.0
 40
7.370843493187502
100
AcDbArc
 50
304.3665694742
 51
1.6425626972
  0
ARC
  5
A92
330
1F
100
AcDbEntity
  8
0
  6
Continuous
 62
     7
370
    15
100
AcDbCircle
 10
47.9706901557
 20
85.2300658438
 30
0.0
 40
3.659444584656295
100
AcDbArc
 50
356.9311407225
 51
58.4336200684
  0
ARC
  5
A93
330
1F
100
AcDbEntity
  8
0
  6
Continuous
 62
     7
370
    15
100
AcDbCircle
 10
-70.7050353678
 20
55.9649838021
 30
0.0
 40
5.564060035799555
100
AcDbArc
 50
177.5404738354
 51
277.2372971717
  0
ARC
  5
A94
330
1F
100
AcDbEntity
  8
0
  6
Continuous
 62
     7
370
    15
100
AcDbCircle
 10
-24.0291902416
 20
55.9649838021
 30
0.0
 40
5.564060035799549
100
AcDbArc
 50
177.5404738354
 51
277.2372971717
  0
ARC
  5
A95
330
1F
100
AcDbEntity
  8
0
  6
Continuous
 62
     7
370
    15
100
AcDbCircle
 10
23.3653647261
 20
-80.9931875245
 30
0.0
 40
7.218837266245383
100
AcDbArc
 50
89.0937878716
 51
185.3784250715
  0
ARC
  5
A96
330
1F
100
AcDbEntity
  8
0
  6
Continuous
 62
     7
370
    15
100
AcDbCircle
 10
23.2820876197
 20
-82.3963990803
 30
0.0
 40
7.140837415872941
100
AcDbArc
 50
174.1601687012
 51
271.5130238004
  0
ARC
  5
A97
330
1F
100
AcDbEntity
  8
0
  6
Continuous
 62
     7
370
    15
100
AcDbCircle
 10
70.9159073081
 20
-102.2394635107
 30
0.0
 40
1.76455304607352
100
AcDbArc
 50
358.0316556052
 51
66.0521339389
  0
ARC
  5
A98
330
1F
100
AcDbEntity
  8
0
  6
Continuous
 62
     7
370
    15
100
AcDbCircle
 10
70.5841189686
 20
-102.557735758
 30
0.0
 40
2.111083618410957
100
AcDbArc
 50
312.5570499152
 51
7.0106146506
  0
ARC
  5
A99
330
1F
100
AcDbEntity
  8
0
  6
Continuous
 62
     7
370
    15
100
AcDbCircle
 10
-67.9852058156
 20
-107.7009861409
 30
0.0
 40
4.073495054193724
100
AcDbArc
 50
358.0579033931
 51
75.6952056616
  0
ARC
  5
A9A
330
1F
100
AcDbEntity
  8
0
  6
Continuous
 62
     7
370
    15
100
AcDbCircle
 10
-71.4070394401
 20
-102.0422023601
 30
0.0
 40
4.282059840883802
100
AcDbArc
 50
177.8923853487
 51
255.9104762872
  0
ARC
  5
A9B
330
1F
100
AcDbEntity
  8
0
  6
Continuous
 62
     7
370
    15
100
AcDbCircle
 10
-69.3469833718
 20
-108.6722309025
 30
0.0
 40
1.646395635428213
100
AcDbArc
 50
6.606113717
 51
85.0109985095
  0
ARC
  5
A9C
330
1F
100
AcDbEntity
  8
0
  6
Continuous
 62
     7
370
    15
100
AcDbCircle
 10
-69.219368434
 20
-108.4993109847
 30
0.0
 40
1.507939575201068
100
AcDbArc
 50
292.8343467747
 51
0.6264391764
  0
ARC
  5
A9D
330
1F
100
AcDbEntity
  8
0
  6
Continuous
 62
     7
370
    15
100
AcDbCircle
 10
-70.0264268364
 20
-102.4017138475
 30
0.0
 40
7.809862627853663
100
AcDbArc
 50
227.0476279636
 51
267.9379138626
  0
ARC
  5
A9E
330
1F
100
AcDbEntity
  8
0
  6
Continuous
 62
     7
370
    15
100
AcDbCircle
 10
118.6547941844
 20
-14.3809861409
 30
0.0
 40
4.073495054193821
100
AcDbArc
 50
358.0579033931
 51
75.6952056616
  0
ARC
  5
A9F
330
1F
100
AcDbEntity
  8
0
  6
Continuous
 62
     7
370
    15
100
AcDbCircle
 10
115.2329605599
 20
-8.7222023601
 30
0.0
 40
4.282059840883725
100
AcDbArc
 50
177.8923853487
 51
255.9104762872
  0
ARC
  5
AA0
330
1F
100
AcDbEntity
  8
0
  6
Continuous
 62
     7
370
    15
100
AcDbCircle
 10
117.2930166282
 20
-15.3522309025
 30
0.0
 40
1.646395635428283
100
AcDbArc
 50
6.606113717
 51
85.0109985095
  0
ARC
  5
AA1
330
1F
100
AcDbEntity
  8
0
  6
Continuous
 62
     7
370
    15
100
AcDbCircle
 10
117.420631566
 20
-15.1793109847
 30
0.0
 40
1.507939575200996
100
AcDbArc
 50
292.8343467747
 51
0.6264391764
  0
ARC
  5
AA2
330
1F
100
AcDbEntity
  8
0
  6
Continuous
 62
     7
370
    15
100
AcDbCircle
 10
116.6135731636
 20
-9.0817138475
 30
0.0
 40
7.809862627853883
100
AcDbArc
 50
227.0476279636
 51
267.9379138626
  0
ARC
  5
AA3
330
1F
100
AcDbEntity
  8
0
  6
Continuous
 62
     7
370
    15
100
AcDbCircle
 10
70.1862707605
 20
-8.4369181931
 30
0.0
 40
4.72758800010897
100
AcDbArc
 50
292.8853523519
 51
1.8312177667
  0
ARC
  5
AA4
330
1F
100
AcDbEntity
  8
0
  6
Continuous
 62
     7
370
    15
100
AcDbCircle
 10
71.2572477404
 20
-8.0899341562
 30
0.0
 40
3.659444584656304
100
AcDbArc
 50
356.9311407225
 51
58.4336200684
  0
ARC
  5
AA5
330
1F
100
AcDbEntity
  8
0
  6
Continuous
 62
     7
370
    15
100
AcDbCircle
 10
23.7949081536
 20
-55.0969181931
 30
0.0
 40
4.727588000109042
100
AcDbArc
 50
292.8853523519
 51
1.8312177667
  0
ARC
  5
AA6
330
1F
100
AcDbEntity
  8
0
  6
Continuous
 62
     7
370
    15
100
AcDbCircle
 10
24.8658851335
 20
-54.7499341562
 30
0.0
 40
3.659444584656352
100
AcDbArc
 50
356.9311407225
 51
58.4336200684
  0
ARC
  5
AA7
330
1F
100
AcDbEntity
  8
0
  6
Continuous
 62
     7
370
    15
100
AcDbCircle
 10
22.699963603
 20
-55.5907718781
 30
0.0
 40
2.033706364890861
100
AcDbArc
 50
310.4532656586
 51
5.9772365539
  0
ARC
  5
AA8
330
1F
100
AcDbEntity
  8
0
  6
Continuous
 62
     7
370
    15
100
AcDbCircle
 10
-24.0291902416
 20
-60.6850161979
 30
0.0
 40
5.564060035799548
100
AcDbArc
 50
177.5404738354
 51
277.2372971717
  0
ARC
  5
AA9
330
1F
100
AcDbEntity
  8
0
  6
Continuous
 62
     7
370
    15
100
AcDbCircle
 10
-68.529531532
 20
-54.7499341562
 30
0.0
 40
3.659444584656341
100
AcDbArc
 50
356.9311407225
 51
58.4336200684
  0
ARC
  5
AAA
330
1F
100
AcDbEntity
  8
0
  6
Continuous
 62
     7
370
    15
100
AcDbCircle
 10
-68.6091440253
 20
102.3559054807
 30
0.0
 40
1.697924897425893
100
AcDbArc
 50
353.8996505826
 51
70.7090091208
  0
ARC
  5
AAB
330
1F
100
AcDbEntity
  8
0
  6
Continuous
 62
     7
370
    15
100
AcDbCircle
 10
-68.6518756572
 20
102.0213666084
 30
0.0
 40
1.737887271906768
100
AcDbArc
 50
295.423083372
 51
5.0871540341
  0
ARC
  5
AAC
330
1F
100
AcDbEntity
  8
0
  6
Continuous
 62
     7
370
    15
100
AcDbCircle
 10
-68.5152700006
 20
103.8957234253
 30
0.0
 40
6.437194078483538
100
AcDbArc
 50
264.8021876853
 51
306.5593636244
  0
ARC
  5
AAD
330
1F
100
AcDbEntity
  8
0
  6
Continuous
 62
     7
370
    15
100
AcDbCircle
 10
-67.2837805992
 20
101.9738665187
 30
0.0
 40
4.162846631849237
100
AcDbArc
 50
308.701240063
 51
1.9584580995
  0
ARC
  5
AAE
330
1F
100
AcDbEntity
  8
0
  6
Continuous
 62
     7
370
    15
100
AcDbCircle
 10
-66.6529775342
 20
102.280291285
 30
0.0
 40
3.533427339031205
100
AcDbArc
 50
357.337129467
 51
81.4185931451
  0
ARC
  5
AAF
330
1F
100
AcDbEntity
  8
0
  6
Continuous
 62
     7
370
    15
100
AcDbCircle
 10
-67.3922148845
 20
108.9244233008
 30
0.0
 40
3.321119950793563
100
AcDbArc
 50
292.4167094185
 51
1.7994518691
  0
ARC
  5
AB0
330
1F
100
AcDbEntity
  8
0
  6
Continuous
 62
     7
370
    15
100
AcDbCircle
 10
-67.0540278094
 20
109.1874440144
 30
0.0
 40
2.98551784927777
100
AcDbArc
 50
356.9522694206
 51
62.4852993445
  0
ARC
  5
AB1
330
1F
100
AcDbEntity
  8
0
  6
Continuous
 62
     7
370
    15
100
AcDbCircle
 10
-115.0251876608
 20
81.988151123
 30
0.0
 40
8.70318498312601
100
AcDbArc
 50
141.8794130189
 51
182.3696938852
  0
ARC
  5
AB2
330
1F
100
AcDbEntity
  8
0
  6
Continuous
 62
     7
370
    15
100
AcDbCircle
 10
-116.6661075234
 20
80.8599795221
 30
0.0
 40
7.096536865677982
100
AcDbArc
 50
173.7845846396
 51
266.6939536361
  0
ARC
  5
AB3
330
1F
100
AcDbEntity
  8
0
  6
Continuous
 62
     7
370
    15
100
AcDbCircle
 10
-118.2743058917
 20
81.3274099597
 30
0.0
 40
8.799130206248604
100
AcDbArc
 50
323.0806457483
 51
1.9789592987
  0
ARC
  5
AB4
330
1F
100
AcDbEntity
  8
0
  6
Continuous
 62
     7
370
    15
100
AcDbCircle
 10
71.4988192512
 20
82.0126808279
 30
0.0
 40
8.636536422087522
100
AcDbArc
 50
141.3631386294
 51
182.4129729339
  0
ARC
  5
AB5
330
1F
100
AcDbEntity
  8
0
  6
Continuous
 62
     7
370
    15
100
AcDbCircle
 10
68.423293171
 20
81.2938469252
 30
0.0
 40
8.694413272666552
100
AcDbArc
 50
323.2023337771
 51
2.3415319314
  0
ARC
  5
AB6
330
1F
100
AcDbEntity
  8
0
  6
Continuous
 62
     7
370
    15
100
AcDbCircle
 10
118.2106096721
 20
35.3321991836
 30
0.0
 40
8.679883915760996
100
AcDbArc
 50
141.5152434098
 51
182.4028033895
  0
ARC
  5
AB7
330
1F
100
AcDbEntity
  8
0
  6
Continuous
 62
     7
370
    15
100
AcDbCircle
 10
116.5931797897
 20
34.1999795221
 30
0.0
 40
7.096536865678034
100
AcDbArc
 50
173.7845846396
 51
266.6939536361
  0
ARC
  5
AB8
330
1F
100
AcDbEntity
  8
0
  6
Continuous
 62
     7
370
    15
100
AcDbCircle
 10
-115.1560380459
 20
-11.2959130523
 30
0.0
 40
8.573098334591627
100
AcDbArc
 50
140.3367777018
 51
182.5071390968
  0
ARC
  5
AB9
330
1F
100
AcDbEntity
  8
0
  6
Continuous
 62
     7
370
    15
100
AcDbCircle
 10
-94.8529527266
 20
-35.3642753636
 30
0.0
 40
8.64495067496829
100
AcDbArc
 50
322.4193630112
 51
2.4088149796
  0
ARC
  5
ABA
330
1F
100
AcDbEntity
  8
0
  6
Continuous
 62
     7
370
    15
100
AcDbCircle
 10
-45.0742762601
 20
-57.9923953959
 30
0.0
 40
8.706354761143638
100
AcDbArc
 50
141.928448364
 51
182.3652309779
  0
ARC
  5
ABB
330
1F
100
AcDbEntity
  8
0
  6
Continuous
 62
     7
370
    15
100
AcDbCircle
 10
-46.7183912036
 20
-59.1200204779
 30
0.0
 40
7.09653686567802
100
AcDbArc
 50
173.7845846396
 51
266.6939536361
  0
ARC
  5
ABC
330
1F
100
AcDbEntity
  8
0
  6
Continuous
 62
     7
370
    15
100
AcDbCircle
 10
-48.3234991807
 20
-58.65309356
 30
0.0
 40
8.79605906715503
100
AcDbArc
 50
323.0324591266
 51
1.9829323155
  0
ARC
  5
ABD
330
1F
100
AcDbEntity
  8
0
  6
Continuous
 62
     7
370
    15
100
AcDbCircle
 10
94.9596726062
 20
-81.321755166
 30
0.0
 40
8.702642037468292
100
AcDbArc
 50
141.8710019854
 51
182.3704593072
  0
ARC
  5
ABE
330
1F
100
AcDbEntity
  8
0
  6
Continuous
 62
     7
370
    15
100
AcDbCircle
 10
93.3193000328
 20
-82.4500204779
 30
0.0
 40
7.096536865678001
100
AcDbArc
 50
173.7845846396
 51
266.6939536361
  0
ARC
  5
ABF
330
1F
100
AcDbEntity
  8
0
  6
Continuous
 62
     7
370
    15
100
AcDbCircle
 10
91.7105712182
 20
-81.9825036719
 30
0.0
 40
8.799657354271162
100
AcDbArc
 50
323.0889105893
 51
1.9782780088
  0
ARC
  5
AC0
330
1F
100
AcDbEntity
  8
0
  6
Continuous
 62
     7
370
    15
100
AcDbCircle
 10
-70.3632338914
 20
9.3735953706
 30
0.0
 40
6.995925472772883
100
AcDbArc
 50
67.1071822502
 51
97.0318851506
  0
ARC
  5
AC1
330
1F
100
AcDbEntity
  8
0
  6
Continuous
 62
     7
370
    15
100
AcDbCircle
 10
-69.9571508541
 20
12.0939186396
 30
0.0
 40
4.385590210997408
100
AcDbArc
 50
354.504224533
 51
58.1326603832
  0
ARC
  5
AC2
330
1F
100
AcDbEntity
  8
0
  6
Continuous
 62
     7
370
    15
100
AcDbCircle
 10
-70.6954530625
 20
-55.5907718781
 30
0.0
 40
2.033706364890821
100
AcDbArc
 50
310.4532656586
 51
5.9772365539
  0
ARC
  5
AC3
330
1F
100
AcDbEntity
  8
0
  6
Continuous
 62
     7
370
    15
100
AcDbCircle
 10
-69.6005085119
 20
-55.0969181931
 30
0.0
 40
4.727588000108973
100
AcDbArc
 50
292.8853523519
 51
1.8312177667
  0
ARC
  5
AC4
330
1F
100
AcDbEntity
  8
0
  6
Continuous
 62
     7
370
    15
100
AcDbCircle
 10
46.8997131758
 20
84.8830818069
 30
0.0
 40
4.727588000108948
100
AcDbArc
 50
292.8853523519
 51
1.8312177667
  0
ARC
  5
AC5
330
1F
100
AcDbEntity
  8
0
  6
Continuous
 62
     7
370
    15
100
AcDbCircle
 10
5.345964487
 20
146.9004822809
 30
0.0
 40
0.635211429204819
100
AcDbArc
 50
297.8400866564
 51
353.9881393552
  0
ARC
  5
AC6
330
1F
100
AcDbEntity
  8
0
  6
Continuous
 62
     7
370
    15
100
AcDbCircle
 10
70.5841189686
 20
-55.897735758
 30
0.0
 40
2.111083618410829
100
AcDbArc
 50
312.5570499152
 51
7.0106146506
  0
ARC
  5
AC7
330
1F
100
AcDbEntity
  8
0
  6
Continuous
 62
     7
370
    15
100
AcDbCircle
 10
-69.3011481128
 20
108.1281519991
 30
0.0
 40
1.442550542800577
100
AcDbArc
 50
296.1538661179
 51
7.2720694296
  0
ARC
  5
AC8
330
1F
100
AcDbEntity
  8
0
  6
Continuous
 62
     7
370
    15
100
AcDbCircle
 10
69.0913262099
 20
-8.9307718781
 30
0.0
 40
2.033706364891064
100
AcDbArc
 50
310.4532656586
 51
5.9772365539
  0
ARC
  5
AC9
330
1F
100
AcDbEntity
  8
0
  6
Continuous
 62
     7
370
    15
100
AcDbCircle
 10
-45.7263943791
 20
-104.6702643798
 30
0.0
 40
7.269617073929103
100
AcDbArc
 50
357.4015942796
 51
55.7285080745
  0
ARC
  5
ACA
330
1F
100
AcDbEntity
  8
0
  6
Continuous
 62
     7
370
    15
100
AcDbCircle
 10
45.8047686252
 20
84.3892281219
 30
0.0
 40
2.033706364891053
100
AcDbArc
 50
310.4532656586
 51
5.9772365539
  0
ARC
  5
ACB
330
1F
100
AcDbEntity
  8
0
  6
Continuous
 62
     7
370
    15
100
AcDbCircle
 10
72.3047100471
 20
-101.9017194236
 30
0.0
 40
4.1831956420561
100
AcDbArc
 50
355.8405765586
 51
55.1214388081
  0
ARC
  5
ACC
330
1F
100
AcDbEntity
  8
0
  6
Continuous
 62
     7
370
    15
100
AcDbCircle
 10
-24.1286721718
 20
84.3892281219
 30
0.0
 40
2.03370636489089
100
AcDbArc
 50
310.4532656586
 51
5.9772365539
  0
ARC
  5
ACD
330
1F
100
AcDbEntity
  8
0
  6
Continuous
 62
     7
370
    15
100
AcDbCircle
 10
95.6347100471
 20
61.4082805764
 30
0.0
 40
4.183195642056331
100
AcDbArc
 50
355.8405765586
 51
55.1214388081
  0
ARC
  5
ACE
330
1F
100
AcDbEntity
  8
0
  6
Continuous
 62
     7
370
    15
100
AcDbCircle
 10
46.9874731298
 20
105.2997356202
 30
0.0
 40
7.269617073929115
100
AcDbArc
 50
357.4015942796
 51
55.7285080745
  0
ENDSEC
  0
SECTION
  2
OBJECTS
  0
DICTIONARY
  5
C
330
0
100
AcDbDictionary
281
     1
  3
ACAD_DETAILVIEWSTYLE
350
AD7
  3
ACAD_GROUP
350
D
  3
ACAD_LAYOUT
350
1A
  3
ACAD_MATERIAL
350
43
  3
ACAD_MLEADERSTYLE
350
6B
  3
ACAD_MLINESTYLE
350
17
  3
ACAD_PLOTSETTINGS
350
19
  3
ACAD_PLOTSTYLENAME
350
E
  3
ACAD_SCALELIST
350
47
  3
ACAD_SECTIONVIEWSTYLE
350
AD8
  3
ACAD_TABLESTYLE
350
69
  3
ACAD_VISUALSTYLE
350
2A
  3
ACDB_RECOMPOSE_DATA
350
AD4
  3
AcDbVariableDictionary
350
ACF
  0
SUN
  5
6D
330
29
100
AcDbSun
 90
        1
290
     0
 63
     7
421
 16777215
 40
1.0
291
     1
 91
  2455826
 92
 54000000
292
     0
 70
     2
 71
   256
280
     1
  0
DICTIONARY
  5
AD7
102
{ACAD_REACTORS
330
C
102
}
330
C
100
AcDbDictionary
281
     1
  0
DICTIONARY
  5
D
102
{ACAD_REACTORS
330
C
102
}
330
C
100
AcDbDictionary
281
     1
  0
DICTIONARY
  5
1A
102
{ACAD_REACTORS
330
C
102
}
330
C
100
AcDbDictionary
281
     1
  3
Layout1
350
1E
  3
Layout2
350
26
  3
Model
350
22
  0
DICTIONARY
  5
43
102
{ACAD_REACTORS
330
C
102
}
330
C
100
AcDbDictionary
281
     1
  3
ByBlock
350
45
  3
ByLayer
350
44
  3
Global
350
46
  0
DICTIONARY
  5
6B
102
{ACAD_REACTORS
330
C
102
}
330
C
100
AcDbDictionary
281
     1
  3
Standard
350
6C
  0
DICTIONARY
  5
17
102
{ACAD_REACTORS
330
C
102
}
330
C
100
AcDbDictionary
281
     1
  3
Standard
350
18
  0
DICTIONARY
  5
19
102
{ACAD_REACTORS
330
C
102
}
330
C
100
AcDbDictionary
281
     1
  0
ACDBDICTIONARYWDFLT
  5
E
102
{ACAD_REACTORS
330
C
102
}
330
C
100
AcDbDictionary
281
     1
  3
Normal
350
F
100
AcDbDictionaryWithDefault
340
F
  0
DICTIONARY
  5
47
102
{ACAD_REACTORS
330
C
102
}
330
C
100
AcDbDictionary
281
     1
  3
A0
350
48
  3
A1
350
49
  3
A2
350
4A
  3
A3
350
4B
  3
A4
350
4C
  3
A5
350
4D
  3
A6
350
4E
  3
A7
350
4F
  3
A8
350
50
  3
A9
350
51
  3
B0
350
52
  3
B1
350
53
  3
B2
350
54
  3
B3
350
55
  3
B4
350
56
  3
B5
350
57
  3
B6
350
58
  3
B7
350
59
  3
B8
350
5A
  3
B9
350
5B
  3
C0
350
5C
  3
C1
350
5D
  3
C2
350
5E
  3
C3
350
5F
  3
C4
350
60
  3
C5
350
61
  3
C6
350
62
  3
C7
350
63
  3
C8
350
64
  3
C9
350
65
  3
D0
350
66
  3
D1
350
67
  3
D2
350
68
  0
DICTIONARY
  5
AD8
102
{ACAD_REACTORS
330
C
102
}
330
C
100
AcDbDictionary
281
     1
  0
DICTIONARY
  5
69
102
{ACAD_REACTORS
330
C
102
}
330
C
100
AcDbDictionary
281
     1
  3
Standard
350
6A
  0
DICTIONARY
  5
2A
102
{ACAD_REACTORS
330
C
102
}
330
C
100
AcDbDictionary
281
     1
  3
2dWireframe
350
2F
  3
Basic
350
32
  3
Brighten
350
36
  3
ColorChange
350
3A
  3
Conceptual
350
34
  3
Dim
350
35
  3
EdgeColorOff
350
3D
  3
Facepattern
350
39
  3
Flat
350
2B
  3
FlatWithEdges
350
2C
  3
Gouraud
350
2D
  3
GouraudWithEdges
350
2E
  3
Hidden
350
31
  3
JitterOff
350
3B
  3
Linepattern
350
38
  3
OverhangOff
350
3C
  3
Realistic
350
33
  3
Shaded
350
42
  3
Shaded with edges
350
41
  3
Shades of Gray
350
3E
  3
Sketchy
350
3F
  3
Thicken
350
37
  3
Wireframe
350
30
  3
X-Ray
350
40
  0
XRECORD
  5
AD4
102
{ACAD_REACTORS
330
C
102
}
330
C
100
AcDbXrecord
280
     1
 90
        1
330
6A
  0
DICTIONARY
  5
ACF
102
{ACAD_REACTORS
330
C
102
}
330
C
100
AcDbDictionary
281
     1
  3
CANNOSCALE
350
AD0
  3
CMLEADERSTYLE
350
AD6
  3
CTABLESTYLE
350
AD5
  0
LAYOUT
  5
1E
102
{ACAD_REACTORS
330
1A
102
}
330
1A
100
AcDbPlotSettings
  1

  2
none_device
  4

  6

 40
0.0
 41
0.0
 42
0.0
 43
0.0
 44
0.0
 45
0.0
 46
0.0
 47
0.0
 48
0.0
 49
0.0
140
0.0
141
0.0
142
1.0
143
1.0
 70
   688
 72
     1
 73
     0
 74
     5
  7

 75
    16
 76
     0
 77
     2
 78
   300
147
1.0
148
0.0
149
0.0
100
AcDbLayout
  1
Layout1
 70
     1
 71
     1
 10
0.0
 20
0.0
 11
420.0
 21
297.0
 12
0.0
 22
0.0
 32
0.0
 14
1.0000000000E+20
 24
1.0000000000E+20
 34
1.0000000000E+20
 15
-1.0000000000E+20
 25
-1.0000000000E+20
 35
-1.0000000000E+20
146
0.0
 13
0.0
 23
0.0
 33
0.0
 16
1.0
 26
0.0
 36
0.0
 17
0.0
 27
1.0
 37
0.0
 76
     0
330
1B
  0
LAYOUT
  5
26
102
{ACAD_REACTORS
330
1A
102
}
330
1A
100
AcDbPlotSettings
  1

  2
none_device
  4

  6

 40
0.0
 41
0.0
 42
0.0
 43
0.0
 44
0.0
 45
0.0
 46
0.0
 47
0.0
 48
0.0
 49
0.0
140
0.0
141
0.0
142
1.0
143
1.0
 70
   688
 72
     1
 73
     0
 74
     5
  7

 75
    16
 76
     0
 77
     2
 78
   300
147
1.0
148
0.0
149
0.0
100
AcDbLayout
  1
Layout2
 70
     1
 71
     2
 10
0.0
 20
0.0
 11
0.0
 21
0.0
 12
0.0
 22
0.0
 32
0.0
 14
0.0
 24
0.0
 34
0.0
 15
0.0
 25
0.0
 35
0.0
146
0.0
 13
0.0
 23
0.0
 33
0.0
 16
1.0
 26
0.0
 36
0.0
 17
0.0
 27
1.0
 37
0.0
 76
     0
330
23
  0
LAYOUT
  5
22
102
{ACAD_REACTORS
330
1A
102
}
330
1A
100
AcDbPlotSettings
  1

  2
none_device
  4
ANSI_A_(11.00_x_8.50_Inches)
  6

 40
6.35
 41
19.05
 42
6.35000508
 43
19.05000254
 44
279.4
 45
215.9
 46
133.34999746
 47
88.89999873
 48
0.0
 49
0.0
140
0.0
141
0.0
142
0.0227432432
143
1.0
 70
  1696
 72
     0
 73
     0
 74
     0
  7

 75
     0
 76
     0
 77
     2
 78
   300
147
0.0179189148
148
-1300.4909072572
149
0.0
100
AcDbLayout
  1
Model
 70
     1
 71
     0
 10
0.0
 20
0.0
 11
420.0
 21
297.0
 12
0.0
 22
0.0
 32
0.0
 14
-195.0
 24
-185.0
 34
0.0
 15
195.0
 25
185.0
 35
0.0
146
0.0
 13
0.0
 23
0.0
 33
0.0
 16
1.0
 26
0.0
 36
0.0
 17
0.0
 27
1.0
 37
0.0
 76
     0
330
1F
331
29
  0
MATERIAL
  5
45
102
{ACAD_REACTORS
330
43
102
}
330
43
100
AcDbMaterial
  1
ByBlock
 72
     1
 94
      127
  0
MATERIAL
  5
44
102
{ACAD_REACTORS
330
43
102
}
330
43
100
AcDbMaterial
  1
ByLayer
 72
     1
 94
      127
  0
MATERIAL
  5
46
102
{ACAD_REACTORS
330
43
102
}
330
43
100
AcDbMaterial
  1
Global
 72
     1
 94
      127
  0
MLEADERSTYLE
  5
6C
102
{ACAD_REACTORS
330
6B
102
}
330
6B
100
AcDbMLeaderStyle
170
     2
171
     1
172
     0
 90
        2
 40
0.0
 41
0.0
173
     1
 91
-1056964608
340
14
 92
       -2
290
     1
 42
2.0
291
     1
 43
8.0
  3
Standard
341
0
 44
4.0
300

342
11
174
     1
178
     6
175
     1
176
     0
 93
-1056964608
 45
4.0
292
     0
297
     0
 46
4.0
343
0
 94
-1056964608
 47
1.0
 49
1.0
140
1.0
293
     1
141
0.0
294
     1
177
     0
142
1.0
295
     0
296
     0
143
3.75
1001
ACAD_MLEADERVER
1070
     2
  0
MLINESTYLE
  5
18
102
{ACAD_REACTORS
330
17
102
}
330
17
100
AcDbMlineStyle
  2
Standard
 70
     0
  3

 62
   256
 51
90.0
 52
90.0
 71
     2
 49
0.5
 62
   256
  6
BYLAYER
 49
-0.5
 62
   256
  6
BYLAYER
  0
ACDBPLACEHOLDER
  5
F
102
{ACAD_REACTORS
330
E
102
}
330
E
  0
SCALE
  5
48
102
{ACAD_REACTORS
330
47
102
}
330
47
100
AcDbScale
 70
     0
300
1:1
140
1.0
141
1.0
290
     1
  0
SCALE
  5
49
102
{ACAD_REACTORS
330
47
102
}
330
47
100
AcDbScale
 70
     0
300
1:2
140
1.0
141
2.0
290
     0
  0
SCALE
  5
4A
102
{ACAD_REACTORS
330
47
102
}
330
47
100
AcDbScale
 70
     0
300
1:4
140
1.0
141
4.0
290
     0
  0
SCALE
  5
4B
102
{ACAD_REACTORS
330
47
102
}
330
47
100
AcDbScale
 70
     0
300
1:5
140
1.0
141
5.0
290
     0
  0
SCALE
  5
4C
102
{ACAD_REACTORS
330
47
102
}
330
47
100
AcDbScale
 70
     0
300
1:8
140
1.0
141
8.0
290
     0
  0
SCALE
  5
4D
102
{ACAD_REACTORS
330
47
102
}
330
47
100
AcDbScale
 70
     0
300
1:10
140
1.0
141
10.0
290
     0
  0
SCALE
  5
4E
102
{ACAD_REACTORS
330
47
102
}
330
47
100
AcDbScale
 70
     0
300
1:16
140
1.0
141
16.0
290
     0
  0
SCALE
  5
4F
102
{ACAD_REACTORS
330
47
102
}
330
47
100
AcDbScale
 70
     0
300
1:20
140
1.0
141
20.0
290
     0
  0
SCALE
  5
50
102
{ACAD_REACTORS
330
47
102
}
330
47
100
AcDbScale
 70
     0
300
1:30
140
1.0
141
30.0
290
     0
  0
SCALE
  5
51
102
{ACAD_REACTORS
330
47
102
}
330
47
100
AcDbScale
 70
     0
300
1:40
140
1.0
141
40.0
290
     0
  0
SCALE
  5
52
102
{ACAD_REACTORS
330
47
102
}
330
47
100
AcDbScale
 70
     0
300
1:50
140
1.0
141
50.0
290
     0
  0
SCALE
  5
53
102
{ACAD_REACTORS
330
47
102
}
330
47
100
AcDbScale
 70
     0
300
1:100
140
1.0
141
100.0
290
     0
  0
SCALE
  5
54
102
{ACAD_REACTORS
330
47
102
}
330
47
100
AcDbScale
 70
     0
300
2:1
140
2.0
141
1.0
290
     0
  0
SCALE
  5
55
102
{ACAD_REACTORS
330
47
102
}
330
47
100
AcDbScale
 70
     0
300
4:1
140
4.0
141
1.0
290
     0
  0
SCALE
  5
56
102
{ACAD_REACTORS
330
47
102
}
330
47
100
AcDbScale
 70
     0
300
8:1
140
8.0
141
1.0
290
     0
  0
SCALE
  5
57
102
{ACAD_REACTORS
330
47
102
}
330
47
100
AcDbScale
 70
     0
300
10:1
140
10.0
141
1.0
290
     0
  0
SCALE
  5
58
102
{ACAD_REACTORS
330
47
102
}
330
47
100
AcDbScale
 70
     0
300
100:1
140
100.0
141
1.0
290
     0
  0
SCALE
  5
59
102
{ACAD_REACTORS
330
47
102
}
330
47
100
AcDbScale
 70
     0
300
1/128" = 1'-0"
140
0.0078125
141
12.0
290
     0
  0
SCALE
  5
5A
102
{ACAD_REACTORS
330
47
102
}
330
47
100
AcDbScale
 70
     0
300
1/64" = 1'-0"
140
0.015625
141
12.0
290
     0
  0
SCALE
  5
5B
102
{ACAD_REACTORS
330
47
102
}
330
47
100
AcDbScale
 70
     0
300
1/32" = 1'-0"
140
0.03125
141
12.0
290
     0
  0
SCALE
  5
5C
102
{ACAD_REACTORS
330
47
102
}
330
47
100
AcDbScale
 70
     0
300
1/16" = 1'-0"
140
0.0625
141
12.0
290
     0
  0
SCALE
  5
5D
102
{ACAD_REACTORS
330
47
102
}
330
47
100
AcDbScale
 70
     0
300
3/32" = 1'-0"
140
0.09375
141
12.0
290
     0
  0
SCALE
  5
5E
102
{ACAD_REACTORS
330
47
102
}
330
47
100
AcDbScale
 70
     0
300
1/8" = 1'-0"
140
0.125
141
12.0
290
     0
  0
SCALE
  5
5F
102
{ACAD_REACTORS
330
47
102
}
330
47
100
AcDbScale
 70
     0
300
3/16" = 1'-0"
140
0.1875
141
12.0
290
     0
  0
SCALE
  5
60
102
{ACAD_REACTORS
330
47
102
}
330
47
100
AcDbScale
 70
     0
300
1/4" = 1'-0"
140
0.25
141
12.0
290
     0
  0
SCALE
  5
61
102
{ACAD_REACTORS
330
47
102
}
330
47
100
AcDbScale
 70
     0
300
3/8" = 1'-0"
140
0.375
141
12.0
290
     0
  0
SCALE
  5
62
102
{ACAD_REACTORS
330
47
102
}
330
47
100
AcDbScale
 70
     0
300
1/2" = 1'-0"
140
0.5
141
12.0
290
     0
  0
SCALE
  5
63
102
{ACAD_REACTORS
330
47
102
}
330
47
100
AcDbScale
 70
     0
300
3/4" = 1'-0"
140
0.75
141
12.0
290
     0
  0
SCALE
  5
64
102
{ACAD_REACTORS
330
47
102
}
330
47
100
AcDbScale
 70
     0
300
1" = 1'-0"
140
1.0
141
12.0
290
     0
  0
SCALE
  5
65
102
{ACAD_REACTORS
330
47
102
}
330
47
100
AcDbScale
 70
     0
300
1-1/2" = 1'-0"
140
1.5
141
12.0
290
     0
  0
SCALE
  5
66
102
{ACAD_REACTORS
330
47
102
}
330
47
100
AcDbScale
 70
     0
300
3" = 1'-0"
140
3.0
141
12.0
290
     0
  0
SCALE
  5
67
102
{ACAD_REACTORS
330
47
102
}
330
47
100
AcDbScale
 70
     0
300
6" = 1'-0"
140
6.0
141
12.0
290
     0
  0
SCALE
  5
68
102
{ACAD_REACTORS
330
47
102
}
330
47
100
AcDbScale
 70
     0
300
1'-0" = 1'-0"
140
12.0
141
12.0
290
     0
  0
TABLESTYLE
  5
6A
102
{ACAD_REACTORS
330
69
102
}
102
{ACAD_XDICTIONARY
360
AD1
102
}
330
69
100
AcDbTableStyle
  3
Standard
 70
     0
 71
     0
 40
0.06
 41
0.06
280
     0
281
     0
  7
Standard
140
4.5
170
     2
 62
     0
 63
   257
283
     0
 90
        4
 91
        0
  1

274
    -2
284
     1
 64
     0
275
    -2
285
     1
 65
     0
276
    -2
286
     1
 66
     0
277
    -2
287
     1
 67
     0
278
    -2
288
     1
 68
     0
279
    -2
289
     1
 69
     0
  7
Standard
140
6.0
170
     5
 62
     0
 63
   257
283
     0
 90
        4
 91
        0
  1

274
    -2
284
     1
 64
     0
275
    -2
285
     1
 65
     0
276
    -2
286
     1
 66
     0
277
    -2
287
     1
 67
     0
278
    -2
288
     1
 68
     0
279
    -2
289
     1
 69
     0
  7
Standard
140
4.5
170
     5
 62
     0
 63
   257
283
     0
 90
        4
 91
        0
  1

274
    -2
284
     1
 64
     0
275
    -2
285
     1
 65
     0
276
    -2
286
     1
 66
     0
277
    -2
287
     1
 67
     0
278
    -2
288
     1
 68
     0
279
    -2
289
     1
 69
     0
  0
VISUALSTYLE
  5
2F
102
{ACAD_REACTORS
330
2A
102
}
330
2A
100
AcDbVisualStyle
  2
2dWireframe
 70
     4
 71
     0
 72
     2
 73
     0
 90
        0
 40
0.6
 41
30.0
 62
     5
 63
     7
421
 16777215
 74
     1
 91
        4
 64
     7
 65
   257
 75
     1
175
     1
 42
1.0
 92
        0
 66
   257
 43
1.0
 76
     1
 77
     6
 78
     2
 67
     7
 79
     5
170
     0
171
     0
290
     0
174
     0
 93
        1
 44
0.0
173
     0
291
     0
 45
0.0
  0
VISUALSTYLE
  5
32
102
{ACAD_REACTORS
330
2A
102
}
330
2A
100
AcDbVisualStyle
  2
Basic
 70
     7
 71
     1
 72
     0
 73
     1
 90
        0
 40
0.6
 41
30.0
 62
     5
 63
     7
421
 16777215
 74
     0
 91
        4
 64
     7
 65
   257
 75
     1
175
     1
 42
1.0
 92
        8
 66
     7
 43
1.0
 76
     1
 77
     6
 78
     2
 67
     7
 79
     5
170
     0
171
     0
290
     0
174
     0
 93
        1
 44
0.0
173
     0
291
     1
 45
0.0
  0
VISUALSTYLE
  5
36
102
{ACAD_REACTORS
330
2A
102
}
330
2A
100
AcDbVisualStyle
  2
Brighten
 70
    12
 71
     2
 72
     2
 73
     0
 90
        0
 40
0.6
 41
30.0
 62
     5
 63
     7
421
 16777215
 74
     1
 91
        4
 64
     7
 65
   257
 75
     1
175
     1
 42
1.0
 92
        8
 66
     7
 43
1.0
 76
     1
 77
     6
 78
     2
 67
     7
 79
     5
170
     0
171
     0
290
     0
174
     0
 93
        1
 44
50.0
173
     0
291
     1
 45
0.0
  0
VISUALSTYLE
  5
3A
102
{ACAD_REACTORS
330
2A
102
}
330
2A
100
AcDbVisualStyle
  2
ColorChange
 70
    16
 71
     2
 72
     2
 73
     3
 90
        0
 40
0.6
 41
30.0
 62
     5
 63
     8
421
  8421504
 74
     1
 91
        4
 64
     7
 65
   257
 75
     1
175
     1
 42
1.0
 92
        8
 66
     8
424
  8421504
 43
1.0
 76
     1
 77
     6
 78
     2
 67
     7
 79
     5
170
     0
171
     0
290
     0
174
     0
 93
        1
 44
0.0
173
     0
291
     1
 45
0.0
  0
VISUALSTYLE
  5
34
102
{ACAD_REACTORS
330
2A
102
}
330
2A
100
AcDbVisualStyle
  2
Conceptual
 70
     9
 71
     3
 72
     2
 73
     0
 90
        0
 40
0.6
 41
30.0
 62
     5
 63
     7
421
 16777215
 74
     2
 91
        2
 64
     7
 65
   257
 75
     1
175
     1
 42
179.0
 92
        8
 66
     7
 43
1.0
 76
     1
 77
     6
 78
     2
 67
     7
 79
     3
170
     0
171
     0
290
     0
174
     0
 93
        1
 44
0.0
173
     0
291
     0
 45
0.0
  0
VISUALSTYLE
  5
35
102
{ACAD_REACTORS
330
2A
102
}
330
2A
100
AcDbVisualStyle
  2
Dim
 70
    11
 71
     2
 72
     2
 73
     0
 90
        0
 40
0.6
 41
30.0
 62
     5
 63
     7
421
 16777215
 74
     1
 91
        4
 64
     7
 65
   257
 75
     1
175
     1
 42
1.0
 92
        8
 66
     7
 43
1.0
 76
     1
 77
     6
 78
     2
 67
     7
 79
     5
170
     0
171
     0
290
     0
174
     0
 93
        1
 44
-50.0
173
     0
291
     1
 45
0.0
  0
VISUALSTYLE
  5
3D
102
{ACAD_REACTORS
330
2A
102
}
330
2A
100
AcDbVisualStyle
  2
EdgeColorOff
 70
    22
 71
     2
 72
     2
 73
     0
 90
        0
 40
0.6
 41
30.0
 62
     5
 63
     7
421
 16777215
 74
     1
 91
        4
 64
     7
 65
   257
 75
     1
175
     1
 42
1.0
 92
        8
 66
     7
 43
1.0
 76
     1
 77
     6
 78
     2
 67
     7
 79
     5
170
     0
171
     0
290
     0
174
     0
 93
        1
 44
0.0
173
     0
291
     1
 45
0.0
  0
VISUALSTYLE
  5
39
102
{ACAD_REACTORS
330
2A
102
}
330
2A
100
AcDbVisualStyle
  2
Facepattern
 70
    15
 71
     2
 72
     2
 73
     0
 90
        0
 40
0.6
 41
30.0
 62
     5
 63
     7
421
 16777215
 74
     1
 91
        4
 64
     7
 65
   257
 75
     1
175
     1
 42
1.0
 92
        8
 66
     7
 43
1.0
 76
     1
 77
     6
 78
     2
 67
     7
 79
     5
170
     0
171
     0
290
     0
174
     0
 93
        1
 44
0.0
173
     0
291
     1
 45
0.0
  0
VISUALSTYLE
  5
2B
102
{ACAD_REACTORS
330
2A
102
}
330
2A
100
AcDbVisualStyle
  2
Flat
 70
     0
 71
     2
 72
     1
 73
     1
 90
        2
 40
0.6
 41
30.0
 62
     5
 63
     7
421
 16777215
 74
     0
 91
        0
 64
     7
 65
   257
 75
     1
175
     1
 42
1.0
 92
        8
 66
     7
 43
1.0
 76
     1
 77
     6
 78
     2
 67
     7
 79
     5
170
     0
171
     0
290
     0
174
     0
 93
       13
 44
0.0
173
     0
291
     1
 45
0.0
  0
VISUALSTYLE
  5
2C
102
{ACAD_REACTORS
330
2A
102
}
330
2A
100
AcDbVisualStyle
  2
FlatWithEdges
 70
     1
 71
     2
 72
     1
 73
     1
 90
        2
 40
0.6
 41
30.0
 62
     5
 63
     7
421
 16777215
 74
     1
 91
        0
 64
     7
 65
   257
 75
     1
175
     1
 42
1.0
 92
        0
 66
   257
 43
1.0
 76
     1
 77
     6
 78
     2
 67
     7
 79
     5
170
     0
171
     0
290
     0
174
     0
 93
       13
 44
0.0
173
     0
291
     1
 45
0.0
  0
VISUALSTYLE
  5
2D
102
{ACAD_REACTORS
330
2A
102
}
330
2A
100
AcDbVisualStyle
  2
Gouraud
 70
     2
 71
     2
 72
     2
 73
     1
 90
        2
 40
0.6
 41
30.0
 62
     5
 63
     7
421
 16777215
 74
     0
 91
        0
 64
     7
 65
   257
 75
     1
175
     1
 42
1.0
 92
        0
 66
     7
 43
1.0
 76
     1
 77
     6
 78
     2
 67
     7
 79
     5
170
     0
171
     0
290
     0
174
     0
 93
       13
 44
0.0
173
     0
291
     1
 45
0.0
  0
VISUALSTYLE
  5
2E
102
{ACAD_REACTORS
330
2A
102
}
330
2A
100
AcDbVisualStyle
  2
GouraudWithEdges
 70
     3
 71
     2
 72
     2
 73
     1
 90
        2
 40
0.6
 41
30.0
 62
     5
 63
     7
421
 16777215
 74
     1
 91
        0
 64
     7
 65
   257
 75
     1
175
     1
 42
1.0
 92
        0
 66
   257
 43
1.0
 76
     1
 77
     6
 78
     2
 67
     7
 79
     5
170
     0
171
     0
290
     0
174
     0
 93
       13
 44
0.0
173
     0
291
     1
 45
0.0
  0
VISUALSTYLE
  5
31
102
{ACAD_REACTORS
330
2A
102
}
330
2A
100
AcDbVisualStyle
  2
Hidden
 70
     6
 71
     1
 72
     2
 73
     2
 90
        0
 40
0.6
 41
30.0
 62
     5
 63
     7
421
 16777215
 74
     2
 91
        2
 64
     7
 65
   257
 75
     2
175
     1
 42
40.0
 92
        0
 66
   257
 43
1.0
 76
     1
 77
     6
 78
     2
 67
     7
 79
     3
170
     0
171
     0
290
     0
174
     0
 93
        1
 44
0.0
173
     0
291
     0
 45
0.0
  0
VISUALSTYLE
  5
3B
102
{ACAD_REACTORS
330
2A
102
}
330
2A
100
AcDbVisualStyle
  2
JitterOff
 70
    20
 71
     2
 72
     2
 73
     0
 90
        0
 40
0.6
 41
30.0
 62
     5
 63
     7
421
 16777215
 74
     1
 91
        4
 64
     7
 65
   257
 75
     1
175
     1
 42
1.0
 92
       10
 66
     7
 43
1.0
 76
     1
 77
     6
 78
     2
 67
     7
 79
     5
170
     0
171
     0
290
     0
174
     0
 93
        1
 44
0.0
173
     0
291
     1
 45
0.0
  0
VISUALSTYLE
  5
38
102
{ACAD_REACTORS
330
2A
102
}
330
2A
100
AcDbVisualStyle
  2
Linepattern
 70
    14
 71
     2
 72
     2
 73
     0
 90
        0
 40
0.6
 41
30.0
 62
     5
 63
     7
421
 16777215
 74
     1
 91
        4
 64
     7
 65
   257
 75
     7
175
     7
 42
1.0
 92
        8
 66
     7
 43
1.0
 76
     1
 77
     6
 78
     2
 67
     7
 79
     5
170
     0
171
     0
290
     0
174
     0
 93
        1
 44
0.0
173
     0
291
     1
 45
0.0
  0
VISUALSTYLE
  5
3C
102
{ACAD_REACTORS
330
2A
102
}
330
2A
100
AcDbVisualStyle
  2
OverhangOff
 70
    21
 71
     2
 72
     2
 73
     0
 90
        0
 40
0.6
 41
30.0
 62
     5
 63
     7
421
 16777215
 74
     1
 91
        4
 64
     7
 65
   257
 75
     1
175
     1
 42
1.0
 92
        9
 66
     7
 43
1.0
 76
     1
 77
     6
 78
     2
 67
     7
 79
     5
170
     0
171
     0
290
     0
174
     0
 93
        1
 44
0.0
173
     0
291
     1
 45
0.0
  0
VISUALSTYLE
  5
33
102
{ACAD_REACTORS
330
2A
102
}
330
2A
100
AcDbVisualStyle
  2
Realistic
 70
     8
 71
     2
 72
     3
 73
     0
 90
        2
 40
0.6
 41
30.0
 62
     5
 63
     7
421
 16777215
 74
     0
 91
        0
 64
     7
 65
   257
 75
     1
175
     1
 42
1.0
 92
        8
 66
   257
 43
1.0
 76
     1
 77
     6
 78
     2
 67
     7
 79
     3
170
     0
171
     0
290
     0
174
     0
 93
       13
 44
0.0
173
     0
291
     0
 45
0.0
  0
VISUALSTYLE
  5
42
102
{ACAD_REACTORS
330
2A
102
}
330
2A
100
AcDbVisualStyle
  2
Shaded
 70
    27
 71
     2
 72
     2
 73
     1
 90
        2
 40
0.6
 41
30.0
 62
     5
 63
     7
421
 16777215
 74
     0
 91
        4
 64
     7
 65
   257
 75
     1
175
     1
 42
1.0
 92
        8
 66
   257
 43
1.0
 76
     1
 77
     6
 78
     2
 67
     8
425
  7895160
 79
     3
170
     0
171
     0
290
     0
174
     0
 93
        5
 44
0.0
173
     0
291
     0
 45
0.0
  0
VISUALSTYLE
  5
41
102
{ACAD_REACTORS
330
2A
102
}
330
2A
100
AcDbVisualStyle
  2
Shaded with edges
 70
    26
 71
     2
 72
     2
 73
     1
 90
        2
 40
0.6
 41
30.0
 62
     5
 63
     7
421
 16777215
 74
     1
 91
       10
 64
     7
 65
   257
 75
     2
175
     1
 42
1.0
 92
        8
 66
   257
 43
1.0
 76
     1
 77
     6
 78
     2
 67
     7
 79
     3
170
     0
171
     0
290
     0
174
     0
 93
        5
 44
0.0
173
     0
291
     0
 45
0.0
  0
VISUALSTYLE
  5
3E
102
{ACAD_REACTORS
330
2A
102
}
330
2A
100
AcDbVisualStyle
  2
Shades of Gray
 70
    23
 71
     2
 72
     2
 73
     3
 90
        0
 40
0.6
 41
30.0
 62
     5
 63
     7
421
 16777215
 74
     2
 91
        2
 64
     7
 65
     7
 75
     1
175
     1
 42
40.0
 92
        8
 66
     7
 43
1.0
 76
     1
 77
     6
 78
     2
 67
     7
 79
     3
170
     0
171
     0
290
     0
174
     0
 93
        1
 44
0.0
173
     0
291
     0
 45
0.0
  0
VISUALSTYLE
  5
3F
102
{ACAD_REACTORS
330
2A
102
}
330
2A
100
AcDbVisualStyle
  2
Sketchy
 70
    24
 71
     1
 72
     2
 73
     2
 90
        0
 40
0.6
 41
30.0
 62
     5
 63
     7
421
 16777215
 74
     2
 91
        2
 64
     7
 65
     7
 75
     1
175
     1
 42
40.0
 92
       11
 66
     7
 43
1.0
 76
     1
 77
     6
 78
     2
 67
     7
 79
     6
170
     0
171
     0
290
     0
174
     0
 93
        1
 44
0.0
173
     0
291
     0
 45
0.0
  0
VISUALSTYLE
  5
37
102
{ACAD_REACTORS
330
2A
102
}
330
2A
100
AcDbVisualStyle
  2
Thicken
 70
    13
 71
     2
 72
     2
 73
     0
 90
        0
 40
0.6
 41
30.0
 62
     5
 63
     7
421
 16777215
 74
     1
 91
        4
 64
     7
 65
   257
 75
     1
175
     1
 42
1.0
 92
       12
 66
     7
 43
1.0
 76
     1
 77
     6
 78
     2
 67
     7
 79
     5
170
     0
171
     0
290
     0
174
     0
 93
        1
 44
0.0
173
     0
291
     1
 45
0.0
  0
VISUALSTYLE
  5
30
102
{ACAD_REACTORS
330
2A
102
}
330
2A
100
AcDbVisualStyle
  2
Wireframe
 70
     5
 71
     0
 72
     2
 73
     0
 90
        0
 40
0.6
 41
30.0
 62
     5
 63
     7
421
 16777215
 74
     1
 91
        4
 64
     7
 65
   257
 75
     1
175
     1
 42
1.0
 92
        0
 66
   257
 43
1.0
 76
     1
 77
     6
 78
     2
 67
     7
 79
     3
170
     0
171
     0
290
     0
174
     0
 93
        1
 44
0.0
173
     0
291
     0
 45
0.0
  0
VISUALSTYLE
  5
40
102
{ACAD_REACTORS
330
2A
102
}
330
2A
100
AcDbVisualStyle
  2
X-Ray
 70
    25
 71
     2
 72
     2
 73
     1
 90
        1
 40
0.5
 41
30.0
 62
     5
 63
     7
421
 16777215
 74
     1
 91
        0
 64
     7
 65
   257
 75
     1
175
     1
 42
1.0
 92
        8
 66
     7
 43
1.0
 76
     1
 77
     6
 78
     2
 67
     7
 79
     3
170
     0
171
     0
290
     0
174
     0
 93
       13
 44
0.0
173
     0
291
     0
 45
0.0
  0
DICTIONARYVAR
  5
AD0
102
{ACAD_REACTORS
330
ACF
102
}
330
ACF
100
DictionaryVariables
280
     0
  1
1:1
  0
DICTIONARYVAR
  5
AD6
102
{ACAD_REACTORS
330
ACF
102
}
330
ACF
100
DictionaryVariables
280
     0
  1
Standard
  0
DICTIONARYVAR
  5
AD5
102
{ACAD_REACTORS
330
ACF
102
}
330
ACF
100
DictionaryVariables
280
     0
  1
Standard
  0
DICTIONARY
  5
AD1
330
6A
100
AcDbDictionary
280
     1
281
     1
  3
ACAD_ROUNDTRIP_2008_TABLESTYLE_CELLSTYLEMAP
360
AD2
  0
CELLSTYLEMAP
  5
AD2
102
{ACAD_REACTORS
330
AD1
102
}
330
AD1
100
AcDbCellStyleMap
 90
        3
300
CELLSTYLE
  1
TABLEFORMAT_BEGIN
 90
        5
170
     1
 91
        0
 92
    32768
 62
   257
 93
        1
300
CONTENTFORMAT
  1
CONTENTFORMAT_BEGIN
 90
        0
 91
        0
 92
        4
 93
        0
300

 40
0.0
140
1.0
 94
        5
 62
     0
340
11
144
6.0
309
CONTENTFORMAT_END
171
     1
301
MARGIN
  1
CELLMARGIN_BEGIN
 40
1.5
 40
1.5
 40
1.5
 40
1.5
 40
1.5
 40
1.5
309
CELLMARGIN_END
 94
        6
 95
        1
302
GRIDFORMAT
  1
GRIDFORMAT_BEGIN
 90
        0
 91
        1
 62
     0
 92
       -2
340
14
 93
        0
 40
0.045
309
GRIDFORMAT_END
 95
        2
302
GRIDFORMAT
  1
GRIDFORMAT_BEGIN
 90
        0
 91
        1
 62
     0
 92
       -2
340
14
 93
        0
 40
0.045
309
GRIDFORMAT_END
 95
        4
302
GRIDFORMAT
  1
GRIDFORMAT_BEGIN
 90
        0
 91
        1
 62
     0
 92
       -2
340
14
 93
        0
 40
0.045
309
GRIDFORMAT_END
 95
        8
302
GRIDFORMAT
  1
GRIDFORMAT_BEGIN
 90
        0
 91
        1
 62
     0
 92
       -2
340
14
 93
        0
 40
0.045
309
GRIDFORMAT_END
 95
       16
302
GRIDFORMAT
  1
GRIDFORMAT_BEGIN
 90
        0
 91
        1
 62
     0
 92
       -2
340
14
 93
        0
 40
0.045
309
GRIDFORMAT_END
 95
       32
302
GRIDFORMAT
  1
GRIDFORMAT_BEGIN
 90
        0
 91
        1
 62
     0
 92
       -2
340
14
 93
        0
 40
0.045
309
GRIDFORMAT_END
309
TABLEFORMAT_END
  1
CELLSTYLE_BEGIN
 90
        1
 91
        1
300
_TITLE
309
CELLSTYLE_END
300
CELLSTYLE
  1
TABLEFORMAT_BEGIN
 90
        5
170
     1
 91
        0
 92
        0
 62
   257
 93
        1
300
CONTENTFORMAT
  1
CONTENTFORMAT_BEGIN
 90
        0
 91
        0
 92
        4
 93
        0
300

 40
0.0
140
1.0
 94
        5
 62
     0
340
11
144
4.5
309
CONTENTFORMAT_END
171
     1
301
MARGIN
  1
CELLMARGIN_BEGIN
 40
1.5
 40
1.5
 40
1.5
 40
1.5
 40
1.5
 40
1.5
309
CELLMARGIN_END
 94
        6
 95
        1
302
GRIDFORMAT
  1
GRIDFORMAT_BEGIN
 90
        0
 91
        1
 62
     0
 92
       -2
340
14
 93
        0
 40
0.045
309
GRIDFORMAT_END
 95
        2
302
GRIDFORMAT
  1
GRIDFORMAT_BEGIN
 90
        0
 91
        1
 62
     0
 92
       -2
340
14
 93
        0
 40
0.045
309
GRIDFORMAT_END
 95
        4
302
GRIDFORMAT
  1
GRIDFORMAT_BEGIN
 90
        0
 91
        1
 62
     0
 92
       -2
340
14
 93
        0
 40
0.045
309
GRIDFORMAT_END
 95
        8
302
GRIDFORMAT
  1
GRIDFORMAT_BEGIN
 90
        0
 91
        1
 62
     0
 92
       -2
340
14
 93
        0
 40
0.045
309
GRIDFORMAT_END
 95
       16
302
GRIDFORMAT
  1
GRIDFORMAT_BEGIN
 90
        0
 91
        1
 62
     0
 92
       -2
340
14
 93
        0
 40
0.045
309
GRIDFORMAT_END
 95
       32
302
GRIDFORMAT
  1
GRIDFORMAT_BEGIN
 90
        0
 91
        1
 62
     0
 92
       -2
340
14
 93
        0
 40
0.045
309
GRIDFORMAT_END
309
TABLEFORMAT_END
  1
CELLSTYLE_BEGIN
 90
        2
 91
        1
300
_HEADER
309
CELLSTYLE_END
300
CELLSTYLE
  1
TABLEFORMAT_BEGIN
 90
        5
170
     1
 91
        0
 92
        0
 62
   257
 93
        1
300
CONTENTFORMAT
  1
CONTENTFORMAT_BEGIN
 90
        0
 91
        0
 92
        4
 93
        0
300

 40
0.0
140
1.0
 94
        2
 62
     0
340
11
144
4.5
309
CONTENTFORMAT_END
171
     1
301
MARGIN
  1
CELLMARGIN_BEGIN
 40
1.5
 40
1.5
 40
1.5
 40
1.5
 40
1.5
 40
1.5
309
CELLMARGIN_END
 94
        6
 95
        1
302
GRIDFORMAT
  1
GRIDFORMAT_BEGIN
 90
        0
 91
        1
 62
     0
 92
       -2
340
14
 93
        0
 40
0.045
309
GRIDFORMAT_END
 95
        2
302
GRIDFORMAT
  1
GRIDFORMAT_BEGIN
 90
        0
 91
        1
 62
     0
 92
       -2
340
14
 93
        0
 40
0.045
309
GRIDFORMAT_END
 95
        4
302
GRIDFORMAT
  1
GRIDFORMAT_BEGIN
 90
        0
 91
        1
 62
     0
 92
       -2
340
14
 93
        0
 40
0.045
309
GRIDFORMAT_END
 95
        8
302
GRIDFORMAT
  1
GRIDFORMAT_BEGIN
 90
        0
 91
        1
 62
     0
 92
       -2
340
14
 93
        0
 40
0.045
309
GRIDFORMAT_END
 95
       16
302
GRIDFORMAT
  1
GRIDFORMAT_BEGIN
 90
        0
 91
        1
 62
     0
 92
       -2
340
14
 93
        0
 40
0.045
309
GRIDFORMAT_END
 95
       32
302
GRIDFORMAT
  1
GRIDFORMAT_BEGIN
 90
        0
 91
        1
 62
     0
 92
       -2
340
14
 93
        0
 40
0.045
309
GRIDFORMAT_END
309
TABLEFORMAT_END
  1
CELLSTYLE_BEGIN
 90
        3
 91
        2
300
_DATA
309
CELLSTYLE_END
  0
ENDSEC
  0
EOF
