  0
SECTION
  2
HEADER
  9
$ACADVER
  1
AC1021
  9
$ACADMAINTVER
 70
    25
  9
$DWGCODEPAGE
  3
ANSI_1252
  9
$INSBASE
 10
0.0
 20
0.0
 30
0.0
  9
$EXTMIN
 10
-195.0
 20
-185.0
 30
0.0
  9
$EXTMAX
 10
195.0
 20
185.0
 30
0.0
  9
$LIMMIN
 10
0.0
 20
0.0
  9
$LIMMAX
 10
420.0
 20
297.0
  9
$ORTHOMODE
 70
     0
  9
$REGENMODE
 70
     1
  9
$FILLMODE
 70
     1
  9
$QTEXTMODE
 70
     0
  9
$MIRRTEXT
 70
     1
  9
$LTSCALE
 40
1.0
  9
$ATTMODE
 70
     1
  9
$TEXTSIZE
 40
3.5
  9
$TRACEWID
 40
1.0
  9
$TEXTSTYLE
  7
Standard
  9
$CLAYER
  8
0
  9
$CELTYPE
  6
ByLayer
  9
$CECOLOR
 62
   256
  9
$CELTSCALE
 40
1.0
  9
$DISPSILH
 70
     0
  9
$DIMSCALE
 40
1.0
  9
$DIMASZ
 40
3.302
  9
$DIMEXO
 40
1.0
  9
$DIMDLI
 40
3.75
  9
$DIMRND
 40
0.0
  9
$DIMDLE
 40
0.0
  9
$DIMEXE
 40
1.0
  9
$DIMTP
 40
0.0
  9
$DIMTM
 40
0.0
  9
$DIMTXT
 40
3.5
  9
$DIMCEN
 40
2.5
  9
$DIMTSZ
 40
0.0
  9
$DIMTOL
 70
     0
  9
$DIMLIM
 70
     0
  9
$DIMTIH
 70
     1
  9
$DIMTOH
 70
     1
  9
$DIMSE1
 70
     0
  9
$DIMSE2
 70
     0
  9
$DIMTAD
 70
     1
  9
$DIMZIN
 70
     0
  9
$DIMBLK
  1

  9
$DIMASO
 70
     1
  9
$DIMSHO
 70
     1
  9
$DIMPOST
  1

  9
$DIMAPOST
  1

  9
$DIMALT
 70
     0
  9
$DIMALTD
 70
     3
  9
$DIMALTF
 40
0.0393700787
  9
$DIMLFAC
 40
1.0
  9
$DIMTOFL
 70
     1
  9
$DIMTVP
 40
0.0
  9
$DIMTIX
 70
     0
  9
$DIMSOXD
 70
     0
  9
$DIMSAH
 70
     0
  9
$DIMBLK1
  1

  9
$DIMBLK2
  1

  9
$DIMSTYLE
  2
ISO-25
  9
$DIMCLRD
 70
     0
  9
$DIMCLRE
 70
     0
  9
$DIMCLRT
 70
     0
  9
$DIMTFAC
 40
1.0
  9
$DIMGAP
 40
1.524
  9
$DIMJUST
 70
     0
  9
$DIMSD1
 70
     0
  9
$DIMSD2
 70
     0
  9
$DIMTOLJ
 70
     0
  9
$DIMTZIN
 70
     0
  9
$DIMALTZ
 70
     0
  9
$DIMALTTZ
 70
     0
  9
$DIMUPT
 70
     0
  9
$DIMDEC
 70
     2
  9
$DIMTDEC
 70
     2
  9
$DIMALTU
 70
     2
  9
$DIMALTTD
 70
     3
  9
$DIMTXSTY
  7
Standard
  9
$DIMAUNIT
 70
     0
  9
$DIMADEC
 70
     2
  9
$DIMALTRND
 40
0.0
  9
$DIMAZIN
 70
     0
  9
$DIMDSEP
 70
    44
  9
$DIMATFIT
 70
     3
  9
$DIMFRAC
 70
     0
  9
$DIMLDRBLK
  1

  9
$DIMLUNIT
 70
     2
  9
$DIMLWD
 70
    -2
  9
$DIMLWE
 70
    -2
  9
$DIMTMOVE
 70
     0
  9
$DIMFXL
 40
1.0
  9
$DIMFXLON
 70
     0
  9
$DIMJOGANG
 40
0.7853981634
  9
$DIMTFILL
 70
     0
  9
$DIMTFILLCLR
 70
     0
  9
$DIMARCSYM
 70
     0
  9
$DIMLTYPE
  6

  9
$DIMLTEX1
  6

  9
$DIMLTEX2
  6

  9
$LUNITS
 70
     2
  9
$LUPREC
 70
     2
  9
$SKETCHINC
 40
1.0
  9
$FILLETRAD
 40
10.0
  9
$AUNITS
 70
     0
  9
$AUPREC
 70
     2
  9
$MENU
  1
.
  9
$ELEVATION
 40
0.0
  9
$PELEVATION
 40
0.0
  9
$THICKNESS
 40
0.0
  9
$LIMCHECK
 70
     0
  9
$CHAMFERA
 40
0.0
  9
$CHAMFERB
 40
0.0
  9
$CHAMFERC
 40
0.0
  9
$CHAMFERD
 40
0.0
  9
$SKPOLY
 70
     0
  9
$TDCREATE
 40
2458110.672865995
  9
$TDUCREATE
 40
2458110.631199329
  9
$TDUPDATE
 40
2458110.672911632
  9
$TDUUPDATE
 40
2458110.631244965
  9
$TDINDWG
 40
0.0000000116
  9
$TDUSRTIMER
 40
0.0000000116
  9
$USRTIMER
 70
     1
  9
$ANGBASE
 50
0.0
  9
$ANGDIR
 70
     0
  9
$PDMODE
 70
     0
  9
$PDSIZE
 40
-1.0
  9
$PLINEWID
 40
0.0
  9
$SPLFRAME
 70
     0
  9
$SPLINETYPE
 70
     6
  9
$SPLINESEGS
 70
     8
  9
$HANDSEED
  5
A5F
  9
$SURFTAB1
 70
     6
  9
$SURFTAB2
 70
     6
  9
$SURFTYPE
 70
     6
  9
$SURFU
 70
     6
  9
$SURFV
 70
     6
  9
$UCSBASE
  2

  9
$UCSNAME
  2

  9
$UCSORG
 10
0.0
 20
0.0
 30
0.0
  9
$UCSXDIR
 10
1.0
 20
0.0
 30
0.0
  9
$UCSYDIR
 10
0.0
 20
1.0
 30
0.0
  9
$UCSORTHOREF
  2

  9
$UCSORTHOVIEW
 70
     0
  9
$UCSORGTOP
 10
0.0
 20
0.0
 30
0.0
  9
$UCSORGBOTTOM
 10
0.0
 20
0.0
 30
0.0
  9
$UCSORGLEFT
 10
0.0
 20
0.0
 30
0.0
  9
$UCSORGRIGHT
 10
0.0
 20
0.0
 30
0.0
  9
$UCSORGFRONT
 10
0.0
 20
0.0
 30
0.0
  9
$UCSORGBACK
 10
0.0
 20
0.0
 30
0.0
  9
$PUCSBASE
  2

  9
$PUCSNAME
  2

  9
$PUCSORG
 10
0.0
 20
0.0
 30
0.0
  9
$PUCSXDIR
 10
1.0
 20
0.0
 30
0.0
  9
$PUCSYDIR
 10
0.0
 20
1.0
 30
0.0
  9
$PUCSORTHOREF
  2

  9
$PUCSORTHOVIEW
 70
     0
  9
$PUCSORGTOP
 10
0.0
 20
0.0
 30
0.0
  9
$PUCSORGBOTTOM
 10
0.0
 20
0.0
 30
0.0
  9
$PUCSORGLEFT
 10
0.0
 20
0.0
 30
0.0
  9
$PUCSORGRIGHT
 10
0.0
 20
0.0
 30
0.0
  9
$PUCSORGFRONT
 10
0.0
 20
0.0
 30
0.0
  9
$PUCSORGBACK
 10
0.0
 20
0.0
 30
0.0
  9
$USERI1
 70
     0
  9
$USERI2
 70
     0
  9
$USERI3
 70
     0
  9
$USERI4
 70
     0
  9
$USERI5
 70
     0
  9
$USERR1
 40
0.0
  9
$USERR2
 40
0.0
  9
$USERR3
 40
0.0
  9
$USERR4
 40
0.0
  9
$USERR5
 40
0.0
  9
$WORLDVIEW
 70
     1
  9
$SHADEDGE
 70
     3
  9
$SHADEDIF
 70
    70
  9
$TILEMODE
 70
     1
  9
$MAXACTVP
 70
    64
  9
$PINSBASE
 10
0.0
 20
0.0
 30
0.0
  9
$PLIMCHECK
 70
     0
  9
$PEXTMIN
 10
1.0000000000E+20
 20
1.0000000000E+20
 30
1.0000000000E+20
  9
$PEXTMAX
 10
-1.0000000000E+20
 20
-1.0000000000E+20
 30
-1.0000000000E+20
  9
$PLIMMIN
 10
0.0
 20
0.0
  9
$PLIMMAX
 10
420.0
 20
297.0
  9
$UNITMODE
 70
     0
  9
$VISRETAIN
 70
     1
  9
$PLINEGEN
 70
     0
  9
$PSLTSCALE
 70
     1
  9
$TREEDEPTH
 70
  3020
  9
$CMLSTYLE
  2
Standard
  9
$CMLJUST
 70
     0
  9
$CMLSCALE
 40
20.0
  9
$PROXYGRAPHICS
 70
     1
  9
$MEASUREMENT
 70
     1
  9
$CELWEIGHT
370
    -1
  9
$ENDCAPS
280
     0
  9
$JOINSTYLE
280
     0
  9
$LWDISPLAY
290
     1
  9
$INSUNITS
 70
     4
  9
$HYPERLINKBASE
  1

  9
$STYLESHEET
  1

  9
$XEDIT
290
     1
  9
$CEPSNTYPE
380
     0
  9
$PSTYLEMODE
290
     1
  9
$FINGERPRINTGUID
  2
{4801758D-33ED-422F-BDCD-80E3C10685FB}
  9
$VERSIONGUID
  2
{FAEB1C32-E019-11D5-929B-00C0DF256EC4}
  9
$EXTNAMES
290
     1
  9
$PSVPSCALE
 40
0.0
  9
$OLESTARTUP
290
     0
  9
$SORTENTS
280
   127
  9
$INDEXCTL
280
     0
  9
$HIDETEXT
280
     1
  9
$XCLIPFRAME
290
     0
  9
$HALOGAP
280
     0
  9
$OBSCOLOR
 70
   257
  9
$OBSLTYPE
280
     0
  9
$INTERSECTIONDISPLAY
280
     0
  9
$INTERSECTIONCOLOR
 70
   257
  9
$DIMASSOC
280
     2
  9
$PROJECTNAME
  1

  9
$CAMERADISPLAY
290
     0
  9
$LENSLENGTH
 40
50.0
  9
$CAMERAHEIGHT
 40
0.0
  9
$STEPSPERSEC
 40
2.0
  9
$STEPSIZE
 40
6.0
  9
$3DDWFPREC
 40
2.0
  9
$PSOLWIDTH
 40
5.0
  9
$PSOLHEIGHT
 40
80.0
  9
$LOFTANG1
 40
1.5707963268
  9
$LOFTANG2
 40
1.5707963268
  9
$LOFTMAG1
 40
0.0
  9
$LOFTMAG2
 40
0.0
  9
$LOFTPARAM
 70
     7
  9
$LOFTNORMALS
280
     1
  9
$LATITUDE
 40
37.795
  9
$LONGITUDE
 40
-122.394
  9
$NORTHDIRECTION
 40
0.0
  9
$TIMEZONE
 70
 -8000
  9
$LIGHTGLYPHDISPLAY
280
     1
  9
$TILEMODELIGHTSYNCH
280
     1
  9
$CMATERIAL
347
44
  9
$SOLIDHIST
280
     0
  9
$SHOWHIST
280
     1
  9
$DWFFRAME
280
     2
  9
$DGNFRAME
280
     2
  9
$REALWORLDSCALE
290
     1
  9
$INTERFERECOLOR
 62
   256
  9
$CSHADOW
280
     0
  9
$SHADOWPLANELOCATION
 40
0.0
  0
ENDSEC
  0
SECTION
  2
CLASSES
  0
CLASS
  1
ACDBDICTIONARYWDFLT
  2
AcDbDictionaryWithDefault
  3
ObjectDBX Classes
 90
        0
 91
        4
280
     0
281
     0
  0
CLASS
  1
VISUALSTYLE
  2
AcDbVisualStyle
  3
ObjectDBX Classes
 90
     4095
 91
        4
280
     0
281
     0
  0
CLASS
  1
MATERIAL
  2
AcDbMaterial
  3
ObjectDBX Classes
 90
     1153
 91
        4
280
     0
281
     0
  0
CLASS
  1
SCALE
  2
AcDbScale
  3
ObjectDBX Classes
 90
     1153
 91
        4
280
     0
281
     0
  0
CLASS
  1
TABLESTYLE
  2
AcDbTableStyle
  3
ObjectDBX Classes
 90
     4095
 91
        4
280
     0
281
     0
  0
CLASS
  1
MLEADERSTYLE
  2
AcDbMLeaderStyle
  3
ACDB_MLEADERSTYLE_CLASS
 90
     4095
 91
        4
280
     0
281
     0
  0
CLASS
  1
SUN
  2
AcDbSun
  3
SCENEOE
 90
     1153
 91
        4
280
     0
281
     0
  0
CLASS
  1
DICTIONARYVAR
  2
AcDbDictionaryVar
  3
ObjectDBX Classes
 90
        0
 91
        4
280
     0
281
     0
  0
CLASS
  1
CELLSTYLEMAP
  2
AcDbCellStyleMap
  3
ObjectDBX Classes
 90
     1152
 91
        4
280
     0
281
     0
  0
ENDSEC
  0
SECTION
  2
TABLES
  0
TABLE
  2
VPORT
  5
8
330
0
100
AcDbSymbolTable
 70
     1
  0
VPORT
  5
29
330
8
100
AcDbSymbolTableRecord
100
AcDbViewportTableRecord
  2
*Active
 70
     0
 10
0.0
 20
0.0
 11
1.0
 21
1.0
 12
0.0
 22
0.0
 13
0.0
 23
0.0
 14
10.0
 24
10.0
 15
10.0
 25
10.0
 16
0.0
 26
0.0
 36
1.0
 17
0.0
 27
0.0
 37
0.0
 40
377.4
 41
1.0540540541
 42
50.0
 43
0.0
 44
0.0
 50
0.0
 51
0.0
 71
     0
 72
   100
 73
     1
 74
     3
 75
     0
 76
     0
 77
     0
 78
     0
281
     0
 65
     1
110
0.0
120
0.0
130
0.0
111
1.0
121
0.0
131
0.0
112
0.0
122
1.0
132
0.0
 79
     0
146
0.0
 60
     3
 61
     5
292
     1
282
     1
141
0.0
142
0.0
 63
   250
361
6D
  0
ENDTAB
  0
TABLE
  2
LTYPE
  5
5
330
0
100
AcDbSymbolTable
 70
     6
  0
LTYPE
  5
14
330
5
100
AcDbSymbolTableRecord
100
AcDbLinetypeTableRecord
  2
ByBlock
 70
     0
  3

 72
    65
 73
     0
 40
0.0
  0
LTYPE
  5
15
330
5
100
AcDbSymbolTableRecord
100
AcDbLinetypeTableRecord
  2
ByLayer
 70
     0
  3

 72
    65
 73
     0
 40
0.0
  0
LTYPE
  5
16
330
5
100
AcDbSymbolTableRecord
100
AcDbLinetypeTableRecord
  2
Continuous
 70
     0
  3
Solid line
 72
    65
 73
     0
 40
0.0
  0
LTYPE
  5
6E
330
5
100
AcDbSymbolTableRecord
100
AcDbLinetypeTableRecord
  2
HIDDEN
 70
     0
  3
Hidden __ __ __ __ __ __ __ __ __ __ __ __ __ __
 72
    65
 73
     2
 40
1.905
 49
1.27
 74
     0
 49
-0.635
 74
     0
  0
LTYPE
  5
6F
330
5
100
AcDbSymbolTableRecord
100
AcDbLinetypeTableRecord
  2
PHANTOM
 70
     0
  3
Phantom ______  __  __  ______  __  __  ______
 72
    65
 73
     6
 40
12.7
 49
6.35
 74
     0
 49
-1.27
 74
     0
 49
1.27
 74
     0
 49
-1.27
 74
     0
 49
1.27
 74
     0
 49
-1.27
 74
     0
  0
LTYPE
  5
70
330
5
100
AcDbSymbolTableRecord
100
AcDbLinetypeTableRecord
  2
CENTER
 70
     0
  3
Center ____ _ ____ _ ____ _ ____ _ ____ _ ____
 72
    65
 73
     4
 40
10.16
 49
6.35
 74
     0
 49
-1.27
 74
     0
 49
1.27
 74
     0
 49
-1.27
 74
     0
  0
LTYPE
  5
71
330
5
100
AcDbSymbolTableRecord
100
AcDbLinetypeTableRecord
  2
CENTERX2
 70
     0
  3
Center (2x) ________  __  ________  __  _____
 72
    65
 73
     4
 40
20.32
 49
12.7
 74
     0
 49
-2.54
 74
     0
 49
2.54
 74
     0
 49
-2.54
 74
     0
  0
LTYPE
  5
72
330
5
100
AcDbSymbolTableRecord
100
AcDbLinetypeTableRecord
  2
DOT2
 70
     0
  3
Dot (.5x) ........................................
 72
    65
 73
     2
 40
0.635
 49
0.0
 74
     0
 49
-0.635
 74
     0
  0
ENDTAB
  0
TABLE
  2
LAYER
  5
2
330
0
100
AcDbSymbolTable
 70
     1
  0
LAYER
  5
10
330
2
100
AcDbSymbolTableRecord
100
AcDbLayerTableRecord
  2
0
 70
     0
 62
     7
  6
Continuous
370
    -3
390
F
347
46
  0
ENDTAB
  0
TABLE
  2
STYLE
  5
3
330
0
100
AcDbSymbolTable
 70
     1
  0
STYLE
  5
11
330
3
100
AcDbSymbolTableRecord
100
AcDbTextStyleTableRecord
  2
Standard
 70
     0
 40
0.0
 41
1.0
 50
0.0
 71
     0
 42
3.5
  3
txt
  4

  0
ENDTAB
  0
TABLE
  2
VIEW
  5
6
330
0
100
AcDbSymbolTable
 70
     0
  0
ENDTAB
  0
TABLE
  2
UCS
  5
7
330
0
100
AcDbSymbolTable
 70
     0
  0
ENDTAB
  0
TABLE
  2
APPID
  5
9
330
0
100
AcDbSymbolTable
 70
     2
  0
APPID
  5
12
330
9
100
AcDbSymbolTableRecord
100
AcDbRegAppTableRecord
  2
ACAD
 70
     0
  0
APPID
  5
A59
330
9
100
AcDbSymbolTableRecord
100
AcDbRegAppTableRecord
  2
ACAD_MLEADERVER
 70
     0
  0
ENDTAB
  0
TABLE
  2
DIMSTYLE
  5
A
330
0
100
AcDbSymbolTable
 70
     1
100
AcDbDimStyleTable
  0
DIMSTYLE
105
27
330
A
100
AcDbSymbolTableRecord
100
AcDbDimStyleTableRecord
  2
ISO-25
 70
     0
 41
2.5
 42
0.625
 43
3.75
 44
1.25
 73
     0
 74
     0
 77
     1
 78
     8
140
2.5
141
2.5
143
0.0393700787
147
0.625
171
     3
172
     1
178
     0
271
     2
272
     2
274
     3
278
    44
283
     0
284
     8
340
11
  0
ENDTAB
  0
TABLE
  2
BLOCK_RECORD
  5
1
330
0
100
AcDbSymbolTable
 70
     1
  0
BLOCK_RECORD
  5
1F
330
1
100
AcDbSymbolTableRecord
100
AcDbBlockTableRecord
  2
*Model_Space
340
22
 70
     0
280
     1
281
     0
  0
BLOCK_RECORD
  5
1B
330
1
100
AcDbSymbolTableRecord
100
AcDbBlockTableRecord
  2
*Paper_Space
340
1E
 70
     0
280
     1
281
     0
  0
BLOCK_RECORD
  5
23
330
1
100
AcDbSymbolTableRecord
100
AcDbBlockTableRecord
  2
*Paper_Space0
340
26
 70
     0
280
     1
281
     0
  0
ENDTAB
  0
ENDSEC
  0
SECTION
  2
BLOCKS
  0
BLOCK
  5
20
330
1F
100
AcDbEntity
  8
0
100
AcDbBlockBegin
  2
*Model_Space
 70
     0
 10
0.0
 20
0.0
 30
0.0
  3
*Model_Space
  1

  0
ENDBLK
  5
21
330
1F
100
AcDbEntity
  8
0
100
AcDbBlockEnd
  0
BLOCK
  5
1C
330
1B
100
AcDbEntity
 67
     1
  8
0
100
AcDbBlockBegin
  2
*Paper_Space
 70
     0
 10
0.0
 20
0.0
 30
0.0
  3
*Paper_Space
  1

  0
ENDBLK
  5
1D
330
1B
100
AcDbEntity
 67
     1
  8
0
100
AcDbBlockEnd
  0
BLOCK
  5
24
330
23
100
AcDbEntity
  8
0
100
AcDbBlockBegin
  2
*Paper_Space0
 70
     0
 10
0.0
 20
0.0
 30
0.0
  3
*Paper_Space0
  1

  0
ENDBLK
  5
25
330
23
100
AcDbEntity
  8
0
100
AcDbBlockEnd
  0
ENDSEC
  0
SECTION
  2
ENTITIES
  0
SPLINE
  5
8C
330
1F
100
AcDbEntity
  8
0
  6
Continuous
 62
     7
370
    15
100
AcDbSpline
210
0.0
220
0.0
230
1.0
 70
     8
 71
     3
 72
    15
 73
    11
 74
     0
 42
0.000000001
 43
0.00000001
 40
0.0
 40
0.0
 40
0.0
 40
0.0
 40
0.1164590748032572
 40
0.2306211259302911
 40
0.3429849625906284
 40
0.4563139140861875
 40
0.575661361486445
 40
0.705518633967409
 40
0.847489995922038
 40
1.0
 40
1.0
 40
1.0
 40
1.0
 10
71.44493322075206
 20
-30.84151898734175
 30
0.0
 10
71.31889503140515
 20
-30.77568466645997
 30
0.0
 10
71.06930461359953
 20
-30.64531453229687
 30
0.0
 10
70.67128587530296
 20
-30.51322425708539
 30
0.0
 10
70.26768332355437
 20
-30.41547243101568
 30
0.0
 10
69.84740782132317
 20
-30.38050351954173
 30
0.0
 10
69.40585541401742
 20
-30.36689736074929
 30
0.0
 10
68.92922500075439
 20
-30.34909296354133
 30
0.0
 10
68.41190585352784
 20
-30.34590343972094
 30
0.0
 10
68.05292162629277
 20
-30.34405734592009
 30
0.0
 10
67.86700600556219
 20
-30.34310126582277
 30
0.0
  0
SPLINE
  5
8D
330
1F
100
AcDbEntity
  8
0
  6
Continuous
 62
     7
370
    15
100
AcDbSpline
210
0.0
220
0.0
230
1.0
 70
     8
 71
     3
 72
    19
 73
    15
 74
     0
 42
0.000000001
 43
0.00000001
 40
0.0
 40
0.0
 40
0.0
 40
0.0
 40
0.1458654044316335
 40
0.281317857797295
 40
0.4093848648240127
 40
0.5302964503257357
 40
0.5894721501540148
 40
0.6473137480061857
 40
0.7048686726632999
 40
0.7631966117929294
 40
0.8209706958764384
 40
0.8793623257207501
 40
0.9392498078158673
 40
1.0
 40
1.0
 40
1.0
 40
1.0
 10
73.49497277771408
 20
-34.98609968354429
 30
0.0
 10
73.48857094585081
 20
-34.74946619969017
 30
0.0
 10
73.47622429221646
 20
-34.29309187967688
 30
0.0
 10
73.38556805418261
 20
-33.6335150343795
 30
0.0
 10
73.22554272794
 20
-33.02924489277104
 30
0.0
 10
73.03925505064873
 20
-32.56404533560931
 30
0.0
 10
72.86226521433024
 20
-32.22058014959221
 30
0.0
 10
72.70816016300715
 20
-31.98265515206519
 30
0.0
 10
72.54224591906606
 20
-31.75464483132211
 30
0.0
 10
72.3562755297076
 20
-31.54247063714112
 30
0.0
 10
72.15203957166423
 20
-31.34624559808213
 30
0.0
 10
71.9353330990163
 20
-31.15988975202245
 30
0.0
 10
71.69804733313757
 20
-30.99164866741707
 30
0.0
 10
71.52970587546015
 20
-30.89180022772979
 30
0.0
 10
71.44493322075206
 20
-30.84151898734175
 30
0.0
  0
SPLINE
  5
8E
330
1F
100
AcDbEntity
  8
0
  6
Continuous
 62
     7
370
    15
100
AcDbSpline
210
0.0
220
0.0
230
1.0
 70
     8
 71
     3
 72
    15
 73
    11
 74
     0
 42
0.000000001
 43
0.00000001
 40
0.0
 40
0.0
 40
0.0
 40
0.0
 40
0.1138076244841569
 40
0.2263465295506897
 40
0.3400244107409572
 40
0.4570629527355635
 40
0.5796231324061543
 40
0.7105858844160083
 40
0.8495599605553407
 40
1.0
 40
1.0
 40
1.0
 40
1.0
 10
71.62293954986599
 20
-39.06837816455695
 30
0.0
 10
71.76960091424894
 20
-38.96667732157636
 30
0.0
 10
72.0612886724085
 20
-38.76440938948149
 30
0.0
 10
72.44122518481355
 20
-38.38721840151493
 30
0.0
 10
72.76314877448556
 20
-37.95497387720643
 30
0.0
 10
73.03339128399105
 20
-37.47016008054549
 30
0.0
 10
73.24008070585073
 20
-36.92608749872391
 30
0.0
 10
73.39012694046646
 20
-36.32890469298073
 30
0.0
 10
73.47962541401387
 20
-35.67510379682741
 30
0.0
 10
73.48972363325554
 20
-35.22175462688134
 30
0.0
 10
73.49497277771408
 20
-34.98609968354429
 30
0.0
  0
SPLINE
  5
8F
330
1F
100
AcDbEntity
  8
0
  6
Continuous
 62
     7
370
    15
100
AcDbSpline
210
0.0
220
0.0
230
1.0
 70
     8
 71
     3
 72
    15
 73
    11
 74
     0
 42
0.000000001
 43
0.00000001
 40
0.0
 40
0.0
 40
0.0
 40
0.0
 40
0.1560557028170297
 40
0.2998282024180898
 40
0.4305498294526506
 40
0.5482897741889896
 40
0.659756780892721
 40
0.7708813056002196
 40
0.8833695021345959
 40
1.0
 40
1.0
 40
1.0
 40
1.0
 10
67.86700600556219
 20
-39.6468987341772
 30
0.0
 10
68.0677638396607
 20
-39.64646089543537
 30
0.0
 10
68.45347778303183
 20
-39.64561968040422
 30
0.0
 10
69.00725912489227
 20
-39.63564822327346
 30
0.0
 10
69.51176707917985
 20
-39.62492695402879
 30
0.0
 10
69.97437561834573
 20
-39.60772246156039
 30
0.0
 10
70.41110123869876
 20
-39.56317606757199
 30
0.0
 10
70.82901580580217
 20
-39.45226894026277
 30
0.0
 10
71.23835434124462
 20
-39.29306124392376
 30
0.0
 10
71.49320861959448
 20
-39.14416980773274
 30
0.0
 10
71.62293954986598
 20
-39.06837816455695
 30
0.0
  0
SPLINE
  5
93
330
1F
100
AcDbEntity
  8
0
  6
Continuous
 62
     7
370
    15
100
AcDbSpline
210
0.0
220
0.0
230
1.0
 70
     8
 71
     3
 72
    15
 73
    11
 74
     0
 42
0.000000001
 43
0.00000001
 40
0.0
 40
0.0
 40
0.0
 40
0.0
 40
0.1216822276607933
 40
0.2415954258674709
 40
0.3617589855262052
 40
0.4833546827822995
 40
0.6076538381783175
 40
0.7345432395728438
 40
0.8657690780393636
 40
1.0
 40
1.0
 40
1.0
 40
1.0
 10
74.08536043594192
 20
-41.30532436708859
 30
0.0
 10
73.89001761133846
 20
-41.42458367794362
 30
0.0
 10
73.50217187735186
 20
-41.66136849482749
 30
0.0
 10
72.87817809115734
 20
-41.93545588574829
 30
0.0
 10
72.23203603654375
 20
-42.14977803101736
 30
0.0
 10
71.55681057302235
 20
-42.2875815296403
 30
0.0
 10
70.86198711804342
 20
-42.37746275998225
 30
0.0
 10
70.1467126899406
 20
-42.4480554499949
 30
0.0
 10
69.41011749570959
 20
-42.48490140532893
 30
0.0
 10
68.911344054519
 20
-42.49160849274836
 30
0.0
 10
68.65913417011913
 20
-42.49499999999998
 30
0.0
  0
SPLINE
  5
94
330
1F
100
AcDbEntity
  8
0
  6
Continuous
 62
     7
370
    15
100
AcDbSpline
210
0.0
220
0.0
230
1.0
 70
     8
 71
     3
 72
    23
 73
    19
 74
     0
 42
0.000000001
 43
0.00000001
 40
0.0
 40
0.0
 40
0.0
 40
0.0
 40
0.0701138993281212
 40
0.1388195226491079
 40
0.2059787744071018
 40
0.2718637263740882
 40
0.3370418613260385
 40
0.4015003961052706
 40
0.4657610482678274
 40
0.5298890178092094
 40
0.5932393876353301
 40
0.654570266783229
 40
0.7147475343008799
 40
0.7733347262531496
 40
0.8311581895165324
 40
0.8878940202925871
 40
0.9441344199345841
 40
1.0
 40
1.0
 40
1.0
 40
1.0
 10
77.29244113214445
 20
-35.00983386075948
 30
0.0
 10
77.28937979296838
 20
-35.18198581549356
 30
0.0
 10
77.2833186032876
 20
-35.52283195881608
 30
0.0
 10
77.24146253797394
 20
-36.02719397074112
 30
0.0
 10
77.1709914739462
 20
-36.51785069053216
 30
0.0
 10
77.06856217136045
 20
-36.99391245707926
 30
0.0
 10
76.94275033371676
 20
-37.45755181589684
 30
0.0
 10
76.78331749937436
 20
-37.90646823962843
 30
0.0
 10
76.60105816442478
 20
-38.34385483756489
 30
0.0
 10
76.38596710114936
 20
-38.76300921530125
 30
0.0
 10
76.15395453518533
 20
-39.16458900689487
 30
0.0
 10
75.90264220702423
 20
-39.54281898591856
 30
0.0
 10
75.64026116356332
 20
-39.89898360182655
 30
0.0
 10
75.36023524397706
 20
-40.23052582947734
 30
0.0
 10
75.06285171308298
 20
-40.53462160930329
 30
0.0
 10
74.75474009618225
 20
-40.81956644965842
 30
0.0
 10
74.42687778757167
 20
-41.07406882298025
 30
0.0
 10
74.1989455272336
 20
-41.22841119718991
 30
0.0
 10
74.08536043594194
 20
-41.3053243670886
 30
0.0
  0
SPLINE
  5
9E
330
1F
100
AcDbEntity
  8
0
  6
Continuous
 62
     7
370
    15
100
AcDbSpline
210
0.0
220
0.0
230
1.0
 70
     8
 71
     3
 72
    11
 73
     7
 74
     0
 42
0.000000001
 43
0.00000001
 40
0.0
 40
0.0
 40
0.0
 40
0.0
 40
0.2502484374486825
 40
0.5232461832877219
 40
0.7850025160244416
 40
1.0
 40
1.0
 40
1.0
 40
1.0
 10
70.82815336790809
 20
-57.96305379746833
 30
0.0
 10
70.93467356350295
 20
-57.9407733750545
 30
0.0
 10
71.1573973749134
 20
-57.89418708620919
 30
0.0
 10
71.47766128689653
 20
-57.77623155928914
 30
0.0
 10
71.77598896332341
 20
-57.64028548367369
 30
0.0
 10
71.93857531611347
 20
-57.51104943419482
 30
0.0
 10
72.01189545651567
 20
-57.45276898734175
 30
0.0
  0
SPLINE
  5
9F
330
1F
100
AcDbEntity
  8
0
  6
Continuous
 62
     7
370
    15
100
AcDbSpline
210
0.0
220
0.0
230
1.0
 70
     8
 71
     3
 72
    11
 73
     7
 74
     0
 42
0.000000001
 43
0.00000001
 40
0.0
 40
0.0
 40
0.0
 40
0.0
 40
0.2836452775782533
 40
0.5482900762245886
 40
0.7910628882250661
 40
1.0
 40
1.0
 40
1.0
 40
1.0
 10
68.95908691221187
 20
-58.0401898734177
 30
0.0
 10
69.1361082400076
 20
-58.03919029604881
 30
0.0
 10
69.47829280990126
 20
-58.03725809976311
 30
0.0
 10
69.97192700284901
 20
-58.03464265881452
 30
0.0
 10
70.4190183072497
 20
-58.01524694799421
 30
0.0
 10
70.69875976845202
 20
-57.97956047280098
 30
0.0
 10
70.82815336790809
 20
-57.96305379746833
 30
0.0
  0
SPLINE
  5
A5
330
1F
100
AcDbEntity
  8
0
  6
Continuous
 62
     7
370
    15
100
AcDbSpline
210
0.0
220
0.0
230
1.0
 70
     8
 71
     3
 72
    13
 73
     9
 74
     0
 42
0.000000001
 43
0.00000001
 40
0.0
 40
0.0
 40
0.0
 40
0.0
 40
0.2250628191247392
 40
0.4628307297143809
 40
0.5875074226795273
 40
0.7178795527611749
 40
0.8552511885114961
 40
1.0
 40
1.0
 40
1.0
 40
1.0
 10
73.33210906411061
 20
-60.3958069620253
 30
0.0
 10
73.14049322846657
 20
-60.46775624266162
 30
0.0
 10
72.74644459181987
 20
-60.61571643523736
 30
0.0
 10
72.2265299804931
 20
-60.7437292542764
 30
0.0
 10
71.78467064501281
 20
-60.81756300767764
 30
0.0
 10
71.43031785145548
 20
-60.85969256387314
 30
0.0
 10
71.05591222134653
 20
-60.88263525446337
 30
0.0
 10
70.79950412912679
 20
-60.88637326255419
 30
0.0
 10
70.66794767170555
 20
-60.88829113924049
 30
0.0
  0
SPLINE
  5
A6
330
1F
100
AcDbEntity
  8
0
  6
Continuous
 62
     7
370
    15
100
AcDbSpline
210
0.0
220
0.0
230
1.0
 70
     8
 71
     3
 72
    11
 73
     7
 74
     0
 42
0.000000001
 43
0.00000001
 40
0.0
 40
0.0
 40
0.0
 40
0.0
 40
0.2421912079984856
 40
0.489737512238435
 40
0.7416865646271089
 40
1.0
 40
1.0
 40
1.0
 40
1.0
 10
75.18634165904732
 20
-59.11119462025314
 30
0.0
 10
75.05507968327383
 20
-59.23931527960601
 30
0.0
 10
74.78965339468942
 20
-59.49838947761825
 30
0.0
 10
74.34601142933703
 20
-59.84379517796438
 30
0.0
 10
73.86266501333326
 20
-60.15558388887286
 30
0.0
 10
73.51042551376248
 20
-60.31506952878804
 30
0.0
 10
73.33210906411061
 20
-60.3958069620253
 30
0.0
  0
SPLINE
  5
A7
330
1F
100
AcDbEntity
  8
0
  6
Continuous
 62
     7
370
    15
100
AcDbSpline
210
0.0
220
0.0
230
1.0
 70
     8
 71
     3
 72
    15
 73
    11
 74
     0
 42
0.000000001
 43
0.00000001
 40
0.0
 40
0.0
 40
0.0
 40
0.0
 40
0.1329637870972852
 40
0.2637525485762349
 40
0.3925401654230494
 40
0.5217683920974248
 40
0.6471102826175471
 40
0.7683789371003528
 40
0.8852906679096529
 40
1.0
 40
1.0
 40
1.0
 40
1.0
 10
76.47688754512328
 20
-55.54513449367087
 30
0.0
 10
76.47294617404287
 20
-55.71739261814903
 30
0.0
 10
76.46512790494845
 20
-56.05909106353728
 30
0.0
 10
76.40111857862244
 20
-56.56438114936714
 30
0.0
 10
76.29656944238029
 20
-57.05747010642116
 30
0.0
 10
76.15348752869976
 20
-57.53357410582353
 30
0.0
 10
75.97065568386607
 20
-57.98566150132334
 30
0.0
 10
75.74813682574236
 20
-58.40140332184386
 30
0.0
 10
75.49035471604206
 20
-58.78069450104299
 30
0.0
 10
75.28703491386725
 20
-59.00172849057234
 30
0.0
 10
75.18634165904732
 20
-59.11119462025314
 30
0.0
  0
SPLINE
  5
CB
330
1F
100
AcDbEntity
  8
0
  6
Continuous
 62
     7
370
    15
100
AcDbSpline
210
0.0
220
0.0
230
1.0
 70
     8
 71
     3
 72
    23
 73
    19
 74
     0
 42
0.000000001
 43
0.00000001
 40
0.0
 40
0.0
 40
0.0
 40
0.0
 40
0.0674503752130162
 40
0.1307935655339931
 40
0.1904065536867855
 40
0.2469719101625243
 40
0.3006102503042472
 40
0.3527516695045781
 40
0.4042813310536562
 40
0.4556395395578951
 40
0.5086794296959224
 40
0.565215077473983
 40
0.6253890754079132
 40
0.6897616085927653
 40
0.7592878639654673
 40
0.8338060366766837
 40
0.913783152362078
 40
1.0
 40
1.0
 40
1.0
 40
1.0
 10
46.6943523538693
 20
-16.69664556962025
 30
0.0
 10
46.79732465830312
 20
-16.6945995860649
 30
0.0
 10
46.99699908273171
 20
-16.69063220288309
 30
0.0
 10
47.28564131914379
 20
-16.65349564775616
 30
0.0
 10
47.55435824880204
 20
-16.59872738795477
 30
0.0
 10
47.80168078152246
 20
-16.51922216890017
 30
0.0
 10
48.02683463364812
 20
-16.41444022307936
 30
0.0
 10
48.2306746087041
 20
-16.2862721520976
 30
0.0
 10
48.41208858103941
 20
-16.13349996295417
 30
0.0
 10
48.57556694736732
 20
-15.95966900114768
 30
0.0
 10
48.71593906037696
 20
-15.75717047088608
 30
0.0
 10
48.83689709047702
 20
-15.52755556202242
 30
0.0
 10
48.94030056405184
 20
-15.27088858863031
 30
0.0
 10
49.02683861182678
 20
-14.98727807149308
 30
0.0
 10
49.09122626148442
 20
-14.67535699895948
 30
0.0
 10
49.1329756585654
 20
-14.33593809011173
 30
0.0
 10
49.16520463695988
 20
-13.96979929275683
 30
0.0
 10
49.16746678730286
 20
-13.71610907513128
 30
0.0
 10
49.16864032855284
 20
-13.58450158227848
 30
0.0
  0
SPLINE
  5
CC
330
1F
100
AcDbEntity
  8
0
  6
Continuous
 62
     7
370
    15
100
AcDbSpline
210
0.0
220
0.0
230
1.0
 70
     8
 71
     3
 72
    23
 73
    19
 74
     0
 42
0.000000001
 43
0.00000001
 40
0.0
 40
0.0
 40
0.0
 40
0.0
 40
0.0831978435599692
 40
0.1613934094829871
 40
0.2348213409358963
 40
0.3026255893659411
 40
0.3668018230398438
 40
0.426893828278661
 40
0.4835611203216698
 40
0.5374479163730734
 40
0.589957604754093
 40
0.6415506250521371
 40
0.6945366106142057
 40
0.7485955194025107
 40
0.8057266208842151
 40
0.8662701494174606
 40
0.9310716770509808
 40
1.0
 40
1.0
 40
1.0
 40
1.0
 10
44.23193146779334
 20
-13.58450158227848
 30
0.0
 10
44.23348224353122
 20
-13.71114411038566
 30
0.0
 10
44.2364905544798
 20
-13.95681477349644
 30
0.0
 10
44.26412608337122
 20
-14.31326671435755
 30
0.0
 10
44.30543320514573
 20
-14.64503067867068
 30
0.0
 10
44.37392284124111
 20
-14.95025058843979
 30
0.0
 10
44.44993531466007
 20
-15.23294596406122
 30
0.0
 10
44.5535017607473
 20
-15.48853034402502
 30
0.0
 10
44.66670724410016
 20
-15.72278284712651
 30
0.0
 10
44.80535910420461
 20
-15.92947378026524
 30
0.0
 10
44.96240007944021
 20
-16.11255306004875
 30
0.0
 10
45.14452176542967
 20
-16.26854771296634
 30
0.0
 10
45.34583143033276
 20
-16.40322201068289
 30
0.0
 10
45.57274698228487
 20
-16.50936143572448
 30
0.0
 10
45.81954964837256
 20
-16.59706074696977
 30
0.0
 10
46.09193679361717
 20
-16.65421844479356
 30
0.0
 10
46.38580902560422
 20
-16.69044145926263
 30
0.0
 10
46.58941025455098
 20
-16.69453542071834
 30
0.0
 10
46.6943523538693
 20
-16.69664556962025
 30
0.0
  0
SPLINE
  5
D0
330
1F
100
AcDbEntity
  8
0
  6
Continuous
 62
     7
370
    15
100
AcDbSpline
210
0.0
220
0.0
230
1.0
 70
     8
 71
     3
 72
    23
 73
    19
 74
     0
 42
0.000000001
 43
0.00000001
 40
0.0
 40
0.0
 40
0.0
 40
0.0
 40
0.0755562006323245
 40
0.1468344860368799
 40
0.2141885884637265
 40
0.278490456689792
 40
0.3397177054125092
 40
0.3986493108773757
 40
0.456076284190179
 40
0.5126100267236987
 40
0.5686063332735638
 40
0.6244362984821508
 40
0.6811713996827776
 40
0.7390660607437638
 40
0.7994005669317411
 40
0.8628419162057043
 40
0.929321579470196
 40
1.0
 40
1.0
 40
1.0
 40
1.0
 10
46.6943523538693
 20
-19.54474683544303
 30
0.0
 10
46.44990659095574
 20
-19.54029785809395
 30
0.0
 10
45.97485533558666
 20
-19.53165179996804
 30
0.0
 10
45.28489453353476
 20
-19.46181489288547
 30
0.0
 10
44.6368066285866
 20
-19.35268560578472
 30
0.0
 10
44.0343632383765
 20
-19.18736077095603
 30
0.0
 10
43.47202564052608
 20
-18.98524695347675
 30
0.0
 10
42.95594097821986
 20
-18.73048991061607
 30
0.0
 10
42.48043837349421
 20
-18.43411322863098
 30
0.0
 10
42.05130632255311
 20
-18.08829554646505
 30
0.0
 10
41.66970558175409
 20
-17.69806437498411
 30
0.0
 10
41.33701544933325
 20
-17.2642965718113
 30
0.0
 10
41.05861018860551
 20
-16.78690138556878
 30
0.0
 10
40.82797973881061
 20
-16.26885112317543
 30
0.0
 10
40.6507648674223
 20
-15.70737467598047
 30
0.0
 10
40.52410265205017
 20
-15.1042741651251
 30
0.0
 10
40.45017892336421
 20
-14.45856582781237
 30
0.0
 10
40.43980754807547
 20
-14.0148774774014
 30
0.0
 10
40.43446311336297
 20
-13.78624208860759
 30
0.0
  0
SPLINE
  5
D1
330
1F
100
AcDbEntity
  8
0
  6
Continuous
 62
     7
370
    15
100
AcDbSpline
210
0.0
220
0.0
230
1.0
 70
     8
 71
     3
 72
    23
 73
    19
 74
     0
 42
0.000000001
 43
0.00000001
 40
0.0
 40
0.0
 40
0.0
 40
0.0
 40
0.0695616179476347
 40
0.1352554956582948
 40
0.1975670658744772
 40
0.2572642788865731
 40
0.3151581157515029
 40
0.3710169114711623
 40
0.4265711336095396
 40
0.4822231677041709
 40
0.5382838168057297
 40
0.5956258255699778
 40
0.6546692725976053
 40
0.7161222539296807
 40
0.781133298495792
 40
0.8499126812142029
 40
0.9225151722088591
 40
1.0
 40
1.0
 40
1.0
 40
1.0
 10
52.96610868298323
 20
-13.77734177215189
 30
0.0
 10
52.96201896778557
 20
-14.00302154748166
 30
0.0
 10
52.95406693227402
 20
-14.44183293187552
 30
0.0
 10
52.8791366112699
 20
-15.07940484130755
 30
0.0
 10
52.75423021520806
 20
-15.67587419854031
 30
0.0
 10
52.58425931780549
 20
-16.23527594356923
 30
0.0
 10
52.35727213716639
 20
-16.75121876205247
 30
0.0
 10
52.08654529943737
 20
-17.23037140883912
 30
0.0
 10
51.75986124525704
 20
-17.66439046013139
 30
0.0
 10
51.38846171262983
 20
-18.0612249964032
 30
0.0
 10
50.96725814851111
 20
-18.41476845751045
 30
0.0
 10
50.49458783649428
 20
-18.71598510439955
 30
0.0
 10
49.97903780158079
 20
-18.9771261022388
 30
0.0
 10
49.41248422461762
 20
-19.18330290004412
 30
0.0
 10
48.79962303616687
 20
-19.34528252621788
 30
0.0
 10
48.14006380708071
 20
-19.46391623484688
 30
0.0
 10
47.4325078825269
 20
-19.53122958697062
 30
0.0
 10
46.94568299727815
 20
-19.54014441952417
 30
0.0
 10
46.69435235386931
 20
-19.54474683544304
 30
0.0
  0
SPLINE
  5
DE
330
1F
100
AcDbEntity
  8
0
  6
Continuous
 62
     7
370
    15
100
AcDbSpline
210
0.0
220
0.0
230
1.0
 70
     8
 71
     3
 72
    11
 73
     7
 74
     0
 42
0.000000001
 43
0.00000001
 40
0.0
 40
0.0
 40
0.0
 40
0.0
 40
0.249066717307596
 40
0.488638699793761
 40
0.7339051152102323
 40
1.0
 40
1.0
 40
1.0
 40
1.0
 10
-23.25583069620256
 20
-32.97759493670882
 30
0.0
 10
-23.00949358775484
 20
-33.03358695406816
 30
0.0
 10
-22.52621004957662
 20
-33.14343650304464
 30
0.0
 10
-21.80199596009776
 20
-33.31495593677182
 30
0.0
 10
-21.06371059919441
 20
-33.50429552842135
 30
0.0
 10
-20.57370722061413
 20
-33.67497421924811
 30
0.0
 10
-20.31872626582282
 20
-33.763789556962
 30
0.0
  0
SPLINE
  5
DF
330
1F
100
AcDbEntity
  8
0
  6
Continuous
 62
     7
370
    15
100
AcDbSpline
210
0.0
220
0.0
230
1.0
 70
     8
 71
     3
 72
    19
 73
    15
 74
     0
 42
0.000000001
 43
0.00000001
 40
0.0
 40
0.0
 40
0.0
 40
0.0
 40
0.1011887320296517
 40
0.1950660400349339
 40
0.2868204103361096
 40
0.3810406673723473
 40
0.4321596998389479
 40
0.4904805748171903
 40
0.5558649229659754
 40
0.6296753794452493
 40
0.7095308546734754
 40
0.7982370450072663
 40
0.8949330824060041
 40
1.0
 40
1.0
 40
1.0
 40
1.0
 10
-25.22873417721522
 20
-31.43487341772149
 30
0.0
 10
-25.22351075828952
 20
-31.52733141201891
 30
0.0
 10
-25.21344134023434
 20
-31.70556681882175
 30
0.0
 10
-25.13836148524712
 20
-31.95963932310462
 30
0.0
 10
-25.00650187355015
 20
-32.18104507589852
 30
0.0
 10
-24.85618358315606
 20
-32.33984530765075
 30
0.0
 10
-24.70515328332347
 20
-32.44888732502537
 30
0.0
 10
-24.5685882899149
 20
-32.53183406724143
 30
0.0
 10
-24.40690992482326
 20
-32.61234940531936
 30
0.0
 10
-24.22093308422788
 20
-32.68619372989734
 30
0.0
 10
-24.01447064574503
 20
-32.76604477883856
 30
0.0
 10
-23.78323967367338
 20
-32.83865317232712
 30
0.0
 10
-23.52760230754132
 20
-32.90942799895342
 30
0.0
 10
-23.34889270888142
 20
-32.95425271787139
 30
0.0
 10
-23.25583069620256
 20
-32.97759493670882
 30
0.0
  0
SPLINE
  5
E0
330
1F
100
AcDbEntity
  8
0
  6
Continuous
 62
     7
370
    15
100
AcDbSpline
210
0.0
220
0.0
230
1.0
 70
     8
 71
     3
 72
    15
 73
    11
 74
     0
 42
0.000000001
 43
0.00000001
 40
0.0
 40
0.0
 40
0.0
 40
0.0
 40
0.1196770177099289
 40
0.240329436762171
 40
0.3662705372173543
 40
0.4939948019782621
 40
0.6230434691222234
 40
0.7468828703742668
 40
0.872482701977875
 40
1.0
 40
1.0
 40
1.0
 40
1.0
 10
-24.36540348101269
 20
-30.14432753164553
 30
0.0
 10
-24.4226653386158
 20
-30.17553966534987
 30
0.0
 10
-24.53765575406103
 20
-30.23821832042374
 30
0.0
 10
-24.69643681991525
 20
-30.35996796520289
 30
0.0
 10
-24.84351544664647
 20
-30.50146164419728
 30
0.0
 10
-24.97719730770109
 20
-30.66154937711052
 30
0.0
 10
-25.09131640739175
 20
-30.83583847424477
 30
0.0
 10
-25.16715756641245
 20
-31.028093086087
 30
0.0
 10
-25.22221631273127
 20
-31.22709125168419
 30
0.0
 10
-25.22655061102284
 20
-31.36526379109367
 30
0.0
 10
-25.22873417721522
 20
-31.43487341772148
 30
0.0
  0
SPLINE
  5
E1
330
1F
100
AcDbEntity
  8
0
  6
Continuous
 62
     7
370
    15
100
AcDbSpline
210
0.0
220
0.0
230
1.0
 70
     8
 71
     3
 72
    11
 73
     7
 74
     0
 42
0.000000001
 43
0.00000001
 40
0.0
 40
0.0
 40
0.0
 40
0.0
 40
0.2639520361380056
 40
0.5032026899475083
 40
0.7388158753985447
 40
0.9999999999999999
 40
0.9999999999999999
 40
0.9999999999999999
 40
0.9999999999999999
 10
-22.65654272151902
 20
-29.77348101265819
 30
0.0
 10
-22.81200123942048
 20
-29.77614961973565
 30
0.0
 10
-23.10837002493108
 20
-29.78123709804965
 30
0.0
 10
-23.54034598870217
 20
-29.84097339008548
 30
0.0
 10
-23.95951741558002
 20
-29.95757610486459
 30
0.0
 10
-24.22554385933692
 20
-30.07997700049549
 30
0.0
 10
-24.36540348101269
 20
-30.14432753164553
 30
0.0
  0
SPLINE
  5
E2
330
1F
100
AcDbEntity
  8
0
  6
Continuous
 62
     7
370
    15
100
AcDbSpline
210
0.0
220
0.0
230
1.0
 70
     8
 71
     3
 72
    15
 73
    11
 74
     0
 42
0.000000001
 43
0.00000001
 40
0.0
 40
0.0
 40
0.0
 40
0.0
 40
0.1136415593607114
 40
0.2319826117987671
 40
0.3553108391965736
 40
0.4846013847631396
 40
0.6149735606370375
 40
0.7439586616355734
 40
0.8717375500645197
 40
1.0
 40
1.0
 40
1.0
 40
1.0
 10
-18.15594936708864
 20
-31.48234177215186
 30
0.0
 10
-18.30026021941829
 20
-31.36485065682877
 30
0.0
 10
-18.59484970430979
 20
-31.1250097399219
 30
0.0
 10
-19.08530140246377
 20
-30.81081478137536
 30
0.0
 10
-19.61761401683019
 20
-30.51816073428972
 30
0.0
 10
-20.18993900786264
 20
-30.26145504065926
 30
0.0
 10
-20.78781700120518
 20
-30.04172025539891
 30
0.0
 10
-21.40380301718585
 20
-29.8903112792894
 30
0.0
 10
-22.02718383558403
 20
-29.78872609358993
 30
0.0
 10
-22.44649245645192
 20
-29.77856910049209
 30
0.0
 10
-22.65654272151902
 20
-29.77348101265819
 30
0.0
  0
SPLINE
  5
E5
330
1F
100
AcDbEntity
  8
0
  6
Continuous
 62
     7
370
    15
100
AcDbSpline
210
0.0
220
0.0
230
1.0
 70
     8
 71
     3
 72
    15
 73
    11
 74
     0
 42
0.000000001
 43
0.00000001
 40
0.0
 40
0.0
 40
0.0
 40
0.0
 40
0.1294408077855941
 40
0.2592073083935766
 40
0.3884623751284382
 40
0.5187664737724821
 40
0.6467098914259586
 40
0.7696212128193354
 40
0.8872613212461452
 40
1.0
 40
1.0
 40
1.0
 40
1.0
 10
-22.82861550632915
 20
-27.11525316455693
 30
0.0
 10
-22.60700069730463
 20
-27.11889072433378
 30
0.0
 10
-22.16321346258224
 20
-27.12617499654291
 30
0.0
 10
-21.49985700754849
 20
-27.17848623701368
 30
0.0
 10
-20.83812797983639
 20
-27.26046027763171
 30
0.0
 10
-20.18532020942155
 20
-27.38009340349902
 30
0.0
 10
-19.54848351127011
 20
-27.52331800682109
 30
0.0
 10
-18.94046320076059
 20
-27.69223482822131
 30
0.0
 10
-18.36584539730786
 20
-27.88262482442634
 30
0.0
 10
-18.00181407060849
 20
-28.03470133430597
 30
0.0
 10
-17.82367088607598
 20
-28.109121835443
 30
0.0
  0
SPLINE
  5
E6
330
1F
100
AcDbEntity
  8
0
  6
Continuous
 62
     7
370
    15
100
AcDbSpline
210
0.0
220
0.0
230
1.0
 70
     8
 71
     3
 72
    23
 73
    19
 74
     0
 42
0.000000001
 43
0.00000001
 40
0.0
 40
0.0
 40
0.0
 40
0.0
 40
0.0594833616744424
 40
0.1169638500036982
 40
0.1732460741739612
 40
0.2287396536286817
 40
0.2844529037989195
 40
0.3415562755866119
 40
0.400368488974917
 40
0.4620860892910544
 40
0.5253571389348713
 40
0.5888599697535195
 40
0.6528301482273493
 40
0.7182078818748883
 40
0.7850600935452983
 40
0.8543174996093424
 40
0.9256211028331051
 40
0.9999999999999999
 40
0.9999999999999999
 40
0.9999999999999999
 40
0.9999999999999999
 10
-29.0262025316456
 20
-31.89472310126579
 30
0.0
 10
-29.02148211831906
 20
-31.7213202785285
 30
0.0
 10
-29.0122002334232
 20
-31.3803533059511
 30
0.0
 10
-28.92663757016061
 20
-30.88117593651047
 30
0.0
 10
-28.78701811526777
 20
-30.40726938473631
 30
0.0
 10
-28.59345621330388
 20
-29.95786749590598
 30
0.0
 10
-28.34086089985831
 20
-29.53602916205028
 30
0.0
 10
-28.03336514007177
 20
-29.14034650380464
 30
0.0
 10
-27.67053316870567
 20
-28.76979889859387
 30
0.0
 10
-27.25616166279882
 20
-28.42942254489286
 30
0.0
 10
-26.80261379758109
 20
-28.11830020084579
 30
0.0
 10
-26.31335365096804
 20
-27.85323138062947
 30
0.0
 10
-25.80072830571626
 20
-27.62200763774553
 30
0.0
 10
-25.25967353257439
 20
-27.43499325888419
 30
0.0
 10
-24.68925930274813
 20
-27.29384135512372
 30
0.0
 10
-24.09352062418922
 20
-27.19044022622707
 30
0.0
 10
-23.46984102971993
 20
-27.12651135915768
 30
0.0
 10
-23.04534432744189
 20
-27.1190583394208
 30
0.0
 10
-22.82861550632915
 20
-27.11525316455693
 30
0.0
  0
SPLINE
  5
E7
330
1F
100
AcDbEntity
  8
0
  6
Continuous
 62
     7
370
    15
100
AcDbSpline
210
0.0
220
0.0
230
1.0
 70
     8
 71
     3
 72
    23
 73
    19
 74
     0
 42
0.000000001
 43
0.00000001
 40
0.0
 40
0.0
 40
0.0
 40
0.0
 40
0.0770458878192128
 40
0.1497213128436264
 40
0.2194039958769108
 40
0.2848047265137231
 40
0.3478324684181869
 40
0.4077425240018548
 40
0.4657068908500128
 40
0.521835986400796
 40
0.5774735255480098
 40
0.6335009546146959
 40
0.6898512312692352
 40
0.7482875849294267
 40
0.8079266755078358
 40
0.8693552499339348
 40
0.9332811589602478
 40
1.0
 40
1.0
 40
1.0
 40
1.0
 10
-25.78945411392408
 20
-36.20544303797465
 30
0.0
 10
-25.9295438991718
 20
-36.15264949032824
 30
0.0
 10
-26.20177681330847
 20
-36.05005713287706
 30
0.0
 10
-26.5898954024411
 20
-35.87319930273848
 30
0.0
 10
-26.94767000956719
 20
-35.68581642697617
 30
0.0
 10
-27.27441826170662
 20
-35.4818000958229
 30
0.0
 10
-27.57076874799618
 20
-35.26670189638722
 30
0.0
 10
-27.83755777112288
 20
-35.0371513989265
 30
0.0
 10
-28.07188453315071
 20
-34.79303267497144
 30
0.0
 10
-28.28054895456957
 20
-34.53685667229117
 30
0.0
 10
-28.4538299420731
 20
-34.26020280485398
 30
0.0
 10
-28.61049900130691
 20
-33.97345584678056
 30
0.0
 10
-28.73750814732719
 20
-33.66638014025304
 30
0.0
 10
-28.84535499084433
 20
-33.34475675805184
 30
0.0
 10
-28.9233497689834
 20
-33.00446055615749
 30
0.0
 10
-28.98374673204892
 20
-32.65004029263861
 30
0.0
 10
-29.01967403100235
 20
-32.27817655479723
 30
0.0
 10
-29.02399556938775
 20
-32.02434969484856
 30
0.0
 10
-29.0262025316456
 20
-31.89472310126579
 30
0.0
  0
SPLINE
  5
E8
330
1F
100
AcDbEntity
  8
0
  6
Continuous
 62
     7
370
    15
100
AcDbSpline
210
0.0
220
0.0
230
1.0
 70
     8
 71
     3
 72
    11
 73
     7
 74
     0
 42
0.000000001
 43
0.00000001
 40
0.0
 40
0.0
 40
0.0
 40
0.0
 40
0.2426947176641944
 40
0.4994023958496794
 40
0.7562624951851493
 40
0.9999999999999999
 40
0.9999999999999999
 40
0.9999999999999999
 40
0.9999999999999999
 10
-22.54380537974687
 20
-37.04207278481009
 30
0.0
 10
-22.80646360754785
 20
-36.97410733976832
 30
0.0
 10
-23.34694569762342
 20
-36.834252189992
 30
0.0
 10
-24.17302594515688
 20
-36.65531145043082
 30
0.0
 10
-24.99849733752914
 20
-36.46478123968645
 30
0.0
 10
-25.53045003259984
 20
-36.29036506493142
 30
0.0
 10
-25.78945411392408
 20
-36.20544303797465
 30
0.0
  0
SPLINE
  5
E9
330
1F
100
AcDbEntity
  8
0
  6
Continuous
 62
     7
370
    15
100
AcDbSpline
210
0.0
220
0.0
230
1.0
 70
     8
 71
     3
 72
    15
 73
    11
 74
     0
 42
0.000000001
 43
0.00000001
 40
0.0
 40
0.0
 40
0.0
 40
0.0
 40
0.1221225131784143
 40
0.2378462099639898
 40
0.3525473583735685
 40
0.4739891187792584
 40
0.6008434091333105
 40
0.7293177487851208
 40
0.8625471806949583
 40
1.0
 40
1.0
 40
1.0
 40
1.0
 10
-21.0515189873418
 20
-38.49282436708857
 30
0.0
 10
-21.0560852710392
 20
-38.40118065241435
 30
0.0
 10
-21.06497858024795
 20
-38.2226950510704
 30
0.0
 10
-21.1512637613819
 20
-37.96931284848038
 30
0.0
 10
-21.29656615524545
 20
-37.7470625585204
 30
0.0
 10
-21.49171588919294
 20
-37.55521115678988
 30
0.0
 10
-21.72447639954758
 20
-37.39510956996522
 30
0.0
 10
-21.97377113105274
 20
-37.24410163225894
 30
0.0
 10
-22.25179382624468
 20
-37.13178245541331
 30
0.0
 10
-22.44546094870498
 20
-37.07228544731819
 30
0.0
 10
-22.54380537974687
 20
-37.04207278481009
 30
0.0
  0
SPLINE
  5
EA
330
1F
100
AcDbEntity
  8
0
  6
Continuous
 62
     7
370
    15
100
AcDbSpline
210
0.0
220
0.0
230
1.0
 70
     8
 71
     3
 72
    15
 73
    11
 74
     0
 42
0.000000001
 43
0.00000001
 40
0.0
 40
0.0
 40
0.0
 40
0.0
 40
0.1197813079862535
 40
0.2378320344012474
 40
0.3543281542759963
 40
0.4731718024248157
 40
0.5935053129909306
 40
0.7194360809945901
 40
0.8534020568269217
 40
1.0
 40
1.0
 40
1.0
 40
1.0
 10
-21.97418512658231
 20
-39.89907436708858
 30
0.0
 10
-21.91110284546541
 20
-39.86580680305478
 30
0.0
 10
-21.78584968614589
 20
-39.79975231954019
 30
0.0
 10
-21.61298955642141
 20
-39.67764697924134
 30
0.0
 10
-21.45827857683702
 20
-39.53497914564296
 30
0.0
 10
-21.31260456604096
 20
-39.38050077964785
 30
0.0
 10
-21.19592026628779
 20
-39.19579967361835
 30
0.0
 10
-21.10748144205946
 20
-38.98610605172234
 30
0.0
 10
-21.06248155785095
 20
-38.74685827981912
 30
0.0
 10
-21.05528123868216
 20
-38.58000642241669
 30
0.0
 10
-21.0515189873418
 20
-38.49282436708857
 30
0.0
  0
SPLINE
  5
EB
330
1F
100
AcDbEntity
  8
0
  6
Continuous
 62
     7
370
    15
100
AcDbSpline
210
0.0
220
0.0
230
1.0
 70
     8
 71
     3
 72
    15
 73
    11
 74
     0
 42
0.000000001
 43
0.00000001
 40
0.0
 40
0.0
 40
0.0
 40
0.0
 40
0.1003964100684048
 40
0.2148999119394719
 40
0.3453817630343931
 40
0.4902226418918988
 40
0.6378366789765249
 40
0.7712668758507775
 40
0.8916192947022028
 40
1.0
 40
1.0
 40
1.0
 40
1.0
 10
-23.6474446202532
 20
-40.21651898734174
 30
0.0
 10
-23.59006287859906
 20
-40.21503656216012
 30
0.0
 10
-23.46723646259469
 20
-40.21186341044317
 30
0.0
 10
-23.27036635059312
 20
-40.19581908284677
 30
0.0
 10
-23.04882358125428
 20
-40.17181181560762
 30
0.0
 10
-22.808962840633
 20
-40.14112352689251
 30
0.0
 10
-22.56908813833465
 20
-40.09869257286144
 30
0.0
 10
-22.34562981857779
 20
-40.04628597770035
 30
0.0
 10
-22.14787795989163
 20
-39.98300265655114
 30
0.0
 10
-22.03002665586669
 20
-39.92605696587816
 30
0.0
 10
-21.97418512658231
 20
-39.89907436708857
 30
0.0
  0
SPLINE
  5
EC
330
1F
100
AcDbEntity
  8
0
  6
Continuous
 62
     7
370
    15
100
AcDbSpline
210
0.0
220
0.0
230
1.0
 70
     8
 71
     3
 72
    15
 73
    11
 74
     0
 42
0.000000001
 43
0.00000001
 40
0.0
 40
0.0
 40
0.0
 40
0.0
 40
0.1330007415974298
 40
0.2633529553146715
 40
0.3927905965989175
 40
0.5216130839122828
 40
0.6481902261341931
 40
0.7689978995365305
 40
0.885968215816161
 40
0.9999999999999999
 40
0.9999999999999999
 40
0.9999999999999999
 40
0.9999999999999999
 10
-28.68799050632915
 20
-38.12791139240503
 30
0.0
 10
-28.50093884714103
 20
-38.28970515032062
 30
0.0
 10
-28.13056040675002
 20
-38.61007076472832
 30
0.0
 10
-27.52863835189048
 20
-39.02533768287331
 30
0.0
 10
-26.90229550104761
 20
-39.38650643238158
 30
0.0
 10
-26.2509293760837
 20
-39.68392154527257
 30
0.0
 10
-25.59240793372794
 20
-39.92203565332917
 30
0.0
 10
-24.93496688476682
 20
-40.0863807200184
 30
0.0
 10
-24.28916129270909
 20
-40.19884524334972
 30
0.0
 10
-23.85952841942979
 20
-40.21067791302905
 30
0.0
 10
-23.6474446202532
 20
-40.21651898734174
 30
0.0
  0
SPLINE
  5
EF
330
1F
100
AcDbEntity
  8
0
  6
Continuous
 62
     7
370
    15
100
AcDbSpline
210
0.0
220
0.0
230
1.0
 70
     8
 71
     3
 72
    15
 73
    11
 74
     0
 42
0.000000001
 43
0.00000001
 40
0.0
 40
0.0
 40
0.0
 40
0.0
 40
0.1485734939132442
 40
0.2879037989287583
 40
0.4195438208478091
 40
0.543015505237307
 40
0.6616698257740932
 40
0.7768020652172458
 40
0.8899545031213244
 40
1.0
 40
1.0
 40
1.0
 40
1.0
 10
-23.66227848101269
 20
-42.87474683544301
 30
0.0
 10
-23.93634383523924
 20
-42.87107177263746
 30
0.0
 10
-24.46742414141184
 20
-42.86395028336542
 30
0.0
 10
-25.23914381116844
 20
-42.80026367789198
 30
0.0
 10
-25.960169491043
 20
-42.69954017623645
 30
0.0
 10
-26.6340079731562
 20
-42.55119529717395
 30
0.0
 10
-27.26801337586157
 20
-42.37073413712619
 30
0.0
 10
-27.87550420334602
 20
-42.16960083089341
 30
0.0
 10
-28.46262372177277
 20
-41.95734882206893
 30
0.0
 10
-28.84009440686263
 20
-41.79286784388567
 30
0.0
 10
-29.0262025316456
 20
-41.7117721518987
 30
0.0
  0
SPLINE
  5
116
330
1F
100
AcDbEntity
  8
0
  6
Continuous
 62
     7
370
    15
100
AcDbSpline
210
0.0
220
0.0
230
1.0
 70
     8
 71
     3
 72
    15
 73
    11
 74
     0
 42
0.000000001
 43
0.00000001
 40
0.0
 40
0.0
 40
0.0
 40
0.0
 40
0.1164590748032547
 40
0.2306211259302895
 40
0.3429849625906287
 40
0.4563139140861838
 40
0.5756613614864432
 40
0.7055186339674072
 40
0.8474899959220362
 40
1.0
 40
1.0
 40
1.0
 40
1.0
 10
-44.3117596067754
 20
-100.8315189873417
 30
0.0
 10
-44.43779779612233
 20
-100.76568466646
 30
0.0
 10
-44.68738821392793
 20
-100.6353145322968
 30
0.0
 10
-45.0854069522245
 20
-100.5032242570854
 30
0.0
 10
-45.48900950397307
 20
-100.4054724310156
 30
0.0
 10
-45.90928500620428
 20
-100.3705035195418
 30
0.0
 10
-46.35083741351004
 20
-100.3568973607492
 30
0.0
 10
-46.82746782677308
 20
-100.3390929635413
 30
0.0
 10
-47.34478697399965
 20
-100.3359034397209
 30
0.0
 10
-47.70377120123469
 20
-100.33405734592
 30
0.0
 10
-47.88968682196528
 20
-100.3331012658227
 30
0.0
  0
SPLINE
  5
117
330
1F
100
AcDbEntity
  8
0
  6
Continuous
 62
     7
370
    15
100
AcDbSpline
210
0.0
220
0.0
230
1.0
 70
     8
 71
     3
 72
    19
 73
    15
 74
     0
 42
0.000000001
 43
0.00000001
 40
0.0
 40
0.0
 40
0.0
 40
0.0
 40
0.1458654044316318
 40
0.2813178577972946
 40
0.4093848648240107
 40
0.5302964503257356
 40
0.5894721501540152
 40
0.647313748006186
 40
0.7048686726632979
 40
0.7631966117929274
 40
0.8209706958764376
 40
0.8793623257207491
 40
0.9392498078158654
 40
1.0
 40
1.0
 40
1.0
 40
1.0
 10
-42.26172004981338
 20
-104.9760996835442
 30
0.0
 10
-42.26812188167665
 20
-104.7394661996901
 30
0.0
 10
-42.28046853531102
 20
-104.2830918796768
 30
0.0
 10
-42.37112477334481
 20
-103.6235150343795
 30
0.0
 10
-42.53115009958748
 20
-103.019244892771
 30
0.0
 10
-42.71743777687872
 20
-102.5540453356093
 30
0.0
 10
-42.89442761319721
 20
-102.2105801495922
 30
0.0
 10
-43.04853266452037
 20
-101.9726551520652
 30
0.0
 10
-43.21444690846138
 20
-101.7446448313221
 30
0.0
 10
-43.40041729781985
 20
-101.5324706371411
 30
0.0
 10
-43.60465325586322
 20
-101.3362455980821
 30
0.0
 10
-43.82135972851115
 20
-101.1498897520224
 30
0.0
 10
-44.0586454943899
 20
-100.981648667417
 30
0.0
 10
-44.22698695206732
 20
-100.8818002277297
 30
0.0
 10
-44.3117596067754
 20
-100.8315189873417
 30
0.0
  0
SPLINE
  5
118
330
1F
100
AcDbEntity
  8
0
  6
Continuous
 62
     7
370
    15
100
AcDbSpline
210
0.0
220
0.0
230
1.0
 70
     8
 71
     3
 72
    15
 73
    11
 74
     0
 42
0.000000001
 43
0.00000001
 40
0.0
 40
0.0
 40
0.0
 40
0.0
 40
0.1138076244841588
 40
0.2263465295506894
 40
0.3400244107409568
 40
0.4570629527355634
 40
0.5796231324061559
 40
0.7105858844160085
 40
0.8495599605553423
 40
0.9999999999999999
 40
0.9999999999999999
 40
0.9999999999999999
 40
0.9999999999999999
 10
-44.13375327766148
 20
-109.0583781645569
 30
0.0
 10
-43.98709191327855
 20
-108.9566773215763
 30
0.0
 10
-43.69540415511899
 20
-108.7544093894814
 30
0.0
 10
-43.3154676427139
 20
-108.3772184015149
 30
0.0
 10
-42.9935440530419
 20
-107.9449738772064
 30
0.0
 10
-42.72330154353641
 20
-107.4601600805454
 30
0.0
 10
-42.51661212167675
 20
-106.9160874987239
 30
0.0
 10
-42.36656588706099
 20
-106.3189046929807
 30
0.0
 10
-42.27706741351358
 20
-105.6651037968274
 30
0.0
 10
-42.26696919427191
 20
-105.2117546268813
 30
0.0
 10
-42.26172004981338
 20
-104.9760996835442
 30
0.0
  0
SPLINE
  5
119
330
1F
100
AcDbEntity
  8
0
  6
Continuous
 62
     7
370
    15
100
AcDbSpline
210
0.0
220
0.0
230
1.0
 70
     8
 71
     3
 72
    15
 73
    11
 74
     0
 42
0.000000001
 43
0.00000001
 40
0.0
 40
0.0
 40
0.0
 40
0.0
 40
0.1560557028170314
 40
0.2998282024180914
 40
0.4305498294526521
 40
0.5482897741889912
 40
0.6597567808927224
 40
0.7708813056002213
 40
0.8833695021345991
 40
1.0
 40
1.0
 40
1.0
 40
1.0
 10
-47.88968682196528
 20
-109.6368987341772
 30
0.0
 10
-47.68892898786675
 20
-109.6364608954353
 30
0.0
 10
-47.30321504449564
 20
-109.6356196804041
 30
0.0
 10
-46.74943370263518
 20
-109.6256482232734
 30
0.0
 10
-46.24492574834761
 20
-109.6149269540288
 30
0.0
 10
-45.78231720918173
 20
-109.5977224615603
 30
0.0
 10
-45.3455915888287
 20
-109.553176067572
 30
0.0
 10
-44.92767702172531
 20
-109.4422689402627
 30
0.0
 10
-44.51833848628287
 20
-109.2830612439238
 30
0.0
 10
-44.26348420793298
 20
-109.1341698077327
 30
0.0
 10
-44.13375327766148
 20
-109.0583781645569
 30
0.0
  0
SPLINE
  5
11D
330
1F
100
AcDbEntity
  8
0
  6
Continuous
 62
     7
370
    15
100
AcDbSpline
210
0.0
220
0.0
230
1.0
 70
     8
 71
     3
 72
    15
 73
    11
 74
     0
 42
0.000000001
 43
0.00000001
 40
0.0
 40
0.0
 40
0.0
 40
0.0
 40
0.1216822276607928
 40
0.2415954258674715
 40
0.3617589855262058
 40
0.4833546827822998
 40
0.6076538381783188
 40
0.7345432395728441
 40
0.8657690780393636
 40
1.0
 40
1.0
 40
1.0
 40
1.0
 10
-41.67133239158553
 20
-111.2953243670886
 30
0.0
 10
-41.86667521618898
 20
-111.4145836779436
 30
0.0
 10
-42.25452095017562
 20
-111.6513684948274
 30
0.0
 10
-42.87851473637009
 20
-111.9254558857483
 30
0.0
 10
-43.52465679098374
 20
-112.1397780310173
 30
0.0
 10
-44.1998822545051
 20
-112.2775815296403
 30
0.0
 10
-44.89470570948406
 20
-112.3674627599822
 30
0.0
 10
-45.60998013758685
 20
-112.4380554499949
 30
0.0
 10
-46.34657533181786
 20
-112.4749014053289
 30
0.0
 10
-46.84534877300845
 20
-112.4816084927483
 30
0.0
 10
-47.09755865740832
 20
-112.4849999999999
 30
0.0
  0
SPLINE
  5
11E
330
1F
100
AcDbEntity
  8
0
  6
Continuous
 62
     7
370
    15
100
AcDbSpline
210
0.0
220
0.0
230
1.0
 70
     8
 71
     3
 72
    23
 73
    19
 74
     0
 42
0.000000001
 43
0.00000001
 40
0.0
 40
0.0
 40
0.0
 40
0.0
 40
0.0701138993281231
 40
0.1388195226491087
 40
0.2059787744071034
 40
0.271863726374088
 40
0.3370418613260388
 40
0.4015003961052715
 40
0.4657610482678284
 40
0.5298890178092107
 40
0.5932393876353301
 40
0.6545702667832289
 40
0.7147475343008817
 40
0.7733347262531507
 40
0.8311581895165328
 40
0.8878940202925868
 40
0.9441344199345856
 40
1.0
 40
1.0
 40
1.0
 40
1.0
 10
-38.464251695383
 20
-104.9998338607594
 30
0.0
 10
-38.46731303455908
 20
-105.1719858154935
 30
0.0
 10
-38.47337422423991
 20
-105.512831958816
 30
0.0
 10
-38.51523028955349
 20
-106.0171939707411
 30
0.0
 10
-38.58570135358126
 20
-106.5078506905321
 30
0.0
 10
-38.68813065616701
 20
-106.9839124570793
 30
0.0
 10
-38.81394249381066
 20
-107.4475518158968
 30
0.0
 10
-38.97337532815309
 20
-107.8964682396284
 30
0.0
 10
-39.15563466310268
 20
-108.3338548375648
 30
0.0
 10
-39.3707257263781
 20
-108.7530092153012
 30
0.0
 10
-39.6027382923421
 20
-109.1545890068948
 30
0.0
 10
-39.85405062050324
 20
-109.5328189859185
 30
0.0
 10
-40.11643166396415
 20
-109.8889836018265
 30
0.0
 10
-40.39645758355042
 20
-110.2205258294773
 30
0.0
 10
-40.69384111444447
 20
-110.5246216093033
 30
0.0
 10
-41.00195273134522
 20
-110.8095664496584
 30
0.0
 10
-41.3298150399558
 20
-111.0640688229802
 30
0.0
 10
-41.55774730029388
 20
-111.2184111971899
 30
0.0
 10
-41.67133239158554
 20
-111.2953243670886
 30
0.0
  0
CIRCLE
  5
138
330
1F
100
AcDbEntity
  8
0
  6
Continuous
 62
     7
370
    15
100
AcDbCircle
 10
-158.1081081081
 20
-150.0
 30
0.0
 40
1.999999999999972
  0
CIRCLE
  5
139
330
1F
100
AcDbEntity
  8
0
  6
Continuous
 62
     7
370
    15
100
AcDbCircle
 10
-158.1081081081
 20
150.0
 30
0.0
 40
1.999999999999972
  0
CIRCLE
  5
13A
330
1F
100
AcDbEntity
  8
0
  6
Continuous
 62
     7
370
    15
100
AcDbCircle
 10
158.1081081081
 20
150.0
 30
0.0
 40
1.999999999999972
  0
CIRCLE
  5
13B
330
1F
100
AcDbEntity
  8
0
  6
Continuous
 62
     7
370
    15
100
AcDbCircle
 10
158.1081081081
 20
-150.0
 30
0.0
 40
1.999999999999972
  0
SPLINE
  5
14A
330
1F
100
AcDbEntity
  8
0
  6
Continuous
 62
     7
370
    15
100
AcDbSpline
210
0.0
220
0.0
230
1.0
 70
     8
 71
     3
 72
     9
 73
     5
 74
     0
 42
0.000000001
 43
0.00000001
 40
0.0
 40
0.0
 40
0.0
 40
0.0
 40
0.9233222598694982
 40
0.9999999999999999
 40
0.9999999999999999
 40
0.9999999999999999
 40
0.9999999999999999
 10
-1.833188780741358
 20
155.4936708860759
 30
0.0
 10
-1.803452376175073
 20
155.4972987369817
 30
0.0
 10
-1.771246497622457
 20
155.5012278645067
 30
0.0
 10
-1.738872901941968
 20
155.5011248048396
 30
0.0
 10
-1.73639056778529
 20
155.5011169024572
 30
0.0
  0
SPLINE
  5
14B
330
1F
100
AcDbEntity
  8
0
  6
Continuous
 62
     7
370
    15
100
AcDbSpline
210
0.0
220
0.0
230
1.0
 70
     8
 71
     3
 72
     9
 73
     5
 74
     0
 42
0.000000001
 43
0.00000001
 40
0.0
 40
0.0
 40
0.0
 40
0.0
 40
0.4871544000645451
 40
1.0
 40
1.0
 40
1.0
 40
1.0
 10
-2.767663836586481
 20
155.0394638868206
 30
0.0
 10
-2.616424037871805
 20
155.1142583463213
 30
0.0
 10
-2.305968464249486
 20
155.2677917219632
 30
0.0
 10
-1.99345826259487
 20
155.4170992019349
 30
0.0
 10
-1.833188780741358
 20
155.4936708860759
 30
0.0
  0
SPLINE
  5
14C
330
1F
100
AcDbEntity
  8
0
  6
Continuous
 62
     7
370
    15
100
AcDbSpline
210
0.0
220
0.0
230
1.0
 70
     8
 71
     3
 72
    11
 73
     7
 74
     0
 42
0.000000001
 43
0.00000001
 40
0.0
 40
0.0
 40
0.0
 40
0.0
 40
0.2489853588637051
 40
0.4955920025479209
 40
0.745458861051672
 40
1.0
 40
1.0
 40
1.0
 40
1.0
 10
-3.65373978595357
 20
154.2204020848846
 30
0.0
 10
-3.595020352932818
 20
154.302791388871
 30
0.0
 10
-3.478142470907784
 20
154.4667828795252
 30
0.0
 10
-3.264977367395244
 20
154.6826312388884
 30
0.0
 10
-3.031304965881958
 20
154.8795176956598
 30
0.0
 10
-2.856085458149655
 20
154.9858201263683
 30
0.0
 10
-2.767663836586481
 20
155.0394638868206
 30
0.0
  0
SPLINE
  5
14E
330
1F
100
AcDbEntity
  8
0
  6
Continuous
 62
     7
370
    15
100
AcDbSpline
210
0.0
220
0.0
230
1.0
 70
     8
 71
     3
 72
     9
 73
     5
 74
     0
 42
0.000000001
 43
0.00000001
 40
0.0
 40
0.0
 40
0.0
 40
0.0
 40
0.5017454645826978
 40
1.0
 40
1.0
 40
1.0
 40
1.0
 10
-3.97391849034672
 20
150.3037974683544
 30
0.0
 10
-3.918783317447199
 20
150.5481588045863
 30
0.0
 10
-3.80889657847014
 20
151.0351813159606
 30
0.0
 10
-3.705338211818272
 20
151.5235885618649
 30
0.0
 10
-3.65373978595357
 20
151.7669396872673
 30
0.0
  0
SPLINE
  5
14F
330
1F
100
AcDbEntity
  8
0
  6
Continuous
 62
     7
370
    15
100
AcDbSpline
210
0.0
220
0.0
230
1.0
 70
     8
 71
     3
 72
    11
 73
     7
 74
     0
 42
0.000000001
 43
0.00000001
 40
0.0
 40
0.0
 40
0.0
 40
0.0
 40
0.2157557994336444
 40
0.4552362031341799
 40
0.7130940512003905
 40
0.9999999999999999
 40
0.9999999999999999
 40
0.9999999999999999
 40
0.9999999999999999
 10
-4.510031669795715
 20
149.0230826507818
 30
0.0
 10
-4.453115486458229
 20
149.1061182959479
 30
0.0
 10
-4.333024590790716
 20
149.2813202229849
 30
0.0
 10
-4.193281421728341
 20
149.5840574982709
 30
0.0
 10
-4.067745147601027
 20
149.9275785357478
 30
0.0
 10
-4.006286417955659
 20
150.1740110352439
 30
0.0
 10
-3.97391849034672
 20
150.3037974683544
 30
0.0
  0
SPLINE
  5
153
330
1F
100
AcDbEntity
  8
0
  6
Continuous
 62
     7
370
    15
100
AcDbSpline
210
0.0
220
0.0
230
1.0
 70
     8
 71
     3
 72
    11
 73
     7
 74
     0
 42
0.000000001
 43
0.00000001
 40
0.0
 40
0.0
 40
0.0
 40
0.0
 40
0.2809548857194238
 40
0.5314084599716182
 40
0.771112288593145
 40
1.0
 40
1.0
 40
1.0
 40
1.0
 10
-5.70139429079348
 20
146.2382725241995
 30
0.0
 10
-5.74371712240402
 20
146.2638137307067
 30
0.0
 10
-5.823768091121665
 20
146.3121233131545
 30
0.0
 10
-5.918595804011066
 20
146.409647181681
 30
0.0
 10
-5.992473735712193
 20
146.5132123487673
 30
0.0
 10
-6.019527411067729
 20
146.5911292028454
 30
0.0
 10
-6.032742019758484
 20
146.6291883842144
 30
0.0
  0
SPLINE
  5
155
330
1F
100
AcDbEntity
  8
0
  6
Continuous
 62
     7
370
    15
100
AcDbSpline
210
0.0
220
0.0
230
1.0
 70
     8
 71
     3
 72
    11
 73
     7
 74
     0
 42
0.000000001
 43
0.00000001
 40
0.0
 40
0.0
 40
0.0
 40
0.0
 40
0.3016456667422182
 40
0.5586746664378024
 40
0.7895786095786547
 40
0.885150270195031
 40
0.885150270195031
 40
0.885150270195031
 40
0.885150270195031
 10
-1.326859666817308
 20
145.717051377513
 30
0.0
 10
-1.37940449515084
 20
145.766369808148
 30
0.0
 10
-1.476722201582057
 20
145.8577119384088
 30
0.0
 10
-1.590065005915386
 20
146.0095338857994
 30
0.0
 10
-1.646481682796061
 20
146.1392189584221
 30
0.0
 10
-1.660444969683201
 20
146.215700183784
 30
0.0
 10
-1.663709231943268
 20
146.2382725232196
 30
0.0
  0
SPLINE
  5
156
330
1F
100
AcDbEntity
  8
0
  6
Continuous
 62
     7
370
    15
100
AcDbSpline
210
0.0
220
0.0
230
1.0
 70
     8
 71
     3
 72
    11
 73
     7
 74
     0
 42
0.000000001
 43
0.00000001
 40
0.0
 40
0.0
 40
0.0
 40
0.0
 40
0.1207904832086339
 40
0.3216831359764949
 40
0.6220247140331961
 40
1.0
 40
1.0
 40
1.0
 40
1.0
 10
-0.8503146184182008
 20
145.3410275502606
 30
0.0
 10
-0.8717373962259476
 20
145.3529517304709
 30
0.0
 10
-0.9287894599603121
 20
145.3847076071103
 30
0.0
 10
-1.025707121641218
 20
145.466101580471
 30
0.0
 10
-1.164793130183117
 20
145.5771026063213
 30
0.0
 10
-1.268867050351759
 20
145.6669732085024
 30
0.0
 10
-1.326859666817308
 20
145.717051377513
 30
0.0
  0
SPLINE
  5
158
330
1F
100
AcDbEntity
  8
0
  6
Continuous
 62
     7
370
    15
100
AcDbSpline
210
0.0
220
0.0
230
1.0
 70
     8
 71
     3
 72
    11
 73
     7
 74
     0
 42
0.000000001
 43
0.00000001
 40
0.0
 40
0.0
 40
0.0
 40
0.0
 40
0.1957323605669946
 40
0.42732226846696
 40
0.6931510110162369
 40
1.0
 40
1.0
 40
1.0
 40
1.0
 10
1.539856639958567
 20
146.1005212211467
 30
0.0
 10
1.482300281258794
 20
146.0413827068317
 30
0.0
 10
1.356643421590632
 20
145.9122716900452
 30
0.0
 10
1.134940527838491
 20
145.721662707972
 30
0.0
 10
0.8726699994482765
 20
145.5069528893968
 30
0.0
 10
0.6792400666547581
 20
145.362553632235
 30
0.0
 10
0.5755975185885008
 20
145.2851824274013
 30
0.0
  0
SPLINE
  5
159
330
1F
100
AcDbEntity
  8
0
  6
Continuous
 62
     7
370
    15
100
AcDbSpline
210
0.0
220
0.0
230
1.0
 70
     8
 71
     3
 72
     9
 73
     5
 74
     0
 42
0.000000001
 43
0.00000001
 40
0.0
 40
0.0
 40
0.0
 40
0.0
 40
0.5851014895658194
 40
1.0
 40
1.0
 40
1.0
 40
1.0
 10
1.588255746436602
 20
146.30156366344
 30
0.0
 10
1.582215337226767
 20
146.2614976018813
 30
0.0
 10
1.57189164241902
 20
146.1930204876143
 30
0.0
 10
1.549250440789214
 20
146.1276452923014
 30
0.0
 10
1.539856639958567
 20
146.1005212211467
 30
0.0
  0
SPLINE
  5
15F
330
1F
100
AcDbEntity
  8
0
  6
Continuous
 62
     7
370
    15
100
AcDbSpline
210
0.0
220
0.0
230
1.0
 70
     8
 71
     3
 72
    11
 73
     7
 74
     0
 42
0.000000001
 43
0.00000001
 40
0.0
 40
0.0
 40
0.0
 40
0.0
 40
0.2982753351413376
 40
0.5629536592285331
 40
0.796196051610399
 40
1.0
 40
1.0
 40
1.0
 40
1.0
 10
4.037995135863258
 20
150.2479523454952
 30
0.0
 10
4.073940492852184
 20
150.1081536425691
 30
0.0
 10
4.141782408911397
 20
149.844302823894
 30
0.0
 10
4.275906350893114
 20
149.4833214814201
 30
0.0
 10
4.406643624084587
 20
149.1690354573439
 30
0.0
 10
4.520851000982686
 20
148.990789332995
 30
0.0
 10
4.574108315312253
 20
148.9076693968727
 30
0.0
  0
SPLINE
  5
160
330
1F
100
AcDbEntity
  8
0
  6
Continuous
 62
     7
370
    15
100
AcDbSpline
210
0.0
220
0.0
230
1.0
 70
     8
 71
     3
 72
     9
 73
     5
 74
     0
 42
0.000000001
 43
0.00000001
 40
0.0
 40
0.0
 40
0.0
 40
0.0
 40
0.4871195645712313
 40
1.0
 40
1.0
 40
1.0
 40
1.0
 10
3.732708464232581
 20
151.6254653760238
 30
0.0
 10
3.784212029191496
 20
151.402222929747
 30
0.0
 10
3.889942877847205
 20
150.9439320654224
 30
0.0
 10
3.987804053488684
 20
150.4838958962522
 30
0.0
 10
4.037995135863258
 20
150.2479523454952
 30
0.0
  0
SPLINE
  5
163
330
1F
100
AcDbEntity
  8
0
  6
Continuous
 62
     7
370
    15
100
AcDbSpline
210
0.0
220
0.0
230
1.0
 70
     8
 71
     3
 72
    11
 73
     7
 74
     0
 42
0.000000001
 43
0.00000001
 40
0.0
 40
0.0
 40
0.0
 40
0.0
 40
0.3017563217820817
 40
0.565029909483771
 40
0.7982556660064496
 40
1.0
 40
1.0
 40
1.0
 40
1.0
 10
2.641867064381502
 20
155.0096798212956
 30
0.0
 10
2.752242516695814
 20
154.9457199301373
 30
0.0
 10
2.958917331202016
 20
154.8259568998274
 30
0.0
 10
3.233555812824199
 20
154.6298144886066
 30
0.0
 10
3.460669411686945
 20
154.4399036347166
 30
0.0
 10
3.580384814580637
 20
154.300125082929
 30
0.0
 10
3.635910251276512
 20
154.235294117647
 30
0.0
  0
LWPOLYLINE
  5
164
330
1F
100
AcDbEntity
  8
0
  6
Continuous
 62
     7
370
    15
100
AcDbPolyline
 90
        3
 70
   128
 43
0.0
 10
1.7334530659
 20
155.452717796
 10
2.2421472287
 20
155.2045802861
 10
2.6418670644
 20
155.0096798213
  0
SPLINE
  5
166
330
1F
100
AcDbEntity
  8
0
  6
Continuous
 62
     7
370
    15
100
AcDbSpline
210
0.0
220
0.0
230
1.0
 70
     8
 71
     3
 72
    11
 73
     7
 74
     0
 42
0.000000001
 43
0.00000001
 40
0.0
 40
0.0
 40
0.0
 40
0.0
 40
0.1698624549512611
 40
0.392220743619434
 40
0.6727670187479883
 40
1.0
 40
1.0
 40
1.0
 40
1.0
 10
1.651546885677108
 20
156.0967982129561
 30
0.0
 10
1.654111624772411
 20
156.0608151953896
 30
0.0
 10
1.660033733195007
 20
155.9777286421451
 30
0.0
 10
1.667921901707639
 20
155.8350459244117
 30
0.0
 10
1.670894158490667
 20
155.6587345057684
 30
0.0
 10
1.670418191099287
 20
155.5296590311157
 30
0.0
 10
1.670161926630198
 20
155.4601638123604
 30
0.0
  0
SPLINE
  5
167
330
1F
100
AcDbEntity
  8
0
  6
Continuous
 62
     7
370
    15
100
AcDbSpline
210
0.0
220
0.0
230
1.0
 70
     8
 71
     3
 72
    11
 73
     7
 74
     0
 42
0.000000001
 43
0.00000001
 40
0.0
 40
0.0
 40
0.0
 40
0.0
 40
0.2061462942114779
 40
0.4424101493784491
 40
0.7068031032828664
 40
1.0
 40
1.0
 40
1.0
 40
1.0
 10
0.6984567888788954
 20
156.9419210722263
 30
0.0
 10
0.7683526952164914
 20
156.8890774692357
 30
0.0
 10
0.9183561599017964
 20
156.7756699186307
 30
0.0
 10
1.149180212246946
 20
156.5830197028776
 30
0.0
 10
1.392610486826434
 20
156.3491880371613
 30
0.0
 10
1.562312598909468
 20
156.1837764286505
 30
0.0
 10
1.651546885677108
 20
156.0967982129561
 30
0.0
  0
SPLINE
  5
16C
330
1F
100
AcDbEntity
  8
0
  6
Continuous
 62
     7
370
    15
100
AcDbSpline
210
0.0
220
0.0
230
1.0
 70
     8
 71
     3
 72
    11
 73
     7
 74
     0
 42
0.000000001
 43
0.00000001
 40
0.0
 40
0.0
 40
0.0
 40
0.0
 40
0.2319579157935111
 40
0.4994056708019191
 40
0.767260515007277
 40
0.9999999999999999
 40
0.9999999999999999
 40
0.9999999999999999
 40
0.9999999999999999
 10
-45.93877731788488
 20
-86.87651898734174
 30
0.0
 10
-45.86757648256558
 20
-86.875569137205
 30
0.0
 10
-45.7142809987592
 20
-86.87352410872187
 30
0.0
 10
-45.47872966636163
 20
-86.86954742787209
 30
0.0
 10
-45.24335792837924
 20
-86.85446833646547
 30
0.0
 10
-45.09025809477264
 20
-86.84116790023691
 30
0.0
 10
-45.01907795079628
 20
-86.83498417721516
 30
0.0
  0
SPLINE
  5
16D
330
1F
100
AcDbEntity
  8
0
  6
Continuous
 62
     7
370
    15
100
AcDbSpline
210
0.0
220
0.0
230
1.0
 70
     8
 71
     3
 72
    23
 73
    19
 74
     0
 42
0.000000001
 43
0.00000001
 40
0.0
 40
0.0
 40
0.0
 40
0.0
 40
0.0803541521951346
 40
0.155160096485303
 40
0.2255840272593969
 40
0.2916813556333946
 40
0.3543476329161292
 40
0.4137211191202747
 40
0.4712913631496858
 40
0.5274209104799992
 40
0.5830014768413168
 40
0.6382519836504351
 40
0.6937477958039586
 40
0.750618811081067
 40
0.8090746248391146
 40
0.8697044227929054
 40
0.933206401043118
 40
1.0
 40
1.0
 40
1.0
 40
1.0
 10
-50.71528048244186
 20
-81.64313291139237
 30
0.0
 10
-50.71131923203983
 20
-81.85984554735147
 30
0.0
 10
-50.70367024343388
 20
-82.27830747603116
 30
0.0
 10
-50.64439210111011
 20
-82.88445191705281
 30
0.0
 10
-50.54463870049429
 20
-83.44616955453115
 30
0.0
 10
-50.40516653862019
 20
-83.96553512765323
 30
0.0
 10
-50.22965431592338
 20
-84.442600678163
 30
0.0
 10
-50.00784467841526
 20
-84.87450187225228
 30
0.0
 10
-49.74647568071473
 20
-85.26260716654131
 30
0.0
 10
-49.44406120711174
 20
-85.60614602975758
 30
0.0
 10
-49.10743632367227
 20
-85.90677425601297
 30
0.0
 10
-48.73977964279605
 20
-86.16498191236835
 30
0.0
 10
-48.34568578388992
 20
-86.38845767156099
 30
0.0
 10
-47.91856751217318
 20
-86.5630877246327
 30
0.0
 10
-47.46638434764166
 20
-86.70933676643746
 30
0.0
 10
-46.98227434817159
 20
-86.80371925019728
 30
0.0
 10
-46.47041668700993
 20
-86.86489878015253
 30
0.0
 10
-46.11895010820333
 20
-86.87258089457632
 30
0.0
 10
-45.93877731788488
 20
-86.87651898734174
 30
0.0
  0
SPLINE
  5
16E
330
1F
100
AcDbEntity
  8
0
  6
Continuous
 62
     7
370
    15
100
AcDbSpline
210
0.0
220
0.0
230
1.0
 70
     8
 71
     3
 72
    15
 73
    11
 74
     0
 42
0.000000001
 43
0.00000001
 40
0.0
 40
0.0
 40
0.0
 40
0.0
 40
0.1056418945236142
 40
0.215103873778966
 40
0.3289954123765331
 40
0.4497039046524157
 40
0.5761782839829944
 40
0.7093770566987083
 40
0.8503613204985483
 40
1.0
 40
1.0
 40
1.0
 40
1.0
 10
-49.44846877358109
 20
-77.87829905063289
 30
0.0
 10
-49.54312282493701
 20
-77.98597860710098
 30
0.0
 10
-49.735853684293
 20
-78.20523148804881
 30
0.0
 10
-49.97956934266364
 20
-78.58035076400327
 30
0.0
 10
-50.19809820832764
 20
-78.99289721701442
 30
0.0
 10
-50.38450511001911
 20
-79.44640316745317
 30
0.0
 10
-50.53295460520859
 20
-79.94110896965287
 30
0.0
 10
-50.63799860347494
 20
-80.4745984028083
 30
0.0
 10
-50.70514536641666
 20
-81.04608827662172
 30
0.0
 10
-50.71183570029403
 20
-81.44020591043835
 30
0.0
 10
-50.71528048244186
 20
-81.64313291139237
 30
0.0
  0
SPLINE
  5
16F
330
1F
100
AcDbEntity
  8
0
  6
Continuous
 62
     7
370
    15
100
AcDbSpline
210
0.0
220
0.0
230
1.0
 70
     8
 71
     3
 72
    15
 73
    11
 74
     0
 42
0.000000001
 43
0.00000001
 40
0.0
 40
0.0
 40
0.0
 40
0.0
 40
0.1342206138114543
 40
0.2634973550328539
 40
0.3878478839729005
 40
0.5104965196914334
 40
0.6309021899181181
 40
0.7516256535806727
 40
0.8743010629566164
 40
1.0
 40
1.0
 40
1.0
 40
1.0
 10
-46.31555738117603
 20
-76.62335443037972
 30
0.0
 10
-46.47104266620745
 20
-76.62606744484701
 30
0.0
 10
-46.77628610228548
 20
-76.63139354279872
 30
0.0
 10
-47.2217653182503
 20
-76.69404163894318
 30
0.0
 10
-47.64785956173912
 20
-76.78710191357094
 30
0.0
 10
-48.05129801805364
 20
-76.92435703748251
 30
0.0
 10
-48.43522529704664
 20
-77.0996605082994
 30
0.0
 10
-48.79483193681057
 20
-77.31994108392237
 30
0.0
 10
-49.14082583103374
 20
-77.57272796742774
 30
0.0
 10
-49.34509226267623
 20
-77.77561874159149
 30
0.0
 10
-49.44846877358109
 20
-77.87829905063289
 30
0.0
  0
SPLINE
  5
170
330
1F
100
AcDbEntity
  8
0
  6
Continuous
 62
     7
370
    15
100
AcDbSpline
210
0.0
220
0.0
230
1.0
 70
     8
 71
     3
 72
    15
 73
    11
 74
     0
 42
0.000000001
 43
0.00000001
 40
0.0
 40
0.0
 40
0.0
 40
0.0
 40
0.1094462250839136
 40
0.2244947603691494
 40
0.3446110685727805
 40
0.4704189139565203
 40
0.5993916051551469
 40
0.7303659282260738
 40
0.8639472662945644
 40
0.9999999999999999
 40
0.9999999999999999
 40
0.9999999999999999
 40
0.9999999999999999
 10
-43.49119029256843
 20
-77.35318037974682
 30
0.0
 10
-43.58649650907164
 20
-77.30343621099308
 30
0.0
 10
-43.7819874565134
 20
-77.20140157950564
 30
0.0
 10
-44.09407773534137
 20
-77.069707411137
 30
0.0
 10
-44.42733520043398
 20
-76.94881830935516
 30
0.0
 10
-44.77776804940201
 20
-76.83567401252347
 30
0.0
 10
-45.14451591110005
 20
-76.73974207511206
 30
0.0
 10
-45.52523138433627
 20
-76.67110256474989
 30
0.0
 10
-45.91724450116941
 20
-76.63334910767338
 30
0.0
 10
-46.1819775963197
 20
-76.62670628493831
 30
0.0
 10
-46.31555738117603
 20
-76.62335443037972
 30
0.0
  0
SPLINE
  5
171
330
1F
100
AcDbEntity
  8
0
  6
Continuous
 62
     7
370
    15
100
AcDbSpline
210
0.0
220
0.0
230
1.0
 70
     8
 71
     3
 72
    13
 73
     9
 74
     0
 42
0.000000001
 43
0.00000001
 40
0.0
 40
0.0
 40
0.0
 40
0.0
 40
0.0870757522134621
 40
0.1922312960289444
 40
0.312660648533029
 40
0.4514880792296999
 40
0.7352939147299996
 40
1.0
 40
1.0
 40
1.0
 40
1.0
 10
-41.74969503940387
 20
-78.52208860759491
 30
0.0
 10
-41.79922572312985
 20
-78.48660326062756
 30
0.0
 10
-41.90857129045268
 20
-78.40826464092949
 30
0.0
 10
-42.08441081436378
 20
-78.27809169635718
 30
0.0
 10
-42.29098428100061
 20
-78.12857341337356
 30
0.0
 10
-42.60069501838291
 20
-77.90853221003238
 30
0.0
 10
-42.9938292338831
 20
-77.6304365297277
 30
0.0
 10
-43.3292970513558
 20
-77.44342849222508
 30
0.0
 10
-43.49119029256843
 20
-77.35318037974682
 30
0.0
  0
SPLINE
  5
174
330
1F
100
AcDbEntity
  8
0
  6
Continuous
 62
     7
370
    15
100
AcDbSpline
210
0.0
220
0.0
230
1.0
 70
     8
 71
     3
 72
    19
 73
    15
 74
     0
 42
0.000000001
 43
0.00000001
 40
0.0
 40
0.0
 40
0.0
 40
0.0
 40
0.0803147933168056
 40
0.1569697807409056
 40
0.2300720248859264
 40
0.2990483622106945
 40
0.3646520702707518
 40
0.4268438956632213
 40
0.4852966628255897
 40
0.540671746729452
 40
0.6501097901124196
 40
0.7629634909001133
 40
0.879444423830364
 40
1.0
 40
1.0
 40
1.0
 40
1.0
 10
-46.81100833054312
 20
-73.77525316455694
 30
0.0
 10
-46.66069241957062
 20
-73.77675226461454
 30
0.0
 10
-46.36691023309158
 20
-73.77968215333907
 30
0.0
 10
-45.93630188059187
 20
-73.79201764691679
 30
0.0
 10
-45.52816649499979
 20
-73.8249984714565
 30
0.0
 10
-45.14062127158756
 20
-73.85668685583025
 30
0.0
 10
-44.77596395851756
 20
-73.90946490315125
 30
0.0
 10
-44.43206997355311
 20
-73.96685666877235
 30
0.0
 10
-44.1101229969212
 20
-74.03784920891583
 30
0.0
 10
-43.70784765912607
 20
-74.15149189479058
 30
0.0
 10
-43.21368908246619
 20
-74.31309928167408
 30
0.0
 10
-42.61987463995941
 20
-74.53601594074658
 30
0.0
 10
-42.01682371048189
 20
-74.79198172526695
 30
0.0
 10
-41.61556246505671
 20
-74.98135290819314
 30
0.0
 10
-41.41148301408743
 20
-75.07766613924049
 30
0.0
  0
SPLINE
  5
175
330
1F
100
AcDbEntity
  8
0
  6
Continuous
 62
     7
370
    15
100
AcDbSpline
210
0.0
220
0.0
230
1.0
 70
     8
 71
     3
 72
    23
 73
    19
 74
     0
 42
0.000000001
 43
0.00000001
 40
0.0
 40
0.0
 40
0.0
 40
0.0
 40
0.0699784378512769
 40
0.1365286366849916
 40
0.2006556971373387
 40
0.2625618436761377
 40
0.3227975043701053
 40
0.3821884555751053
 40
0.441178108722287
 40
0.5005637846747323
 40
0.560002671246626
 40
0.6186669792869232
 40
0.6776962095288932
 40
0.7377452892958992
 40
0.7991831603471017
 40
0.8631763979986308
 40
0.9297830634704708
 40
1.0
 40
1.0
 40
1.0
 40
1.0
 10
-54.51274883687223
 20
-81.62829905063289
 30
0.0
 10
-54.50647628161789
 20
-81.33829364638127
 30
0.0
 10
-54.49423846317403
 20
-80.77249018335024
 30
0.0
 10
-54.39895692079768
 20
-79.94513742613955
 30
0.0
 10
-54.2357493557034
 20
-79.16295991028973
 30
0.0
 10
-54.01017544518764
 20
-78.42377316336785
 30
0.0
 10
-53.72309634650409
 20
-77.72695371636922
 30
0.0
 10
-53.36403168272015
 20
-77.07813068847871
 30
0.0
 10
-52.94412701298737
 20
-76.47136055484572
 30
0.0
 10
-52.45977057714496
 20
-75.91425194763804
 30
0.0
 10
-51.92204026431993
 20
-75.41065391446226
 30
0.0
 10
-51.33325918159884
 20
-74.9695824681586
 30
0.0
 10
-50.69359924544762
 20
-74.60138197360443
 30
0.0
 10
-50.00865157325956
 20
-74.29748522996235
 30
0.0
 10
-49.27529507892015
 20
-74.06281793461356
 30
0.0
 10
-48.49642620588534
 20
-73.89523798261395
 30
0.0
 10
-47.66920296274964
 20
-73.79197772513707
 30
0.0
 10
-47.10206146654834
 20
-73.78092522963692
 30
0.0
 10
-46.81100833054312
 20
-73.77525316455694
 30
0.0
  0
SPLINE
  5
176
330
1F
100
AcDbEntity
  8
0
  6
Continuous
 62
     7
370
    15
100
AcDbSpline
210
0.0
220
0.0
230
1.0
 70
     8
 71
     3
 72
    23
 73
    19
 74
     0
 42
0.000000001
 43
0.00000001
 40
0.0
 40
0.0
 40
0.0
 40
0.0
 40
0.0679917989559493
 40
0.1325604166046372
 40
0.1949664726760483
 40
0.254963210578493
 40
0.3135785538416543
 40
0.3711138460032886
 40
0.4288749885644252
 40
0.4869680887702276
 40
0.5454363038315246
 40
0.6041725920875778
 40
0.6637985524210179
 40
0.7250606349327459
 40
0.7889449114138313
 40
0.855519633819541
 40
0.9257925334048749
 40
1.0
 40
1.0
 40
1.0
 40
1.0
 10
-46.95341339383425
 20
-89.534746835443
 30
0.0
 10
-47.23453288558546
 20
-89.52851128667959
 30
0.0
 10
-47.78261835345739
 20
-89.51635413016176
 30
0.0
 10
-48.58428287131479
 20
-89.42060825725873
 30
0.0
 10
-49.34109625367428
 20
-89.25834522260062
 30
0.0
 10
-50.05532172344311
 20
-89.03154818620213
 30
0.0
 10
-50.72644387338385
 20
-88.74532920608327
 30
0.0
 10
-51.35154958895249
 20
-88.38735409926427
 30
0.0
 10
-51.93551443622101
 20
-87.96937910662842
 30
0.0
 10
-52.47012143442259
 20
-87.48384890950663
 30
0.0
 10
-52.95184442356907
 20
-86.94058668703367
 30
0.0
 10
-53.37261757845963
 20
-86.3408608380418
 30
0.0
 10
-53.72715901091822
 20
-85.68660007894287
 30
0.0
 10
-54.01515366695973
 20
-84.97767550840392
 30
0.0
 10
-54.24001621538984
 20
-84.21640420502581
 30
0.0
 10
-54.39916228293344
 20
-83.40098579422926
 30
0.0
 10
-54.49446844159599
 20
-82.53247117276646
 30
0.0
 10
-54.50654573995281
 20
-81.93511229075642
 30
0.0
 10
-54.51274883687223
 20
-81.62829905063289
 30
0.0
  0
SPLINE
  5
177
330
1F
100
AcDbEntity
  8
0
  6
Continuous
 62
     7
370
    15
100
AcDbSpline
210
0.0
220
0.0
230
1.0
 70
     8
 71
     3
 72
    15
 73
    11
 74
     0
 42
0.000000001
 43
0.00000001
 40
0.0
 40
0.0
 40
0.0
 40
0.0
 40
0.0976236999359163
 40
0.2068504805709911
 40
0.3280088801624179
 40
0.4615741738655486
 40
0.5996241214869332
 40
0.7346928070961771
 40
0.8681279855607732
 40
0.9999999999999999
 40
0.9999999999999999
 40
0.9999999999999999
 40
0.9999999999999999
 10
-41.41148301408743
 20
-88.36880537974683
 30
0.0
 10
-41.58392571875194
 20
-88.43676487982773
 30
0.0
 10
-41.94930683372949
 20
-88.58076121740078
 30
0.0
 10
-42.54192285198322
 20
-88.77275855229982
 30
0.0
 10
-43.2043234255855
 20
-88.96900806846179
 30
0.0
 10
-43.92534074716589
 20
-89.15950098291454
 30
0.0
 10
-44.67992569412222
 20
-89.32396828837899
 30
0.0
 10
-45.44208917074275
 20
-89.44758990661688
 30
0.0
 10
-46.19939821694395
 20
-89.52056274042225
 30
0.0
 10
-46.70306418507421
 20
-89.53003741171486
 30
0.0
 10
-46.95341339383425
 20
-89.534746835443
 30
0.0
  0
SPLINE
  5
19B
330
1F
100
AcDbEntity
  8
0
  6
Continuous
 62
     7
370
    15
100
AcDbSpline
210
0.0
220
0.0
230
1.0
 70
     8
 71
     3
 72
    23
 73
    19
 74
     0
 42
0.000000001
 43
0.00000001
 40
0.0
 40
0.0
 40
0.0
 40
0.0
 40
0.0674503752130163
 40
0.1307935655339914
 40
0.1904065536867872
 40
0.2469719101625234
 40
0.300610250304246
 40
0.3527516695045788
 40
0.4042813310536545
 40
0.4556395395578952
 40
0.5086794296959238
 40
0.5652150774739827
 40
0.6253890754079149
 40
0.6897616085927664
 40
0.7592878639654671
 40
0.8338060366766851
 40
0.9137831523620779
 40
1.0
 40
1.0
 40
1.0
 40
1.0
 10
116.7215255926747
 20
-86.68664556962023
 30
0.0
 10
116.8244978971085
 20
-86.68459958606488
 30
0.0
 10
117.0241723215372
 20
-86.68063220288307
 30
0.0
 10
117.3128145579492
 20
-86.64349564775613
 30
0.0
 10
117.5815314876075
 20
-86.58872738795476
 30
0.0
 10
117.8288540203279
 20
-86.50922216890015
 30
0.0
 10
118.0540078724535
 20
-86.40444022307933
 30
0.0
 10
118.2578478475095
 20
-86.27627215209762
 30
0.0
 10
118.4392618198448
 20
-86.12349996295411
 30
0.0
 10
118.6027401861728
 20
-85.94966900114767
 30
0.0
 10
118.7431122991824
 20
-85.74717047088606
 30
0.0
 10
118.8640703292824
 20
-85.51755556202241
 30
0.0
 10
118.9674738028573
 20
-85.2608885886303
 30
0.0
 10
119.0540118506322
 20
-84.97727807149306
 30
0.0
 10
119.1183995002898
 20
-84.66535699895947
 30
0.0
 10
119.1601488973708
 20
-84.3259380901117
 30
0.0
 10
119.1923778757653
 20
-83.95979929275681
 30
0.0
 10
119.1946400261083
 20
-83.70610907513127
 30
0.0
 10
119.1958135673583
 20
-83.57450158227847
 30
0.0
  0
SPLINE
  5
19C
330
1F
100
AcDbEntity
  8
0
  6
Continuous
 62
     7
370
    15
100
AcDbSpline
210
0.0
220
0.0
230
1.0
 70
     8
 71
     3
 72
    23
 73
    19
 74
     0
 42
0.000000001
 43
0.00000001
 40
0.0
 40
0.0
 40
0.0
 40
0.0
 40
0.0831978435599686
 40
0.1613934094829869
 40
0.2348213409358944
 40
0.3026255893659394
 40
0.3668018230398424
 40
0.4268938282786618
 40
0.4835611203216687
 40
0.5374479163730715
 40
0.5899576047540942
 40
0.6415506250521373
 40
0.6945366106142051
 40
0.7485955194025106
 40
0.8057266208842166
 40
0.8662701494174593
 40
0.9310716770509808
 40
1.0
 40
1.0
 40
1.0
 40
1.0
 10
114.2591047065987
 20
-83.57450158227846
 30
0.0
 10
114.2606554823366
 20
-83.70114411038566
 30
0.0
 10
114.2636637932852
 20
-83.94681477349638
 30
0.0
 10
114.2912993221766
 20
-84.30326671435753
 30
0.0
 10
114.3326064439511
 20
-84.63503067867065
 30
0.0
 10
114.4010960800465
 20
-84.94025058843974
 30
0.0
 10
114.4771085534655
 20
-85.22294596406122
 30
0.0
 10
114.5806749995527
 20
-85.47853034402499
 30
0.0
 10
114.6938804829056
 20
-85.71278284712649
 30
0.0
 10
114.83253234301
 20
-85.9194737802652
 30
0.0
 10
114.9895733182456
 20
-86.10255306004875
 30
0.0
 10
115.1716950042351
 20
-86.2585477129663
 30
0.0
 10
115.3730046691381
 20
-86.39322201068283
 30
0.0
 10
115.5999202210903
 20
-86.49936143572448
 30
0.0
 10
115.8467228871779
 20
-86.58706074696973
 30
0.0
 10
116.1191100324226
 20
-86.64421844479355
 30
0.0
 10
116.4129822644096
 20
-86.68044145926261
 30
0.0
 10
116.6165834933564
 20
-86.6845354207183
 30
0.0
 10
116.7215255926747
 20
-86.68664556962023
 30
0.0
  0
SPLINE
  5
1A0
330
1F
100
AcDbEntity
  8
0
  6
Continuous
 62
     7
370
    15
100
AcDbSpline
210
0.0
220
0.0
230
1.0
 70
     8
 71
     3
 72
    23
 73
    19
 74
     0
 42
0.000000001
 43
0.00000001
 40
0.0
 40
0.0
 40
0.0
 40
0.0
 40
0.0755562006323252
 40
0.14683448603688
 40
0.2141885884637266
 40
0.2784904566897913
 40
0.3397177054125099
 40
0.398649310877376
 40
0.4560762841901788
 40
0.5126100267236987
 40
0.5686063332735641
 40
0.6244362984821501
 40
0.6811713996827777
 40
0.7390660607437638
 40
0.7994005669317409
 40
0.8628419162057046
 40
0.9293215794701956
 40
1.0
 40
1.0
 40
1.0
 40
1.0
 10
116.7215255926747
 20
-89.534746835443
 30
0.0
 10
116.4770798297611
 20
-89.53029785809393
 30
0.0
 10
116.002028574392
 20
-89.521651799968
 30
0.0
 10
115.3120677723402
 20
-89.45181489288547
 30
0.0
 10
114.663979867392
 20
-89.34268560578471
 30
0.0
 10
114.0615364771819
 20
-89.177360770956
 30
0.0
 10
113.4991988793315
 20
-88.97524695347674
 30
0.0
 10
112.9831142170253
 20
-88.72048991061605
 30
0.0
 10
112.5076116122996
 20
-88.42411322863097
 30
0.0
 10
112.0784795613585
 20
-88.07829554646501
 30
0.0
 10
111.6968788205595
 20
-87.68806437498411
 30
0.0
 10
111.3641886881387
 20
-87.25429657181128
 30
0.0
 10
111.0857834274109
 20
-86.77690138556878
 30
0.0
 10
110.855152977616
 20
-86.25885112317539
 30
0.0
 10
110.6779381062277
 20
-85.69737467598047
 30
0.0
 10
110.5512758908556
 20
-85.09427416512506
 30
0.0
 10
110.4773521621696
 20
-84.44856582781233
 30
0.0
 10
110.4669807868809
 20
-84.00487747740138
 30
0.0
 10
110.4616363521684
 20
-83.77624208860756
 30
0.0
  0
SPLINE
  5
1A1
330
1F
100
AcDbEntity
  8
0
  6
Continuous
 62
     7
370
    15
100
AcDbSpline
210
0.0
220
0.0
230
1.0
 70
     8
 71
     3
 72
    23
 73
    19
 74
     0
 42
0.000000001
 43
0.00000001
 40
0.0
 40
0.0
 40
0.0
 40
0.0
 40
0.0695616179476343
 40
0.1352554956582953
 40
0.1975670658744782
 40
0.2572642788865733
 40
0.3151581157515032
 40
0.3710169114711622
 40
0.4265711336095391
 40
0.482223167704171
 40
0.5382838168057295
 40
0.5956258255699781
 40
0.6546692725976058
 40
0.7161222539296815
 40
0.7811332984957928
 40
0.8499126812142023
 40
0.9225151722088601
 40
1.0
 40
1.0
 40
1.0
 40
1.0
 10
122.9932819217886
 20
-83.76734177215187
 30
0.0
 10
122.989192206591
 20
-83.9930215474816
 30
0.0
 10
122.9812401710794
 20
-84.4318329318755
 30
0.0
 10
122.9063098500753
 20
-85.06940484130753
 30
0.0
 10
122.7814034540135
 20
-85.66587419854028
 30
0.0
 10
122.6114325566109
 20
-86.22527594356922
 30
0.0
 10
122.3844453759719
 20
-86.74121876205245
 30
0.0
 10
122.1137185382428
 20
-87.2203714088391
 30
0.0
 10
121.7870344840625
 20
-87.65439046013137
 30
0.0
 10
121.4156349514353
 20
-88.05122499640319
 30
0.0
 10
120.9944313873165
 20
-88.40476845751044
 30
0.0
 10
120.5217610752997
 20
-88.70598510439952
 30
0.0
 10
120.0062110403862
 20
-88.96712610223875
 30
0.0
 10
119.439657463423
 20
-89.17330290004409
 30
0.0
 10
118.8267962749723
 20
-89.33528252621784
 30
0.0
 10
118.1672370458861
 20
-89.45391623484684
 30
0.0
 10
117.4596811213323
 20
-89.52122958697059
 30
0.0
 10
116.9728562360836
 20
-89.53014441952416
 30
0.0
 10
116.7215255926747
 20
-89.534746835443
 30
0.0
  0
SPLINE
  5
1D2
330
1F
100
AcDbEntity
  8
0
  6
Continuous
 62
     7
370
    15
100
AcDbSpline
210
0.0
220
0.0
230
1.0
 70
     8
 71
     3
 72
    11
 73
     7
 74
     0
 42
0.000000001
 43
0.00000001
 40
0.0
 40
0.0
 40
0.0
 40
0.0
 40
0.2490667173075969
 40
0.4886386997937627
 40
0.7339051152102327
 40
1.0
 40
1.0
 40
1.0
 40
1.0
 10
116.7241693037974
 20
83.67240506329112
 30
0.0
 10
116.9705064122451
 20
83.61641304593181
 30
0.0
 10
117.4537899504233
 20
83.50656349695532
 30
0.0
 10
118.1780040399022
 20
83.33504406322808
 30
0.0
 10
118.9162894008056
 20
83.14570447157863
 30
0.0
 10
119.4062927793858
 20
82.9750257807518
 30
0.0
 10
119.6612737341771
 20
82.88621044303794
 30
0.0
  0
SPLINE
  5
1D3
330
1F
100
AcDbEntity
  8
0
  6
Continuous
 62
     7
370
    15
100
AcDbSpline
210
0.0
220
0.0
230
1.0
 70
     8
 71
     3
 72
    19
 73
    15
 74
     0
 42
0.000000001
 43
0.00000001
 40
0.0
 40
0.0
 40
0.0
 40
0.0
 40
0.1011887320296517
 40
0.1950660400349319
 40
0.2868204103361063
 40
0.3810406673723459
 40
0.4321596998389451
 40
0.4904805748171887
 40
0.5558649229659761
 40
0.6296753794452513
 40
0.7095308546734727
 40
0.7982370450072649
 40
0.8949330824060017
 40
0.9999999999999999
 40
0.9999999999999999
 40
0.9999999999999999
 40
0.9999999999999999
 10
114.7512658227847
 20
85.21512658227846
 30
0.0
 10
114.7564892417104
 20
85.12266858798105
 30
0.0
 10
114.7665586597656
 20
84.94443318117823
 30
0.0
 10
114.8416385147528
 20
84.69036067689531
 30
0.0
 10
114.9734981264498
 20
84.46895492410144
 30
0.0
 10
115.1238164168438
 20
84.31015469234917
 30
0.0
 10
115.2748467166765
 20
84.20111267497457
 30
0.0
 10
115.411411710085
 20
84.11816593275847
 30
0.0
 10
115.5730900751767
 20
84.03765059468058
 30
0.0
 10
115.7590669157721
 20
83.96380627010258
 30
0.0
 10
115.9655293542549
 20
83.88395522116137
 30
0.0
 10
116.1967603263265
 20
83.8113468276728
 30
0.0
 10
116.4523976924586
 20
83.74057200104652
 30
0.0
 10
116.6311072911185
 20
83.69574728212856
 30
0.0
 10
116.7241693037974
 20
83.67240506329111
 30
0.0
  0
SPLINE
  5
1D4
330
1F
100
AcDbEntity
  8
0
  6
Continuous
 62
     7
370
    15
100
AcDbSpline
210
0.0
220
0.0
230
1.0
 70
     8
 71
     3
 72
    15
 73
    11
 74
     0
 42
0.000000001
 43
0.00000001
 40
0.0
 40
0.0
 40
0.0
 40
0.0
 40
0.1196770177099257
 40
0.2403294367621739
 40
0.3662705372173582
 40
0.4939948019782638
 40
0.6230434691222247
 40
0.7468828703742719
 40
0.8724827019778706
 40
0.9999999999999999
 40
0.9999999999999999
 40
0.9999999999999999
 40
0.9999999999999999
 10
115.6145965189872
 20
86.5056724683544
 30
0.0
 10
115.5573346613841
 20
86.47446033465008
 30
0.0
 10
115.4423442459389
 20
86.41178167957621
 30
0.0
 10
115.2835631800846
 20
86.29003203479701
 30
0.0
 10
115.1364845533535
 20
86.14853835580267
 30
0.0
 10
115.0028026922988
 20
85.9884506228894
 30
0.0
 10
114.8886835926082
 20
85.81416152575517
 30
0.0
 10
114.8128424335875
 20
85.62190691391291
 30
0.0
 10
114.7577836872687
 20
85.42290874831573
 30
0.0
 10
114.7534493889771
 20
85.28473620890628
 30
0.0
 10
114.7512658227847
 20
85.21512658227844
 30
0.0
  0
SPLINE
  5
1D5
330
1F
100
AcDbEntity
  8
0
  6
Continuous
 62
     7
370
    15
100
AcDbSpline
210
0.0
220
0.0
230
1.0
 70
     8
 71
     3
 72
    11
 73
     7
 74
     0
 42
0.000000001
 43
0.00000001
 40
0.0
 40
0.0
 40
0.0
 40
0.0
 40
0.2639520361380045
 40
0.5032026899475117
 40
0.7388158753985491
 40
1.0
 40
1.0
 40
1.0
 40
1.0
 10
117.3234572784809
 20
86.87651898734175
 30
0.0
 10
117.1679987605794
 20
86.87385038026429
 30
0.0
 10
116.8716299750689
 20
86.86876290195029
 30
0.0
 10
116.4396540112977
 20
86.80902660991444
 30
0.0
 10
116.0204825844199
 20
86.69242389513532
 30
0.0
 10
115.754456140663
 20
86.57002299950445
 30
0.0
 10
115.6145965189872
 20
86.5056724683544
 30
0.0
  0
SPLINE
  5
1D6
330
1F
100
AcDbEntity
  8
0
  6
Continuous
 62
     7
370
    15
100
AcDbSpline
210
0.0
220
0.0
230
1.0
 70
     8
 71
     3
 72
    15
 73
    11
 74
     0
 42
0.000000001
 43
0.00000001
 40
0.0
 40
0.0
 40
0.0
 40
0.0
 40
0.1136415593607138
 40
0.2319826117987697
 40
0.3553108391965756
 40
0.4846013847631407
 40
0.6149735606370377
 40
0.7439586616355739
 40
0.8717375500645208
 40
1.0
 40
1.0
 40
1.0
 40
1.0
 10
121.8240506329113
 20
85.16765822784808
 30
0.0
 10
121.6797397805817
 20
85.28514934317117
 30
0.0
 10
121.3851502956902
 20
85.52499026007808
 30
0.0
 10
120.8946985975361
 20
85.83918521862455
 30
0.0
 10
120.3623859831698
 20
86.13183926571027
 30
0.0
 10
119.7900609921373
 20
86.38854495934068
 30
0.0
 10
119.1921829987948
 20
86.60827974460103
 30
0.0
 10
118.5761969828141
 20
86.7596887207105
 30
0.0
 10
117.9528161644159
 20
86.86127390640999
 30
0.0
 10
117.533507543548
 20
86.87143089950786
 30
0.0
 10
117.3234572784809
 20
86.87651898734175
 30
0.0
  0
SPLINE
  5
1D9
330
1F
100
AcDbEntity
  8
0
  6
Continuous
 62
     7
370
    15
100
AcDbSpline
210
0.0
220
0.0
230
1.0
 70
     8
 71
     3
 72
    15
 73
    11
 74
     0
 42
0.000000001
 43
0.00000001
 40
0.0
 40
0.0
 40
0.0
 40
0.0
 40
0.1294408077855941
 40
0.2592073083935764
 40
0.3884623751284389
 40
0.5187664737724829
 40
0.646709891425958
 40
0.7696212128193357
 40
0.8872613212461449
 40
1.0
 40
1.0
 40
1.0
 40
1.0
 10
117.1513844936708
 20
89.534746835443
 30
0.0
 10
117.3729993026953
 20
89.53110927566617
 30
0.0
 10
117.8167865374177
 20
89.52382500345702
 30
0.0
 10
118.4801429924515
 20
89.47151376298629
 30
0.0
 10
119.1418720201635
 20
89.38953972236823
 30
0.0
 10
119.7946797905784
 20
89.26990659650092
 30
0.0
 10
120.4315164887298
 20
89.12668199317885
 30
0.0
 10
121.0395367992394
 20
88.95776517177865
 30
0.0
 10
121.6141546026921
 20
88.7673751755736
 30
0.0
 10
121.9781859293915
 20
88.61529866569397
 30
0.0
 10
122.1563291139239
 20
88.54087816455693
 30
0.0
  0
SPLINE
  5
1DA
330
1F
100
AcDbEntity
  8
0
  6
Continuous
 62
     7
370
    15
100
AcDbSpline
210
0.0
220
0.0
230
1.0
 70
     8
 71
     3
 72
    23
 73
    19
 74
     0
 42
0.000000001
 43
0.00000001
 40
0.0
 40
0.0
 40
0.0
 40
0.0
 40
0.0594833616744423
 40
0.1169638500036987
 40
0.1732460741739614
 40
0.2287396536286807
 40
0.2844529037989194
 40
0.3415562755866123
 40
0.4003684889749168
 40
0.4620860892910537
 40
0.5253571389348717
 40
0.5888599697535202
 40
0.6528301482273492
 40
0.7182078818748882
 40
0.7850600935452988
 40
0.854317499609342
 40
0.9256211028331055
 40
1.0
 40
1.0
 40
1.0
 40
1.0
 10
110.9537974683543
 20
84.75527689873415
 30
0.0
 10
110.9585178816809
 20
84.92867972147143
 30
0.0
 10
110.9677997665767
 20
85.26964669404884
 30
0.0
 10
111.0533624298393
 20
85.76882406348945
 30
0.0
 10
111.1929818847321
 20
86.24273061526362
 30
0.0
 10
111.3865437866961
 20
86.69213250409393
 30
0.0
 10
111.6391391001416
 20
87.11397083794964
 30
0.0
 10
111.9466348599282
 20
87.50965349619531
 30
0.0
 10
112.3094668312942
 20
87.88020110140606
 30
0.0
 10
112.7238383372012
 20
88.22057745510712
 30
0.0
 10
113.1773862024188
 20
88.53169979915411
 30
0.0
 10
113.666646349032
 20
88.79676861937051
 30
0.0
 10
114.1792716942836
 20
89.0279923622544
 30
0.0
 10
114.7203264674255
 20
89.21500674111573
 30
0.0
 10
115.2907406972518
 20
89.3561586448762
 30
0.0
 10
115.8864793758107
 20
89.45955977377288
 30
0.0
 10
116.51015897028
 20
89.52348864084225
 30
0.0
 10
116.9346556725581
 20
89.53094166057915
 30
0.0
 10
117.1513844936708
 20
89.53474683544302
 30
0.0
  0
SPLINE
  5
1DB
330
1F
100
AcDbEntity
  8
0
  6
Continuous
 62
     7
370
    15
100
AcDbSpline
210
0.0
220
0.0
230
1.0
 70
     8
 71
     3
 72
    23
 73
    19
 74
     0
 42
0.000000001
 43
0.00000001
 40
0.0
 40
0.0
 40
0.0
 40
0.0
 40
0.0770458878192119
 40
0.1497213128436245
 40
0.2194039958769106
 40
0.2848047265137235
 40
0.3478324684181878
 40
0.4077425240018532
 40
0.4657068908500125
 40
0.5218359864007958
 40
0.5774735255480103
 40
0.633500954614696
 40
0.6898512312692346
 40
0.7482875849294275
 40
0.8079266755078356
 40
0.8693552499339359
 40
0.9332811589602477
 40
1.0
 40
1.0
 40
1.0
 40
1.0
 10
114.1905458860759
 20
80.4445569620253
 30
0.0
 10
114.0504561008281
 20
80.4973505096717
 30
0.0
 10
113.7782231866915
 20
80.5999428671229
 30
0.0
 10
113.3901045975588
 20
80.77680069726142
 30
0.0
 10
113.0323299904327
 20
80.96418357302377
 30
0.0
 10
112.7055817382933
 20
81.16819990417703
 30
0.0
 10
112.4092312520037
 20
81.38329810361269
 30
0.0
 10
112.142442228877
 20
81.61284860107345
 30
0.0
 10
111.9081154668493
 20
81.85696732502852
 30
0.0
 10
111.6994510454303
 20
82.11314332770876
 30
0.0
 10
111.5261700579268
 20
82.38979719514597
 30
0.0
 10
111.369500998693
 20
82.67654415321938
 30
0.0
 10
111.2424918526727
 20
82.9836198597469
 30
0.0
 10
111.1346450091556
 20
83.30524324194812
 30
0.0
 10
111.0566502310165
 20
83.64553944384241
 30
0.0
 10
110.996253267951
 20
83.99995970736136
 30
0.0
 10
110.9603259689976
 20
84.3718234452027
 30
0.0
 10
110.9560044306122
 20
84.62565030515137
 30
0.0
 10
110.9537974683543
 20
84.75527689873415
 30
0.0
  0
SPLINE
  5
1DC
330
1F
100
AcDbEntity
  8
0
  6
Continuous
 62
     7
370
    15
100
AcDbSpline
210
0.0
220
0.0
230
1.0
 70
     8
 71
     3
 72
    11
 73
     7
 74
     0
 42
0.000000001
 43
0.00000001
 40
0.0
 40
0.0
 40
0.0
 40
0.0
 40
0.2426947176641943
 40
0.4994023958496816
 40
0.7562624951851479
 40
1.0
 40
1.0
 40
1.0
 40
1.0
 10
117.4361946202531
 20
79.60792721518985
 30
0.0
 10
117.1735363924521
 20
79.67589266023163
 30
0.0
 10
116.6330543023765
 20
79.81574781000796
 30
0.0
 10
115.806974054843
 20
79.9946885495691
 30
0.0
 10
114.9815026624708
 20
80.18521876031348
 30
0.0
 10
114.4495499674001
 20
80.35963493506853
 30
0.0
 10
114.1905458860758
 20
80.44455696202529
 30
0.0
  0
SPLINE
  5
1DD
330
1F
100
AcDbEntity
  8
0
  6
Continuous
 62
     7
370
    15
100
AcDbSpline
210
0.0
220
0.0
230
1.0
 70
     8
 71
     3
 72
    15
 73
    11
 74
     0
 42
0.000000001
 43
0.00000001
 40
0.0
 40
0.0
 40
0.0
 40
0.0
 40
0.1221225131784171
 40
0.2378462099639889
 40
0.3525473583735682
 40
0.4739891187792613
 40
0.6008434091333144
 40
0.7293177487851243
 40
0.8625471806949614
 40
0.9999999999999999
 40
0.9999999999999999
 40
0.9999999999999999
 40
0.9999999999999999
 10
118.9284810126581
 20
78.15717563291136
 30
0.0
 10
118.9239147289607
 20
78.24881934758558
 30
0.0
 10
118.915021419752
 20
78.42730494892953
 30
0.0
 10
118.828736238618
 20
78.68068715151956
 30
0.0
 10
118.6834338447545
 20
78.90293744147951
 30
0.0
 10
118.488284110807
 20
79.09478884321007
 30
0.0
 10
118.2555236004523
 20
79.2548904300347
 30
0.0
 10
118.0062288689472
 20
79.40589836774096
 30
0.0
 10
117.7282061737553
 20
79.51821754458665
 30
0.0
 10
117.5345390512949
 20
79.57771455268173
 30
0.0
 10
117.4361946202531
 20
79.60792721518985
 30
0.0
  0
SPLINE
  5
1DE
330
1F
100
AcDbEntity
  8
0
  6
Continuous
 62
     7
370
    15
100
AcDbSpline
210
0.0
220
0.0
230
1.0
 70
     8
 71
     3
 72
    15
 73
    11
 74
     0
 42
0.000000001
 43
0.00000001
 40
0.0
 40
0.0
 40
0.0
 40
0.0
 40
0.1197813079862552
 40
0.2378320344012531
 40
0.3543281542759978
 40
0.4731718024248161
 40
0.593505312990931
 40
0.7194360809945944
 40
0.8534020568269249
 40
1.0
 40
1.0
 40
1.0
 40
1.0
 10
118.0058148734176
 20
76.75092563291136
 30
0.0
 10
118.0688971545345
 20
76.78419319694515
 30
0.0
 10
118.194150313854
 20
76.85024768045972
 30
0.0
 10
118.3670104435786
 20
76.97235302075865
 30
0.0
 10
118.5217214231629
 20
77.11502085435696
 30
0.0
 10
118.667395433959
 20
77.26949922035209
 30
0.0
 10
118.7840797337121
 20
77.4542003263816
 30
0.0
 10
118.8725185579405
 20
77.66389394827758
 30
0.0
 10
118.917518442149
 20
77.90314172018083
 30
0.0
 10
118.9247187613177
 20
78.06999357758323
 30
0.0
 10
118.9284810126581
 20
78.15717563291136
 30
0.0
  0
SPLINE
  5
1DF
330
1F
100
AcDbEntity
  8
0
  6
Continuous
 62
     7
370
    15
100
AcDbSpline
210
0.0
220
0.0
230
1.0
 70
     8
 71
     3
 72
    15
 73
    11
 74
     0
 42
0.000000001
 43
0.00000001
 40
0.0
 40
0.0
 40
0.0
 40
0.0
 40
0.1003964100683973
 40
0.2148999119394706
 40
0.3453817630343929
 40
0.4902226418918956
 40
0.6378366789765206
 40
0.7712668758507799
 40
0.891619294702206
 40
1.0
 40
1.0
 40
1.0
 40
1.0
 10
116.3325553797467
 20
76.4334810126582
 30
0.0
 10
116.3899371214009
 20
76.43496343783981
 30
0.0
 10
116.5127635374052
 20
76.43813658955675
 30
0.0
 10
116.7096336494068
 20
76.45418091715317
 30
0.0
 10
116.9311764187457
 20
76.47818818439231
 30
0.0
 10
117.1710371593669
 20
76.50887647310742
 30
0.0
 10
117.4109118616653
 20
76.55130742713852
 30
0.0
 10
117.6343701814221
 20
76.60371402229958
 30
0.0
 10
117.8321220401083
 20
76.6669973434488
 30
0.0
 10
117.9499733441333
 20
76.72394303412177
 30
0.0
 10
118.0058148734176
 20
76.75092563291136
 30
0.0
  0
SPLINE
  5
1E0
330
1F
100
AcDbEntity
  8
0
  6
Continuous
 62
     7
370
    15
100
AcDbSpline
210
0.0
220
0.0
230
1.0
 70
     8
 71
     3
 72
    15
 73
    11
 74
     0
 42
0.000000001
 43
0.00000001
 40
0.0
 40
0.0
 40
0.0
 40
0.0
 40
0.1330007415974287
 40
0.2633529553146718
 40
0.3927905965989182
 40
0.5216130839122823
 40
0.6481902261341916
 40
0.7689978995365299
 40
0.8859682158161594
 40
1.0
 40
1.0
 40
1.0
 40
1.0
 10
111.2920094936708
 20
78.52208860759491
 30
0.0
 10
111.4790611528589
 20
78.36029484967932
 30
0.0
 10
111.8494395932499
 20
78.03992923527161
 30
0.0
 10
112.4513616481095
 20
77.62466231712662
 30
0.0
 10
113.0777044989523
 20
77.26349356761833
 30
0.0
 10
113.7290706239163
 20
76.96607845472737
 30
0.0
 10
114.387592066272
 20
76.72796434667079
 30
0.0
 10
115.0450331152331
 20
76.56361927998152
 30
0.0
 10
115.6908387072909
 20
76.45115475665025
 30
0.0
 10
116.1204715805701
 20
76.43932208697088
 30
0.0
 10
116.3325553797467
 20
76.4334810126582
 30
0.0
  0
SPLINE
  5
1E3
330
1F
100
AcDbEntity
  8
0
  6
Continuous
 62
     7
370
    15
100
AcDbSpline
210
0.0
220
0.0
230
1.0
 70
     8
 71
     3
 72
    15
 73
    11
 74
     0
 42
0.000000001
 43
0.00000001
 40
0.0
 40
0.0
 40
0.0
 40
0.0
 40
0.1485734939132443
 40
0.2879037989287583
 40
0.4195438208478102
 40
0.5430155052373073
 40
0.6616698257740934
 40
0.7768020652172467
 40
0.889954503121326
 40
1.0
 40
1.0
 40
1.0
 40
1.0
 10
116.3177215189872
 20
73.77525316455694
 30
0.0
 10
116.0436561647607
 20
73.77892822736248
 30
0.0
 10
115.5125758585881
 20
73.78604971663454
 30
0.0
 10
114.7408561888315
 20
73.84973632210797
 30
0.0
 10
114.0198305089569
 20
73.95045982376348
 30
0.0
 10
113.3459920268437
 20
74.09880470282599
 30
0.0
 10
112.7119866241384
 20
74.27926586287379
 30
0.0
 10
112.1044957966539
 20
74.48039916910649
 30
0.0
 10
111.5173762782272
 20
74.69265117793103
 30
0.0
 10
111.1399055931373
 20
74.85713215611428
 30
0.0
 10
110.9537974683543
 20
74.93822784810123
 30
0.0
  0
SPLINE
  5
1EC
330
1F
100
AcDbEntity
  8
0
  6
Continuous
 62
     7
370
    15
100
AcDbSpline
210
0.0
220
0.0
230
1.0
 70
     8
 71
     3
 72
    15
 73
    11
 74
     0
 42
0.000000001
 43
0.00000001
 40
0.0
 40
0.0
 40
0.0
 40
0.0
 40
0.119240557918578
 40
0.2354111547310948
 40
0.3512636138500397
 40
0.4679134694041234
 40
0.5876711761734783
 40
0.7142511644161008
 40
0.851543619032084
 40
1.0
 40
1.0
 40
1.0
 40
1.0
 10
-20.04708249188313
 20
88.34803797468354
 30
0.0
 10
-19.91799606097555
 20
88.26028017577927
 30
0.0
 10
-19.66314665159238
 20
88.08702398562615
 30
0.0
 10
-19.32656989531549
 20
87.7722664903329
 30
0.0
 10
-19.0273958611284
 20
87.42727532569077
 30
0.0
 10
-18.76989154276374
 20
87.044201623027
 30
0.0
 10
-18.55567409462196
 20
86.61841472303594
 30
0.0
 10
-18.41425254086164
 20
86.13519926977669
 30
0.0
 10
-18.32352510465356
 20
85.60225747336544
 30
0.0
 10
-18.31367268360272
 20
85.2283903522043
 30
0.0
 10
-18.30855401087047
 20
85.03415348101264
 30
0.0
  0
SPLINE
  5
1ED
330
1F
100
AcDbEntity
  8
0
  6
Continuous
 62
     7
370
    15
100
AcDbSpline
210
0.0
220
0.0
230
1.0
 70
     8
 71
     3
 72
    15
 73
    11
 74
     0
 42
0.000000001
 43
0.00000001
 40
0.0
 40
0.0
 40
0.0
 40
0.0
 40
0.1499742367179877
 40
0.2897361266134048
 40
0.4202615173594509
 40
0.5417306470134097
 40
0.6571988118255487
 40
0.771291377721671
 40
0.8856372551188968
 40
1.0
 40
1.0
 40
1.0
 40
1.0
 10
-23.90388628935148
 20
89.15499999999997
 30
0.0
 10
-23.7040878179109
 20
89.15361362999803
 30
0.0
 10
-23.31809595367275
 20
89.1509352934837
 30
0.0
 10
-22.75879737179629
 20
89.12138321302939
 30
0.0
 10
-22.23927761848838
 20
89.07051656146952
 30
0.0
 10
-21.7541060656531
 20
89.00462989080063
 30
0.0
 10
-21.29547969000385
 20
88.90903563923219
 30
0.0
 10
-20.86043681777202
 20
88.76325387044842
 30
0.0
 10
-20.43995242906999
 20
88.58239474599515
 30
0.0
 10
-20.17804557624066
 20
88.42616073925751
 30
0.0
 10
-20.04708249188312
 20
88.34803797468352
 30
0.0
  0
SPLINE
  5
1F1
330
1F
100
AcDbEntity
  8
0
  6
Continuous
 62
     7
370
    15
100
AcDbSpline
210
0.0
220
0.0
230
1.0
 70
     8
 71
     3
 72
    15
 73
    11
 74
     0
 42
0.000000001
 43
0.00000001
 40
0.0
 40
0.0
 40
0.0
 40
0.0
 40
0.1588530535189474
 40
0.3051779108415278
 40
0.4405913551357755
 40
0.562607973009325
 40
0.677867574399885
 40
0.7868856171442353
 40
0.8937723700485111
 40
1.0
 40
1.0
 40
1.0
 40
1.0
 10
-25.03422647922489
 20
82.31955696202527
 30
0.0
 10
-24.91060074398632
 20
82.32071807879333
 30
0.0
 10
-24.67309921178029
 20
82.32294873902724
 30
0.0
 10
-24.33037708779063
 20
82.33922483426329
 30
0.0
 10
-24.01796498259062
 20
82.37360227987384
 30
0.0
 10
-23.73024075976048
 20
82.4115227423096
 30
0.0
 10
-23.46761728411298
 20
82.475733382774
 30
0.0
 10
-23.2272036056712
 20
82.56978185785998
 30
0.0
 10
-23.00391469097755
 20
82.68650027270552
 30
0.0
 10
-22.87393580706193
 20
82.79007944841831
 30
0.0
 10
-22.80914736530085
 20
82.84170886075947
 30
0.0
  0
SPLINE
  5
1F9
330
1F
100
AcDbEntity
  8
0
  6
Continuous
 62
     7
370
    15
100
AcDbSpline
210
0.0
220
0.0
230
1.0
 70
     8
 71
     3
 72
    11
 73
     7
 74
     0
 42
0.000000001
 43
0.00000001
 40
0.0
 40
0.0
 40
0.0
 40
0.0
 40
0.2490667173075965
 40
0.4886386997937608
 40
0.7339051152102316
 40
1.0
 40
1.0
 40
1.0
 40
1.0
 10
-23.4145127713324
 20
107.0024050632911
 30
0.0
 10
-23.16817566288469
 20
106.9464130459318
 30
0.0
 10
-22.68489212470647
 20
106.8365634969553
 30
0.0
 10
-21.9606780352276
 20
106.6650440632281
 30
0.0
 10
-21.22239267432424
 20
106.4757044715786
 30
0.0
 10
-20.73238929574397
 20
106.3050257807518
 30
0.0
 10
-20.47740834095266
 20
106.216210443038
 30
0.0
  0
SPLINE
  5
1FA
330
1F
100
AcDbEntity
  8
0
  6
Continuous
 62
     7
370
    15
100
AcDbSpline
210
0.0
220
0.0
230
1.0
 70
     8
 71
     3
 72
    19
 73
    15
 74
     0
 42
0.000000001
 43
0.00000001
 40
0.0
 40
0.0
 40
0.0
 40
0.0
 40
0.1011887320296516
 40
0.1950660400349361
 40
0.2868204103361117
 40
0.3810406673723475
 40
0.4321596998389496
 40
0.4904805748171905
 40
0.5558649229659768
 40
0.6296753794452495
 40
0.7095308546734755
 40
0.7982370450072664
 40
0.8949330824060042
 40
1.0
 40
1.0
 40
1.0
 40
1.0
 10
-25.38741625234506
 20
108.5451265822785
 30
0.0
 10
-25.38219283341936
 20
108.4526685879811
 30
0.0
 10
-25.37212341536418
 20
108.2744331811782
 30
0.0
 10
-25.29704356037697
 20
108.0203606768953
 30
0.0
 10
-25.16518394867999
 20
107.7989549241014
 30
0.0
 10
-25.0148656582859
 20
107.6401546923492
 30
0.0
 10
-24.86383535845331
 20
107.5311126749746
 30
0.0
 10
-24.72727036504474
 20
107.4481659327585
 30
0.0
 10
-24.5655919999531
 20
107.3676505946806
 30
0.0
 10
-24.37961515935772
 20
107.2938062701026
 30
0.0
 10
-24.17315272087487
 20
107.2139552211614
 30
0.0
 10
-23.94192174880323
 20
107.1413468276729
 30
0.0
 10
-23.68628438267115
 20
107.0705720010465
 30
0.0
 10
-23.50757478401126
 20
107.0257472821286
 30
0.0
 10
-23.4145127713324
 20
107.0024050632911
 30
0.0
  0
SPLINE
  5
1FB
330
1F
100
AcDbEntity
  8
0
  6
Continuous
 62
     7
370
    15
100
AcDbSpline
210
0.0
220
0.0
230
1.0
 70
     8
 71
     3
 72
    15
 73
    11
 74
     0
 42
0.000000001
 43
0.00000001
 40
0.0
 40
0.0
 40
0.0
 40
0.0
 40
0.1196770177099277
 40
0.2403294367621711
 40
0.3662705372173513
 40
0.4939948019782623
 40
0.6230434691222234
 40
0.7468828703742707
 40
0.8724827019778707
 40
0.9999999999999999
 40
0.9999999999999999
 40
0.9999999999999999
 40
0.9999999999999999
 10
-24.52408555614253
 20
109.8356724683544
 30
0.0
 10
-24.58134741374564
 20
109.80446033465
 30
0.0
 10
-24.69633782919087
 20
109.7417816795762
 30
0.0
 10
-24.85511889504509
 20
109.6200320347971
 30
0.0
 10
-25.0021975217763
 20
109.4785383558026
 30
0.0
 10
-25.13587938283094
 20
109.3184506228894
 30
0.0
 10
-25.24999848252158
 20
109.1441615257551
 30
0.0
 10
-25.32583964154229
 20
108.9519069139129
 30
0.0
 10
-25.38089838786111
 20
108.7529087483157
 30
0.0
 10
-25.38523268615268
 20
108.6147362089063
 30
0.0
 10
-25.38741625234506
 20
108.5451265822785
 30
0.0
  0
SPLINE
  5
1FC
330
1F
100
AcDbEntity
  8
0
  6
Continuous
 62
     7
370
    15
100
AcDbSpline
210
0.0
220
0.0
230
1.0
 70
     8
 71
     3
 72
    11
 73
     7
 74
     0
 42
0.000000001
 43
0.00000001
 40
0.0
 40
0.0
 40
0.0
 40
0.0
 40
0.2639520361380058
 40
0.5032026899475088
 40
0.7388158753985459
 40
1.0
 40
1.0
 40
1.0
 40
1.0
 10
-22.81522479664886
 20
110.2065189873417
 30
0.0
 10
-22.97068331455032
 20
110.2038503802643
 30
0.0
 10
-23.26705210006092
 20
110.1987629019503
 30
0.0
 10
-23.69902806383202
 20
110.1390266099145
 30
0.0
 10
-24.11819949070986
 20
110.0224238951354
 30
0.0
 10
-24.38422593446675
 20
109.9000229995044
 30
0.0
 10
-24.52408555614253
 20
109.8356724683544
 30
0.0
  0
SPLINE
  5
1FD
330
1F
100
AcDbEntity
  8
0
  6
Continuous
 62
     7
370
    15
100
AcDbSpline
210
0.0
220
0.0
230
1.0
 70
     8
 71
     3
 72
    15
 73
    11
 74
     0
 42
0.000000001
 43
0.00000001
 40
0.0
 40
0.0
 40
0.0
 40
0.0
 40
0.1136415593607122
 40
0.2319826117987682
 40
0.3553108391965735
 40
0.48460138476314
 40
0.6149735606370378
 40
0.743958661635574
 40
0.8717375500645199
 40
1.0
 40
1.0
 40
1.0
 40
1.0
 10
-18.31463144221848
 20
108.4976582278481
 30
0.0
 10
-18.45894229454813
 20
108.6151493431712
 30
0.0
 10
-18.75353177943962
 20
108.854990260078
 30
0.0
 10
-19.24398347759361
 20
109.1691852186246
 30
0.0
 10
-19.77629609196002
 20
109.4618392657102
 30
0.0
 10
-20.34862108299249
 20
109.7185449593407
 30
0.0
 10
-20.94649907633502
 20
109.938279744601
 30
0.0
 10
-21.56248509231569
 20
110.0896887207105
 30
0.0
 10
-22.18586591071387
 20
110.19127390641
 30
0.0
 10
-22.60517453158176
 20
110.2014308995078
 30
0.0
 10
-22.81522479664886
 20
110.2065189873417
 30
0.0
  0
SPLINE
  5
200
330
1F
100
AcDbEntity
  8
0
  6
Continuous
 62
     7
370
    15
100
AcDbSpline
210
0.0
220
0.0
230
1.0
 70
     8
 71
     3
 72
    15
 73
    11
 74
     0
 42
0.000000001
 43
0.00000001
 40
0.0
 40
0.0
 40
0.0
 40
0.0
 40
0.1294408077855941
 40
0.2592073083935764
 40
0.3884623751284382
 40
0.5187664737724822
 40
0.646709891425958
 40
0.7696212128193352
 40
0.8872613212461452
 40
1.0
 40
1.0
 40
1.0
 40
1.0
 10
-22.98729758145899
 20
112.864746835443
 30
0.0
 10
-22.76568277243447
 20
112.8611092756662
 30
0.0
 10
-22.32189553771207
 20
112.853825003457
 30
0.0
 10
-21.65853908267832
 20
112.8015137629863
 30
0.0
 10
-20.99681005496623
 20
112.7195397223682
 30
0.0
 10
-20.3440022845514
 20
112.5999065965009
 30
0.0
 10
-19.70716558639995
 20
112.4566819931789
 30
0.0
 10
-19.09914527589042
 20
112.2877651717786
 30
0.0
 10
-18.5245274724377
 20
112.0973751755736
 30
0.0
 10
-18.16049614573832
 20
111.9452986656939
 30
0.0
 10
-17.98235296120582
 20
111.8708781645569
 30
0.0
  0
SPLINE
  5
201
330
1F
100
AcDbEntity
  8
0
  6
Continuous
 62
     7
370
    15
100
AcDbSpline
210
0.0
220
0.0
230
1.0
 70
     8
 71
     3
 72
    23
 73
    19
 74
     0
 42
0.000000001
 43
0.00000001
 40
0.0
 40
0.0
 40
0.0
 40
0.0
 40
0.0594833616744424
 40
0.1169638500036986
 40
0.1732460741739612
 40
0.2287396536286811
 40
0.2844529037989199
 40
0.3415562755866123
 40
0.4003684889749171
 40
0.462086089291055
 40
0.5253571389348716
 40
0.5888599697535194
 40
0.6528301482273496
 40
0.7182078818748882
 40
0.7850600935452985
 40
0.8543174996093426
 40
0.9256211028331051
 40
1.0
 40
1.0
 40
1.0
 40
1.0
 10
-29.18488460677544
 20
108.0852768987342
 30
0.0
 10
-29.1801641934489
 20
108.2586797214714
 30
0.0
 10
-29.17088230855304
 20
108.5996466940489
 30
0.0
 10
-29.08531964529046
 20
109.0988240634895
 30
0.0
 10
-28.94570019039761
 20
109.5727306152636
 30
0.0
 10
-28.75213828843373
 20
110.022132504094
 30
0.0
 10
-28.49954297498815
 20
110.4439708379496
 30
0.0
 10
-28.19204721520161
 20
110.8396534961953
 30
0.0
 10
-27.82921524383551
 20
111.2102011014061
 30
0.0
 10
-27.41484373792866
 20
111.5505774551071
 30
0.0
 10
-26.96129587271095
 20
111.8616997991542
 30
0.0
 10
-26.47203572609787
 20
112.1267686193705
 30
0.0
 10
-25.95941038084611
 20
112.3579923622544
 30
0.0
 10
-25.41835560770423
 20
112.5450067411157
 30
0.0
 10
-24.84794137787799
 20
112.6861586448763
 30
0.0
 10
-24.25220269931906
 20
112.7895597737728
 30
0.0
 10
-23.62852310484976
 20
112.8534886408422
 30
0.0
 10
-23.20402640257173
 20
112.8609416605791
 30
0.0
 10
-22.98729758145899
 20
112.864746835443
 30
0.0
  0
SPLINE
  5
202
330
1F
100
AcDbEntity
  8
0
  6
Continuous
 62
     7
370
    15
100
AcDbSpline
210
0.0
220
0.0
230
1.0
 70
     8
 71
     3
 72
    23
 73
    19
 74
     0
 42
0.000000001
 43
0.00000001
 40
0.0
 40
0.0
 40
0.0
 40
0.0
 40
0.0770458878192125
 40
0.1497213128436261
 40
0.2194039958769106
 40
0.2848047265137235
 40
0.3478324684181873
 40
0.4077425240018545
 40
0.4657068908500125
 40
0.5218359864007958
 40
0.5774735255480106
 40
0.6335009546146957
 40
0.689851231269235
 40
0.7482875849294277
 40
0.8079266755078356
 40
0.8693552499339359
 40
0.9332811589602477
 40
1.0
 40
1.0
 40
1.0
 40
1.0
 10
-25.94813618905392
 20
103.7745569620253
 30
0.0
 10
-26.08822597430165
 20
103.8273505096717
 30
0.0
 10
-26.36045888843831
 20
103.9299428671229
 30
0.0
 10
-26.74857747757094
 20
104.1068006972615
 30
0.0
 10
-27.10635208469703
 20
104.2941835730238
 30
0.0
 10
-27.43310033683646
 20
104.498199904177
 30
0.0
 10
-27.72945082312601
 20
104.7132981036128
 30
0.0
 10
-27.99623984625271
 20
104.9428486010734
 30
0.0
 10
-28.23056660828057
 20
105.1869673250285
 30
0.0
 10
-28.43923102969941
 20
105.4431433277088
 30
0.0
 10
-28.61251201720295
 20
105.719797195146
 30
0.0
 10
-28.76918107643674
 20
106.0065441532194
 30
0.0
 10
-28.89619022245703
 20
106.3136198597469
 30
0.0
 10
-29.00403706597416
 20
106.6352432419481
 30
0.0
 10
-29.08203184411324
 20
106.9755394438425
 30
0.0
 10
-29.14242880717875
 20
107.3299597073613
 30
0.0
 10
-29.1783561061322
 20
107.7018234452027
 30
0.0
 10
-29.18267764451759
 20
107.9556503051514
 30
0.0
 10
-29.18488460677544
 20
108.0852768987342
 30
0.0
  0
SPLINE
  5
203
330
1F
100
AcDbEntity
  8
0
  6
Continuous
 62
     7
370
    15
100
AcDbSpline
210
0.0
220
0.0
230
1.0
 70
     8
 71
     3
 72
    11
 73
     7
 74
     0
 42
0.000000001
 43
0.00000001
 40
0.0
 40
0.0
 40
0.0
 40
0.0
 40
0.2426947176641948
 40
0.4994023958496797
 40
0.7562624951851495
 40
1.0
 40
1.0
 40
1.0
 40
1.0
 10
-22.70248745487671
 20
102.9379272151898
 30
0.0
 10
-22.96514568267769
 20
103.0058926602316
 30
0.0
 10
-23.50562777275326
 20
103.1457478100079
 30
0.0
 10
-24.33170802028671
 20
103.3246885495691
 30
0.0
 10
-25.15717941265898
 20
103.5152187603135
 30
0.0
 10
-25.68913210772969
 20
103.6896349350685
 30
0.0
 10
-25.94813618905393
 20
103.7745569620253
 30
0.0
  0
SPLINE
  5
204
330
1F
100
AcDbEntity
  8
0
  6
Continuous
 62
     7
370
    15
100
AcDbSpline
210
0.0
220
0.0
230
1.0
 70
     8
 71
     3
 72
    15
 73
    11
 74
     0
 42
0.000000001
 43
0.00000001
 40
0.0
 40
0.0
 40
0.0
 40
0.0
 40
0.122122513178417
 40
0.2378462099639891
 40
0.3525473583735727
 40
0.4739891187792602
 40
0.6008434091333119
 40
0.7293177487851218
 40
0.8625471806949587
 40
1.0
 40
1.0
 40
1.0
 40
1.0
 10
-21.21020106247164
 20
101.4871756329114
 30
0.0
 10
-21.21476734616904
 20
101.5788193475856
 30
0.0
 10
-21.22366065537779
 20
101.7573049489295
 30
0.0
 10
-21.30994583651175
 20
102.0106871515196
 30
0.0
 10
-21.45524823037529
 20
102.2329374414796
 30
0.0
 10
-21.65039796432277
 20
102.4247888432101
 30
0.0
 10
-21.88315847467742
 20
102.5848904300347
 30
0.0
 10
-22.13245320618259
 20
102.735898367741
 30
0.0
 10
-22.41047590137451
 20
102.8482175445866
 30
0.0
 10
-22.60414302383482
 20
102.9077145526818
 30
0.0
 10
-22.70248745487671
 20
102.9379272151898
 30
0.0
  0
SPLINE
  5
205
330
1F
100
AcDbEntity
  8
0
  6
Continuous
 62
     7
370
    15
100
AcDbSpline
210
0.0
220
0.0
230
1.0
 70
     8
 71
     3
 72
    15
 73
    11
 74
     0
 42
0.000000001
 43
0.00000001
 40
0.0
 40
0.0
 40
0.0
 40
0.0
 40
0.119781307986252
 40
0.2378320344012485
 40
0.3543281542759978
 40
0.4731718024248175
 40
0.5935053129909295
 40
0.7194360809945931
 40
0.853402056826925
 40
0.9999999999999999
 40
0.9999999999999999
 40
0.9999999999999999
 40
0.9999999999999999
 10
-22.13286720171215
 20
100.0809256329114
 30
0.0
 10
-22.06978492059525
 20
100.1141931969452
 30
0.0
 10
-21.94453176127572
 20
100.1802476804598
 30
0.0
 10
-21.77167163155125
 20
100.3023530207586
 30
0.0
 10
-21.61696065196686
 20
100.445020854357
 30
0.0
 10
-21.47128664117081
 20
100.5994992203521
 30
0.0
 10
-21.35460234141762
 20
100.7842003263816
 30
0.0
 10
-21.26616351718931
 20
100.9938939482776
 30
0.0
 10
-21.2211636329808
 20
101.2331417201808
 30
0.0
 10
-21.213963313812
 20
101.3999935775833
 30
0.0
 10
-21.21020106247164
 20
101.4871756329114
 30
0.0
  0
SPLINE
  5
206
330
1F
100
AcDbEntity
  8
0
  6
Continuous
 62
     7
370
    15
100
AcDbSpline
210
0.0
220
0.0
230
1.0
 70
     8
 71
     3
 72
    15
 73
    11
 74
     0
 42
0.000000001
 43
0.00000001
 40
0.0
 40
0.0
 40
0.0
 40
0.0
 40
0.1003964100684048
 40
0.2148999119394714
 40
0.3453817630343929
 40
0.4902226418918988
 40
0.6378366789765249
 40
0.7712668758507775
 40
0.8916192947022028
 40
1.0
 40
1.0
 40
1.0
 40
1.0
 10
-23.80612669538304
 20
99.76348101265822
 30
0.0
 10
-23.7487449537289
 20
99.76496343783982
 30
0.0
 10
-23.62591853772452
 20
99.76813658955679
 30
0.0
 10
-23.42904842572295
 20
99.78418091715317
 30
0.0
 10
-23.20750565638413
 20
99.80818818439234
 30
0.0
 10
-22.96764491576284
 20
99.8388764731074
 30
0.0
 10
-22.72777021346448
 20
99.8813074271385
 30
0.0
 10
-22.50431189370764
 20
99.9337140222996
 30
0.0
 10
-22.30656003502147
 20
99.9969973434488
 30
0.0
 10
-22.18870873099653
 20
100.0539430341218
 30
0.0
 10
-22.13286720171215
 20
100.0809256329114
 30
0.0
  0
SPLINE
  5
207
330
1F
100
AcDbEntity
  8
0
  6
Continuous
 62
     7
370
    15
100
AcDbSpline
210
0.0
220
0.0
230
1.0
 70
     8
 71
     3
 72
    15
 73
    11
 74
     0
 42
0.000000001
 43
0.00000001
 40
0.0
 40
0.0
 40
0.0
 40
0.0
 40
0.1330007415974298
 40
0.2633529553146715
 40
0.3927905965989175
 40
0.5216130839122833
 40
0.6481902261341935
 40
0.7689978995365309
 40
0.885968215816161
 40
0.9999999999999999
 40
0.9999999999999999
 40
0.9999999999999999
 40
0.9999999999999999
 10
-28.84667258145899
 20
101.8520886075949
 30
0.0
 10
-28.65962092227087
 20
101.6902948496793
 30
0.0
 10
-28.28924248187986
 20
101.3699292352716
 30
0.0
 10
-27.68732042702031
 20
100.9546623171266
 30
0.0
 10
-27.06097757617745
 20
100.5934935676184
 30
0.0
 10
-26.40961145121354
 20
100.2960784547273
 30
0.0
 10
-25.75109000885778
 20
100.0579643466708
 30
0.0
 10
-25.09364895989665
 20
99.89361927998156
 30
0.0
 10
-24.44784336783893
 20
99.78115475665021
 30
0.0
 10
-24.01821049455964
 20
99.7693220869709
 30
0.0
 10
-23.80612669538304
 20
99.76348101265822
 30
0.0
  0
SPLINE
  5
20A
330
1F
100
AcDbEntity
  8
0
  6
Continuous
 62
     7
370
    15
100
AcDbSpline
210
0.0
220
0.0
230
1.0
 70
     8
 71
     3
 72
    15
 73
    11
 74
     0
 42
0.000000001
 43
0.00000001
 40
0.0
 40
0.0
 40
0.0
 40
0.0
 40
0.1485734939132442
 40
0.2879037989287582
 40
0.4195438208478088
 40
0.5430155052373071
 40
0.6616698257740932
 40
0.7768020652172458
 40
0.8899545031213244
 40
1.0
 40
1.0
 40
1.0
 40
1.0
 10
-23.82096055614253
 20
97.10525316455694
 30
0.0
 10
-24.09502591036907
 20
97.10892822736245
 30
0.0
 10
-24.62610621654168
 20
97.1160497166345
 30
0.0
 10
-25.39782588629829
 20
97.17973632210797
 30
0.0
 10
-26.11885156617283
 20
97.28045982376348
 30
0.0
 10
-26.79269004828606
 20
97.42880470282604
 30
0.0
 10
-27.4266954509914
 20
97.60926586287373
 30
0.0
 10
-28.03418627847587
 20
97.81039916910652
 30
0.0
 10
-28.62130579690261
 20
98.02265117793104
 30
0.0
 10
-28.99877648199248
 20
98.18713215611429
 30
0.0
 10
-29.18488460677544
 20
98.26822784810126
 30
0.0
  0
SPLINE
  5
20F
330
1F
100
AcDbEntity
  8
0
  6
Continuous
 62
     7
370
    15
100
AcDbSpline
210
0.0
220
0.0
230
1.0
 70
     8
 71
     3
 72
    13
 73
     9
 74
     0
 42
0.000000001
 43
0.00000001
 40
0.0
 40
0.0
 40
0.0
 40
0.0
 40
0.104879282498537
 40
0.215023004819134
 40
0.3284471303557353
 40
0.4494820740888346
 40
0.7109513447552874
 40
1.0
 40
1.0
 40
1.0
 40
1.0
 10
23.04002664177482
 20
101.0421598101265
 30
0.0
 10
23.07681326709338
 20
101.1284199500817
 30
0.0
 10
23.15223303088956
 20
101.3052700776512
 30
0.0
 10
23.22555637317125
 20
101.5901467480083
 30
0.0
 10
23.27820005656796
 20
101.8937631050738
 30
0.0
 10
23.30332536829023
 20
102.3364220148384
 30
0.0
 10
23.31908665196378
 20
102.9357673279409
 30
0.0
 10
23.32091173758923
 20
103.4274149248619
 30
0.0
 10
23.3218699962052
 20
103.6855537974683
 30
0.0
  0
SPLINE
  5
210
330
1F
100
AcDbEntity
  8
0
  6
Continuous
 62
     7
370
    15
100
AcDbSpline
210
0.0
220
0.0
230
1.0
 70
     8
 71
     3
 72
    15
 73
    11
 74
     0
 42
0.000000001
 43
0.00000001
 40
0.0
 40
0.0
 40
0.0
 40
0.0
 40
0.1739728599473975
 40
0.3281917294266082
 40
0.4634974365946278
 40
0.5828382535456984
 40
0.6921231243967
 40
0.7965648152188006
 40
0.8976069582549523
 40
1.0
 40
1.0
 40
1.0
 40
1.0
 10
20.74967854050899
 20
99.95335443037973
 30
0.0
 10
20.90606820473826
 20
99.95646783787934
 30
0.0
 10
21.20109005115367
 20
99.96234113669178
 30
0.0
 10
21.61563663829929
 20
100.0131568506624
 30
0.0
 10
21.97264821316507
 20
100.1044037191799
 30
0.0
 10
22.27659186319823
 20
100.2289550537316
 30
0.0
 10
22.53092746185334
 20
100.3896448654882
 30
0.0
 10
22.74377917149028
 20
100.5774935563912
 30
0.0
 10
22.91893910594345
 20
100.7946040864894
 30
0.0
 10
22.99948584129994
 20
100.9592767360804
 30
0.0
 10
23.04002664177482
 20
101.0421598101265
 30
0.0
  0
SPLINE
  5
211
330
1F
100
AcDbEntity
  8
0
  6
Continuous
 62
     7
370
    15
100
AcDbSpline
210
0.0
220
0.0
230
1.0
 70
     8
 71
     3
 72
    13
 73
     9
 74
     0
 42
0.000000001
 43
0.00000001
 40
0.0
 40
0.0
 40
0.0
 40
0.0
 40
0.2186274898452937
 40
0.4435987154245495
 40
0.5627171433360113
 40
0.694748951608055
 40
0.8393289071247785
 40
1.0
 40
1.0
 40
1.0
 40
1.0
 10
18.53646651519254
 20
100.5229746835443
 30
0.0
 10
18.69046965799694
 20
100.4551945946927
 30
0.0
 10
19.00294452731791
 20
100.317667697379
 30
0.0
 10
19.4035421003169
 20
100.1515656566051
 30
0.0
 10
19.75533739272457
 20
100.0467625644192
 30
0.0
 10
20.05553331823642
 20
99.9920132148468
 30
0.0
 10
20.39099112397477
 20
99.96001047439829
 30
0.0
 10
20.62598684588721
 20
99.95564973633746
 30
0.0
 10
20.74967854050899
 20
99.95335443037973
 30
0.0
  0
SPLINE
  5
214
330
1F
100
AcDbEntity
  8
0
  6
Continuous
 62
     7
370
    15
100
AcDbSpline
210
0.0
220
0.0
230
1.0
 70
     8
 71
     3
 72
    13
 73
     9
 74
     0
 42
0.000000001
 43
0.00000001
 40
0.0
 40
0.0
 40
0.0
 40
0.0
 40
0.2818728284877646
 40
0.5460911764508324
 40
0.6707753524090186
 40
0.7872936342659645
 40
0.8972397312818539
 40
0.9999999999999999
 40
0.9999999999999999
 40
0.9999999999999999
 40
0.9999999999999999
 10
21.61894278101532
 20
97.10525316455694
 30
0.0
 10
21.2954665649823
 20
97.10930834181276
 30
0.0
 10
20.66877434950683
 20
97.11716470927541
 30
0.0
 10
19.90035119549607
 20
97.16647267470971
 30
0.0
 10
19.32268184139937
 20
97.21956055600894
 30
0.0
 10
18.92358308040032
 20
97.27554416355149
 30
0.0
 10
18.54995062564078
 20
97.33206322959505
 30
0.0
 10
18.31081580133644
 20
97.38117219144223
 30
0.0
 10
18.19528771772419
 20
97.40489715189872
 30
0.0
  0
SPLINE
  5
215
330
1F
100
AcDbEntity
  8
0
  6
Continuous
 62
     7
370
    15
100
AcDbSpline
210
0.0
220
0.0
230
1.0
 70
     8
 71
     3
 72
    15
 73
    11
 74
     0
 42
0.000000001
 43
0.00000001
 40
0.0
 40
0.0
 40
0.0
 40
0.0
 40
0.1140360641684414
 40
0.2286318721876361
 40
0.344295327520879
 40
0.4632817158279214
 40
0.5868213539257707
 40
0.716781575210492
 40
0.8546943804888977
 40
1.0
 40
1.0
 40
1.0
 40
1.0
 10
25.77539056582545
 20
98.44920094936707
 30
0.0
 10
25.6462901724905
 20
98.33825090576819
 30
0.0
 10
25.38745569899681
 20
98.11580622239285
 30
0.0
 10
24.95361425123517
 20
97.83816364430433
 30
0.0
 10
24.48700932287001
 20
97.60503821492225
 30
0.0
 10
23.98560251799717
 20
97.41797322541369
 30
0.0
 10
23.44770360015934
 20
97.27627565364476
 30
0.0
 10
22.87206701023791
 20
97.17619103006905
 30
0.0
 10
22.25803154263197
 20
97.11727415720182
 30
0.0
 10
21.83564751360705
 20
97.10932929005476
 30
0.0
 10
21.61894278101532
 20
97.10525316455694
 30
0.0
  0
SPLINE
  5
216
330
1F
100
AcDbEntity
  8
0
  6
Continuous
 62
     7
370
    15
100
AcDbSpline
210
0.0
220
0.0
230
1.0
 70
     8
 71
     3
 72
    15
 73
    11
 74
     0
 42
0.000000001
 43
0.00000001
 40
0.0
 40
0.0
 40
0.0
 40
0.0
 40
0.1315299415767887
 40
0.2592458900155683
 40
0.3867505213448079
 40
0.5124318433648666
 40
0.6361774317343001
 40
0.7576556293813648
 40
0.8781813750848053
 40
1.0
 40
1.0
 40
1.0
 40
1.0
 10
27.11933835063558
 20
101.7838528481012
 30
0.0
 10
27.11544020650315
 20
101.62147341439
 30
0.0
 10
27.10775695329932
 20
101.3014230873844
 30
0.0
 10
27.04371212312304
 20
100.8273685990009
 30
0.0
 10
26.93648253129962
 20
100.3690809357974
 30
0.0
 10
26.79218929765673
 20
99.92622659312501
 30
0.0
 10
26.60712479518781
 20
99.50627302470238
 30
0.0
 10
26.37304858059475
 20
99.11929192323373
 30
0.0
 10
26.10046435126532
 20
98.76044713410907
 30
0.0
 10
25.88413319487872
 20
98.55331801425389
 30
0.0
 10
25.77539056582545
 20
98.44920094936707
 30
0.0
  0
SPLINE
  5
233
330
1F
100
AcDbEntity
  8
0
  6
Continuous
 62
     7
370
    15
100
AcDbSpline
210
0.0
220
0.0
230
1.0
 70
     8
 71
     3
 72
    23
 73
    19
 74
     0
 42
0.000000001
 43
0.00000001
 40
0.0
 40
0.0
 40
0.0
 40
0.0
 40
0.0674503752130163
 40
0.1307935655339914
 40
0.1904065536867872
 40
0.2469719101625234
 40
0.300610250304246
 40
0.3527516695045788
 40
0.4042813310536545
 40
0.4556395395578952
 40
0.5086794296959238
 40
0.5652150774739827
 40
0.6253890754079149
 40
0.6897616085927664
 40
0.7592878639654671
 40
0.8338060366766851
 40
0.9137831523620779
 40
1.0
 40
1.0
 40
1.0
 40
1.0
 10
-93.31762704428324
 20
76.62335443037976
 30
0.0
 10
-93.21465473984942
 20
76.62540041393511
 30
0.0
 10
-93.01498031542086
 20
76.62936779711691
 30
0.0
 10
-92.7263380790087
 20
76.66650435224382
 30
0.0
 10
-92.45762114935052
 20
76.72127261204524
 30
0.0
 10
-92.21029861663007
 20
76.80077783109985
 30
0.0
 10
-91.98514476450443
 20
76.90555977692065
 30
0.0
 10
-91.78130478944843
 20
77.03372784790241
 30
0.0
 10
-91.59989081711315
 20
77.18650003704583
 30
0.0
 10
-91.43641245078521
 20
77.3603309988523
 30
0.0
 10
-91.29604033777557
 20
77.56282952911393
 30
0.0
 10
-91.17508230767551
 20
77.7924444379776
 30
0.0
 10
-91.07167883410075
 20
78.04911141136971
 30
0.0
 10
-90.98514078632574
 20
78.33272192850691
 30
0.0
 10
-90.92075313666818
 20
78.64464300104058
 30
0.0
 10
-90.8790037395871
 20
78.98406190988825
 30
0.0
 10
-90.84677476119266
 20
79.35020070724319
 30
0.0
 10
-90.84451261084966
 20
79.60389092486871
 30
0.0
 10
-90.84333906959971
 20
79.73549841772154
 30
0.0
  0
SPLINE
  5
234
330
1F
100
AcDbEntity
  8
0
  6
Continuous
 62
     7
370
    15
100
AcDbSpline
210
0.0
220
0.0
230
1.0
 70
     8
 71
     3
 72
    23
 73
    19
 74
     0
 42
0.000000001
 43
0.00000001
 40
0.0
 40
0.0
 40
0.0
 40
0.0
 40
0.0831978435599685
 40
0.1613934094829868
 40
0.2348213409358944
 40
0.3026255893659393
 40
0.3668018230398423
 40
0.4268938282786617
 40
0.4835611203216685
 40
0.5374479163730713
 40
0.589957604754094
 40
0.6415506250521348
 40
0.694536610614205
 40
0.7485955194025105
 40
0.8057266208842138
 40
0.8662701494174593
 40
0.9310716770509808
 40
1.0
 40
1.0
 40
1.0
 40
1.0
 10
-95.7800479303592
 20
79.73549841772153
 30
0.0
 10
-95.77849715462132
 20
79.60885588961435
 30
0.0
 10
-95.77548884367273
 20
79.36318522650357
 30
0.0
 10
-95.74785331478131
 20
79.00673328564245
 30
0.0
 10
-95.70654619300683
 20
78.67496932132934
 30
0.0
 10
-95.63805655691142
 20
78.3697494115602
 30
0.0
 10
-95.56204408349252
 20
78.08705403593882
 30
0.0
 10
-95.45847763740522
 20
77.83146965597497
 30
0.0
 10
-95.34527215405242
 20
77.59721715287354
 30
0.0
 10
-95.20662029394795
 20
77.39052621973475
 30
0.0
 10
-95.04957931871229
 20
77.20744693995125
 30
0.0
 10
-94.86745763272289
 20
77.05145228703367
 30
0.0
 10
-94.66614796781978
 20
76.91677798931713
 30
0.0
 10
-94.43923241586765
 20
76.81063856427554
 30
0.0
 10
-94.19242974978
 20
76.72293925303022
 30
0.0
 10
-93.92004260453534
 20
76.66578155520642
 30
0.0
 10
-93.62617037254836
 20
76.62955854073742
 30
0.0
 10
-93.4225691436016
 20
76.62546457928168
 30
0.0
 10
-93.31762704428324
 20
76.62335443037976
 30
0.0
  0
SPLINE
  5
238
330
1F
100
AcDbEntity
  8
0
  6
Continuous
 62
     7
370
    15
100
AcDbSpline
210
0.0
220
0.0
230
1.0
 70
     8
 71
     3
 72
    23
 73
    19
 74
     0
 42
0.000000001
 43
0.00000001
 40
0.0
 40
0.0
 40
0.0
 40
0.0
 40
0.0755562006323252
 40
0.14683448603688
 40
0.2141885884637266
 40
0.2784904566897913
 40
0.3397177054125099
 40
0.398649310877376
 40
0.4560762841901788
 40
0.5126100267236987
 40
0.5686063332735641
 40
0.6244362984821501
 40
0.6811713996827777
 40
0.7390660607437638
 40
0.7994005669317409
 40
0.8628419162057046
 40
0.9293215794701956
 40
1.0
 40
1.0
 40
1.0
 40
1.0
 10
-93.31762704428324
 20
73.77525316455697
 30
0.0
 10
-93.56207280719678
 20
73.77970214190604
 30
0.0
 10
-94.03712406256588
 20
73.78834820003195
 30
0.0
 10
-94.72708486461778
 20
73.85818510711456
 30
0.0
 10
-95.37517276956595
 20
73.96731439421531
 30
0.0
 10
-95.97761615977606
 20
74.13263922904397
 30
0.0
 10
-96.53995375762652
 20
74.33475304652329
 30
0.0
 10
-97.05603841993266
 20
74.58951008938391
 30
0.0
 10
-97.53154102465834
 20
74.88588677136903
 30
0.0
 10
-97.96067307559943
 20
75.23170445353495
 30
0.0
 10
-98.34227381639846
 20
75.62193562501591
 30
0.0
 10
-98.67496394881931
 20
76.05570342818874
 30
0.0
 10
-98.95336920954709
 20
76.53309861443122
 30
0.0
 10
-99.18399965934191
 20
77.05114887682457
 30
0.0
 10
-99.36121453073025
 20
77.61262532401953
 30
0.0
 10
-99.48787674610234
 20
78.2157258348749
 30
0.0
 10
-99.56180047478833
 20
78.86143417218763
 30
0.0
 10
-99.5721718500771
 20
79.30512252259862
 30
0.0
 10
-99.57751628478957
 20
79.53375791139241
 30
0.0
  0
SPLINE
  5
239
330
1F
100
AcDbEntity
  8
0
  6
Continuous
 62
     7
370
    15
100
AcDbSpline
210
0.0
220
0.0
230
1.0
 70
     8
 71
     3
 72
    23
 73
    19
 74
     0
 42
0.000000001
 43
0.00000001
 40
0.0
 40
0.0
 40
0.0
 40
0.0
 40
0.0695616179476343
 40
0.1352554956582953
 40
0.1975670658744782
 40
0.2572642788865733
 40
0.3151581157515037
 40
0.3710169114711621
 40
0.426571133609539
 40
0.4822231677041709
 40
0.5382838168057293
 40
0.5956258255699781
 40
0.6546692725976058
 40
0.7161222539296815
 40
0.7811332984957928
 40
0.8499126812142037
 40
0.9225151722088601
 40
1.0
 40
1.0
 40
1.0
 40
1.0
 10
-87.04587071516933
 20
79.54265822784812
 30
0.0
 10
-87.04996043036698
 20
79.31697845251836
 30
0.0
 10
-87.0579124658785
 20
78.8781670681245
 30
0.0
 10
-87.13284278688265
 20
78.24059515869246
 30
0.0
 10
-87.2577491829445
 20
77.6441258014597
 30
0.0
 10
-87.42772008034709
 20
77.0847240564308
 30
0.0
 10
-87.6547072609862
 20
76.56878123794756
 30
0.0
 10
-87.92543409871516
 20
76.08962859116087
 30
0.0
 10
-88.25211815289548
 20
75.65560953986862
 30
0.0
 10
-88.62351768552271
 20
75.25877500359681
 30
0.0
 10
-89.04472124964144
 20
74.90523154248956
 30
0.0
 10
-89.51739156165824
 20
74.60401489560047
 30
0.0
 10
-90.03294159657175
 20
74.34287389776121
 30
0.0
 10
-90.59949517353493
 20
74.1366970999559
 30
0.0
 10
-91.21235636198566
 20
73.97471747378212
 30
0.0
 10
-91.87191559107183
 20
73.85608376515313
 30
0.0
 10
-92.57947151562568
 20
73.7887704130294
 30
0.0
 10
-93.0662964008744
 20
73.77985558047584
 30
0.0
 10
-93.31762704428324
 20
73.77525316455697
 30
0.0
  0
SPLINE
  5
253
330
1F
100
AcDbEntity
  8
0
  6
Continuous
 62
     7
370
    15
100
AcDbSpline
210
0.0
220
0.0
230
1.0
 70
     8
 71
     3
 72
    15
 73
    11
 74
     0
 42
0.000000001
 43
0.00000001
 40
0.0
 40
0.0
 40
0.0
 40
0.0
 40
0.1560557028170333
 40
0.2998282024180898
 40
0.4305498294526541
 40
0.5482897741889896
 40
0.6597567808927246
 40
0.7708813056002198
 40
0.8833695021345989
 40
1.0
 40
1.0
 40
1.0
 40
1.0
 10
-71.21968682196527
 20
7.01310126582278
 30
0.0
 10
-71.01892898786673
 20
7.013539104564601
 30
0.0
 10
-70.63321504449561
 20
7.014380319595772
 30
0.0
 10
-70.07943370263514
 20
7.02435177672651
 30
0.0
 10
-69.5749257483476
 20
7.035073045971195
 30
0.0
 10
-69.1123172091817
 20
7.052277538439595
 30
0.0
 10
-68.67559158882871
 20
7.096823932427984
 30
0.0
 10
-68.25767702172527
 20
7.207731059737225
 30
0.0
 10
-67.84833848628284
 20
7.366938756076223
 30
0.0
 10
-67.59348420793296
 20
7.515830192267236
 30
0.0
 10
-67.46375327766147
 20
7.591621835443033
 30
0.0
  0
SPLINE
  5
257
330
1F
100
AcDbEntity
  8
0
  6
Continuous
 62
     7
370
    15
100
AcDbSpline
210
0.0
220
0.0
230
1.0
 70
     8
 71
     3
 72
    15
 73
    11
 74
     0
 42
0.000000001
 43
0.00000001
 40
0.0
 40
0.0
 40
0.0
 40
0.0
 40
0.1216822276607935
 40
0.2415954258674712
 40
0.3617589855262078
 40
0.483354682782302
 40
0.6076538381783201
 40
0.7345432395728465
 40
0.8657690780393636
 40
1.0
 40
1.0
 40
1.0
 40
1.0
 10
-65.0013323915855
 20
5.354675632911388
 30
0.0
 10
-65.19667521618898
 20
5.23541632205636
 30
0.0
 10
-65.58452095017562
 20
4.998631505172496
 30
0.0
 10
-66.20851473637009
 20
4.724544114251665
 30
0.0
 10
-66.85465679098373
 20
4.510221968982639
 30
0.0
 10
-67.52988225450505
 20
4.372418470359657
 30
0.0
 10
-68.22470570948406
 20
4.282537240017735
 30
0.0
 10
-68.93998013758686
 20
4.211944550005071
 30
0.0
 10
-69.67657533181783
 20
4.175098594671054
 30
0.0
 10
-70.17534877300845
 20
4.168391507251619
 30
0.0
 10
-70.4275586574083
 20
4.164999999999995
 30
0.0
  0
SPLINE
  5
258
330
1F
100
AcDbEntity
  8
0
  6
Continuous
 62
     7
370
    15
100
AcDbSpline
210
0.0
220
0.0
230
1.0
 70
     8
 71
     3
 72
    23
 73
    19
 74
     0
 42
0.000000001
 43
0.00000001
 40
0.0
 40
0.0
 40
0.0
 40
0.0
 40
0.0701138993281222
 40
0.1388195226491084
 40
0.2059787744071027
 40
0.2718637263740888
 40
0.3370418613260387
 40
0.4015003961052716
 40
0.4657610482678279
 40
0.5298890178092105
 40
0.5932393876353308
 40
0.654570266783229
 40
0.7147475343008816
 40
0.7733347262531513
 40
0.8311581895165329
 40
0.8878940202925886
 40
0.9441344199345858
 40
0.9999999999999999
 40
0.9999999999999999
 40
0.9999999999999999
 40
0.9999999999999999
 10
-61.79425169538298
 20
11.6501661392405
 30
0.0
 10
-61.79731303455906
 20
11.47801418450643
 30
0.0
 10
-61.80337422423989
 20
11.13716804118391
 30
0.0
 10
-61.84523028955343
 20
10.63280602925883
 30
0.0
 10
-61.91570135358126
 20
10.14214930946782
 30
0.0
 10
-62.01813065616699
 20
9.666087542920716
 30
0.0
 10
-62.14394249381064
 20
9.20244818410313
 30
0.0
 10
-62.30337532815308
 20
8.75353176037155
 30
0.0
 10
-62.48563466310265
 20
8.316145162435081
 30
0.0
 10
-62.7007257263781
 20
7.896990784698736
 30
0.0
 10
-62.93273829234207
 20
7.495410993105096
 30
0.0
 10
-63.18405062050321
 20
7.117181014081428
 30
0.0
 10
-63.44643166396413
 20
6.761016398173418
 30
0.0
 10
-63.72645758355043
 20
6.429474170522648
 30
0.0
 10
-64.02384111444444
 20
6.125378390696659
 30
0.0
 10
-64.33195273134523
 20
5.840433550341583
 30
0.0
 10
-64.65981503995577
 20
5.585931177019725
 30
0.0
 10
-64.88774730029385
 20
5.431588802810078
 30
0.0
 10
-65.00133239158552
 20
5.354675632911388
 30
0.0
  0
SPLINE
  5
299
330
1F
100
AcDbEntity
  8
0
  6
Continuous
 62
     7
370
    15
100
AcDbSpline
210
0.0
220
0.0
230
1.0
 70
     8
 71
     3
 72
    23
 73
    19
 74
     0
 42
0.000000001
 43
0.00000001
 40
0.0
 40
0.0
 40
0.0
 40
0.0
 40
0.0674503752130162
 40
0.1307935655339917
 40
0.1904065536867869
 40
0.2469719101625231
 40
0.3006102503042457
 40
0.3527516695045796
 40
0.4042813310536553
 40
0.4556395395578953
 40
0.5086794296959234
 40
0.565215077473983
 40
0.6253890754079137
 40
0.6897616085927651
 40
0.7592878639654673
 40
0.8338060366766836
 40
0.913783152362078
 40
1.0
 40
1.0
 40
1.0
 40
1.0
 10
-93.31762704428324
 20
29.96335443037979
 30
0.0
 10
-93.21465473984941
 20
29.96540041393513
 30
0.0
 10
-93.01498031542084
 20
29.96936779711694
 30
0.0
 10
-92.72633807900874
 20
30.00650435224388
 30
0.0
 10
-92.45762114935049
 20
30.06127261204525
 30
0.0
 10
-92.21029861663007
 20
30.14077783109988
 30
0.0
 10
-91.98514476450443
 20
30.24555977692068
 30
0.0
 10
-91.78130478944844
 20
30.37372784790243
 30
0.0
 10
-91.59989081711316
 20
30.52650003704588
 30
0.0
 10
-91.43641245078523
 20
30.70033099885235
 30
0.0
 10
-91.29604033777555
 20
30.90282952911395
 30
0.0
 10
-91.17508230767551
 20
31.13244443797761
 30
0.0
 10
-91.0716788341007
 20
31.38911141136973
 30
0.0
 10
-90.98514078632576
 20
31.67272192850696
 30
0.0
 10
-90.92075313666815
 20
31.98464300104056
 30
0.0
 10
-90.87900373958712
 20
32.32406190988831
 30
0.0
 10
-90.84677476119268
 20
32.69020070724322
 30
0.0
 10
-90.84451261084966
 20
32.94389092486875
 30
0.0
 10
-90.8433390695997
 20
33.07549841772156
 30
0.0
  0
SPLINE
  5
29A
330
1F
100
AcDbEntity
  8
0
  6
Continuous
 62
     7
370
    15
100
AcDbSpline
210
0.0
220
0.0
230
1.0
 70
     8
 71
     3
 72
    23
 73
    19
 74
     0
 42
0.000000001
 43
0.00000001
 40
0.0
 40
0.0
 40
0.0
 40
0.0
 40
0.0831978435599685
 40
0.1613934094829868
 40
0.2348213409358958
 40
0.3026255893659407
 40
0.3668018230398437
 40
0.426893828278661
 40
0.4835611203216698
 40
0.5374479163730725
 40
0.5899576047540941
 40
0.6415506250521358
 40
0.6945366106142057
 40
0.7485955194025107
 40
0.8057266208842137
 40
0.8662701494174592
 40
0.9310716770509808
 40
1.0
 40
1.0
 40
1.0
 40
1.0
 10
-95.7800479303592
 20
33.07549841772156
 30
0.0
 10
-95.77849715462133
 20
32.94885588961437
 30
0.0
 10
-95.77548884367275
 20
32.70318522650361
 30
0.0
 10
-95.74785331478131
 20
32.34673328564248
 30
0.0
 10
-95.70654619300684
 20
32.01496932132937
 30
0.0
 10
-95.63805655691142
 20
31.70974941156024
 30
0.0
 10
-95.5620440834925
 20
31.42705403593882
 30
0.0
 10
-95.45847763740521
 20
31.17146965597501
 30
0.0
 10
-95.3452721540524
 20
30.93721715287354
 30
0.0
 10
-95.2066202939479
 20
30.73052621973479
 30
0.0
 10
-95.0495793187123
 20
30.5474469399513
 30
0.0
 10
-94.86745763272287
 20
30.39145228703369
 30
0.0
 10
-94.66614796781977
 20
30.25677798931715
 30
0.0
 10
-94.43923241586768
 20
30.15063856427557
 30
0.0
 10
-94.19242974977999
 20
30.06293925303027
 30
0.0
 10
-93.92004260453538
 20
30.00578155520648
 30
0.0
 10
-93.62617037254833
 20
29.96955854073741
 30
0.0
 10
-93.42256914360158
 20
29.9654645792817
 30
0.0
 10
-93.31762704428324
 20
29.96335443037979
 30
0.0
  0
SPLINE
  5
29E
330
1F
100
AcDbEntity
  8
0
  6
Continuous
 62
     7
370
    15
100
AcDbSpline
210
0.0
220
0.0
230
1.0
 70
     8
 71
     3
 72
    23
 73
    19
 74
     0
 42
0.000000001
 43
0.00000001
 40
0.0
 40
0.0
 40
0.0
 40
0.0
 40
0.0755562006323252
 40
0.1468344860368798
 40
0.2141885884637264
 40
0.2784904566897912
 40
0.3397177054125097
 40
0.3986493108773762
 40
0.4560762841901789
 40
0.5126100267236984
 40
0.5686063332735637
 40
0.6244362984821502
 40
0.6811713996827778
 40
0.7390660607437639
 40
0.7994005669317409
 40
0.8628419162057038
 40
0.9293215794701956
 40
0.9999999999999999
 40
0.9999999999999999
 40
0.9999999999999999
 40
0.9999999999999999
 10
-93.31762704428324
 20
27.11525316455701
 30
0.0
 10
-93.56207280719678
 20
27.11970214190608
 30
0.0
 10
-94.03712406256587
 20
27.128348200032
 30
0.0
 10
-94.7270848646178
 20
27.19818510711457
 30
0.0
 10
-95.37517276956595
 20
27.30731439421532
 30
0.0
 10
-95.97761615977606
 20
27.47263922904401
 30
0.0
 10
-96.53995375762649
 20
27.67475304652329
 30
0.0
 10
-97.05603841993266
 20
27.92951008938396
 30
0.0
 10
-97.53154102465832
 20
28.22588677136906
 30
0.0
 10
-97.96067307559943
 20
28.57170445353499
 30
0.0
 10
-98.3422738163985
 20
28.96193562501594
 30
0.0
 10
-98.67496394881927
 20
29.39570342818873
 30
0.0
 10
-98.95336920954706
 20
29.87309861443126
 30
0.0
 10
-99.18399965934192
 20
30.39114887682461
 30
0.0
 10
-99.36121453073025
 20
30.95262532401956
 30
0.0
 10
-99.48787674610237
 20
31.55572583487494
 30
0.0
 10
-99.56180047478831
 20
32.20143417218766
 30
0.0
 10
-99.57217185007707
 20
32.64512252259864
 30
0.0
 10
-99.57751628478957
 20
32.87375791139245
 30
0.0
  0
SPLINE
  5
29F
330
1F
100
AcDbEntity
  8
0
  6
Continuous
 62
     7
370
    15
100
AcDbSpline
210
0.0
220
0.0
230
1.0
 70
     8
 71
     3
 72
    23
 73
    19
 74
     0
 42
0.000000001
 43
0.00000001
 40
0.0
 40
0.0
 40
0.0
 40
0.0
 40
0.0695616179476343
 40
0.1352554956582946
 40
0.1975670658744775
 40
0.2572642788865733
 40
0.3151581157515032
 40
0.3710169114711618
 40
0.4265711336095391
 40
0.4822231677041709
 40
0.5382838168057291
 40
0.5956258255699779
 40
0.6546692725976053
 40
0.7161222539296813
 40
0.7811332984957927
 40
0.8499126812142036
 40
0.9225151722088599
 40
1.0
 40
1.0
 40
1.0
 40
1.0
 10
-87.04587071516933
 20
32.88265822784815
 30
0.0
 10
-87.04996043036698
 20
32.65697845251839
 30
0.0
 10
-87.0579124658785
 20
32.21816706812452
 30
0.0
 10
-87.13284278688262
 20
31.58059515869248
 30
0.0
 10
-87.25774918294447
 20
30.98412580145972
 30
0.0
 10
-87.42772008034709
 20
30.42472405643082
 30
0.0
 10
-87.65470726098613
 20
29.90878123794757
 30
0.0
 10
-87.92543409871517
 20
29.42962859116091
 30
0.0
 10
-88.2521181528955
 20
28.99560953986865
 30
0.0
 10
-88.62351768552271
 20
28.59877500359684
 30
0.0
 10
-89.04472124964141
 20
28.24523154248958
 30
0.0
 10
-89.51739156165824
 20
27.94401489560049
 30
0.0
 10
-90.03294159657172
 20
27.68287389776124
 30
0.0
 10
-90.59949517353495
 20
27.47669709995593
 30
0.0
 10
-91.21235636198567
 20
27.31471747378215
 30
0.0
 10
-91.87191559107184
 20
27.19608376515315
 30
0.0
 10
-92.57947151562563
 20
27.12877041302941
 30
0.0
 10
-93.06629640087439
 20
27.11985558047587
 30
0.0
 10
-93.31762704428324
 20
27.11525316455701
 30
0.0
  0
SPLINE
  5
2A3
330
1F
100
AcDbEntity
  8
0
  6
Continuous
 62
     7
370
    15
100
AcDbSpline
210
0.0
220
0.0
230
1.0
 70
     8
 71
     3
 72
    15
 73
    11
 74
     0
 42
0.000000001
 43
0.00000001
 40
0.0
 40
0.0
 40
0.0
 40
0.0
 40
0.1279204173248361
 40
0.2471695587615675
 40
0.3582887053464309
 40
0.463817087016862
 40
0.5750153360474748
 40
0.6998130450095285
 40
0.8412948228072552
 40
1.0
 40
1.0
 40
1.0
 40
1.0
 10
95.34189545651566
 20
59.19723101265821
 30
0.0
 10
95.40246699486372
 20
59.25738961044858
 30
0.0
 10
95.51950413967683
 20
59.37362886593666
 30
0.0
 10
95.66908845279873
 20
59.56087258789655
 30
0.0
 10
95.78623970681265
 20
59.75250003177749
 30
0.0
 10
95.87616372156542
 20
59.95254292581505
 30
0.0
 10
95.93908176514289
 20
60.17228319270218
 30
0.0
 10
95.97769287254201
 20
60.42139221396825
 30
0.0
 10
96.00540777421162
 20
60.70373391364728
 30
0.0
 10
96.00803186561404
 20
60.90403307626443
 30
0.0
 10
96.00941919069287
 20
61.00992879746833
 30
0.0
  0
SPLINE
  5
2A4
330
1F
100
AcDbEntity
  8
0
  6
Continuous
 62
     7
370
    15
100
AcDbSpline
210
0.0
220
0.0
230
1.0
 70
     8
 71
     3
 72
    11
 73
     7
 74
     0
 42
0.000000001
 43
0.00000001
 40
0.0
 40
0.0
 40
0.0
 40
0.0
 40
0.2502484374486826
 40
0.523246183287712
 40
0.7850025160244414
 40
1.0
 40
1.0
 40
1.0
 40
1.0
 10
94.15815336790806
 20
58.68694620253163
 30
0.0
 10
94.26467356350294
 20
58.70922662494545
 30
0.0
 10
94.48739737491336
 20
58.75581291379076
 30
0.0
 10
94.8076612868965
 20
58.87376844071084
 30
0.0
 10
95.10598896332341
 20
59.00971451632627
 30
0.0
 10
95.26857531611346
 20
59.13895056580514
 30
0.0
 10
95.34189545651567
 20
59.19723101265821
 30
0.0
  0
SPLINE
  5
2A5
330
1F
100
AcDbEntity
  8
0
  6
Continuous
 62
     7
370
    15
100
AcDbSpline
210
0.0
220
0.0
230
1.0
 70
     8
 71
     3
 72
    11
 73
     7
 74
     0
 42
0.000000001
 43
0.00000001
 40
0.0
 40
0.0
 40
0.0
 40
0.0
 40
0.2836452775782533
 40
0.5482900762245886
 40
0.7910628882250661
 40
1.0
 40
1.0
 40
1.0
 40
1.0
 10
92.28908691221186
 20
58.60981012658225
 30
0.0
 10
92.46610824000757
 20
58.61080970395117
 30
0.0
 10
92.80829280990123
 20
58.61274190023686
 30
0.0
 10
93.301927002849
 20
58.61535734118547
 30
0.0
 10
93.74901830724964
 20
58.63475305200574
 30
0.0
 10
94.028759768452
 20
58.67043952719896
 30
0.0
 10
94.15815336790806
 20
58.68694620253163
 30
0.0
  0
SPLINE
  5
2AB
330
1F
100
AcDbEntity
  8
0
  6
Continuous
 62
     7
370
    15
100
AcDbSpline
210
0.0
220
0.0
230
1.0
 70
     8
 71
     3
 72
    13
 73
     9
 74
     0
 42
0.000000001
 43
0.00000001
 40
0.0
 40
0.0
 40
0.0
 40
0.0
 40
0.2250628191247392
 40
0.4628307297143809
 40
0.5875074226795273
 40
0.7178795527611749
 40
0.8552511885114961
 40
1.0
 40
1.0
 40
1.0
 40
1.0
 10
96.66210906411058
 20
56.25419303797467
 30
0.0
 10
96.47049322846654
 20
56.18224375733835
 30
0.0
 10
96.07644459181985
 20
56.03428356476264
 30
0.0
 10
95.5565299804931
 20
55.90627074572353
 30
0.0
 10
95.11467064501278
 20
55.83243699232233
 30
0.0
 10
94.76031785145544
 20
55.7903074361268
 30
0.0
 10
94.38591222134652
 20
55.76736474553663
 30
0.0
 10
94.12950412912677
 20
55.76362673744576
 30
0.0
 10
93.99794767170552
 20
55.76170886075948
 30
0.0
  0
SPLINE
  5
2AC
330
1F
100
AcDbEntity
  8
0
  6
Continuous
 62
     7
370
    15
100
AcDbSpline
210
0.0
220
0.0
230
1.0
 70
     8
 71
     3
 72
    11
 73
     7
 74
     0
 42
0.000000001
 43
0.00000001
 40
0.0
 40
0.0
 40
0.0
 40
0.0
 40
0.2421912079984856
 40
0.489737512238435
 40
0.7416865646271089
 40
1.0
 40
1.0
 40
1.0
 40
1.0
 10
98.5163416590473
 20
57.53880537974682
 30
0.0
 10
98.38507968327379
 20
57.41068472039394
 30
0.0
 10
98.11965339468937
 20
57.15161052238167
 30
0.0
 10
97.67601142933702
 20
56.80620482203562
 30
0.0
 10
97.19266501333321
 20
56.49441611112705
 30
0.0
 10
96.84042551376245
 20
56.33493047121193
 30
0.0
 10
96.66210906411058
 20
56.25419303797467
 30
0.0
  0
SPLINE
  5
2AD
330
1F
100
AcDbEntity
  8
0
  6
Continuous
 62
     7
370
    15
100
AcDbSpline
210
0.0
220
0.0
230
1.0
 70
     8
 71
     3
 72
    15
 73
    11
 74
     0
 42
0.000000001
 43
0.00000001
 40
0.0
 40
0.0
 40
0.0
 40
0.0
 40
0.1329637870972852
 40
0.2637525485762349
 40
0.3925401654230494
 40
0.5217683920974248
 40
0.6471102826175471
 40
0.7683789371003528
 40
0.8852906679096529
 40
1.0
 40
1.0
 40
1.0
 40
1.0
 10
99.80688754512325
 20
61.1048655063291
 30
0.0
 10
99.80294617404284
 20
60.93260738185094
 30
0.0
 10
99.79512790494843
 20
60.59090893646269
 30
0.0
 10
99.73111857862241
 20
60.08561885063281
 30
0.0
 10
99.62656944238026
 20
59.59252989357881
 30
0.0
 10
99.48348752869974
 20
59.11642589417644
 30
0.0
 10
99.30065568386604
 20
58.66433849867663
 30
0.0
 10
99.07813682574236
 20
58.24859667815608
 30
0.0
 10
98.82035471604205
 20
57.86930549895703
 30
0.0
 10
98.61703491386723
 20
57.64827150942762
 30
0.0
 10
98.5163416590473
 20
57.53880537974682
 30
0.0
  0
SPLINE
  5
2AE
330
1F
100
AcDbEntity
  8
0
  6
Continuous
 62
     7
370
    15
100
AcDbSpline
210
0.0
220
0.0
230
1.0
 70
     8
 71
     3
 72
    11
 73
     7
 74
     0
 42
0.000000001
 43
0.00000001
 40
0.0
 40
0.0
 40
0.0
 40
0.0
 40
0.2490667173075946
 40
0.4886386997937615
 40
0.7339051152102325
 40
0.9999999999999999
 40
0.9999999999999999
 40
0.9999999999999999
 40
0.9999999999999999
 10
46.5754872286676
 20
60.34240506329112
 30
0.0
 10
46.82182433711533
 20
60.2864130459318
 30
0.0
 10
47.30510787529354
 20
60.1765634969553
 30
0.0
 10
48.02932196477242
 20
60.00504406322813
 30
0.0
 10
48.76760732567577
 20
59.81570447157861
 30
0.0
 10
49.25761070425605
 20
59.64502578075183
 30
0.0
 10
49.51259165904735
 20
59.55621044303795
 30
0.0
  0
SPLINE
  5
2AF
330
1F
100
AcDbEntity
  8
0
  6
Continuous
 62
     7
370
    15
100
AcDbSpline
210
0.0
220
0.0
230
1.0
 70
     8
 71
     3
 72
    19
 73
    15
 74
     0
 42
0.000000001
 43
0.00000001
 40
0.0
 40
0.0
 40
0.0
 40
0.0
 40
0.1011887320296517
 40
0.1950660400349335
 40
0.2868204103361105
 40
0.3810406673723482
 40
0.4321596998389468
 40
0.4904805748171913
 40
0.5558649229659752
 40
0.6296753794452491
 40
0.7095308546734752
 40
0.7982370450072674
 40
0.8949330824060041
 40
1.0
 40
1.0
 40
1.0
 40
1.0
 10
44.60258374765495
 20
61.88512658227847
 30
0.0
 10
44.60780716658066
 20
61.79266858798105
 30
0.0
 10
44.61787658463584
 20
61.61443318117821
 30
0.0
 10
44.69295643962302
 20
61.3603606768953
 30
0.0
 10
44.82481605132003
 20
61.13895492410144
 30
0.0
 10
44.97513434171412
 20
60.98015469234922
 30
0.0
 10
45.12616464154668
 20
60.87111267497453
 30
0.0
 10
45.26272963495529
 20
60.78816593275854
 30
0.0
 10
45.42440800004692
 20
60.70765059468057
 30
0.0
 10
45.61038484064229
 20
60.6338062701026
 30
0.0
 10
45.81684727912514
 20
60.55395522116139
 30
0.0
 10
46.04807825119679
 20
60.48134682767282
 30
0.0
 10
46.30371561732884
 20
60.41057200104653
 30
0.0
 10
46.48242521598875
 20
60.36574728212855
 30
0.0
 10
46.5754872286676
 20
60.34240506329112
 30
0.0
  0
SPLINE
  5
2B0
330
1F
100
AcDbEntity
  8
0
  6
Continuous
 62
     7
370
    15
100
AcDbSpline
210
0.0
220
0.0
230
1.0
 70
     8
 71
     3
 72
    15
 73
    11
 74
     0
 42
0.000000001
 43
0.00000001
 40
0.0
 40
0.0
 40
0.0
 40
0.0
 40
0.1196770177099263
 40
0.2403294367621683
 40
0.3662705372173563
 40
0.4939948019782597
 40
0.6230434691222213
 40
0.7468828703742667
 40
0.8724827019778743
 40
1.0
 40
1.0
 40
1.0
 40
1.0
 10
45.46591444385747
 20
63.17567246835441
 30
0.0
 10
45.40865258625436
 20
63.14446033465007
 30
0.0
 10
45.29366217080914
 20
63.08178167957619
 30
0.0
 10
45.13488110495493
 20
62.96003203479707
 30
0.0
 10
44.98780247822372
 20
62.81853835580269
 30
0.0
 10
44.85412061716905
 20
62.65845062288938
 30
0.0
 10
44.74000151747844
 20
62.48416152575518
 30
0.0
 10
44.66416035845769
 20
62.29190691391294
 30
0.0
 10
44.6091016121389
 20
62.09290874831575
 30
0.0
 10
44.60476731384733
 20
61.95473620890628
 30
0.0
 10
44.60258374765495
 20
61.88512658227846
 30
0.0
  0
SPLINE
  5
2B1
330
1F
100
AcDbEntity
  8
0
  6
Continuous
 62
     7
370
    15
100
AcDbSpline
210
0.0
220
0.0
230
1.0
 70
     8
 71
     3
 72
    11
 73
     7
 74
     0
 42
0.000000001
 43
0.00000001
 40
0.0
 40
0.0
 40
0.0
 40
0.0
 40
0.2639520361380075
 40
0.5032026899475062
 40
0.7388158753985428
 40
1.0
 40
1.0
 40
1.0
 40
1.0
 10
47.17477520335115
 20
63.54651898734176
 30
0.0
 10
47.01931668544968
 20
63.5438503802643
 30
0.0
 10
46.72294789993908
 20
63.53876290195029
 30
0.0
 10
46.29097193616801
 20
63.47902660991446
 30
0.0
 10
45.87180050929015
 20
63.36242389513534
 30
0.0
 10
45.60577406553325
 20
63.24002299950446
 30
0.0
 10
45.46591444385747
 20
63.17567246835441
 30
0.0
  0
SPLINE
  5
2B2
330
1F
100
AcDbEntity
  8
0
  6
Continuous
 62
     7
370
    15
100
AcDbSpline
210
0.0
220
0.0
230
1.0
 70
     8
 71
     3
 72
    15
 73
    11
 74
     0
 42
0.000000001
 43
0.00000001
 40
0.0
 40
0.0
 40
0.0
 40
0.0
 40
0.1136415593607109
 40
0.2319826117987669
 40
0.3553108391965744
 40
0.4846013847631398
 40
0.6149735606370383
 40
0.7439586616355733
 40
0.871737550064519
 40
1.0
 40
1.0
 40
1.0
 40
1.0
 10
51.67536855778153
 20
61.83765822784808
 30
0.0
 10
51.53105770545188
 20
61.95514934317117
 30
0.0
 10
51.23646822056038
 20
62.19499026007804
 30
0.0
 10
50.74601652240641
 20
62.50918521862462
 30
0.0
 10
50.21370390803998
 20
62.80183926571024
 30
0.0
 10
49.64137891700754
 20
63.05854495934071
 30
0.0
 10
49.04350092366498
 20
63.27827974460102
 30
0.0
 10
48.42751490768431
 20
63.42968872071053
 30
0.0
 10
47.80413408928614
 20
63.53127390641001
 30
0.0
 10
47.38482546841826
 20
63.54143089950787
 30
0.0
 10
47.17477520335115
 20
63.54651898734176
 30
0.0
  0
SPLINE
  5
2B5
330
1F
100
AcDbEntity
  8
0
  6
Continuous
 62
     7
370
    15
100
AcDbSpline
210
0.0
220
0.0
230
1.0
 70
     8
 71
     3
 72
    15
 73
    11
 74
     0
 42
0.000000001
 43
0.00000001
 40
0.0
 40
0.0
 40
0.0
 40
0.0
 40
0.1294408077855941
 40
0.2592073083935763
 40
0.3884623751284375
 40
0.5187664737724814
 40
0.6467098914259592
 40
0.7696212128193343
 40
0.8872613212461434
 40
0.9999999999999999
 40
0.9999999999999999
 40
0.9999999999999999
 40
0.9999999999999999
 10
47.00270241854102
 20
66.20474683544302
 30
0.0
 10
47.22431722756554
 20
66.20110927566617
 30
0.0
 10
47.66810446228794
 20
66.19382500345705
 30
0.0
 10
48.33146091732165
 20
66.14151376298625
 30
0.0
 10
48.9931899450338
 20
66.05953972236826
 30
0.0
 10
49.64599771544859
 20
65.9399065965009
 30
0.0
 10
50.28283441360004
 20
65.79668199317884
 30
0.0
 10
50.89085472410959
 20
65.62776517177865
 30
0.0
 10
51.46547252756231
 20
65.4373751755736
 30
0.0
 10
51.82950385426169
 20
65.28529866569397
 30
0.0
 10
52.00764703879419
 20
65.21087816455693
 30
0.0
  0
SPLINE
  5
2B6
330
1F
100
AcDbEntity
  8
0
  6
Continuous
 62
     7
370
    15
100
AcDbSpline
210
0.0
220
0.0
230
1.0
 70
     8
 71
     3
 72
    23
 73
    19
 74
     0
 42
0.000000001
 43
0.00000001
 40
0.0
 40
0.0
 40
0.0
 40
0.0
 40
0.0594833616744424
 40
0.1169638500036987
 40
0.1732460741739611
 40
0.2287396536286811
 40
0.2844529037989197
 40
0.3415562755866121
 40
0.4003684889749172
 40
0.4620860892910534
 40
0.5253571389348709
 40
0.5888599697535194
 40
0.6528301482273491
 40
0.718207881874888
 40
0.7850600935452987
 40
0.8543174996093419
 40
0.9256211028331054
 40
0.9999999999999999
 40
0.9999999999999999
 40
0.9999999999999999
 40
0.9999999999999999
 10
40.80511539322457
 20
61.42527689873415
 30
0.0
 10
40.80983580655111
 20
61.59867972147143
 30
0.0
 10
40.81911769144698
 20
61.93964669404884
 30
0.0
 10
40.90468035470957
 20
62.43882406348949
 30
0.0
 10
41.04429980960241
 20
62.91273061526366
 30
0.0
 10
41.23786171156629
 20
63.36213250409394
 30
0.0
 10
41.49045702501185
 20
63.78397083794967
 30
0.0
 10
41.7979527847984
 20
64.1796534961953
 30
0.0
 10
42.16078475616451
 20
64.55020110140609
 30
0.0
 10
42.57515626207136
 20
64.89057745510708
 30
0.0
 10
43.02870412728906
 20
65.20169979915414
 30
0.0
 10
43.51796427390212
 20
65.46676861937048
 30
0.0
 10
44.03058961915391
 20
65.69799236225444
 30
0.0
 10
44.5716443922958
 20
65.88500674111572
 30
0.0
 10
45.14205862212202
 20
66.02615864487622
 30
0.0
 10
45.73779730068095
 20
66.12955977377288
 30
0.0
 10
46.36147689515023
 20
66.19348864084225
 30
0.0
 10
46.78597359742829
 20
66.20094166057916
 30
0.0
 10
47.00270241854103
 20
66.20474683544303
 30
0.0
  0
SPLINE
  5
2B7
330
1F
100
AcDbEntity
  8
0
  6
Continuous
 62
     7
370
    15
100
AcDbSpline
210
0.0
220
0.0
230
1.0
 70
     8
 71
     3
 72
    23
 73
    19
 74
     0
 42
0.000000001
 43
0.00000001
 40
0.0
 40
0.0
 40
0.0
 40
0.0
 40
0.0770458878192134
 40
0.1497213128436269
 40
0.2194039958769118
 40
0.284804726513723
 40
0.3478324684181872
 40
0.4077425240018551
 40
0.4657068908500135
 40
0.521835986400796
 40
0.57747352554801
 40
0.6335009546146961
 40
0.6898512312692352
 40
0.7482875849294268
 40
0.8079266755078357
 40
0.8693552499339346
 40
0.9332811589602478
 40
1.0
 40
1.0
 40
1.0
 40
1.0
 10
44.04186381094609
 20
57.1145569620253
 30
0.0
 10
43.90177402569837
 20
57.16735050967171
 30
0.0
 10
43.6295411115617
 20
57.2699428671229
 30
0.0
 10
43.24142252242906
 20
57.44680069726146
 30
0.0
 10
42.88364791530297
 20
57.63418357302379
 30
0.0
 10
42.55689966316355
 20
57.83819990417703
 30
0.0
 10
42.26054917687399
 20
58.05329810361273
 30
0.0
 10
41.99376015374729
 20
58.28284860107346
 30
0.0
 10
41.75943339171945
 20
58.52696732502851
 30
0.0
 10
41.5507689703006
 20
58.78314332770879
 30
0.0
 10
41.37748798279707
 20
59.05979719514597
 30
0.0
 10
41.22081892356329
 20
59.34654415321942
 30
0.0
 10
41.09380977754297
 20
59.65361985974688
 30
0.0
 10
40.98596293402584
 20
59.97524324194812
 30
0.0
 10
40.90796815588678
 20
60.31553944384245
 30
0.0
 10
40.84757119282125
 20
60.66995970736132
 30
0.0
 10
40.81164389386781
 20
61.04182344520271
 30
0.0
 10
40.80732235548242
 20
61.2956503051514
 30
0.0
 10
40.80511539322457
 20
61.42527689873415
 30
0.0
  0
SPLINE
  5
2B8
330
1F
100
AcDbEntity
  8
0
  6
Continuous
 62
     7
370
    15
100
AcDbSpline
210
0.0
220
0.0
230
1.0
 70
     8
 71
     3
 72
    11
 73
     7
 74
     0
 42
0.000000001
 43
0.00000001
 40
0.0
 40
0.0
 40
0.0
 40
0.0
 40
0.2426947176641948
 40
0.4994023958496794
 40
0.7562624951851509
 40
1.0
 40
1.0
 40
1.0
 40
1.0
 10
47.2875125451233
 20
56.27792721518986
 30
0.0
 10
47.02485431732231
 20
56.34589266023161
 30
0.0
 10
46.48437222724673
 20
56.48574781000791
 30
0.0
 10
45.65829197971329
 20
56.66468854956913
 30
0.0
 10
44.83282058734102
 20
56.85521876031348
 30
0.0
 10
44.30086789227031
 20
57.02963493506852
 30
0.0
 10
44.04186381094609
 20
57.1145569620253
 30
0.0
  0
SPLINE
  5
2B9
330
1F
100
AcDbEntity
  8
0
  6
Continuous
 62
     7
370
    15
100
AcDbSpline
210
0.0
220
0.0
230
1.0
 70
     8
 71
     3
 72
    15
 73
    11
 74
     0
 42
0.000000001
 43
0.00000001
 40
0.0
 40
0.0
 40
0.0
 40
0.0
 40
0.1221225131784141
 40
0.2378462099639899
 40
0.3525473583735693
 40
0.473989118779258
 40
0.6008434091333086
 40
0.7293177487851213
 40
0.8625471806949585
 40
1.0
 40
1.0
 40
1.0
 40
1.0
 10
48.77979893752837
 20
54.82717563291138
 30
0.0
 10
48.77523265383097
 20
54.91881934758558
 30
0.0
 10
48.76633934462222
 20
55.09730494892955
 30
0.0
 10
48.68005416348828
 20
55.35068715151957
 30
0.0
 10
48.53475176962471
 20
55.57293744147956
 30
0.0
 10
48.33960203567722
 20
55.76478884321006
 30
0.0
 10
48.1068415253226
 20
55.92489043003473
 30
0.0
 10
47.85754679381743
 20
56.075898367741
 30
0.0
 10
47.57952409862548
 20
56.18821754458662
 30
0.0
 10
47.38585697616517
 20
56.24771455268174
 30
0.0
 10
47.2875125451233
 20
56.27792721518986
 30
0.0
  0
SPLINE
  5
2BA
330
1F
100
AcDbEntity
  8
0
  6
Continuous
 62
     7
370
    15
100
AcDbSpline
210
0.0
220
0.0
230
1.0
 70
     8
 71
     3
 72
    15
 73
    11
 74
     0
 42
0.000000001
 43
0.00000001
 40
0.0
 40
0.0
 40
0.0
 40
0.0
 40
0.1197813079862533
 40
0.2378320344012486
 40
0.354328154275996
 40
0.4731718024248164
 40
0.5935053129909321
 40
0.7194360809945901
 40
0.8534020568269217
 40
1.0
 40
1.0
 40
1.0
 40
1.0
 10
47.85713279828786
 20
53.42092563291137
 30
0.0
 10
47.92021507940476
 20
53.45419319694518
 30
0.0
 10
48.04546823872428
 20
53.52024768045977
 30
0.0
 10
48.21832836844877
 20
53.64235302075861
 30
0.0
 10
48.37303934803315
 20
53.785020854357
 30
0.0
 10
48.51871335882922
 20
53.9394992203521
 30
0.0
 10
48.63539765858238
 20
54.1242003263816
 30
0.0
 10
48.72383648281071
 20
54.33389394827761
 30
0.0
 10
48.7688363670192
 20
54.57314172018081
 30
0.0
 10
48.77603668618801
 20
54.73999357758326
 30
0.0
 10
48.77979893752837
 20
54.82717563291138
 30
0.0
  0
SPLINE
  5
2BB
330
1F
100
AcDbEntity
  8
0
  6
Continuous
 62
     7
370
    15
100
AcDbSpline
210
0.0
220
0.0
230
1.0
 70
     8
 71
     3
 72
    15
 73
    11
 74
     0
 42
0.000000001
 43
0.00000001
 40
0.0
 40
0.0
 40
0.0
 40
0.0
 40
0.100396410068405
 40
0.2148999119394703
 40
0.3453817630343957
 40
0.4902226418919018
 40
0.6378366789765261
 40
0.7712668758507769
 40
0.8916192947022065
 40
1.0
 40
1.0
 40
1.0
 40
1.0
 10
46.18387330461698
 20
53.10348101265821
 30
0.0
 10
46.24125504627112
 20
53.10496343783984
 30
0.0
 10
46.36408146227549
 20
53.10813658955679
 30
0.0
 10
46.56095157427706
 20
53.1241809171532
 30
0.0
 10
46.78249434361589
 20
53.14818818439232
 30
0.0
 10
47.02235508423716
 20
53.17887647310742
 30
0.0
 10
47.26222978653552
 20
53.22130742713851
 30
0.0
 10
47.48568810629236
 20
53.2737140222996
 30
0.0
 10
47.68343996497855
 20
53.3369973434488
 30
0.0
 10
47.80129126900347
 20
53.39394303412178
 30
0.0
 10
47.85713279828786
 20
53.42092563291137
 30
0.0
  0
SPLINE
  5
2BC
330
1F
100
AcDbEntity
  8
0
  6
Continuous
 62
     7
370
    15
100
AcDbSpline
210
0.0
220
0.0
230
1.0
 70
     8
 71
     3
 72
    15
 73
    11
 74
     0
 42
0.000000001
 43
0.00000001
 40
0.0
 40
0.0
 40
0.0
 40
0.0
 40
0.1330007415974298
 40
0.263352955314672
 40
0.3927905965989175
 40
0.5216130839122834
 40
0.6481902261341936
 40
0.7689978995365305
 40
0.8859682158161604
 40
0.9999999999999999
 40
0.9999999999999999
 40
0.9999999999999999
 40
0.9999999999999999
 10
41.14332741854102
 20
55.19208860759492
 30
0.0
 10
41.33037907772914
 20
55.03029484967932
 30
0.0
 10
41.70075751812016
 20
54.70992923527164
 30
0.0
 10
42.30267957297967
 20
54.29466231712662
 30
0.0
 10
42.92902242382256
 20
53.93349356761836
 30
0.0
 10
43.58038854878648
 20
53.63607845472738
 30
0.0
 10
44.23890999114222
 20
53.39796434667078
 30
0.0
 10
44.89635104010338
 20
53.23361927998157
 30
0.0
 10
45.54215663216107
 20
53.12115475665021
 30
0.0
 10
45.97178950544038
 20
53.10932208697089
 30
0.0
 10
46.18387330461697
 20
53.10348101265821
 30
0.0
  0
SPLINE
  5
2BF
330
1F
100
AcDbEntity
  8
0
  6
Continuous
 62
     7
370
    15
100
AcDbSpline
210
0.0
220
0.0
230
1.0
 70
     8
 71
     3
 72
    15
 73
    11
 74
     0
 42
0.000000001
 43
0.00000001
 40
0.0
 40
0.0
 40
0.0
 40
0.0
 40
0.1485734939132441
 40
0.2879037989287593
 40
0.4195438208478088
 40
0.5430155052373067
 40
0.6616698257740926
 40
0.7768020652172458
 40
0.889954503121325
 40
1.0
 40
1.0
 40
1.0
 40
1.0
 10
46.16903944385748
 20
50.44525316455694
 30
0.0
 10
45.89497408963094
 20
50.44892822736247
 30
0.0
 10
45.36389378345833
 20
50.45604971663452
 30
0.0
 10
44.59217411370172
 20
50.51973632210797
 30
0.0
 10
43.87114843382717
 20
50.62045982376351
 30
0.0
 10
43.19730995171395
 20
50.768804702826
 30
0.0
 10
42.56330454900861
 20
50.94926586287376
 30
0.0
 10
41.95581372152413
 20
51.15039916910652
 30
0.0
 10
41.36869420309741
 20
51.36265117793102
 30
0.0
 10
40.99122351800753
 20
51.52713215611429
 30
0.0
 10
40.80511539322457
 20
51.60822784810125
 30
0.0
  0
SPLINE
  5
2C0
330
1F
100
AcDbEntity
  8
0
  6
Continuous
 62
     7
370
    15
100
AcDbSpline
210
0.0
220
0.0
230
1.0
 70
     8
 71
     3
 72
    11
 73
     7
 74
     0
 42
0.000000001
 43
0.00000001
 40
0.0
 40
0.0
 40
0.0
 40
0.0
 40
0.2490667173075962
 40
0.4886386997937607
 40
0.7339051152102328
 40
0.9999999999999999
 40
0.9999999999999999
 40
0.9999999999999999
 40
0.9999999999999999
 10
-23.25583069620259
 20
37.01240506329115
 30
0.0
 10
-23.00949358775487
 20
36.95641304593182
 30
0.0
 10
-22.52621004957665
 20
36.84656349695531
 30
0.0
 10
-21.80199596009779
 20
36.67504406322817
 30
0.0
 10
-21.06371059919443
 20
36.4857044715786
 30
0.0
 10
-20.57370722061416
 20
36.31502578075185
 30
0.0
 10
-20.31872626582285
 20
36.22621044303798
 30
0.0
  0
SPLINE
  5
2C1
330
1F
100
AcDbEntity
  8
0
  6
Continuous
 62
     7
370
    15
100
AcDbSpline
210
0.0
220
0.0
230
1.0
 70
     8
 71
     3
 72
    19
 73
    15
 74
     0
 42
0.000000001
 43
0.00000001
 40
0.0
 40
0.0
 40
0.0
 40
0.0
 40
0.1011887320296515
 40
0.1950660400349359
 40
0.2868204103361114
 40
0.381040667372349
 40
0.4321596998389495
 40
0.4904805748171904
 40
0.5558649229659766
 40
0.6296753794452492
 40
0.7095308546734761
 40
0.7982370450072661
 40
0.8949330824060043
 40
1.0
 40
1.0
 40
1.0
 40
1.0
 10
-25.22873417721525
 20
38.55512658227848
 30
0.0
 10
-25.22351075828954
 20
38.46266858798108
 30
0.0
 10
-25.21344134023436
 20
38.28443318117823
 30
0.0
 10
-25.13836148524717
 20
38.03036067689534
 30
0.0
 10
-25.00650187355016
 20
37.80895492410144
 30
0.0
 10
-24.8561835831561
 20
37.65015469234923
 30
0.0
 10
-24.7051532833235
 20
37.54111267497458
 30
0.0
 10
-24.56858828991492
 20
37.45816593275853
 30
0.0
 10
-24.4069099248233
 20
37.3776505946806
 30
0.0
 10
-24.2209330842279
 20
37.30380627010263
 30
0.0
 10
-24.01447064574506
 20
37.2239552211614
 30
0.0
 10
-23.7832396736734
 20
37.15134682767285
 30
0.0
 10
-23.52760230754135
 20
37.08057200104655
 30
0.0
 10
-23.34889270888144
 20
37.03574728212858
 30
0.0
 10
-23.25583069620259
 20
37.01240506329114
 30
0.0
  0
SPLINE
  5
2C2
330
1F
100
AcDbEntity
  8
0
  6
Continuous
 62
     7
370
    15
100
AcDbSpline
210
0.0
220
0.0
230
1.0
 70
     8
 71
     3
 72
    15
 73
    11
 74
     0
 42
0.000000001
 43
0.00000001
 40
0.0
 40
0.0
 40
0.0
 40
0.0
 40
0.1196770177099283
 40
0.2403294367621722
 40
0.3662705372173559
 40
0.4939948019782642
 40
0.6230434691222259
 40
0.7468828703742698
 40
0.8724827019778745
 40
1.0
 40
1.0
 40
1.0
 40
1.0
 10
-24.36540348101272
 20
39.84567246835443
 30
0.0
 10
-24.42266533861583
 20
39.81446033465009
 30
0.0
 10
-24.53765575406105
 20
39.75178167957622
 30
0.0
 10
-24.69643681991528
 20
39.63003203479707
 30
0.0
 10
-24.84351544664648
 20
39.48853835580269
 30
0.0
 10
-24.97719730770113
 20
39.32845062288944
 30
0.0
 10
-25.09131640739177
 20
39.15416152575519
 30
0.0
 10
-25.16715756641249
 20
38.96190691391296
 30
0.0
 10
-25.22221631273129
 20
38.76290874831577
 30
0.0
 10
-25.22655061102287
 20
38.6247362089063
 30
0.0
 10
-25.22873417721525
 20
38.55512658227848
 30
0.0
  0
SPLINE
  5
2C3
330
1F
100
AcDbEntity
  8
0
  6
Continuous
 62
     7
370
    15
100
AcDbSpline
210
0.0
220
0.0
230
1.0
 70
     8
 71
     3
 72
    11
 73
     7
 74
     0
 42
0.000000001
 43
0.00000001
 40
0.0
 40
0.0
 40
0.0
 40
0.0
 40
0.2639520361380054
 40
0.503202689947508
 40
0.7388158753985447
 40
0.9999999999999999
 40
0.9999999999999999
 40
0.9999999999999999
 40
0.9999999999999999
 10
-22.65654272151905
 20
40.21651898734177
 30
0.0
 10
-22.81200123942051
 20
40.21385038026432
 30
0.0
 10
-23.1083700249311
 20
40.2087629019503
 30
0.0
 10
-23.5403459887022
 20
40.14902660991449
 30
0.0
 10
-23.95951741558004
 20
40.03242389513538
 30
0.0
 10
-24.22554385933694
 20
39.91002299950448
 30
0.0
 10
-24.36540348101272
 20
39.84567246835443
 30
0.0
  0
SPLINE
  5
2C4
330
1F
100
AcDbEntity
  8
0
  6
Continuous
 62
     7
370
    15
100
AcDbSpline
210
0.0
220
0.0
230
1.0
 70
     8
 71
     3
 72
    15
 73
    11
 74
     0
 42
0.000000001
 43
0.00000001
 40
0.0
 40
0.0
 40
0.0
 40
0.0
 40
0.1136415593607123
 40
0.2319826117987676
 40
0.3553108391965736
 40
0.4846013847631396
 40
0.6149735606370373
 40
0.7439586616355733
 40
0.8717375500645198
 40
1.0
 40
1.0
 40
1.0
 40
1.0
 10
-18.15594936708867
 20
38.5076582278481
 30
0.0
 10
-18.30026021941832
 20
38.62514934317119
 30
0.0
 10
-18.59484970430982
 20
38.86499026007808
 30
0.0
 10
-19.0853014024638
 20
39.17918521862459
 30
0.0
 10
-19.61761401683021
 20
39.47183926571027
 30
0.0
 10
-20.18993900786267
 20
39.7285449593407
 30
0.0
 10
-20.78781700120521
 20
39.94827974460105
 30
0.0
 10
-21.40380301718587
 20
40.09968872071055
 30
0.0
 10
-22.02718383558406
 20
40.20127390641004
 30
0.0
 10
-22.44649245645195
 20
40.21143089950787
 30
0.0
 10
-22.65654272151905
 20
40.21651898734177
 30
0.0
  0
SPLINE
  5
2C7
330
1F
100
AcDbEntity
  8
0
  6
Continuous
 62
     7
370
    15
100
AcDbSpline
210
0.0
220
0.0
230
1.0
 70
     8
 71
     3
 72
    15
 73
    11
 74
     0
 42
0.000000001
 43
0.00000001
 40
0.0
 40
0.0
 40
0.0
 40
0.0
 40
0.1294408077855941
 40
0.2592073083935765
 40
0.3884623751284382
 40
0.5187664737724822
 40
0.6467098914259587
 40
0.7696212128193352
 40
0.8872613212461452
 40
1.0
 40
1.0
 40
1.0
 40
1.0
 10
-22.82861550632917
 20
42.87474683544304
 30
0.0
 10
-22.60700069730465
 20
42.87110927566618
 30
0.0
 10
-22.16321346258226
 20
42.86382500345706
 30
0.0
 10
-21.49985700754852
 20
42.81151376298631
 30
0.0
 10
-20.83812797983641
 20
42.72953972236824
 30
0.0
 10
-20.18532020942159
 20
42.60990659650093
 30
0.0
 10
-19.54848351127013
 20
42.46668199317886
 30
0.0
 10
-18.94046320076061
 20
42.29776517177867
 30
0.0
 10
-18.36584539730789
 20
42.10737517557362
 30
0.0
 10
-18.00181407060851
 20
41.955298665694
 30
0.0
 10
-17.82367088607601
 20
41.88087816455696
 30
0.0
  0
SPLINE
  5
2C8
330
1F
100
AcDbEntity
  8
0
  6
Continuous
 62
     7
370
    15
100
AcDbSpline
210
0.0
220
0.0
230
1.0
 70
     8
 71
     3
 72
    23
 73
    19
 74
     0
 42
0.000000001
 43
0.00000001
 40
0.0
 40
0.0
 40
0.0
 40
0.0
 40
0.0594833616744425
 40
0.1169638500036979
 40
0.1732460741739613
 40
0.2287396536286812
 40
0.2844529037989194
 40
0.3415562755866118
 40
0.4003684889749166
 40
0.4620860892910541
 40
0.5253571389348716
 40
0.5888599697535193
 40
0.6528301482273493
 40
0.7182078818748883
 40
0.7850600935452984
 40
0.8543174996093424
 40
0.9256211028331051
 40
1.0
 40
1.0
 40
1.0
 40
1.0
 10
-29.02620253164563
 20
38.09527689873418
 30
0.0
 10
-29.02148211831909
 20
38.26867972147146
 30
0.0
 10
-29.01220023342324
 20
38.60964669404886
 30
0.0
 10
-28.92663757016064
 20
39.1088240634895
 30
0.0
 10
-28.7870181152678
 20
39.58273061526367
 30
0.0
 10
-28.59345621330392
 20
40.03213250409398
 30
0.0
 10
-28.34086089985834
 20
40.45397083794968
 30
0.0
 10
-28.03336514007179
 20
40.84965349619534
 30
0.0
 10
-27.67053316870569
 20
41.22020110140608
 30
0.0
 10
-27.25616166279886
 20
41.56057745510714
 30
0.0
 10
-26.80261379758112
 20
41.87169979915416
 30
0.0
 10
-26.31335365096806
 20
42.13676861937049
 30
0.0
 10
-25.80072830571629
 20
42.36799236225446
 30
0.0
 10
-25.25967353257441
 20
42.55500674111574
 30
0.0
 10
-24.68925930274817
 20
42.69615864487626
 30
0.0
 10
-24.09352062418924
 20
42.79955977377287
 30
0.0
 10
-23.46984102971997
 20
42.8634886408423
 30
0.0
 10
-23.04534432744192
 20
42.87094166057916
 30
0.0
 10
-22.82861550632917
 20
42.87474683544304
 30
0.0
  0
SPLINE
  5
2C9
330
1F
100
AcDbEntity
  8
0
  6
Continuous
 62
     7
370
    15
100
AcDbSpline
210
0.0
220
0.0
230
1.0
 70
     8
 71
     3
 72
    23
 73
    19
 74
     0
 42
0.000000001
 43
0.00000001
 40
0.0
 40
0.0
 40
0.0
 40
0.0
 40
0.0770458878192124
 40
0.1497213128436265
 40
0.2194039958769109
 40
0.2848047265137231
 40
0.3478324684181869
 40
0.407742524001854
 40
0.465706890850012
 40
0.521835986400796
 40
0.5774735255480099
 40
0.6335009546146949
 40
0.6898512312692342
 40
0.7482875849294268
 40
0.8079266755078358
 40
0.8693552499339348
 40
0.9332811589602478
 40
1.0
 40
1.0
 40
1.0
 40
1.0
 10
-25.78945411392411
 20
33.78455696202532
 30
0.0
 10
-25.92954389917183
 20
33.83735050967172
 30
0.0
 10
-26.2017768133085
 20
33.93994286712289
 30
0.0
 10
-26.58989540244113
 20
34.1168006972615
 30
0.0
 10
-26.94767000956722
 20
34.30418357302381
 30
0.0
 10
-27.27441826170665
 20
34.50819990417705
 30
0.0
 10
-27.57076874799621
 20
34.72329810361276
 30
0.0
 10
-27.83755777112289
 20
34.95284860107346
 30
0.0
 10
-28.07188453315075
 20
35.19696732502852
 30
0.0
 10
-28.28054895456961
 20
35.4531433277088
 30
0.0
 10
-28.45382994207313
 20
35.72979719514598
 30
0.0
 10
-28.61049900130693
 20
36.01654415321942
 30
0.0
 10
-28.73750814732722
 20
36.32361985974691
 30
0.0
 10
-28.84535499084435
 20
36.64524324194812
 30
0.0
 10
-28.92334976898342
 20
36.98553944384247
 30
0.0
 10
-28.98374673204893
 20
37.33995970736137
 30
0.0
 10
-29.01967403100238
 20
37.71182344520272
 30
0.0
 10
-29.02399556938778
 20
37.96565030515141
 30
0.0
 10
-29.02620253164563
 20
38.09527689873418
 30
0.0
  0
SPLINE
  5
2CA
330
1F
100
AcDbEntity
  8
0
  6
Continuous
 62
     7
370
    15
100
AcDbSpline
210
0.0
220
0.0
230
1.0
 70
     8
 71
     3
 72
    11
 73
     7
 74
     0
 42
0.000000001
 43
0.00000001
 40
0.0
 40
0.0
 40
0.0
 40
0.0
 40
0.2426947176641948
 40
0.4994023958496797
 40
0.7562624951851495
 40
1.0
 40
1.0
 40
1.0
 40
1.0
 10
-22.54380537974689
 20
32.94792721518987
 30
0.0
 10
-22.80646360754788
 20
33.01589266023164
 30
0.0
 10
-23.34694569762345
 20
33.15574781000797
 30
0.0
 10
-24.1730259451569
 20
33.33468854956915
 30
0.0
 10
-24.99849733752917
 20
33.5252187603135
 30
0.0
 10
-25.53045003259988
 20
33.69963493506857
 30
0.0
 10
-25.78945411392411
 20
33.78455696202533
 30
0.0
  0
SPLINE
  5
2CB
330
1F
100
AcDbEntity
  8
0
  6
Continuous
 62
     7
370
    15
100
AcDbSpline
210
0.0
220
0.0
230
1.0
 70
     8
 71
     3
 72
    15
 73
    11
 74
     0
 42
0.000000001
 43
0.00000001
 40
0.0
 40
0.0
 40
0.0
 40
0.0
 40
0.1221225131784142
 40
0.2378462099639896
 40
0.3525473583735682
 40
0.4739891187792603
 40
0.6008434091333106
 40
0.7293177487851208
 40
0.8625471806949593
 40
1.0
 40
1.0
 40
1.0
 40
1.0
 10
-21.05151898734184
 20
31.4971756329114
 30
0.0
 10
-21.05608527103923
 20
31.58881934758562
 30
0.0
 10
-21.06497858024798
 20
31.76730494892957
 30
0.0
 10
-21.15126376138192
 20
32.02068715151957
 30
0.0
 10
-21.29656615524549
 20
32.24293744147956
 30
0.0
 10
-21.49171588919296
 20
32.43478884321011
 30
0.0
 10
-21.7244763995476
 20
32.59489043003472
 30
0.0
 10
-21.97377113105278
 20
32.74589836774102
 30
0.0
 10
-22.2517938262447
 20
32.85821754458667
 30
0.0
 10
-22.445460948705
 20
32.91771455268177
 30
0.0
 10
-22.54380537974689
 20
32.94792721518987
 30
0.0
  0
SPLINE
  5
2CC
330
1F
100
AcDbEntity
  8
0
  6
Continuous
 62
     7
370
    15
100
AcDbSpline
210
0.0
220
0.0
230
1.0
 70
     8
 71
     3
 72
    15
 73
    11
 74
     0
 42
0.000000001
 43
0.00000001
 40
0.0
 40
0.0
 40
0.0
 40
0.0
 40
0.1197813079862528
 40
0.237832034401247
 40
0.354328154275995
 40
0.4731718024248146
 40
0.5935053129909297
 40
0.7194360809945896
 40
0.8534020568269252
 40
1.0
 40
1.0
 40
1.0
 40
1.0
 10
-21.97418512658233
 20
30.09092563291139
 30
0.0
 10
-21.91110284546544
 20
30.12419319694519
 30
0.0
 10
-21.78584968614591
 20
30.19024768045976
 30
0.0
 10
-21.61298955642144
 20
30.31235302075866
 30
0.0
 10
-21.45827857683704
 20
30.45502085435699
 30
0.0
 10
-21.312604566041
 20
30.6094992203521
 30
0.0
 10
-21.19592026628781
 20
30.79420032638162
 30
0.0
 10
-21.10748144205949
 20
31.00389394827761
 30
0.0
 10
-21.06248155785098
 20
31.24314172018084
 30
0.0
 10
-21.05528123868219
 20
31.40999357758328
 30
0.0
 10
-21.05151898734183
 20
31.49717563291139
 30
0.0
  0
SPLINE
  5
2CD
330
1F
100
AcDbEntity
  8
0
  6
Continuous
 62
     7
370
    15
100
AcDbSpline
210
0.0
220
0.0
230
1.0
 70
     8
 71
     3
 72
    15
 73
    11
 74
     0
 42
0.000000001
 43
0.00000001
 40
0.0
 40
0.0
 40
0.0
 40
0.0
 40
0.1003964100684048
 40
0.2148999119394715
 40
0.3453817630343926
 40
0.4902226418918982
 40
0.6378366789765245
 40
0.7712668758507769
 40
0.8916192947022022
 40
1.0
 40
1.0
 40
1.0
 40
1.0
 10
-23.64744462025322
 20
29.77348101265823
 30
0.0
 10
-23.59006287859908
 20
29.77496343783984
 30
0.0
 10
-23.46723646259471
 20
29.7781365895568
 30
0.0
 10
-23.27036635059314
 20
29.7941809171532
 30
0.0
 10
-23.0488235812543
 20
29.81818818439232
 30
0.0
 10
-22.80896284063303
 20
29.84887647310744
 30
0.0
 10
-22.56908813833467
 20
29.89130742713853
 30
0.0
 10
-22.34562981857784
 20
29.94371402229962
 30
0.0
 10
-22.14787795989164
 20
30.00699734344882
 30
0.0
 10
-22.03002665586671
 20
30.0639430341218
 30
0.0
 10
-21.97418512658233
 20
30.09092563291139
 30
0.0
  0
SPLINE
  5
2CE
330
1F
100
AcDbEntity
  8
0
  6
Continuous
 62
     7
370
    15
100
AcDbSpline
210
0.0
220
0.0
230
1.0
 70
     8
 71
     3
 72
    15
 73
    11
 74
     0
 42
0.000000001
 43
0.00000001
 40
0.0
 40
0.0
 40
0.0
 40
0.0
 40
0.133000741597429
 40
0.2633529553146708
 40
0.3927905965989175
 40
0.5216130839122827
 40
0.648190226134193
 40
0.7689978995365305
 40
0.8859682158161609
 40
0.9999999999999999
 40
0.9999999999999999
 40
0.9999999999999999
 40
0.9999999999999999
 10
-28.68799050632917
 20
31.86208860759494
 30
0.0
 10
-28.50093884714106
 20
31.70029484967935
 30
0.0
 10
-28.13056040675005
 20
31.37992923527166
 30
0.0
 10
-27.5286383518905
 20
30.96466231712663
 30
0.0
 10
-26.90229550104763
 20
30.60349356761838
 30
0.0
 10
-26.25092937608374
 20
30.30607845472739
 30
0.0
 10
-25.59240793372797
 20
30.0679643466708
 30
0.0
 10
-24.93496688476684
 20
29.90361927998158
 30
0.0
 10
-24.28916129270911
 20
29.79115475665023
 30
0.0
 10
-23.85952841942982
 20
29.77932208697091
 30
0.0
 10
-23.64744462025322
 20
29.77348101265823
 30
0.0
  0
SPLINE
  5
2D1
330
1F
100
AcDbEntity
  8
0
  6
Continuous
 62
     7
370
    15
100
AcDbSpline
210
0.0
220
0.0
230
1.0
 70
     8
 71
     3
 72
    15
 73
    11
 74
     0
 42
0.000000001
 43
0.00000001
 40
0.0
 40
0.0
 40
0.0
 40
0.0
 40
0.1485734939132442
 40
0.2879037989287582
 40
0.419543820847809
 40
0.5430155052373073
 40
0.6616698257740934
 40
0.7768020652172458
 40
0.8899545031213244
 40
1.0
 40
1.0
 40
1.0
 40
1.0
 10
-23.66227848101272
 20
27.11525316455697
 30
0.0
 10
-23.93634383523927
 20
27.1189282273625
 30
0.0
 10
-24.46742414141186
 20
27.12604971663455
 30
0.0
 10
-25.23914381116847
 20
27.18973632210799
 30
0.0
 10
-25.96016949104302
 20
27.29045982376352
 30
0.0
 10
-26.63400797315624
 20
27.43880470282602
 30
0.0
 10
-27.26801337586158
 20
27.61926586287379
 30
0.0
 10
-27.87550420334606
 20
27.82039916910654
 30
0.0
 10
-28.46262372177279
 20
28.03265117793105
 30
0.0
 10
-28.84009440686267
 20
28.19713215611431
 30
0.0
 10
-29.02620253164563
 20
28.27822784810127
 30
0.0
  0
SPLINE
  5
2D2
330
1F
100
AcDbEntity
  8
0
  6
Continuous
 62
     7
370
    15
100
AcDbSpline
210
0.0
220
0.0
230
1.0
 70
     8
 71
     3
 72
    23
 73
    19
 74
     0
 42
0.000000001
 43
0.00000001
 40
0.0
 40
0.0
 40
0.0
 40
0.0
 40
0.060348468805387
 40
0.1183732763231725
 40
0.1748218905033329
 40
0.2300669316238622
 40
0.2851835012634716
 40
0.3409394681790694
 40
0.3980548669068121
 40
0.4572905954189658
 40
0.5179064783267872
 40
0.579447454260758
 40
0.642691082108097
 40
0.7078744756173792
 40
0.7760204385952172
 40
0.8469861987309549
 40
0.9215410536688151
 40
1.0
 40
1.0
 40
1.0
 40
1.0
 10
-17.25405063291145
 20
32.14096518987341
 30
0.0
 10
-17.25901859590843
 20
31.95673658362004
 30
0.0
 10
-17.26876323513864
 20
31.59537292110542
 30
0.0
 10
-17.35018812287498
 20
31.06660784009015
 30
0.0
 10
-17.48654875566571
 20
30.56589497804778
 30
0.0
 10
-17.67793440486903
 20
30.09285339972031
 30
0.0
 10
-17.92329322807058
 20
29.64802657116448
 30
0.0
 10
-18.22123497100515
 20
29.22928447030693
 30
0.0
 10
-18.57852282212393
 20
28.84269743817904
 30
0.0
 10
-18.98425479967803
 20
28.48509454002245
 30
0.0
 10
-19.43455114086831
 20
28.16141580382747
 30
0.0
 10
-19.92771385419353
 20
27.88210016862058
 30
0.0
 10
-20.45760885510001
 20
27.64523868460778
 30
0.0
 10
-21.02486093266801
 20
27.44778515103471
 30
0.0
 10
-21.63088959903692
 20
27.29794943055217
 30
0.0
 10
-22.27483851040709
 20
27.19293035009565
 30
0.0
 10
-22.95573949451559
 20
27.12552572459061
 30
0.0
 10
-23.42279325004201
 20
27.11873510463293
 30
0.0
 10
-23.66227848101272
 20
27.11525316455696
 30
0.0
  0
SPLINE
  5
307
330
1F
100
AcDbEntity
  8
0
  6
Continuous
 62
     7
370
    15
100
AcDbSpline
210
0.0
220
0.0
230
1.0
 70
     8
 71
     3
 72
    11
 73
     7
 74
     0
 42
0.000000001
 43
0.00000001
 40
0.0
 40
0.0
 40
0.0
 40
0.0
 40
0.2894348425214722
 40
0.5543505422486099
 40
0.7926397127183057
 40
1.0
 40
1.0
 40
1.0
 40
1.0
 10
49.40654226355578
 20
30.716914556962
 30
0.0
 10
49.56541273353915
 20
30.81435644235263
 30
0.0
 10
49.86969514271744
 20
31.00098553487458
 30
0.0
 10
50.27910106320591
 20
31.306223490858
 30
0.0
 10
50.63483692738408
 20
31.59357169688749
 30
0.0
 10
50.85549301988865
 20
31.77682227861929
 30
0.0
 10
50.95816409899881
 20
31.86208860759491
 30
0.0
  0
SPLINE
  5
308
330
1F
100
AcDbEntity
  8
0
  6
Continuous
 62
     7
370
    15
100
AcDbSpline
210
0.0
220
0.0
230
1.0
 70
     8
 71
     3
 72
    15
 73
    11
 74
     0
 42
0.000000001
 43
0.00000001
 40
0.0
 40
0.0
 40
0.0
 40
0.0
 40
0.1363288040318575
 40
0.270268783678885
 40
0.4025496911193721
 40
0.5346023310775451
 40
0.6635618875284651
 40
0.782710961757481
 40
0.8952181334357788
 40
0.9999999999999999
 40
0.9999999999999999
 40
0.9999999999999999
 40
0.9999999999999999
 10
46.84621789646717
 20
29.96335443037972
 30
0.0
 10
46.96900298431446
 20
29.96604932332093
 30
0.0
 10
47.21242165568079
 20
29.97139188788416
 30
0.0
 10
47.57219606633478
 20
30.01885789455057
 30
0.0
 10
47.92459211076802
 20
30.08731129785834
 30
0.0
 10
48.26285035932381
 20
30.19377527895464
 30
0.0
 10
48.58312466898384
 20
30.31442031436733
 30
0.0
 10
48.88311392273664
 20
30.43872615821513
 30
0.0
 10
49.15595181866681
 20
30.57092539386883
 30
0.0
 10
49.32501569854557
 20
30.66941875160128
 30
0.0
 10
49.40654226355578
 20
30.716914556962
 30
0.0
  0
SPLINE
  5
309
330
1F
100
AcDbEntity
  8
0
  6
Continuous
 62
     7
370
    15
100
AcDbSpline
210
0.0
220
0.0
230
1.0
 70
     8
 71
     3
 72
    15
 73
    11
 74
     0
 42
0.000000001
 43
0.00000001
 40
0.0
 40
0.0
 40
0.0
 40
0.0
 40
0.1328148117476712
 40
0.262467743263455
 40
0.3886278625568045
 40
0.5153520842903861
 40
0.6395758717984059
 40
0.762249802296598
 40
0.8811046305149336
 40
1.0
 40
1.0
 40
1.0
 40
1.0
 10
44.10492042811275
 20
31.04325949367086
 30
0.0
 10
44.20263609409571
 20
30.95162296984273
 30
0.0
 10
44.39574114009584
 20
30.77053148393699
 30
0.0
 10
44.71923474962059
 20
30.54807725356625
 30
0.0
 10
45.05415449142735
 20
30.35645494240875
 30
0.0
 10
45.40585284236919
 20
30.21027933777049
 30
0.0
 10
45.76665042140215
 20
30.1017698674062
 30
0.0
 10
46.12647611126255
 20
30.0215266956594
 30
0.0
 10
46.48680089786581
 20
29.97118976551331
 30
0.0
 10
46.72639861149807
 20
29.96596650564843
 30
0.0
 10
46.84621789646717
 20
29.96335443037972
 30
0.0
  0
SPLINE
  5
30A
330
1F
100
AcDbEntity
  8
0
  6
Continuous
 62
     7
370
    15
100
AcDbSpline
210
0.0
220
0.0
230
1.0
 70
     8
 71
     3
 72
    15
 73
    11
 74
     0
 42
0.000000001
 43
0.00000001
 40
0.0
 40
0.0
 40
0.0
 40
0.0
 40
0.1594717899779101
 40
0.3058053017170229
 40
0.4414762199515264
 40
0.5671521992184596
 40
0.6843133046086938
 40
0.7946353993068831
 40
0.8994875476794612
 40
1.0
 40
1.0
 40
1.0
 40
1.0
 10
42.75503909899881
 20
34.96829905063289
 30
0.0
 10
42.75942900250169
 20
34.74164897064109
 30
0.0
 10
42.76784714194436
 20
34.30702165438863
 30
0.0
 10
42.83608311991997
 20
33.68254111973363
 30
0.0
 10
42.94890780081575
 20
33.11335143914062
 30
0.0
 10
43.11298702153663
 20
32.5999528005882
 30
0.0
 10
43.31607228499688
 20
32.1400011878894
 30
0.0
 10
43.54915607730186
 20
31.72885652402347
 30
0.0
 10
43.80428402167846
 20
31.35799674642429
 30
0.0
 10
44.00613007372094
 20
31.14668344391229
 30
0.0
 10
44.10492042811276
 20
31.04325949367086
 30
0.0
  0
SPLINE
  5
30B
330
1F
100
AcDbEntity
  8
0
  6
Continuous
 62
     7
370
    15
100
AcDbSpline
210
0.0
220
0.0
230
1.0
 70
     8
 71
     3
 72
    15
 73
    11
 74
     0
 42
0.000000001
 43
0.00000001
 40
0.0
 40
0.0
 40
0.0
 40
0.0
 40
0.0986695189197051
 40
0.2030770948113405
 40
0.3152177018030261
 40
0.4358840273107187
 40
0.564147148905775
 40
0.7003052695222999
 40
0.8452216664502414
 40
1.0
 40
1.0
 40
1.0
 40
1.0
 10
44.03371789646717
 20
38.86663765822782
 30
0.0
 10
43.94098883490995
 20
38.76399731045554
 30
0.0
 10
43.75013811797328
 20
38.55274763715994
 30
0.0
 10
43.50788629121248
 20
38.18173244080847
 30
0.0
 10
43.29318944849881
 20
37.76079492799278
 30
0.0
 10
43.09856022689345
 20
37.29333176557395
 30
0.0
 10
42.94626457992175
 20
36.77512152225364
 30
0.0
 10
42.83301654774055
 20
36.21255278905724
 30
0.0
 10
42.76927954929303
 20
35.60464897236092
 30
0.0
 10
42.75988892034137
 20
35.18501856216291
 30
0.0
 10
42.75503909899881
 20
34.96829905063289
 30
0.0
  0
SPLINE
  5
30C
330
1F
100
AcDbEntity
  8
0
  6
Continuous
 62
     7
370
    15
100
AcDbSpline
210
0.0
220
0.0
230
1.0
 70
     8
 71
     3
 72
    15
 73
    11
 74
     0
 42
0.000000001
 43
0.00000001
 40
0.0
 40
0.0
 40
0.0
 40
0.0
 40
0.128607622224348
 40
0.2524769422214249
 40
0.3723604608476052
 40
0.490672579295662
 40
0.6090918922815185
 40
0.7317073935649006
 40
0.861960532070235
 40
1.0
 40
1.0
 40
1.0
 40
1.0
 10
46.82545049140388
 20
40.02664556962023
 30
0.0
 10
46.69175249786964
 20
40.02449096643578
 30
0.0
 10
46.42928235803784
 20
40.0202611423064
 30
0.0
 10
46.04547885979706
 20
39.9664477431914
 30
0.0
 10
45.677188264992
 20
39.8882668416378
 30
0.0
 10
45.32460617697646
 20
39.77193640406188
 30
0.0
 10
44.98462807171898
 20
39.61580934401033
 30
0.0
 10
44.65496922376575
 20
39.41406521417045
 30
0.0
 10
44.33346476581794
 20
39.16424012892794
 30
0.0
 10
44.13554815051115
 20
38.96773941539095
 30
0.0
 10
44.03371789646717
 20
38.86663765822782
 30
0.0
  0
SPLINE
  5
30D
330
1F
100
AcDbEntity
  8
0
  6
Continuous
 62
     7
370
    15
100
AcDbSpline
210
0.0
220
0.0
230
1.0
 70
     8
 71
     3
 72
    13
 73
     9
 74
     0
 42
0.000000001
 43
0.00000001
 40
0.0
 40
0.0
 40
0.0
 40
0.0
 40
0.236990161343764
 40
0.4862831108861678
 40
0.6135521373170074
 40
0.7413862071010392
 40
0.8700101962649092
 40
1.0
 40
1.0
 40
1.0
 40
1.0
 10
49.29380492178363
 20
39.29681962025314
 30
0.0
 10
49.11283039991553
 20
39.39500083959896
 30
0.0
 10
48.74148648847988
 20
39.59646012593966
 30
0.0
 10
48.24145726277626
 20
39.78317750267563
 30
0.0
 10
47.82341814996314
 20
39.91444490099576
 30
0.0
 10
47.4957156076116
 20
39.97609417317329
 30
0.0
 10
47.16296523004223
 20
40.02166260056283
 30
0.0
 10
46.93835082226369
 20
40.02497874209881
 30
0.0
 10
46.82545049140388
 20
40.02664556962023
 30
0.0
  0
SPLINE
  5
30E
330
1F
100
AcDbEntity
  8
0
  6
Continuous
 62
     7
370
    15
100
AcDbSpline
210
0.0
220
0.0
230
1.0
 70
     8
 71
     3
 72
    11
 73
     7
 74
     0
 42
0.000000001
 43
0.00000001
 40
0.0
 40
0.0
 40
0.0
 40
0.0
 40
0.198995468344316
 40
0.4375645405599029
 40
0.7072696259211677
 40
1.0
 40
1.0
 40
1.0
 40
1.0
 10
50.91662928887224
 20
38.12791139240504
 30
0.0
 10
50.81412294248855
 20
38.2123992102702
 30
0.0
 10
50.58872513452317
 20
38.39817667301681
 30
0.0
 10
50.21638445265493
 20
38.68839865507888
 30
0.0
 10
49.78417459116297
 20
39.00403070843221
 30
0.0
 10
49.46166253621105
 20
39.19659554168958
 30
0.0
 10
49.29380492178363
 20
39.29681962025314
 30
0.0
  0
SPLINE
  5
311
330
1F
100
AcDbEntity
  8
0
  6
Continuous
 62
     7
370
    15
100
AcDbSpline
210
0.0
220
0.0
230
1.0
 70
     8
 71
     3
 72
    13
 73
     9
 74
     0
 42
0.000000001
 43
0.00000001
 40
0.0
 40
0.0
 40
0.0
 40
0.0
 40
0.2497897172174874
 40
0.5255186652151925
 40
0.6636981144338272
 40
0.7894238626353925
 40
0.9015124027856362
 40
1.0
 40
1.0
 40
1.0
 40
1.0
 10
49.21963561798616
 20
42.49796677215188
 30
0.0
 10
49.39855382354327
 20
42.4421886024968
 30
0.0
 10
49.77496986506193
 20
42.32484001988978
 30
0.0
 10
50.23506834272794
 20
42.13356489567003
 30
0.0
 10
50.60559473899525
 20
41.97097971831364
 30
0.0
 10
50.86310028916861
 20
41.85607070845698
 30
0.0
 10
51.09184234227224
 20
41.74978808631649
 30
0.0
 10
51.23321986514114
 20
41.67941638805896
 30
0.0
 10
51.29934289646717
 20
41.64650316455694
 30
0.0
  0
SPLINE
  5
312
330
1F
100
AcDbEntity
  8
0
  6
Continuous
 62
     7
370
    15
100
AcDbSpline
210
0.0
220
0.0
230
1.0
 70
     8
 71
     3
 72
    13
 73
     9
 74
     0
 42
0.000000001
 43
0.00000001
 40
0.0
 40
0.0
 40
0.0
 40
0.0
 40
0.1446998134375767
 40
0.2825773121262221
 40
0.4128553987158833
 40
0.5356516585516441
 40
0.771886577583882
 40
1.0
 40
1.0
 40
1.0
 40
1.0
 10
46.25879701039122
 20
42.87474683544301
 30
0.0
 10
46.40319431745232
 20
42.87358608257302
 30
0.0
 10
46.68518087941282
 20
42.87131930407308
 30
0.0
 10
47.09693253988044
 20
42.85434926787837
 30
0.0
 10
47.48582139777645
 20
42.82160170956654
 30
0.0
 10
47.97043631324641
 20
42.76166865603104
 30
0.0
 10
48.5491692153982
 20
42.66617344608675
 30
0.0
 10
48.99876799223332
 20
42.55337806280622
 30
0.0
 10
49.21963561798616
 20
42.49796677215188
 30
0.0
  0
SPLINE
  5
313
330
1F
100
AcDbEntity
  8
0
  6
Continuous
 62
     7
370
    15
100
AcDbSpline
210
0.0
220
0.0
230
1.0
 70
     8
 71
     3
 72
    23
 73
    19
 74
     0
 42
0.000000001
 43
0.00000001
 40
0.0
 40
0.0
 40
0.0
 40
0.0
 40
0.0723681530025133
 40
0.1414736116549909
 40
0.2074605849406996
 40
0.2710984770985395
 40
0.3328531941406641
 40
0.3932945377796975
 40
0.4530678745370773
 40
0.5127607481599599
 40
0.5720305314739583
 40
0.6303436653379983
 40
0.6885958463855152
 40
0.7470812498534158
 40
0.8067351023095289
 40
0.8684371051149516
 40
0.9327506747898328
 40
1.0
 40
1.0
 40
1.0
 40
1.0
 10
38.95757074456844
 20
34.98016613924048
 30
0.0
 10
38.96241561771474
 20
35.27318129858164
 30
0.0
 10
38.97188693449677
 20
35.84600112528382
 30
0.0
 10
39.07058532618516
 20
36.68106213707967
 30
0.0
 10
39.22194497471117
 20
37.47187048696423
 30
0.0
 10
39.44013678035336
 20
38.21616579613605
 30
0.0
 10
39.71379129779374
 20
38.9181314325526
 30
0.0
 10
40.058755192517
 20
39.57040019655521
 30
0.0
 10
40.45953814523854
 20
40.17976412800466
 30
0.0
 10
40.92289703972981
 20
40.73723330268836
 30
0.0
 10
41.43838375809383
 20
41.2381695275071
 30
0.0
 10
41.99967158312058
 20
41.67784116109571
 30
0.0
 10
42.60373888806905
 20
42.05120616256077
 30
0.0
 10
43.25329143013022
 20
42.35102152744596
 30
0.0
 10
43.94330114168806
 20
42.58667082517795
 30
0.0
 10
44.67680967876611
 20
42.75491911307497
 30
0.0
 10
45.45385317066372
 20
42.85769655829167
 30
0.0
 10
45.98652033631238
 20
42.8689794855662
 30
0.0
 10
46.25879701039122
 20
42.87474683544301
 30
0.0
  0
SPLINE
  5
314
330
1F
100
AcDbEntity
  8
0
  6
Continuous
 62
     7
370
    15
100
AcDbSpline
210
0.0
220
0.0
230
1.0
 70
     8
 71
     3
 72
    23
 73
    19
 74
     0
 42
0.000000001
 43
0.00000001
 40
0.0
 40
0.0
 40
0.0
 40
0.0
 40
0.0671762335937756
 40
0.1313586685094175
 40
0.1928852550441702
 40
0.2522413667070646
 40
0.3102579749751221
 40
0.3678163257130018
 40
0.4251756017035528
 40
0.4831922099716105
 40
0.54188619802488
 40
0.6006466327935608
 40
0.6608062917057338
 40
0.7227209101967946
 40
0.7869928568491875
 40
0.854300218008687
 40
0.9252710281582822
 40
1.0
 40
1.0
 40
1.0
 40
1.0
 10
46.24989669393553
 20
27.11525316455694
 30
0.0
 10
45.97768275140496
 20
27.12159125789069
 30
0.0
 10
45.44538644469706
 20
27.13398497895349
 30
0.0
 10
44.66814647597865
 20
27.22865714570866
 30
0.0
 10
43.93519393352841
 20
27.39213904111718
 30
0.0
 10
43.24541698893529
 20
27.61838731781309
 30
0.0
 10
42.59602419404251
 20
27.9059965327232
 30
0.0
 10
41.99230826740853
 20
28.26453846827309
 30
0.0
 10
41.4299762155273
 20
28.68492533213485
 30
0.0
 10
40.91672475607702
 20
29.17063227271086
 30
0.0
 10
40.45279509909713
 20
29.71146429722659
 30
0.0
 10
40.05417275387083
 20
30.31230993549031
 30
0.0
 10
39.70954907506046
 20
30.96052952555711
 30
0.0
 10
39.43657959161194
 20
31.66591125044442
 30
0.0
 10
39.21697450172287
 20
32.41975106152737
 30
0.0
 10
39.07135751225122
 20
33.22833278532339
 30
0.0
 10
38.97143179049426
 20
34.08664592073428
 30
0.0
 10
38.96226986704079
 20
34.6772480938963
 30
0.0
 10
38.95757074456844
 20
34.98016613924048
 30
0.0
  0
SPLINE
  5
35C
330
1F
100
AcDbEntity
  8
0
  6
Continuous
 62
     7
370
    15
100
AcDbSpline
210
0.0
220
0.0
230
1.0
 70
     8
 71
     3
 72
    23
 73
    19
 74
     0
 42
0.000000001
 43
0.00000001
 40
0.0
 40
0.0
 40
0.0
 40
0.0
 40
0.0674503752130191
 40
0.1307935655339943
 40
0.1904065536867866
 40
0.2469719101625254
 40
0.300610250304248
 40
0.3527516695045791
 40
0.404281331053657
 40
0.455639539557895
 40
0.5086794296959232
 40
0.565215077473984
 40
0.6253890754079136
 40
0.6897616085927656
 40
0.7592878639654675
 40
0.8338060366766837
 40
0.9137831523620781
 40
1.0
 40
1.0
 40
1.0
 40
1.0
 10
70.07131771442293
 20
6.633354430379741
 30
0.0
 10
70.17429001885677
 20
6.635400413935085
 30
0.0
 10
70.37396444328535
 20
6.639367797116898
 30
0.0
 10
70.66260667969745
 20
6.676504352243828
 30
0.0
 10
70.93132360935569
 20
6.731272612045221
 30
0.0
 10
71.17864614207613
 20
6.810777831099819
 30
0.0
 10
71.40379999420175
 20
6.915559776920633
 30
0.0
 10
71.60763996925776
 20
7.043727847902385
 30
0.0
 10
71.78905394159302
 20
7.196500037045829
 30
0.0
 10
71.95253230792098
 20
7.370330998852303
 30
0.0
 10
72.0929044209306
 20
7.572829529113915
 30
0.0
 10
72.21386245103068
 20
7.80244443797756
 30
0.0
 10
72.31726592460548
 20
8.059111411369688
 30
0.0
 10
72.40380397238043
 20
8.342721928506904
 30
0.0
 10
72.46819162203802
 20
8.654643001040512
 30
0.0
 10
72.50994101911907
 20
8.994061909888263
 30
0.0
 10
72.54216999751354
 20
9.36020070724316
 30
0.0
 10
72.54443214785653
 20
9.613890924868707
 30
0.0
 10
72.54560568910648
 20
9.745498417721514
 30
0.0
  0
SPLINE
  5
35D
330
1F
100
AcDbEntity
  8
0
  6
Continuous
 62
     7
370
    15
100
AcDbSpline
210
0.0
220
0.0
230
1.0
 70
     8
 71
     3
 72
    23
 73
    19
 74
     0
 42
0.000000001
 43
0.00000001
 40
0.0
 40
0.0
 40
0.0
 40
0.0
 40
0.0831978435599694
 40
0.1613934094829874
 40
0.2348213409358966
 40
0.3026255893659416
 40
0.3668018230398447
 40
0.4268938282786609
 40
0.4835611203216714
 40
0.537447916373074
 40
0.5899576047540935
 40
0.6415506250521379
 40
0.6945366106142051
 40
0.7485955194025102
 40
0.8057266208842164
 40
0.8662701494174619
 40
0.9310716770509807
 40
1.0
 40
1.0
 40
1.0
 40
1.0
 10
67.60889682834699
 20
9.745498417721514
 30
0.0
 10
67.61044760408485
 20
9.618855889614327
 30
0.0
 10
67.61345591503343
 20
9.373185226503553
 30
0.0
 10
67.64109144392489
 20
9.016733285642438
 30
0.0
 10
67.68239856569936
 20
8.684969321329316
 30
0.0
 10
67.75088820179474
 20
8.379749411560196
 30
0.0
 10
67.82690067521371
 20
8.097054035938777
 30
0.0
 10
67.93046712130094
 20
7.841469655974955
 30
0.0
 10
68.04367260465378
 20
7.607217152873492
 30
0.0
 10
68.18232446475827
 20
7.400526219734752
 30
0.0
 10
68.33936543999387
 20
7.217446939951245
 30
0.0
 10
68.52148712598331
 20
7.061452287033647
 30
0.0
 10
68.7227967908864
 20
6.92677798931711
 30
0.0
 10
68.94971234283854
 20
6.820638564275519
 30
0.0
 10
69.19651500892618
 20
6.732939253030226
 30
0.0
 10
69.46890215417083
 20
6.675781555206429
 30
0.0
 10
69.76277438615784
 20
6.639558540737362
 30
0.0
 10
69.96637561510461
 20
6.635464579281655
 30
0.0
 10
70.07131771442293
 20
6.633354430379741
 30
0.0
  0
SPLINE
  5
361
330
1F
100
AcDbEntity
  8
0
  6
Continuous
 62
     7
370
    15
100
AcDbSpline
210
0.0
220
0.0
230
1.0
 70
     8
 71
     3
 72
    23
 73
    19
 74
     0
 42
0.000000001
 43
0.00000001
 40
0.0
 40
0.0
 40
0.0
 40
0.0
 40
0.0755562006323239
 40
0.1468344860368786
 40
0.2141885884637267
 40
0.2784904566897915
 40
0.3397177054125088
 40
0.3986493108773753
 40
0.456076284190178
 40
0.5126100267236977
 40
0.568606333273564
 40
0.6244362984821508
 40
0.6811713996827775
 40
0.7390660607437636
 40
0.7994005669317409
 40
0.8628419162057042
 40
0.929321579470196
 40
1.0
 40
1.0
 40
1.0
 40
1.0
 10
70.07131771442293
 20
3.785253164556957
 30
0.0
 10
69.82687195150939
 20
3.789702141906031
 30
0.0
 10
69.35182069614032
 20
3.798348200031957
 30
0.0
 10
68.66185989408841
 20
3.868185107114525
 30
0.0
 10
68.01377198914025
 20
3.977314394215268
 30
0.0
 10
67.41132859893015
 20
4.142639229043963
 30
0.0
 10
66.84899100107968
 20
4.34475304652324
 30
0.0
 10
66.33290633877354
 20
4.599510089383916
 30
0.0
 10
65.85740373404788
 20
4.895886771369009
 30
0.0
 10
65.42827168310674
 20
5.241704453534946
 30
0.0
 10
65.04667094230773
 20
5.631935625015868
 30
0.0
 10
64.71398080988689
 20
6.065703428188691
 30
0.0
 10
64.43557554915914
 20
6.543098614431214
 30
0.0
 10
64.20494509936427
 20
7.061148876824561
 30
0.0
 10
64.02773022797594
 20
7.622625324019526
 30
0.0
 10
63.90106801260383
 20
8.225725834874888
 30
0.0
 10
63.82714428391782
 20
8.87143417218762
 30
0.0
 10
63.81677290862911
 20
9.315122522598594
 30
0.0
 10
63.81142847391662
 20
9.543757911392401
 30
0.0
  0
SPLINE
  5
362
330
1F
100
AcDbEntity
  8
0
  6
Continuous
 62
     7
370
    15
100
AcDbSpline
210
0.0
220
0.0
230
1.0
 70
     8
 71
     3
 72
    23
 73
    19
 74
     0
 42
0.000000001
 43
0.00000001
 40
0.0
 40
0.0
 40
0.0
 40
0.0
 40
0.0695616179476347
 40
0.1352554956582946
 40
0.1975670658744771
 40
0.257264278886573
 40
0.3151581157515028
 40
0.3710169114711622
 40
0.4265711336095392
 40
0.4822231677041701
 40
0.5382838168057293
 40
0.5956258255699768
 40
0.6546692725976042
 40
0.7161222539296802
 40
0.7811332984957915
 40
0.8499126812142024
 40
0.9225151722088586
 40
1.0
 40
1.0
 40
1.0
 40
1.0
 10
76.34307404353686
 20
9.552658227848097
 30
0.0
 10
76.33898432833922
 20
9.326978452518338
 30
0.0
 10
76.33103229282767
 20
8.888167068124469
 30
0.0
 10
76.25610197182353
 20
8.250595158692429
 30
0.0
 10
76.13119557576172
 20
7.654125801459682
 30
0.0
 10
75.96122467835916
 20
7.094724056430764
 30
0.0
 10
75.73423749772003
 20
6.57878123794752
 30
0.0
 10
75.46351065999102
 20
6.099628591160867
 30
0.0
 10
75.1368266058107
 20
5.665609539868597
 30
0.0
 10
74.76542707318349
 20
5.268775003596787
 30
0.0
 10
74.34422350906473
 20
4.915231542489547
 30
0.0
 10
73.87155319704796
 20
4.614014895600437
 30
0.0
 10
73.35600316213441
 20
4.352873897761195
 30
0.0
 10
72.78944958517131
 20
4.146697099955873
 30
0.0
 10
72.1765883967205
 20
3.984717473782105
 30
0.0
 10
71.51702916763435
 20
3.866083765153108
 30
0.0
 10
70.80947324308055
 20
3.798770413029366
 30
0.0
 10
70.3226483578318
 20
3.789855580475816
 30
0.0
 10
70.07131771442295
 20
3.785253164556958
 30
0.0
  0
SPLINE
  5
3A2
330
1F
100
AcDbEntity
  8
0
  6
Continuous
 62
     7
370
    15
100
AcDbSpline
210
0.0
220
0.0
230
1.0
 70
     8
 71
     3
 72
    23
 73
    19
 74
     0
 42
0.000000001
 43
0.00000001
 40
0.0
 40
0.0
 40
0.0
 40
0.0
 40
0.0674503752130163
 40
0.1307935655339914
 40
0.1904065536867872
 40
0.2469719101625234
 40
0.300610250304246
 40
0.3527516695045788
 40
0.4042813310536545
 40
0.4556395395578952
 40
0.5086794296959238
 40
0.5652150774739827
 40
0.6253890754079149
 40
0.6897616085927664
 40
0.7592878639654671
 40
0.8338060366766851
 40
0.9137831523620779
 40
1.0
 40
1.0
 40
1.0
 40
1.0
 10
93.33310663430137
 20
99.95335443037973
 30
0.0
 10
93.4360789387352
 20
99.95540041393507
 30
0.0
 10
93.6357533631638
 20
99.9593677971169
 30
0.0
 10
93.92439559957585
 20
99.99650435224379
 30
0.0
 10
94.19311252923413
 20
100.0512726120452
 30
0.0
 10
94.44043506195456
 20
100.1307778310998
 30
0.0
 10
94.66558891408019
 20
100.2355597769206
 30
0.0
 10
94.86942888913619
 20
100.3637278479024
 30
0.0
 10
95.05084286147145
 20
100.5165000370458
 30
0.0
 10
95.21432122779939
 20
100.6903309988523
 30
0.0
 10
95.35469334080905
 20
100.8928295291139
 30
0.0
 10
95.47565137090912
 20
101.1224444379775
 30
0.0
 10
95.57905484448389
 20
101.3791114113697
 30
0.0
 10
95.66559289225886
 20
101.6627219285069
 30
0.0
 10
95.72998054191649
 20
101.9746430010405
 30
0.0
 10
95.7717299389975
 20
102.3140619098882
 30
0.0
 10
95.80395891739197
 20
102.6802007072431
 30
0.0
 10
95.80622106773494
 20
102.9338909248687
 30
0.0
 10
95.80739460898494
 20
103.0654984177215
 30
0.0
  0
SPLINE
  5
3A3
330
1F
100
AcDbEntity
  8
0
  6
Continuous
 62
     7
370
    15
100
AcDbSpline
210
0.0
220
0.0
230
1.0
 70
     8
 71
     3
 72
    23
 73
    19
 74
     0
 42
0.000000001
 43
0.00000001
 40
0.0
 40
0.0
 40
0.0
 40
0.0
 40
0.0831978435599685
 40
0.1613934094829868
 40
0.2348213409358944
 40
0.3026255893659393
 40
0.3668018230398423
 40
0.4268938282786617
 40
0.4835611203216685
 40
0.5374479163730713
 40
0.589957604754094
 40
0.6415506250521348
 40
0.694536610614205
 40
0.7485955194025105
 40
0.8057266208842138
 40
0.8662701494174593
 40
0.9310716770509808
 40
1.0
 40
1.0
 40
1.0
 40
1.0
 10
90.87068574822541
 20
103.0654984177215
 30
0.0
 10
90.8722365239633
 20
102.9388558896143
 30
0.0
 10
90.87524483491187
 20
102.6931852265035
 30
0.0
 10
90.90288036380329
 20
102.3367332856424
 30
0.0
 10
90.94418748557781
 20
102.0049693213293
 30
0.0
 10
91.01267712167318
 20
101.6997494115602
 30
0.0
 10
91.08868959509218
 20
101.4170540359388
 30
0.0
 10
91.19225604117938
 20
101.1614696559749
 30
0.0
 10
91.30546152453226
 20
100.9272171528735
 30
0.0
 10
91.4441133846367
 20
100.7205262197347
 30
0.0
 10
91.60115435987227
 20
100.5374469399512
 30
0.0
 10
91.78327604586174
 20
100.3814522870336
 30
0.0
 10
91.98458571076482
 20
100.2467779893171
 30
0.0
 10
92.21150126271694
 20
100.1406385642755
 30
0.0
 10
92.45830392880461
 20
100.0529392530302
 30
0.0
 10
92.73069107404923
 20
99.99578155520639
 30
0.0
 10
93.02456330603631
 20
99.95955854073735
 30
0.0
 10
93.22816453498305
 20
99.95546457928164
 30
0.0
 10
93.33310663430137
 20
99.95335443037973
 30
0.0
  0
SPLINE
  5
3A7
330
1F
100
AcDbEntity
  8
0
  6
Continuous
 62
     7
370
    15
100
AcDbSpline
210
0.0
220
0.0
230
1.0
 70
     8
 71
     3
 72
    23
 73
    19
 74
     0
 42
0.000000001
 43
0.00000001
 40
0.0
 40
0.0
 40
0.0
 40
0.0
 40
0.0755562006323252
 40
0.14683448603688
 40
0.2141885884637266
 40
0.2784904566897913
 40
0.3397177054125099
 40
0.398649310877376
 40
0.4560762841901788
 40
0.5126100267236987
 40
0.5686063332735641
 40
0.6244362984821501
 40
0.6811713996827777
 40
0.7390660607437638
 40
0.7994005669317409
 40
0.8628419162057046
 40
0.9293215794701956
 40
1.0
 40
1.0
 40
1.0
 40
1.0
 10
93.33310663430137
 20
97.10525316455694
 30
0.0
 10
93.08866087138782
 20
97.10970214190603
 30
0.0
 10
92.61360961601872
 20
97.11834820003193
 30
0.0
 10
91.92364881396688
 20
97.18818510711453
 30
0.0
 10
91.2755609090187
 20
97.29731439421526
 30
0.0
 10
90.67311751880858
 20
97.46263922904396
 30
0.0
 10
90.11077992095814
 20
97.66475304652323
 30
0.0
 10
89.59469525865194
 20
97.91951008938386
 30
0.0
 10
89.11919265392632
 20
98.21588677136901
 30
0.0
 10
88.69006060298516
 20
98.56170445353492
 30
0.0
 10
88.30845986218618
 20
98.95193562501586
 30
0.0
 10
87.97576972976535
 20
99.38570342818869
 30
0.0
 10
87.69736446903757
 20
99.8630986144312
 30
0.0
 10
87.4667340192427
 20
100.3811488768245
 30
0.0
 10
87.28951914785438
 20
100.9426253240195
 30
0.0
 10
87.16285693248227
 20
101.5457258348749
 30
0.0
 10
87.08893320379626
 20
102.1914341721876
 30
0.0
 10
87.07856182850756
 20
102.6351225225986
 30
0.0
 10
87.07321739379505
 20
102.8637579113924
 30
0.0
  0
SPLINE
  5
3A8
330
1F
100
AcDbEntity
  8
0
  6
Continuous
 62
     7
370
    15
100
AcDbSpline
210
0.0
220
0.0
230
1.0
 70
     8
 71
     3
 72
    23
 73
    19
 74
     0
 42
0.000000001
 43
0.00000001
 40
0.0
 40
0.0
 40
0.0
 40
0.0
 40
0.0695616179476343
 40
0.1352554956582953
 40
0.1975670658744782
 40
0.2572642788865733
 40
0.3151581157515037
 40
0.3710169114711621
 40
0.426571133609539
 40
0.4822231677041709
 40
0.5382838168057293
 40
0.5956258255699781
 40
0.6546692725976058
 40
0.7161222539296815
 40
0.7811332984957928
 40
0.8499126812142037
 40
0.9225151722088601
 40
1.0
 40
1.0
 40
1.0
 40
1.0
 10
99.6048629634153
 20
102.8726582278481
 30
0.0
 10
99.60077324821765
 20
102.6469784525183
 30
0.0
 10
99.5928212127061
 20
102.2081670681244
 30
0.0
 10
99.51789089170198
 20
101.5705951586924
 30
0.0
 10
99.39298449564014
 20
100.9741258014597
 30
0.0
 10
99.22301359823759
 20
100.4147240564307
 30
0.0
 10
98.99602641759847
 20
99.89878123794753
 30
0.0
 10
98.72529957986947
 20
99.41962859116083
 30
0.0
 10
98.39861552568912
 20
98.98560953986856
 30
0.0
 10
98.02721599306189
 20
98.58877500359678
 30
0.0
 10
97.60601242894319
 20
98.23523154248952
 30
0.0
 10
97.13334211692639
 20
97.93401489560043
 30
0.0
 10
96.61779208201285
 20
97.67287389776116
 30
0.0
 10
96.0512385050497
 20
97.46669709995585
 30
0.0
 10
95.43837731659895
 20
97.3047174737821
 30
0.0
 10
94.77881808751275
 20
97.18608376515309
 30
0.0
 10
94.07126216295903
 20
97.11877041302935
 30
0.0
 10
93.58443727771024
 20
97.10985558047578
 30
0.0
 10
93.33310663430137
 20
97.10525316455694
 30
0.0
  0
SPLINE
  5
3AE
330
1F
100
AcDbEntity
  8
0
  6
Continuous
 62
     7
370
    15
100
AcDbSpline
210
0.0
220
0.0
230
1.0
 70
     8
 71
     3
 72
    15
 73
    11
 74
     0
 42
0.000000001
 43
0.00000001
 40
0.0
 40
0.0
 40
0.0
 40
0.0
 40
0.1560557028170314
 40
0.2998282024180914
 40
0.4305498294526521
 40
0.5482897741889912
 40
0.6597567808927224
 40
0.7708813056002213
 40
0.8833695021345991
 40
1.0
 40
1.0
 40
1.0
 40
1.0
 10
44.82418068691484
 20
100.3331012658228
 30
0.0
 10
45.02493852101335
 20
100.3335391045646
 30
0.0
 10
45.41065246438447
 20
100.3343803195957
 30
0.0
 10
45.96443380624496
 20
100.3443517767265
 30
0.0
 10
46.46894176053249
 20
100.3550730459712
 30
0.0
 10
46.93155029969839
 20
100.3722775384396
 30
0.0
 10
47.3682759200514
 20
100.416823932428
 30
0.0
 10
47.78619048715485
 20
100.5277310597372
 30
0.0
 10
48.19552902259728
 20
100.6869387560762
 30
0.0
 10
48.45038330094714
 20
100.8358301922672
 30
0.0
 10
48.58011423121864
 20
100.911621835443
 30
0.0
  0
SPLINE
  5
3B2
330
1F
100
AcDbEntity
  8
0
  6
Continuous
 62
     7
370
    15
100
AcDbSpline
210
0.0
220
0.0
230
1.0
 70
     8
 71
     3
 72
    15
 73
    11
 74
     0
 42
0.000000001
 43
0.00000001
 40
0.0
 40
0.0
 40
0.0
 40
0.0
 40
0.1216822276607928
 40
0.2415954258674715
 40
0.3617589855262058
 40
0.4833546827822998
 40
0.6076538381783188
 40
0.7345432395728441
 40
0.8657690780393636
 40
1.0
 40
1.0
 40
1.0
 40
1.0
 10
51.04253511729459
 20
98.67467563291136
 30
0.0
 10
50.84719229269112
 20
98.55541632205632
 30
0.0
 10
50.45934655870449
 20
98.31863150517243
 30
0.0
 10
49.83535277251002
 20
98.04454411425165
 30
0.0
 10
49.18921071789639
 20
97.8302219689826
 30
0.0
 10
48.51398525437505
 20
97.69241847035967
 30
0.0
 10
47.81916179939607
 20
97.60253724001772
 30
0.0
 10
47.10388737129326
 20
97.53194455000504
 30
0.0
 10
46.36729217706227
 20
97.49509859467103
 30
0.0
 10
45.86851873587165
 20
97.48839150725156
 30
0.0
 10
45.61630885147181
 20
97.48499999999997
 30
0.0
  0
SPLINE
  5
3B3
330
1F
100
AcDbEntity
  8
0
  6
Continuous
 62
     7
370
    15
100
AcDbSpline
210
0.0
220
0.0
230
1.0
 70
     8
 71
     3
 72
    23
 73
    19
 74
     0
 42
0.000000001
 43
0.00000001
 40
0.0
 40
0.0
 40
0.0
 40
0.0
 40
0.0701138993281231
 40
0.1388195226491087
 40
0.2059787744071034
 40
0.271863726374088
 40
0.3370418613260388
 40
0.4015003961052715
 40
0.4657610482678284
 40
0.5298890178092107
 40
0.5932393876353301
 40
0.6545702667832289
 40
0.7147475343008817
 40
0.7733347262531507
 40
0.8311581895165328
 40
0.8878940202925868
 40
0.9441344199345856
 40
1.0
 40
1.0
 40
1.0
 40
1.0
 10
54.24961581349712
 20
104.9701661392405
 30
0.0
 10
54.24655447432104
 20
104.7980141845064
 30
0.0
 10
54.24049328464021
 20
104.4571680411839
 30
0.0
 10
54.19863721932667
 20
103.9528060292588
 30
0.0
 10
54.12816615529886
 20
103.4621493094678
 30
0.0
 10
54.02573685271312
 20
102.9860875429207
 30
0.0
 10
53.89992501506945
 20
102.5224481841031
 30
0.0
 10
53.74049218072702
 20
102.0735317603715
 30
0.0
 10
53.55823284577745
 20
101.6361451624351
 30
0.0
 10
53.34314178250201
 20
101.2169907846987
 30
0.0
 10
53.11112921653801
 20
100.8154109931051
 30
0.0
 10
52.85981688837689
 20
100.4371810140814
 30
0.0
 10
52.59743584491599
 20
100.0810163981734
 30
0.0
 10
52.31740992532971
 20
99.74947417052259
 30
0.0
 10
52.02002639443565
 20
99.44537839069669
 30
0.0
 10
51.7119147775349
 20
99.16043355034155
 30
0.0
 10
51.38405246892433
 20
98.90593117701971
 30
0.0
 10
51.15612020858624
 20
98.75158880281006
 30
0.0
 10
51.0425351172946
 20
98.67467563291137
 30
0.0
  0
SPLINE
  5
3DA
330
1F
100
AcDbEntity
  8
0
  6
Continuous
 62
     7
370
    15
100
AcDbSpline
210
0.0
220
0.0
230
1.0
 70
     8
 71
     3
 72
    15
 73
    11
 74
     0
 42
0.000000001
 43
0.00000001
 40
0.0
 40
0.0
 40
0.0
 40
0.0
 40
0.119240557918578
 40
0.2354111547310948
 40
0.3512636138500402
 40
0.4679134694041234
 40
0.5876711761734783
 40
0.7142511644161006
 40
0.851543619032084
 40
1.0
 40
1.0
 40
1.0
 40
1.0
 10
49.88635830515286
 20
88.34803797468352
 30
0.0
 10
50.01544473606044
 20
88.26028017577929
 30
0.0
 10
50.27029414544359
 20
88.08702398562615
 30
0.0
 10
50.60687090172051
 20
87.77226649033291
 30
0.0
 10
50.90604493590758
 20
87.42727532569076
 30
0.0
 10
51.16354925427228
 20
87.04420162302702
 30
0.0
 10
51.37776670241401
 20
86.61841472303594
 30
0.0
 10
51.51918825617434
 20
86.1351992697767
 30
0.0
 10
51.60991569238243
 20
85.60225747336543
 30
0.0
 10
51.61976811343325
 20
85.22839035220427
 30
0.0
 10
51.62488678616552
 20
85.03415348101264
 30
0.0
  0
SPLINE
  5
3DB
330
1F
100
AcDbEntity
  8
0
  6
Continuous
 62
     7
370
    15
100
AcDbSpline
210
0.0
220
0.0
230
1.0
 70
     8
 71
     3
 72
    15
 73
    11
 74
     0
 42
0.000000001
 43
0.00000001
 40
0.0
 40
0.0
 40
0.0
 40
0.0
 40
0.1499742367179877
 40
0.2897361266134048
 40
0.4202615173594499
 40
0.5417306470134096
 40
0.6571988118255486
 40
0.7712913777216717
 40
0.8856372551188967
 40
1.0
 40
1.0
 40
1.0
 40
1.0
 10
46.02955450768451
 20
89.15499999999997
 30
0.0
 10
46.22935297912508
 20
89.15361362999803
 30
0.0
 10
46.61534484336325
 20
89.1509352934837
 30
0.0
 10
47.17464342523968
 20
89.1213832130294
 30
0.0
 10
47.69416317854762
 20
89.07051656146947
 30
0.0
 10
48.17933473138288
 20
89.00462989080062
 30
0.0
 10
48.63796110703215
 20
88.9090356392322
 30
0.0
 10
49.07300397926395
 20
88.7632538704484
 30
0.0
 10
49.49348836796601
 20
88.58239474599516
 30
0.0
 10
49.75539522079534
 20
88.42616073925753
 30
0.0
 10
49.88635830515287
 20
88.34803797468354
 30
0.0
  0
SPLINE
  5
3DF
330
1F
100
AcDbEntity
  8
0
  6
Continuous
 62
     7
370
    15
100
AcDbSpline
210
0.0
220
0.0
230
1.0
 70
     8
 71
     3
 72
    15
 73
    11
 74
     0
 42
0.000000001
 43
0.00000001
 40
0.0
 40
0.0
 40
0.0
 40
0.0
 40
0.1588530535189474
 40
0.3051779108415293
 40
0.4405913551357755
 40
0.562607973009325
 40
0.677867574399885
 40
0.786885617144234
 40
0.8937723700485111
 40
1.0
 40
1.0
 40
1.0
 40
1.0
 10
44.89921431781109
 20
82.31955696202527
 30
0.0
 10
45.02284005304967
 20
82.32071807879333
 30
0.0
 10
45.26034158525569
 20
82.32294873902727
 30
0.0
 10
45.60306370924535
 20
82.33922483426323
 30
0.0
 10
45.91547581444537
 20
82.37360227987386
 30
0.0
 10
46.20320003727549
 20
82.4115227423096
 30
0.0
 10
46.46582351292302
 20
82.475733382774
 30
0.0
 10
46.70623719136479
 20
82.56978185785998
 30
0.0
 10
46.92952610605842
 20
82.68650027270554
 30
0.0
 10
47.05950498997407
 20
82.7900794484183
 30
0.0
 10
47.12429343173514
 20
82.84170886075947
 30
0.0
  0
SPLINE
  5
400
330
1F
100
AcDbEntity
  8
0
  6
Continuous
 62
     7
370
    15
100
AcDbSpline
210
0.0
220
0.0
230
1.0
 70
     8
 71
     3
 72
    23
 73
    19
 74
     0
 42
0.000000001
 43
0.00000001
 40
0.0
 40
0.0
 40
0.0
 40
0.0
 40
0.0674503752130163
 40
0.1307935655339915
 40
0.1904065536867869
 40
0.2469719101625226
 40
0.3006102503042457
 40
0.3527516695045792
 40
0.4042813310536549
 40
0.4556395395578954
 40
0.508679429695923
 40
0.5652150774739831
 40
0.6253890754079123
 40
0.6897616085927638
 40
0.7592878639654673
 40
0.8338060366766836
 40
0.913783152362078
 40
1.0
 40
1.0
 40
1.0
 40
1.0
 10
-70.0040804681864
 20
53.29335443037972
 30
0.0
 10
-69.90110816375257
 20
53.29540041393506
 30
0.0
 10
-69.70143373932399
 20
53.29936779711688
 30
0.0
 10
-69.41279150291192
 20
53.33650435224382
 30
0.0
 10
-69.14407457325368
 20
53.3912726120452
 30
0.0
 10
-68.89675204053322
 20
53.47077783109978
 30
0.0
 10
-68.67159818840761
 20
53.57555977692063
 30
0.0
 10
-68.46775821335159
 20
53.70372784790236
 30
0.0
 10
-68.28634424101632
 20
53.85650003704581
 30
0.0
 10
-68.12286587468836
 20
54.03033099885228
 30
0.0
 10
-67.98249376167874
 20
54.23282952911389
 30
0.0
 10
-67.86153573157867
 20
54.46244443797754
 30
0.0
 10
-67.75813225800388
 20
54.71911141136967
 30
0.0
 10
-67.6715942102289
 20
55.00272192850689
 30
0.0
 10
-67.6072065605713
 20
55.31464300104049
 30
0.0
 10
-67.56545716349028
 20
55.65406190988825
 30
0.0
 10
-67.53322818509582
 20
56.02020070724316
 30
0.0
 10
-67.53096603475284
 20
56.27389092486869
 30
0.0
 10
-67.52979249350285
 20
56.4054984177215
 30
0.0
  0
SPLINE
  5
401
330
1F
100
AcDbEntity
  8
0
  6
Continuous
 62
     7
370
    15
100
AcDbSpline
210
0.0
220
0.0
230
1.0
 70
     8
 71
     3
 72
    23
 73
    19
 74
     0
 42
0.000000001
 43
0.00000001
 40
0.0
 40
0.0
 40
0.0
 40
0.0
 40
0.08319784355997
 40
0.1613934094829867
 40
0.2348213409358957
 40
0.3026255893659405
 40
0.366801823039845
 40
0.4268938282786615
 40
0.483561120321671
 40
0.5374479163730725
 40
0.589957604754094
 40
0.641550625052138
 40
0.6945366106142058
 40
0.7485955194025105
 40
0.8057266208842165
 40
0.866270149417459
 40
0.9310716770509806
 40
0.9999999999999999
 40
0.9999999999999999
 40
0.9999999999999999
 40
0.9999999999999999
 10
-72.46650135426236
 20
56.4054984177215
 30
0.0
 10
-72.4649505785245
 20
56.27885588961431
 30
0.0
 10
-72.46194226757592
 20
56.03318522650353
 30
0.0
 10
-72.43430673868443
 20
55.67673328564238
 30
0.0
 10
-72.39299961690998
 20
55.34496932132929
 30
0.0
 10
-72.3245099808146
 20
55.03974941156018
 30
0.0
 10
-72.24849750739567
 20
54.75705403593876
 30
0.0
 10
-72.14493106130838
 20
54.50146965597494
 30
0.0
 10
-72.03172557795556
 20
54.26721715287344
 30
0.0
 10
-71.89307371785111
 20
54.06052621973474
 30
0.0
 10
-71.73603274261548
 20
53.87744693995123
 30
0.0
 10
-71.55391105662603
 20
53.72145228703363
 30
0.0
 10
-71.35260139172296
 20
53.5867779893171
 30
0.0
 10
-71.1256858397708
 20
53.48063856427549
 30
0.0
 10
-70.87888317368315
 20
53.39293925303021
 30
0.0
 10
-70.60649602843851
 20
53.3357815552064
 30
0.0
 10
-70.31262379645149
 20
53.29955854073736
 30
0.0
 10
-70.10902256750472
 20
53.29546457928163
 30
0.0
 10
-70.0040804681864
 20
53.29335443037972
 30
0.0
  0
SPLINE
  5
405
330
1F
100
AcDbEntity
  8
0
  6
Continuous
 62
     7
370
    15
100
AcDbSpline
210
0.0
220
0.0
230
1.0
 70
     8
 71
     3
 72
    23
 73
    19
 74
     0
 42
0.000000001
 43
0.00000001
 40
0.0
 40
0.0
 40
0.0
 40
0.0
 40
0.0755562006323252
 40
0.14683448603688
 40
0.2141885884637265
 40
0.2784904566897914
 40
0.3397177054125098
 40
0.3986493108773765
 40
0.4560762841901789
 40
0.5126100267236988
 40
0.5686063332735641
 40
0.6244362984821508
 40
0.6811713996827777
 40
0.7390660607437638
 40
0.7994005669317416
 40
0.8628419162057038
 40
0.9293215794701963
 40
1.0
 40
1.0
 40
1.0
 40
1.0
 10
-70.0040804681864
 20
50.44525316455693
 30
0.0
 10
-70.24852623109994
 20
50.449702141906
 30
0.0
 10
-70.72357748646903
 20
50.45834820003191
 30
0.0
 10
-71.41353828852094
 20
50.52818510711452
 30
0.0
 10
-72.06162619346908
 20
50.63731439421524
 30
0.0
 10
-72.6640695836792
 20
50.80263922904396
 30
0.0
 10
-73.22640718152967
 20
51.0047530465232
 30
0.0
 10
-73.74249184383581
 20
51.2595100893839
 30
0.0
 10
-74.21799444856147
 20
51.55588677136898
 30
0.0
 10
-74.64712649950256
 20
51.90170445353491
 30
0.0
 10
-75.02872724030163
 20
52.29193562501587
 30
0.0
 10
-75.36141737272247
 20
52.72570342818869
 30
0.0
 10
-75.63982263345021
 20
53.20309861443118
 30
0.0
 10
-75.87045308324508
 20
53.72114887682455
 30
0.0
 10
-76.04766795463338
 20
54.28262532401948
 30
0.0
 10
-76.17433017000552
 20
54.88572583487489
 30
0.0
 10
-76.2482538986915
 20
55.53143417218759
 30
0.0
 10
-76.25862527398023
 20
55.97512252259857
 30
0.0
 10
-76.26396970869273
 20
56.20375791139238
 30
0.0
  0
SPLINE
  5
406
330
1F
100
AcDbEntity
  8
0
  6
Continuous
 62
     7
370
    15
100
AcDbSpline
210
0.0
220
0.0
230
1.0
 70
     8
 71
     3
 72
    23
 73
    19
 74
     0
 42
0.000000001
 43
0.00000001
 40
0.0
 40
0.0
 40
0.0
 40
0.0
 40
0.0695616179476343
 40
0.1352554956582947
 40
0.1975670658744769
 40
0.2572642788865734
 40
0.3151581157515027
 40
0.3710169114711617
 40
0.4265711336095387
 40
0.4822231677041706
 40
0.5382838168057291
 40
0.5956258255699778
 40
0.6546692725976051
 40
0.7161222539296812
 40
0.7811332984957927
 40
0.8499126812142019
 40
0.9225151722088599
 40
1.0
 40
1.0
 40
1.0
 40
1.0
 10
-63.73232413907248
 20
56.21265822784807
 30
0.0
 10
-63.73641385427013
 20
55.98697845251831
 30
0.0
 10
-63.74436588978166
 20
55.54816706812444
 30
0.0
 10
-63.8192962107858
 20
54.91059515869242
 30
0.0
 10
-63.94420260684762
 20
54.31412580145964
 30
0.0
 10
-64.11417350425026
 20
53.75472405643077
 30
0.0
 10
-64.34116068488929
 20
53.23878123794747
 30
0.0
 10
-64.61188752261835
 20
52.75962859116086
 30
0.0
 10
-64.93857157679865
 20
52.32560953986857
 30
0.0
 10
-65.30997110942587
 20
51.92877500359678
 30
0.0
 10
-65.73117467354459
 20
51.57523154248951
 30
0.0
 10
-66.20384498556142
 20
51.27401489560044
 30
0.0
 10
-66.7193950204749
 20
51.01287389776117
 30
0.0
 10
-67.28594859743808
 20
50.80669709995585
 30
0.0
 10
-67.89880978588882
 20
50.64471747378207
 30
0.0
 10
-68.558369014975
 20
50.5260837651531
 30
0.0
 10
-69.2659249395288
 20
50.45877041302935
 30
0.0
 10
-69.75274982477755
 20
50.4498555804758
 30
0.0
 10
-70.0040804681864
 20
50.44525316455693
 30
0.0
  0
SPLINE
  5
40A
330
1F
100
AcDbEntity
  8
0
  6
Continuous
 62
     7
370
    15
100
AcDbSpline
210
0.0
220
0.0
230
1.0
 70
     8
 71
     3
 72
    23
 73
    19
 74
     0
 42
0.000000001
 43
0.00000001
 40
0.0
 40
0.0
 40
0.0
 40
0.0
 40
0.0674503752130163
 40
0.1307935655339923
 40
0.1904065536867862
 40
0.2469719101625233
 40
0.3006102503042464
 40
0.3527516695045787
 40
0.4042813310536555
 40
0.455639539557895
 40
0.5086794296959224
 40
0.5652150774739834
 40
0.6253890754079126
 40
0.6897616085927639
 40
0.7592878639654675
 40
0.8338060366766836
 40
0.913783152362078
 40
1.0
 40
1.0
 40
1.0
 40
1.0
 10
-23.32823534200722
 20
53.29335443037974
 30
0.0
 10
-23.2252630375734
 20
53.29540041393507
 30
0.0
 10
-23.0255886131448
 20
53.29936779711689
 30
0.0
 10
-22.73694637673271
 20
53.33650435224383
 30
0.0
 10
-22.46822944707448
 20
53.39127261204521
 30
0.0
 10
-22.22090691435406
 20
53.47077783109982
 30
0.0
 10
-21.99575306222841
 20
53.57555977692065
 30
0.0
 10
-21.79191308717241
 20
53.70372784790238
 30
0.0
 10
-21.61049911483714
 20
53.85650003704582
 30
0.0
 10
-21.44702074850919
 20
54.0303309988523
 30
0.0
 10
-21.30664863549955
 20
54.23282952911391
 30
0.0
 10
-21.18569060539948
 20
54.46244443797756
 30
0.0
 10
-21.0822871318247
 20
54.71911141136967
 30
0.0
 10
-20.99574908404973
 20
55.00272192850691
 30
0.0
 10
-20.93136143439213
 20
55.31464300104049
 30
0.0
 10
-20.8896120373111
 20
55.65406190988827
 30
0.0
 10
-20.85738305891664
 20
56.02020070724316
 30
0.0
 10
-20.85512090857365
 20
56.2738909248687
 30
0.0
 10
-20.85394736732368
 20
56.40549841772151
 30
0.0
  0
SPLINE
  5
40B
330
1F
100
AcDbEntity
  8
0
  6
Continuous
 62
     7
370
    15
100
AcDbSpline
210
0.0
220
0.0
230
1.0
 70
     8
 71
     3
 72
    23
 73
    19
 74
     0
 42
0.000000001
 43
0.00000001
 40
0.0
 40
0.0
 40
0.0
 40
0.0
 40
0.08319784355997
 40
0.1613934094829866
 40
0.2348213409358957
 40
0.3026255893659406
 40
0.366801823039845
 40
0.426893828278661
 40
0.4835611203216711
 40
0.5374479163730731
 40
0.5899576047540925
 40
0.6415506250521367
 40
0.6945366106142051
 40
0.7485955194025105
 40
0.8057266208842151
 40
0.8662701494174605
 40
0.9310716770509798
 40
0.9999999999999999
 40
0.9999999999999999
 40
0.9999999999999999
 40
0.9999999999999999
 10
-25.79065622808317
 20
56.40549841772151
 30
0.0
 10
-25.7891054523453
 20
56.27885588961432
 30
0.0
 10
-25.78609714139673
 20
56.03318522650356
 30
0.0
 10
-25.75846161250529
 20
55.67673328564243
 30
0.0
 10
-25.71715449073081
 20
55.3449693213293
 30
0.0
 10
-25.64866485463541
 20
55.03974941156021
 30
0.0
 10
-25.57265238121646
 20
54.75705403593876
 30
0.0
 10
-25.4690859351292
 20
54.50146965597494
 30
0.0
 10
-25.35588045177637
 20
54.26721715287349
 30
0.0
 10
-25.21722859167191
 20
54.06052621973474
 30
0.0
 10
-25.06018761643631
 20
53.87744693995123
 30
0.0
 10
-24.87806593044685
 20
53.72145228703365
 30
0.0
 10
-24.67675626554378
 20
53.5867779893171
 30
0.0
 10
-24.44984071359164
 20
53.48063856427551
 30
0.0
 10
-24.20303804750397
 20
53.39293925303022
 30
0.0
 10
-23.93065090225934
 20
53.33578155520641
 30
0.0
 10
-23.6367786702723
 20
53.29955854073735
 30
0.0
 10
-23.43317744132555
 20
53.29546457928165
 30
0.0
 10
-23.32823534200722
 20
53.29335443037974
 30
0.0
  0
SPLINE
  5
40F
330
1F
100
AcDbEntity
  8
0
  6
Continuous
 62
     7
370
    15
100
AcDbSpline
210
0.0
220
0.0
230
1.0
 70
     8
 71
     3
 72
    23
 73
    19
 74
     0
 42
0.000000001
 43
0.00000001
 40
0.0
 40
0.0
 40
0.0
 40
0.0
 40
0.0755562006323245
 40
0.14683448603688
 40
0.2141885884637265
 40
0.2784904566897921
 40
0.3397177054125094
 40
0.3986493108773758
 40
0.4560762841901785
 40
0.5126100267236985
 40
0.5686063332735642
 40
0.6244362984821507
 40
0.6811713996827775
 40
0.7390660607437638
 40
0.7994005669317413
 40
0.8628419162057038
 40
0.9293215794701963
 40
1.0
 40
1.0
 40
1.0
 40
1.0
 10
-23.32823534200722
 20
50.44525316455695
 30
0.0
 10
-23.57268110492078
 20
50.44970214190602
 30
0.0
 10
-24.04773236028987
 20
50.45834820003196
 30
0.0
 10
-24.73769316234175
 20
50.52818510711452
 30
0.0
 10
-25.38578106728991
 20
50.63731439421526
 30
0.0
 10
-25.98822445750003
 20
50.80263922904398
 30
0.0
 10
-26.55056205535046
 20
51.00475304652322
 30
0.0
 10
-27.06664671765664
 20
51.25951008938392
 30
0.0
 10
-27.5421493223823
 20
51.55588677136899
 30
0.0
 10
-27.97128137332341
 20
51.90170445353495
 30
0.0
 10
-28.35288211412243
 20
52.29193562501587
 30
0.0
 10
-28.68557224654327
 20
52.72570342818869
 30
0.0
 10
-28.96397750727103
 20
53.20309861443121
 30
0.0
 10
-29.1946079570659
 20
53.72114887682454
 30
0.0
 10
-29.37182282845422
 20
54.28262532401952
 30
0.0
 10
-29.49848504382634
 20
54.88572583487489
 30
0.0
 10
-29.57240877251231
 20
55.53143417218761
 30
0.0
 10
-29.58278014780105
 20
55.97512252259859
 30
0.0
 10
-29.58812458251355
 20
56.20375791139239
 30
0.0
  0
SPLINE
  5
410
330
1F
100
AcDbEntity
  8
0
  6
Continuous
 62
     7
370
    15
100
AcDbSpline
210
0.0
220
0.0
230
1.0
 70
     8
 71
     3
 72
    23
 73
    19
 74
     0
 42
0.000000001
 43
0.00000001
 40
0.0
 40
0.0
 40
0.0
 40
0.0
 40
0.0695616179476343
 40
0.1352554956582946
 40
0.1975670658744768
 40
0.2572642788865733
 40
0.315158115751503
 40
0.3710169114711618
 40
0.4265711336095389
 40
0.4822231677041702
 40
0.5382838168057292
 40
0.5956258255699773
 40
0.6546692725976047
 40
0.7161222539296807
 40
0.7811332984957922
 40
0.8499126812142026
 40
0.9225151722088595
 40
0.9999999999999999
 40
0.9999999999999999
 40
0.9999999999999999
 40
0.9999999999999999
 10
-17.0564790128933
 20
56.21265822784809
 30
0.0
 10
-17.06056872809095
 20
55.98697845251833
 30
0.0
 10
-17.06852076360249
 20
55.54816706812445
 30
0.0
 10
-17.14345108460661
 20
54.91059515869246
 30
0.0
 10
-17.26835748066846
 20
54.31412580145965
 30
0.0
 10
-17.43832837807104
 20
53.75472405643077
 30
0.0
 10
-17.66531555871014
 20
53.23878123794751
 30
0.0
 10
-17.93604239643914
 20
52.75962859116087
 30
0.0
 10
-18.26272645061946
 20
52.32560953986858
 30
0.0
 10
-18.63412598324669
 20
51.92877500359678
 30
0.0
 10
-19.05532954736541
 20
51.57523154248955
 30
0.0
 10
-19.52799985938222
 20
51.27401489560043
 30
0.0
 10
-20.04354989429573
 20
51.01287389776118
 30
0.0
 10
-20.6101034712589
 20
50.80669709995587
 30
0.0
 10
-21.22296465970965
 20
50.64471747378209
 30
0.0
 10
-21.88252388879581
 20
50.5260837651531
 30
0.0
 10
-22.59007981334961
 20
50.45877041302936
 30
0.0
 10
-23.07690469859838
 20
50.4498555804758
 30
0.0
 10
-23.32823534200722
 20
50.44525316455695
 30
0.0
  0
SPLINE
  5
41D
330
1F
100
AcDbEntity
  8
0
  6
Continuous
 62
     7
370
    15
100
AcDbSpline
210
0.0
220
0.0
230
1.0
 70
     8
 71
     3
 72
    11
 73
     7
 74
     0
 42
0.000000001
 43
0.00000001
 40
0.0
 40
0.0
 40
0.0
 40
0.0
 40
0.2182119132758458
 40
0.4680707858735601
 40
0.7333062464590996
 40
1.0
 40
1.0
 40
1.0
 40
1.0
 10
28.52008176396447
 20
-88.26496835443035
 30
0.0
 10
28.3727511340947
 20
-88.33227426291722
 30
0.0
 10
28.05672272542015
 20
-88.47664735880572
 30
0.0
 10
27.56120265174007
 20
-88.70155297129823
 30
0.0
 10
27.02725531650483
 20
-88.93044849044212
 30
0.0
 10
26.65019094199045
 20
-89.04839614203188
 30
0.0
 10
26.46114189054675
 20
-89.1075316455696
 30
0.0
  0
SPLINE
  5
420
330
1F
100
AcDbEntity
  8
0
  6
Continuous
 62
     7
370
    15
100
AcDbSpline
210
0.0
220
0.0
230
1.0
 70
     8
 71
     3
 72
    11
 73
     7
 74
     0
 42
0.000000001
 43
0.00000001
 40
0.0
 40
0.0
 40
0.0
 40
0.0
 40
0.2894348425214683
 40
0.5543505422486082
 40
0.7926397127183046
 40
1.0
 40
1.0
 40
1.0
 40
1.0
 10
26.62728113105308
 20
-85.93308544303794
 30
0.0
 10
26.78615160103645
 20
-85.83564355764733
 30
0.0
 10
27.09043401021475
 20
-85.64901446512539
 30
0.0
 10
27.49983993070319
 20
-85.34377650914192
 30
0.0
 10
27.85557579488137
 20
-85.05642830311248
 30
0.0
 10
28.07623188738593
 20
-84.87317772138066
 30
0.0
 10
28.17890296649611
 20
-84.78791139240504
 30
0.0
  0
SPLINE
  5
421
330
1F
100
AcDbEntity
  8
0
  6
Continuous
 62
     7
370
    15
100
AcDbSpline
210
0.0
220
0.0
230
1.0
 70
     8
 71
     3
 72
    15
 73
    11
 74
     0
 42
0.000000001
 43
0.00000001
 40
0.0
 40
0.0
 40
0.0
 40
0.0
 40
0.1363288040318572
 40
0.270268783678885
 40
0.4025496911193733
 40
0.5346023310775468
 40
0.6635618875284666
 40
0.7827109617574811
 40
0.8952181334357773
 40
1.0
 40
1.0
 40
1.0
 40
1.0
 10
24.06695676396447
 20
-86.68664556962023
 30
0.0
 10
24.18974185181176
 20
-86.68395067667902
 30
0.0
 10
24.43316052317808
 20
-86.67860811211581
 30
0.0
 10
24.79293493383206
 20
-86.63114210544934
 30
0.0
 10
25.14533097826532
 20
-86.56268870214161
 30
0.0
 10
25.48358922682111
 20
-86.45622472104529
 30
0.0
 10
25.80386353648113
 20
-86.33557968563261
 30
0.0
 10
26.10385279023393
 20
-86.21127384178479
 30
0.0
 10
26.37669068616411
 20
-86.07907460613114
 30
0.0
 10
26.54575456604286
 20
-85.98058124839864
 30
0.0
 10
26.62728113105308
 20
-85.93308544303794
 30
0.0
  0
SPLINE
  5
422
330
1F
100
AcDbEntity
  8
0
  6
Continuous
 62
     7
370
    15
100
AcDbSpline
210
0.0
220
0.0
230
1.0
 70
     8
 71
     3
 72
    15
 73
    11
 74
     0
 42
0.000000001
 43
0.00000001
 40
0.0
 40
0.0
 40
0.0
 40
0.0
 40
0.1328148117476707
 40
0.2624677432634543
 40
0.388627862556803
 40
0.5153520842903879
 40
0.6395758717984062
 40
0.7622498022965989
 40
0.8811046305149337
 40
1.0
 40
1.0
 40
1.0
 40
1.0
 10
21.32565929561004
 20
-85.60674050632909
 30
0.0
 10
21.423374961593
 20
-85.69837703015723
 30
0.0
 10
21.61648000759315
 20
-85.87946851606297
 30
0.0
 10
21.93997361711788
 20
-86.10192274643367
 30
0.0
 10
22.27489335892465
 20
-86.29354505759119
 30
0.0
 10
22.62659170986649
 20
-86.43972066222946
 30
0.0
 10
22.98738928889945
 20
-86.54823013259374
 30
0.0
 10
23.34721497875982
 20
-86.62847330434053
 30
0.0
 10
23.70753976536311
 20
-86.67881023448665
 30
0.0
 10
23.94713747899537
 20
-86.68403349435152
 30
0.0
 10
24.06695676396447
 20
-86.68664556962023
 30
0.0
  0
SPLINE
  5
423
330
1F
100
AcDbEntity
  8
0
  6
Continuous
 62
     7
370
    15
100
AcDbSpline
210
0.0
220
0.0
230
1.0
 70
     8
 71
     3
 72
    15
 73
    11
 74
     0
 42
0.000000001
 43
0.00000001
 40
0.0
 40
0.0
 40
0.0
 40
0.0
 40
0.1594717899779098
 40
0.305805301717024
 40
0.4414762199515272
 40
0.5671521992184589
 40
0.6843133046086941
 40
0.7946353993068817
 40
0.8994875476794614
 40
1.0
 40
1.0
 40
1.0
 40
1.0
 10
19.97577796649612
 20
-81.68170094936707
 30
0.0
 10
19.98016786999899
 20
-81.90835102935883
 30
0.0
 10
19.98858600944165
 20
-82.34297834561129
 30
0.0
 10
20.05682198741725
 20
-82.96745888026635
 30
0.0
 10
20.16964666831306
 20
-83.53664856085932
 30
0.0
 10
20.3337258890339
 20
-84.05004719941174
 30
0.0
 10
20.53681115249419
 20
-84.50999881211055
 30
0.0
 10
20.76989494479914
 20
-84.92114347597648
 30
0.0
 10
21.02502288917576
 20
-85.29200325357566
 30
0.0
 10
21.22686894121823
 20
-85.50331655608768
 30
0.0
 10
21.32565929561004
 20
-85.60674050632909
 30
0.0
  0
SPLINE
  5
424
330
1F
100
AcDbEntity
  8
0
  6
Continuous
 62
     7
370
    15
100
AcDbSpline
210
0.0
220
0.0
230
1.0
 70
     8
 71
     3
 72
    15
 73
    11
 74
     0
 42
0.000000001
 43
0.00000001
 40
0.0
 40
0.0
 40
0.0
 40
0.0
 40
0.0986695189197051
 40
0.2030770948113419
 40
0.3152177018030259
 40
0.4358840273107203
 40
0.5641471489057734
 40
0.7003052695222999
 40
0.8452216664502414
 40
1.0
 40
1.0
 40
1.0
 40
1.0
 10
21.25445676396447
 20
-77.78336234177212
 30
0.0
 10
21.16172770240724
 20
-77.8860026895444
 30
0.0
 10
20.97087698547056
 20
-78.09725236283998
 30
0.0
 10
20.72862515870979
 20
-78.46826755919145
 30
0.0
 10
20.51392831599611
 20
-78.8892050720072
 30
0.0
 10
20.31929909439074
 20
-79.35666823442597
 30
0.0
 10
20.16700344741904
 20
-79.87487847774628
 30
0.0
 10
20.05375541523783
 20
-80.4374472109427
 30
0.0
 10
19.99001841679033
 20
-81.045351027639
 30
0.0
 10
19.98062778783867
 20
-81.46498143783701
 30
0.0
 10
19.97577796649611
 20
-81.68170094936706
 30
0.0
  0
SPLINE
  5
425
330
1F
100
AcDbEntity
  8
0
  6
Continuous
 62
     7
370
    15
100
AcDbSpline
210
0.0
220
0.0
230
1.0
 70
     8
 71
     3
 72
    15
 73
    11
 74
     0
 42
0.000000001
 43
0.00000001
 40
0.0
 40
0.0
 40
0.0
 40
0.0
 40
0.1286076222243491
 40
0.2524769422214253
 40
0.3723604608476058
 40
0.4906725792956637
 40
0.6090918922815203
 40
0.7317073935649012
 40
0.8619605320702342
 40
1.0
 40
1.0
 40
1.0
 40
1.0
 10
24.04618935890118
 20
-76.62335443037972
 30
0.0
 10
23.91249136536695
 20
-76.62550903356416
 30
0.0
 10
23.65002122553513
 20
-76.62973885769351
 30
0.0
 10
23.26621772729435
 20
-76.6835522568086
 30
0.0
 10
22.89792713248928
 20
-76.76173315836216
 30
0.0
 10
22.54534504447377
 20
-76.87806359593807
 30
0.0
 10
22.20536693921627
 20
-77.03419065598962
 30
0.0
 10
21.87570809126303
 20
-77.2359347858295
 30
0.0
 10
21.55420363331525
 20
-77.48575987107199
 30
0.0
 10
21.35628701800847
 20
-77.68226058460898
 30
0.0
 10
21.25445676396447
 20
-77.78336234177212
 30
0.0
  0
SPLINE
  5
426
330
1F
100
AcDbEntity
  8
0
  6
Continuous
 62
     7
370
    15
100
AcDbSpline
210
0.0
220
0.0
230
1.0
 70
     8
 71
     3
 72
    13
 73
     9
 74
     0
 42
0.000000001
 43
0.00000001
 40
0.0
 40
0.0
 40
0.0
 40
0.0
 40
0.2369901613437618
 40
0.4862831108861667
 40
0.6135521373170082
 40
0.7413862071010398
 40
0.8700101962649092
 40
1.0
 40
1.0
 40
1.0
 40
1.0
 10
26.51454378928093
 20
-77.35318037974682
 30
0.0
 10
26.33356926741282
 20
-77.254999160401
 30
0.0
 10
25.96222535597716
 20
-77.05353987406032
 30
0.0
 10
25.46219613027356
 20
-76.86682249732429
 30
0.0
 10
25.04415701746043
 20
-76.73555509900419
 30
0.0
 10
24.71645447510889
 20
-76.67390582682667
 30
0.0
 10
24.38370409753952
 20
-76.6283373994371
 30
0.0
 10
24.159089689761
 20
-76.62502125790114
 30
0.0
 10
24.04618935890118
 20
-76.62335443037972
 30
0.0
  0
SPLINE
  5
427
330
1F
100
AcDbEntity
  8
0
  6
Continuous
 62
     7
370
    15
100
AcDbSpline
210
0.0
220
0.0
230
1.0
 70
     8
 71
     3
 72
    11
 73
     7
 74
     0
 42
0.000000001
 43
0.00000001
 40
0.0
 40
0.0
 40
0.0
 40
0.0
 40
0.1989954683443182
 40
0.4375645405599016
 40
0.7072696259211677
 40
1.0
 40
1.0
 40
1.0
 40
1.0
 10
28.13736815636954
 20
-78.52208860759492
 30
0.0
 10
28.03486180998584
 20
-78.43760078972976
 30
0.0
 10
27.80946400202044
 20
-78.25182332698314
 30
0.0
 10
27.43712332015225
 20
-77.96160134492109
 30
0.0
 10
27.00491345866025
 20
-77.64596929156772
 30
0.0
 10
26.68240140370835
 20
-77.45340445831036
 30
0.0
 10
26.51454378928093
 20
-77.35318037974682
 30
0.0
  0
SPLINE
  5
42A
330
1F
100
AcDbEntity
  8
0
  6
Continuous
 62
     7
370
    15
100
AcDbSpline
210
0.0
220
0.0
230
1.0
 70
     8
 71
     3
 72
    13
 73
     9
 74
     0
 42
0.000000001
 43
0.00000001
 40
0.0
 40
0.0
 40
0.0
 40
0.0
 40
0.249789717217488
 40
0.5255186652151957
 40
0.6636981144338275
 40
0.7894238626353914
 40
0.9015124027856363
 40
1.0
 40
1.0
 40
1.0
 40
1.0
 10
26.44037448548346
 20
-74.15203322784807
 30
0.0
 10
26.61929269104057
 20
-74.20781139750312
 30
0.0
 10
26.99570873255923
 20
-74.32515998011013
 30
0.0
 10
27.45580721022523
 20
-74.51643510432996
 30
0.0
 10
27.82633360649255
 20
-74.6790202816863
 30
0.0
 10
28.0838391566659
 20
-74.79392929154295
 30
0.0
 10
28.31258120976954
 20
-74.90021191368345
 30
0.0
 10
28.45395873263844
 20
-74.970583611941
 30
0.0
 10
28.52008176396447
 20
-75.00349683544302
 30
0.0
  0
SPLINE
  5
42B
330
1F
100
AcDbEntity
  8
0
  6
Continuous
 62
     7
370
    15
100
AcDbSpline
210
0.0
220
0.0
230
1.0
 70
     8
 71
     3
 72
    13
 73
     9
 74
     0
 42
0.000000001
 43
0.00000001
 40
0.0
 40
0.0
 40
0.0
 40
0.0
 40
0.1446998134375747
 40
0.2825773121262214
 40
0.4128553987158829
 40
0.535651658551644
 40
0.7718865775838826
 40
1.0
 40
1.0
 40
1.0
 40
1.0
 10
23.47953587788852
 20
-73.77525316455694
 30
0.0
 10
23.62393318494961
 20
-73.77641391742692
 30
0.0
 10
23.90591974691011
 20
-73.77868069592687
 30
0.0
 10
24.31767140737775
 20
-73.79565073212159
 30
0.0
 10
24.70656026527376
 20
-73.8283982904334
 30
0.0
 10
25.19117518074371
 20
-73.88833134396893
 30
0.0
 10
25.76990808289549
 20
-73.98382655391319
 30
0.0
 10
26.21950685973062
 20
-74.09662193719372
 30
0.0
 10
26.44037448548346
 20
-74.15203322784807
 30
0.0
  0
SPLINE
  5
42C
330
1F
100
AcDbEntity
  8
0
  6
Continuous
 62
     7
370
    15
100
AcDbSpline
210
0.0
220
0.0
230
1.0
 70
     8
 71
     3
 72
    23
 73
    19
 74
     0
 42
0.000000001
 43
0.00000001
 40
0.0
 40
0.0
 40
0.0
 40
0.0
 40
0.0723681530025127
 40
0.1414736116549903
 40
0.2074605849406996
 40
0.2710984770985389
 40
0.3328531941406634
 40
0.3932945377796967
 40
0.4530678745370765
 40
0.5127607481599602
 40
0.5720305314739578
 40
0.630343665337998
 40
0.6885958463855154
 40
0.7470812498534157
 40
0.8067351023095285
 40
0.8684371051149513
 40
0.9327506747898322
 40
1.0
 40
1.0
 40
1.0
 40
1.0
 10
16.17830961206574
 20
-81.66983386075947
 30
0.0
 10
16.18315448521204
 20
-81.3768187014183
 30
0.0
 10
16.19262580199407
 20
-80.8039988747161
 30
0.0
 10
16.29132419368247
 20
-79.9689378629203
 30
0.0
 10
16.44268384220846
 20
-79.17812951303571
 30
0.0
 10
16.66087564785067
 20
-78.43383420386391
 30
0.0
 10
16.93453016529103
 20
-77.73186856744735
 30
0.0
 10
17.27949406001431
 20
-77.07959980344475
 30
0.0
 10
17.68027701273582
 20
-76.4702358719953
 30
0.0
 10
18.14363590722709
 20
-75.9127666973116
 30
0.0
 10
18.65912262559113
 20
-75.41183047249281
 30
0.0
 10
19.2204104506179
 20
-74.97215883890426
 30
0.0
 10
19.82447775556632
 20
-74.59879383743919
 30
0.0
 10
20.47403029762753
 20
-74.29897847255397
 30
0.0
 10
21.16404000918534
 20
-74.06332917482202
 30
0.0
 10
21.89754854626342
 20
-73.89508088692497
 30
0.0
 10
22.67459203816102
 20
-73.79230344170828
 30
0.0
 10
23.20725920380968
 20
-73.78102051443373
 30
0.0
 10
23.47953587788852
 20
-73.77525316455694
 30
0.0
  0
SPLINE
  5
42D
330
1F
100
AcDbEntity
  8
0
  6
Continuous
 62
     7
370
    15
100
AcDbSpline
210
0.0
220
0.0
230
1.0
 70
     8
 71
     3
 72
    23
 73
    19
 74
     0
 42
0.000000001
 43
0.00000001
 40
0.0
 40
0.0
 40
0.0
 40
0.0
 40
0.0671762335937756
 40
0.1313586685094177
 40
0.1928852550441706
 40
0.2522413667070644
 40
0.310257974975122
 40
0.3678163257130015
 40
0.4251756017035531
 40
0.4831922099716103
 40
0.5418861980248804
 40
0.6006466327935603
 40
0.6608062917057337
 40
0.7227209101967949
 40
0.7869928568491871
 40
0.8543002180086866
 40
0.9252710281582824
 40
1.0
 40
1.0
 40
1.0
 40
1.0
 10
23.47063556143283
 20
-89.534746835443
 30
0.0
 10
23.19842161890226
 20
-89.52840874210924
 30
0.0
 10
22.66612531219434
 20
-89.51601502104644
 30
0.0
 10
21.88888534347593
 20
-89.42134285429128
 30
0.0
 10
21.15593280102572
 20
-89.25786095888274
 30
0.0
 10
20.46615585643258
 20
-89.03161268218687
 30
0.0
 10
19.81676306153981
 20
-88.74400346727674
 30
0.0
 10
19.21304713490584
 20
-88.38546153172686
 30
0.0
 10
18.65071508302459
 20
-87.96507466786508
 30
0.0
 10
18.13746362357433
 20
-87.4793677272891
 30
0.0
 10
17.67353396659443
 20
-86.93853570277335
 30
0.0
 10
17.27491162136813
 20
-86.33769006450963
 30
0.0
 10
16.93028794255776
 20
-85.68947047444284
 30
0.0
 10
16.65731845910923
 20
-84.98408874955553
 30
0.0
 10
16.43771336922017
 20
-84.23024893847254
 30
0.0
 10
16.29209637974852
 20
-83.42166721467656
 30
0.0
 10
16.19217065799156
 20
-82.56335407926565
 30
0.0
 10
16.18300873453807
 20
-81.97275190610364
 30
0.0
 10
16.17830961206574
 20
-81.66983386075947
 30
0.0
  0
SPLINE
  5
42E
330
1F
100
AcDbEntity
  8
0
  6
Continuous
 62
     7
370
    15
100
AcDbSpline
210
0.0
220
0.0
230
1.0
 70
     8
 71
     3
 72
    13
 73
     9
 74
     0
 42
0.000000001
 43
0.00000001
 40
0.0
 40
0.0
 40
0.0
 40
0.0
 40
0.2310105869619614
 40
0.4448142666719833
 40
0.5563964139442883
 40
0.6850114223619075
 40
0.833779408679553
 40
1.0
 40
1.0
 40
1.0
 40
1.0
 10
26.46114189054675
 20
-89.10753164556961
 30
0.0
 10
26.23633580254448
 20
-89.17132544218933
 30
0.0
 10
25.80346838943931
 20
-89.29416133137863
 30
0.0
 10
25.25271354634739
 20
-89.41329948675457
 30
0.0
 10
24.79782259364655
 20
-89.47751262652778
 30
0.0
 10
24.40580236662298
 20
-89.51257496276901
 30
0.0
 10
23.9573946405254
 20
-89.53238581872475
 30
0.0
 10
23.63877321793774
 20
-89.53393128657082
 30
0.0
 10
23.47063556143283
 20
-89.534746835443
 30
0.0
  0
SPLINE
  5
471
330
1F
100
AcDbEntity
  8
0
  6
Continuous
 62
     7
370
    15
100
AcDbSpline
210
0.0
220
0.0
230
1.0
 70
     8
 71
     3
 72
    11
 73
     7
 74
     0
 42
0.000000001
 43
0.00000001
 40
0.0
 40
0.0
 40
0.0
 40
0.0
 40
0.2502484374486836
 40
0.5232461832877127
 40
0.7850025160244416
 40
1.0
 40
1.0
 40
1.0
 40
1.0
 10
70.82815336790807
 20
-104.6230537974683
 30
0.0
 10
70.93467356350294
 20
-104.6007733750545
 30
0.0
 10
71.15739737491339
 20
-104.5541870862091
 30
0.0
 10
71.47766128689652
 20
-104.4362315592891
 30
0.0
 10
71.77598896332339
 20
-104.3002854836736
 30
0.0
 10
71.93857531611346
 20
-104.1710494341948
 30
0.0
 10
72.01189545651566
 20
-104.1127689873417
 30
0.0
  0
SPLINE
  5
472
330
1F
100
AcDbEntity
  8
0
  6
Continuous
 62
     7
370
    15
100
AcDbSpline
210
0.0
220
0.0
230
1.0
 70
     8
 71
     3
 72
    11
 73
     7
 74
     0
 42
0.000000001
 43
0.00000001
 40
0.0
 40
0.0
 40
0.0
 40
0.0
 40
0.2836452775782535
 40
0.5482900762245888
 40
0.7910628882250664
 40
1.0
 40
1.0
 40
1.0
 40
1.0
 10
68.95908691221186
 20
-104.7001898734177
 30
0.0
 10
69.13610824000759
 20
-104.6991902960488
 30
0.0
 10
69.47829280990126
 20
-104.6972580997631
 30
0.0
 10
69.97192700284899
 20
-104.6946426588145
 30
0.0
 10
70.41901830724966
 20
-104.6752469479942
 30
0.0
 10
70.69875976845202
 20
-104.639560472801
 30
0.0
 10
70.82815336790807
 20
-104.6230537974683
 30
0.0
  0
SPLINE
  5
478
330
1F
100
AcDbEntity
  8
0
  6
Continuous
 62
     7
370
    15
100
AcDbSpline
210
0.0
220
0.0
230
1.0
 70
     8
 71
     3
 72
    13
 73
     9
 74
     0
 42
0.000000001
 43
0.00000001
 40
0.0
 40
0.0
 40
0.0
 40
0.0
 40
0.2250628191247376
 40
0.4628307297143807
 40
0.5875074226795267
 40
0.7178795527611747
 40
0.8552511885114958
 40
1.0
 40
1.0
 40
1.0
 40
1.0
 10
73.3321090641106
 20
-107.0558069620253
 30
0.0
 10
73.14049322846655
 20
-107.1277562426616
 30
0.0
 10
72.74644459181985
 20
-107.2757164352374
 30
0.0
 10
72.2265299804931
 20
-107.4037292542764
 30
0.0
 10
71.78467064501278
 20
-107.4775630076776
 30
0.0
 10
71.43031785145548
 20
-107.5196925638731
 30
0.0
 10
71.05591222134647
 20
-107.5426352544633
 30
0.0
 10
70.79950412912679
 20
-107.5463732625542
 30
0.0
 10
70.66794767170553
 20
-107.5482911392405
 30
0.0
  0
SPLINE
  5
479
330
1F
100
AcDbEntity
  8
0
  6
Continuous
 62
     7
370
    15
100
AcDbSpline
210
0.0
220
0.0
230
1.0
 70
     8
 71
     3
 72
    11
 73
     7
 74
     0
 42
0.000000001
 43
0.00000001
 40
0.0
 40
0.0
 40
0.0
 40
0.0
 40
0.2421912079984874
 40
0.4897375122384347
 40
0.7416865646271066
 40
1.0
 40
1.0
 40
1.0
 40
1.0
 10
75.18634165904732
 20
-105.7711946202531
 30
0.0
 10
75.05507968327383
 20
-105.899315279606
 30
0.0
 10
74.78965339468945
 20
-106.1583894776183
 30
0.0
 10
74.34601142933698
 20
-106.5037951779643
 30
0.0
 10
73.86266501333327
 20
-106.8155838888729
 30
0.0
 10
73.51042551376244
 20
-106.975069528788
 30
0.0
 10
73.3321090641106
 20
-107.0558069620253
 30
0.0
  0
SPLINE
  5
47A
330
1F
100
AcDbEntity
  8
0
  6
Continuous
 62
     7
370
    15
100
AcDbSpline
210
0.0
220
0.0
230
1.0
 70
     8
 71
     3
 72
    15
 73
    11
 74
     0
 42
0.000000001
 43
0.00000001
 40
0.0
 40
0.0
 40
0.0
 40
0.0
 40
0.1329637870972852
 40
0.263752548576235
 40
0.3925401654230511
 40
0.5217683920974232
 40
0.6471102826175471
 40
0.7683789371003528
 40
0.885290667909653
 40
1.0
 40
1.0
 40
1.0
 40
1.0
 10
76.47688754512326
 20
-102.2051344936708
 30
0.0
 10
76.47294617404286
 20
-102.377392618149
 30
0.0
 10
76.46512790494843
 20
-102.7190910635372
 30
0.0
 10
76.40111857862244
 20
-103.2243811493671
 30
0.0
 10
76.29656944238027
 20
-103.7174701064211
 30
0.0
 10
76.15348752869974
 20
-104.1935741058235
 30
0.0
 10
75.97065568386604
 20
-104.6456615013233
 30
0.0
 10
75.7481368257424
 20
-105.0614033218439
 30
0.0
 10
75.49035471604199
 20
-105.4406945010429
 30
0.0
 10
75.28703491386722
 20
-105.6617284905723
 30
0.0
 10
75.18634165904732
 20
-105.7711946202531
 30
0.0
  0
SPLINE
  5
493
330
1F
100
AcDbEntity
  8
0
  6
Continuous
 62
     7
370
    15
100
AcDbSpline
210
0.0
220
0.0
230
1.0
 70
     8
 71
     3
 72
    11
 73
     7
 74
     0
 42
0.000000001
 43
0.00000001
 40
0.0
 40
0.0
 40
0.0
 40
0.0
 40
0.2490667173075979
 40
0.4886386997937625
 40
0.7339051152102313
 40
1.0
 40
1.0
 40
1.0
 40
1.0
 10
-69.91583069620259
 20
-102.9675949367088
 30
0.0
 10
-69.66949358775487
 20
-103.0235869540682
 30
0.0
 10
-69.18621004957664
 20
-103.1334365030447
 30
0.0
 10
-68.46199596009781
 20
-103.3049559367719
 30
0.0
 10
-67.72371059919443
 20
-103.4942955284214
 30
0.0
 10
-67.23370722061415
 20
-103.6649742192481
 30
0.0
 10
-66.97872626582286
 20
-103.753789556962
 30
0.0
  0
SPLINE
  5
494
330
1F
100
AcDbEntity
  8
0
  6
Continuous
 62
     7
370
    15
100
AcDbSpline
210
0.0
220
0.0
230
1.0
 70
     8
 71
     3
 72
    19
 73
    15
 74
     0
 42
0.000000001
 43
0.00000001
 40
0.0
 40
0.0
 40
0.0
 40
0.0
 40
0.1011887320296516
 40
0.1950660400349365
 40
0.2868204103361108
 40
0.3810406673723465
 40
0.4321596998389486
 40
0.4904805748171895
 40
0.5558649229659768
 40
0.6296753794452519
 40
0.7095308546734732
 40
0.7982370450072653
 40
0.8949330824060018
 40
1.0
 40
1.0
 40
1.0
 40
1.0
 10
-71.88873417721526
 20
-101.4248734177215
 30
0.0
 10
-71.88351075828956
 20
-101.5173314120189
 30
0.0
 10
-71.87344134023436
 20
-101.6955668188218
 30
0.0
 10
-71.79836148524718
 20
-101.9496393231047
 30
0.0
 10
-71.66650187355017
 20
-102.1710450758985
 30
0.0
 10
-71.5161835831561
 20
-102.3298453076508
 30
0.0
 10
-71.36515328332351
 20
-102.4388873250254
 30
0.0
 10
-71.22858828991492
 20
-102.5218340672415
 30
0.0
 10
-71.0669099248233
 20
-102.6023494053194
 30
0.0
 10
-70.8809330842279
 20
-102.6761937298973
 30
0.0
 10
-70.67447064574507
 20
-102.7560447788386
 30
0.0
 10
-70.44323967367343
 20
-102.8286531723271
 30
0.0
 10
-70.18760230754134
 20
-102.8994279989534
 30
0.0
 10
-70.00889270888145
 20
-102.9442527178714
 30
0.0
 10
-69.91583069620259
 20
-102.9675949367088
 30
0.0
  0
SPLINE
  5
495
330
1F
100
AcDbEntity
  8
0
  6
Continuous
 62
     7
370
    15
100
AcDbSpline
210
0.0
220
0.0
230
1.0
 70
     8
 71
     3
 72
    15
 73
    11
 74
     0
 42
0.000000001
 43
0.00000001
 40
0.0
 40
0.0
 40
0.0
 40
0.0
 40
0.1196770177099329
 40
0.2403294367621742
 40
0.3662705372173525
 40
0.4939948019782646
 40
0.6230434691222254
 40
0.7468828703742724
 40
0.8724827019778709
 40
1.0
 40
1.0
 40
1.0
 40
1.0
 10
-71.02540348101272
 20
-100.1343275316456
 30
0.0
 10
-71.08266533861584
 20
-100.1655396653499
 30
0.0
 10
-71.19765575406106
 20
-100.2282183204237
 30
0.0
 10
-71.3564368199153
 20
-100.349967965203
 30
0.0
 10
-71.50351544664652
 20
-100.4914616441973
 30
0.0
 10
-71.6371973077011
 20
-100.6515493771105
 30
0.0
 10
-71.7513164073918
 20
-100.8258384742448
 30
0.0
 10
-71.82715756641247
 20
-101.018093086087
 30
0.0
 10
-71.8822163127313
 20
-101.2170912516842
 30
0.0
 10
-71.88655061102288
 20
-101.3552637910937
 30
0.0
 10
-71.88873417721526
 20
-101.4248734177215
 30
0.0
  0
SPLINE
  5
496
330
1F
100
AcDbEntity
  8
0
  6
Continuous
 62
     7
370
    15
100
AcDbSpline
210
0.0
220
0.0
230
1.0
 70
     8
 71
     3
 72
    11
 73
     7
 74
     0
 42
0.000000001
 43
0.00000001
 40
0.0
 40
0.0
 40
0.0
 40
0.0
 40
0.2639520361380043
 40
0.5032026899475116
 40
0.7388158753985491
 40
1.0
 40
1.0
 40
1.0
 40
1.0
 10
-69.31654272151904
 20
-99.76348101265822
 30
0.0
 10
-69.47200123942052
 20
-99.76614961973569
 30
0.0
 10
-69.7683700249311
 20
-99.77123709804968
 30
0.0
 10
-70.20034598870221
 20
-99.83097339008549
 30
0.0
 10
-70.61951741558003
 20
-99.94757610486461
 30
0.0
 10
-70.88554385933695
 20
-100.0699770004955
 30
0.0
 10
-71.02540348101272
 20
-100.1343275316456
 30
0.0
  0
SPLINE
  5
497
330
1F
100
AcDbEntity
  8
0
  6
Continuous
 62
     7
370
    15
100
AcDbSpline
210
0.0
220
0.0
230
1.0
 70
     8
 71
     3
 72
    15
 73
    11
 74
     0
 42
0.000000001
 43
0.00000001
 40
0.0
 40
0.0
 40
0.0
 40
0.0
 40
0.1136415593607118
 40
0.2319826117987679
 40
0.3553108391965728
 40
0.4846013847631395
 40
0.6149735606370367
 40
0.7439586616355738
 40
0.8717375500645205
 40
1.0
 40
1.0
 40
1.0
 40
1.0
 10
-64.81594936708868
 20
-101.4723417721519
 30
0.0
 10
-64.96026021941832
 20
-101.3548506568288
 30
0.0
 10
-65.2548497043098
 20
-101.1150097399219
 30
0.0
 10
-65.74530140246382
 20
-100.8008147813754
 30
0.0
 10
-66.27761401683021
 20
-100.5081607342898
 30
0.0
 10
-66.84993900786267
 20
-100.2514550406593
 30
0.0
 10
-67.44781700120522
 20
-100.031720255399
 30
0.0
 10
-68.06380301718586
 20
-99.88031127928939
 30
0.0
 10
-68.68718383558411
 20
-99.77872609359002
 30
0.0
 10
-69.10649245645195
 20
-99.76856910049213
 30
0.0
 10
-69.31654272151904
 20
-99.76348101265822
 30
0.0
  0
SPLINE
  5
49A
330
1F
100
AcDbEntity
  8
0
  6
Continuous
 62
     7
370
    15
100
AcDbSpline
210
0.0
220
0.0
230
1.0
 70
     8
 71
     3
 72
    15
 73
    11
 74
     0
 42
0.000000001
 43
0.00000001
 40
0.0
 40
0.0
 40
0.0
 40
0.0
 40
0.1294408077855941
 40
0.2592073083935764
 40
0.3884623751284389
 40
0.5187664737724829
 40
0.6467098914259574
 40
0.7696212128193358
 40
0.887261321246146
 40
1.0
 40
1.0
 40
1.0
 40
1.0
 10
-69.48861550632918
 20
-97.10525316455696
 30
0.0
 10
-69.26700069730467
 20
-97.10889072433383
 30
0.0
 10
-68.82321346258226
 20
-97.11617499654294
 30
0.0
 10
-68.15985700754854
 20
-97.1684862370137
 30
0.0
 10
-67.49812797983641
 20
-97.25046027763173
 30
0.0
 10
-66.8453202094216
 20
-97.37009340349906
 30
0.0
 10
-66.20848351127012
 20
-97.51331800682108
 30
0.0
 10
-65.60046320076061
 20
-97.68223482822134
 30
0.0
 10
-65.02584539730786
 20
-97.87262482442632
 30
0.0
 10
-64.66181407060851
 20
-98.024701334306
 30
0.0
 10
-64.48367088607603
 20
-98.09912183544304
 30
0.0
  0
SPLINE
  5
49B
330
1F
100
AcDbEntity
  8
0
  6
Continuous
 62
     7
370
    15
100
AcDbSpline
210
0.0
220
0.0
230
1.0
 70
     8
 71
     3
 72
    23
 73
    19
 74
     0
 42
0.000000001
 43
0.00000001
 40
0.0
 40
0.0
 40
0.0
 40
0.0
 40
0.0594833616744423
 40
0.1169638500036987
 40
0.1732460741739615
 40
0.2287396536286808
 40
0.2844529037989195
 40
0.3415562755866124
 40
0.4003684889749169
 40
0.4620860892910548
 40
0.525357138934872
 40
0.5888599697535197
 40
0.6528301482273493
 40
0.7182078818748883
 40
0.7850600935452989
 40
0.8543174996093422
 40
0.9256211028331054
 40
1.0
 40
1.0
 40
1.0
 40
1.0
 10
-75.68620253164562
 20
-101.8847231012658
 30
0.0
 10
-75.68148211831908
 20
-101.7113202785285
 30
0.0
 10
-75.67220023342324
 20
-101.3703533059511
 30
0.0
 10
-75.5866375701606
 20
-100.8711759365105
 30
0.0
 10
-75.4470181152678
 20
-100.3972693847363
 30
0.0
 10
-75.25345621330389
 20
-99.94786749590602
 30
0.0
 10
-75.00086089985837
 20
-99.52602916205034
 30
0.0
 10
-74.69336514007179
 20
-99.13034650380465
 30
0.0
 10
-74.33053316870571
 20
-98.75979889859393
 30
0.0
 10
-73.91616166279887
 20
-98.41942254489285
 30
0.0
 10
-73.46261379758111
 20
-98.10830020084579
 30
0.0
 10
-72.97335365096806
 20
-97.84323138062952
 30
0.0
 10
-72.46072830571632
 20
-97.61200763774555
 30
0.0
 10
-71.91967353257441
 20
-97.4249932588842
 30
0.0
 10
-71.34925930274818
 20
-97.28384135512377
 30
0.0
 10
-70.75352062418922
 20
-97.18044022622705
 30
0.0
 10
-70.12984102971997
 20
-97.11651135915774
 30
0.0
 10
-69.70534432744194
 20
-97.10905833942084
 30
0.0
 10
-69.48861550632918
 20
-97.10525316455696
 30
0.0
  0
SPLINE
  5
49C
330
1F
100
AcDbEntity
  8
0
  6
Continuous
 62
     7
370
    15
100
AcDbSpline
210
0.0
220
0.0
230
1.0
 70
     8
 71
     3
 72
    23
 73
    19
 74
     0
 42
0.000000001
 43
0.00000001
 40
0.0
 40
0.0
 40
0.0
 40
0.0
 40
0.0770458878192119
 40
0.1497213128436245
 40
0.2194039958769106
 40
0.2848047265137235
 40
0.3478324684181878
 40
0.4077425240018532
 40
0.4657068908500125
 40
0.5218359864007958
 40
0.5774735255480103
 40
0.633500954614696
 40
0.6898512312692346
 40
0.7482875849294275
 40
0.8079266755078356
 40
0.8693552499339359
 40
0.9332811589602477
 40
1.0
 40
1.0
 40
1.0
 40
1.0
 10
-72.44945411392413
 20
-106.1954430379747
 30
0.0
 10
-72.58954389917184
 20
-106.1426494903283
 30
0.0
 10
-72.86177681330852
 20
-106.0400571328771
 30
0.0
 10
-73.2498954024411
 20
-105.8631993027385
 30
0.0
 10
-73.60767000956724
 20
-105.6758164269762
 30
0.0
 10
-73.93441826170665
 20
-105.4718000958229
 30
0.0
 10
-74.23076874799621
 20
-105.2567018963873
 30
0.0
 10
-74.49755777112291
 20
-105.0271513989265
 30
0.0
 10
-74.73188453315076
 20
-104.7830326749715
 30
0.0
 10
-74.94054895456959
 20
-104.5268566722912
 30
0.0
 10
-75.11382994207315
 20
-104.250202804854
 30
0.0
 10
-75.27049900130693
 20
-103.9634558467806
 30
0.0
 10
-75.39750814732722
 20
-103.6563801402531
 30
0.0
 10
-75.50535499084437
 20
-103.3347567580519
 30
0.0
 10
-75.58334976898341
 20
-102.9944605561575
 30
0.0
 10
-75.64374673204894
 20
-102.6400402926386
 30
0.0
 10
-75.67967403100239
 20
-102.2681765547973
 30
0.0
 10
-75.68399556938778
 20
-102.0143496948486
 30
0.0
 10
-75.68620253164562
 20
-101.8847231012658
 30
0.0
  0
SPLINE
  5
49D
330
1F
100
AcDbEntity
  8
0
  6
Continuous
 62
     7
370
    15
100
AcDbSpline
210
0.0
220
0.0
230
1.0
 70
     8
 71
     3
 72
    11
 73
     7
 74
     0
 42
0.000000001
 43
0.00000001
 40
0.0
 40
0.0
 40
0.0
 40
0.0
 40
0.2426947176641943
 40
0.4994023958496816
 40
0.7562624951851479
 40
1.0
 40
1.0
 40
1.0
 40
1.0
 10
-69.2038053797469
 20
-107.0320727848101
 30
0.0
 10
-69.4664636075479
 20
-106.9641073397684
 30
0.0
 10
-70.00694569762348
 20
-106.824252189992
 30
0.0
 10
-70.8330259451569
 20
-106.6453114504308
 30
0.0
 10
-71.65849733752916
 20
-106.4547812396865
 30
0.0
 10
-72.19045003259987
 20
-106.2803650649314
 30
0.0
 10
-72.44945411392412
 20
-106.1954430379747
 30
0.0
  0
SPLINE
  5
49E
330
1F
100
AcDbEntity
  8
0
  6
Continuous
 62
     7
370
    15
100
AcDbSpline
210
0.0
220
0.0
230
1.0
 70
     8
 71
     3
 72
    15
 73
    11
 74
     0
 42
0.000000001
 43
0.00000001
 40
0.0
 40
0.0
 40
0.0
 40
0.0
 40
0.1221225131784172
 40
0.237846209963991
 40
0.3525473583735723
 40
0.473989118779261
 40
0.6008434091333141
 40
0.7293177487851242
 40
0.8625471806949614
 40
1.0
 40
1.0
 40
1.0
 40
1.0
 10
-67.71151898734185
 20
-108.4828243670886
 30
0.0
 10
-67.71608527103926
 20
-108.3911806524144
 30
0.0
 10
-67.72497858024799
 20
-108.2126950510705
 30
0.0
 10
-67.81126376138194
 20
-107.9593128484804
 30
0.0
 10
-67.95656615524551
 20
-107.7370625585204
 30
0.0
 10
-68.15171588919296
 20
-107.5452111567899
 30
0.0
 10
-68.38447639954761
 20
-107.3851095699653
 30
0.0
 10
-68.6337711310528
 20
-107.234101632259
 30
0.0
 10
-68.91179382624469
 20
-107.1217824554133
 30
0.0
 10
-69.10546094870502
 20
-107.0622854473182
 30
0.0
 10
-69.2038053797469
 20
-107.0320727848101
 30
0.0
  0
SPLINE
  5
49F
330
1F
100
AcDbEntity
  8
0
  6
Continuous
 62
     7
370
    15
100
AcDbSpline
210
0.0
220
0.0
230
1.0
 70
     8
 71
     3
 72
    15
 73
    11
 74
     0
 42
0.000000001
 43
0.00000001
 40
0.0
 40
0.0
 40
0.0
 40
0.0
 40
0.119781307986255
 40
0.2378320344012464
 40
0.3543281542759967
 40
0.47317180242482
 40
0.5935053129909306
 40
0.7194360809945938
 40
0.8534020568269257
 40
1.0
 40
1.0
 40
1.0
 40
1.0
 10
-68.63418512658234
 20
-109.8890743670886
 30
0.0
 10
-68.57110284546545
 20
-109.8558068030548
 30
0.0
 10
-68.44584968614589
 20
-109.7897523195402
 30
0.0
 10
-68.27298955642144
 20
-109.6676469792414
 30
0.0
 10
-68.11827857683704
 20
-109.5249791456429
 30
0.0
 10
-67.97260456604101
 20
-109.3705007796479
 30
0.0
 10
-67.85592026628781
 20
-109.1857996736183
 30
0.0
 10
-67.7674814420595
 20
-108.9761060517224
 30
0.0
 10
-67.72248155785098
 20
-108.7368582798192
 30
0.0
 10
-67.71528123868218
 20
-108.5700064224167
 30
0.0
 10
-67.71151898734183
 20
-108.4828243670886
 30
0.0
  0
SPLINE
  5
4A0
330
1F
100
AcDbEntity
  8
0
  6
Continuous
 62
     7
370
    15
100
AcDbSpline
210
0.0
220
0.0
230
1.0
 70
     8
 71
     3
 72
    15
 73
    11
 74
     0
 42
0.000000001
 43
0.00000001
 40
0.0
 40
0.0
 40
0.0
 40
0.0
 40
0.1003964100683973
 40
0.2148999119394706
 40
0.3453817630343929
 40
0.4902226418918956
 40
0.6378366789765285
 40
0.7712668758507798
 40
0.8916192947022059
 40
1.0
 40
1.0
 40
1.0
 40
1.0
 10
-70.30744462025322
 20
-110.2065189873418
 30
0.0
 10
-70.2500628785991
 20
-110.2050365621601
 30
0.0
 10
-70.1272364625947
 20
-110.2018634104432
 30
0.0
 10
-69.93036635059316
 20
-110.1858190828468
 30
0.0
 10
-69.70882358125432
 20
-110.1618118156076
 30
0.0
 10
-69.46896284063301
 20
-110.1311235268925
 30
0.0
 10
-69.22908813833467
 20
-110.0886925728614
 30
0.0
 10
-69.00562981857782
 20
-110.0362859777004
 30
0.0
 10
-68.80787795989166
 20
-109.9730026565512
 30
0.0
 10
-68.69002665586672
 20
-109.9160569658782
 30
0.0
 10
-68.63418512658234
 20
-109.8890743670886
 30
0.0
  0
SPLINE
  5
4A1
330
1F
100
AcDbEntity
  8
0
  6
Continuous
 62
     7
370
    15
100
AcDbSpline
210
0.0
220
0.0
230
1.0
 70
     8
 71
     3
 72
    15
 73
    11
 74
     0
 42
0.000000001
 43
0.00000001
 40
0.0
 40
0.0
 40
0.0
 40
0.0
 40
0.1330007415974287
 40
0.2633529553146718
 40
0.3927905965989182
 40
0.5216130839122822
 40
0.6481902261341923
 40
0.76899789953653
 40
0.8859682158161594
 40
1.0
 40
1.0
 40
1.0
 40
1.0
 10
-75.34799050632918
 20
-108.117911392405
 30
0.0
 10
-75.16093884714108
 20
-108.2797051503207
 30
0.0
 10
-74.79056040675005
 20
-108.6000707647283
 30
0.0
 10
-74.18863835189052
 20
-109.0153376828734
 30
0.0
 10
-73.56229550104761
 20
-109.3765064323816
 30
0.0
 10
-72.91092937608373
 20
-109.6739215452726
 30
0.0
 10
-72.25240793372797
 20
-109.9120356533292
 30
0.0
 10
-71.59496688476685
 20
-110.0763807200184
 30
0.0
 10
-70.94916129270912
 20
-110.1888452433497
 30
0.0
 10
-70.5195284194298
 20
-110.2006779130291
 30
0.0
 10
-70.30744462025322
 20
-110.2065189873418
 30
0.0
  0
SPLINE
  5
4A4
330
1F
100
AcDbEntity
  8
0
  6
Continuous
 62
     7
370
    15
100
AcDbSpline
210
0.0
220
0.0
230
1.0
 70
     8
 71
     3
 72
    15
 73
    11
 74
     0
 42
0.000000001
 43
0.00000001
 40
0.0
 40
0.0
 40
0.0
 40
0.0
 40
0.1485734939132443
 40
0.2879037989287583
 40
0.4195438208478102
 40
0.5430155052373073
 40
0.6616698257740934
 40
0.7768020652172467
 40
0.889954503121326
 40
1.0
 40
1.0
 40
1.0
 40
1.0
 10
-70.32227848101272
 20
-112.864746835443
 30
0.0
 10
-70.59634383523927
 20
-112.8610717726375
 30
0.0
 10
-71.12742414141186
 20
-112.8539502833655
 30
0.0
 10
-71.89914381116849
 20
-112.790263677892
 30
0.0
 10
-72.62016949104303
 20
-112.6895401762365
 30
0.0
 10
-73.29400797315623
 20
-112.5411952971739
 30
0.0
 10
-73.92801337586162
 20
-112.3607341371262
 30
0.0
 10
-74.53550420334605
 20
-112.1596008308934
 30
0.0
 10
-75.12262372177281
 20
-111.947348822069
 30
0.0
 10
-75.50009440686266
 20
-111.7828678438857
 30
0.0
 10
-75.68620253164562
 20
-111.7017721518987
 30
0.0
  0
SPLINE
  5
4A5
330
1F
100
AcDbEntity
  8
0
  6
Continuous
 62
     7
370
    15
100
AcDbSpline
210
0.0
220
0.0
230
1.0
 70
     8
 71
     3
 72
    11
 73
     7
 74
     0
 42
0.000000001
 43
0.00000001
 40
0.0
 40
0.0
 40
0.0
 40
0.0
 40
0.2490667173075973
 40
0.4886386997937625
 40
0.7339051152102322
 40
1.0
 40
1.0
 40
1.0
 40
1.0
 10
116.7241693037974
 20
-9.647594936708858
 30
0.0
 10
116.9705064122451
 20
-9.70358695406819
 30
0.0
 10
117.4537899504233
 20
-9.813436503044676
 30
0.0
 10
118.1780040399021
 20
-9.984955936771847
 30
0.0
 10
118.9162894008056
 20
-10.17429552842139
 30
0.0
 10
119.4062927793858
 20
-10.34497421924815
 30
0.0
 10
119.6612737341771
 20
-10.43378955696202
 30
0.0
  0
SPLINE
  5
4A6
330
1F
100
AcDbEntity
  8
0
  6
Continuous
 62
     7
370
    15
100
AcDbSpline
210
0.0
220
0.0
230
1.0
 70
     8
 71
     3
 72
    19
 73
    15
 74
     0
 42
0.000000001
 43
0.00000001
 40
0.0
 40
0.0
 40
0.0
 40
0.0
 40
0.1011887320296515
 40
0.1950660400349346
 40
0.2868204103361089
 40
0.3810406673723469
 40
0.4321596998389471
 40
0.490480574817189
 40
0.5558649229659758
 40
0.6296753794452513
 40
0.7095308546734733
 40
0.7982370450072649
 40
0.8949330824060017
 40
1.0
 40
1.0
 40
1.0
 40
1.0
 10
114.7512658227847
 20
-8.104873417721514
 30
0.0
 10
114.7564892417104
 20
-8.197331412018924
 30
0.0
 10
114.7665586597656
 20
-8.375566818821767
 30
0.0
 10
114.8416385147528
 20
-8.629639323104657
 30
0.0
 10
114.9734981264497
 20
-8.851045075898554
 30
0.0
 10
115.1238164168439
 20
-9.009845307650778
 30
0.0
 10
115.2748467166764
 20
-9.11888732502541
 30
0.0
 10
115.411411710085
 20
-9.201834067241467
 30
0.0
 10
115.5730900751767
 20
-9.2823494053194
 30
0.0
 10
115.759066915772
 20
-9.35619372989736
 30
0.0
 10
115.9655293542549
 20
-9.4360447788386
 30
0.0
 10
116.1967603263265
 20
-9.508653172327145
 30
0.0
 10
116.4523976924586
 20
-9.579427998953452
 30
0.0
 10
116.6311072911185
 20
-9.62425271787142
 30
0.0
 10
116.7241693037974
 20
-9.647594936708856
 30
0.0
  0
SPLINE
  5
4A7
330
1F
100
AcDbEntity
  8
0
  6
Continuous
 62
     7
370
    15
100
AcDbSpline
210
0.0
220
0.0
230
1.0
 70
     8
 71
     3
 72
    15
 73
    11
 74
     0
 42
0.000000001
 43
0.00000001
 40
0.0
 40
0.0
 40
0.0
 40
0.0
 40
0.1196770177099337
 40
0.2403294367621747
 40
0.3662705372173555
 40
0.4939948019782654
 40
0.6230434691222265
 40
0.7468828703742698
 40
0.8724827019778748
 40
1.0
 40
1.0
 40
1.0
 40
1.0
 10
115.6145965189872
 20
-6.814327531645564
 30
0.0
 10
115.5573346613841
 20
-6.845539665349905
 30
0.0
 10
115.4423442459389
 20
-6.908218320423771
 30
0.0
 10
115.2835631800847
 20
-7.02996796520293
 30
0.0
 10
115.1364845533534
 20
-7.171461644197301
 30
0.0
 10
115.0028026922988
 20
-7.331549377110567
 30
0.0
 10
114.8886835926081
 20
-7.505838474244796
 30
0.0
 10
114.8128424335875
 20
-7.698093086087044
 30
0.0
 10
114.7577836872686
 20
-7.897091251684224
 30
0.0
 10
114.7534493889771
 20
-8.035263791093696
 30
0.0
 10
114.7512658227847
 20
-8.104873417721514
 30
0.0
  0
SPLINE
  5
4A8
330
1F
100
AcDbEntity
  8
0
  6
Continuous
 62
     7
370
    15
100
AcDbSpline
210
0.0
220
0.0
230
1.0
 70
     8
 71
     3
 72
    11
 73
     7
 74
     0
 42
0.000000001
 43
0.00000001
 40
0.0
 40
0.0
 40
0.0
 40
0.0
 40
0.263952036138004
 40
0.5032026899475109
 40
0.7388158753985479
 40
1.0
 40
1.0
 40
1.0
 40
1.0
 10
117.3234572784809
 20
-6.443481012658222
 30
0.0
 10
117.1679987605794
 20
-6.44614961973568
 30
0.0
 10
116.8716299750688
 20
-6.451237098049682
 30
0.0
 10
116.4396540112977
 20
-6.510973390085509
 30
0.0
 10
116.0204825844199
 20
-6.62757610486462
 30
0.0
 10
115.754456140663
 20
-6.74997700049552
 30
0.0
 10
115.6145965189872
 20
-6.814327531645564
 30
0.0
  0
SPLINE
  5
4A9
330
1F
100
AcDbEntity
  8
0
  6
Continuous
 62
     7
370
    15
100
AcDbSpline
210
0.0
220
0.0
230
1.0
 70
     8
 71
     3
 72
    15
 73
    11
 74
     0
 42
0.000000001
 43
0.00000001
 40
0.0
 40
0.0
 40
0.0
 40
0.0
 40
0.1136415593607112
 40
0.231982611798767
 40
0.355310839196573
 40
0.484601384763139
 40
0.6149735606370363
 40
0.7439586616355732
 40
0.8717375500645204
 40
1.0
 40
1.0
 40
1.0
 40
1.0
 10
121.8240506329113
 20
-8.152341772151892
 30
0.0
 10
121.6797397805816
 20
-8.034850656828803
 30
0.0
 10
121.3851502956901
 20
-7.795009739921928
 30
0.0
 10
120.8946985975361
 20
-7.480814781375393
 30
0.0
 10
120.3623859831697
 20
-7.188160734289726
 30
0.0
 10
119.7900609921373
 20
-6.93145504065929
 30
0.0
 10
119.1921829987948
 20
-6.711720255398957
 30
0.0
 10
118.5761969828141
 20
-6.560311279289429
 30
0.0
 10
117.9528161644159
 20
-6.458726093589969
 30
0.0
 10
117.533507543548
 20
-6.448569100492123
 30
0.0
 10
117.3234572784809
 20
-6.443481012658222
 30
0.0
  0
SPLINE
  5
4AC
330
1F
100
AcDbEntity
  8
0
  6
Continuous
 62
     7
370
    15
100
AcDbSpline
210
0.0
220
0.0
230
1.0
 70
     8
 71
     3
 72
    15
 73
    11
 74
     0
 42
0.000000001
 43
0.00000001
 40
0.0
 40
0.0
 40
0.0
 40
0.0
 40
0.1294408077855941
 40
0.2592073083935765
 40
0.3884623751284389
 40
0.5187664737724829
 40
0.6467098914259579
 40
0.7696212128193359
 40
0.8872613212461457
 40
1.0
 40
1.0
 40
1.0
 40
1.0
 10
117.1513844936708
 20
-3.785253164556957
 30
0.0
 10
117.3729993026953
 20
-3.788890724333814
 30
0.0
 10
117.8167865374177
 20
-3.796174996542941
 30
0.0
 10
118.4801429924514
 20
-3.848486237013702
 30
0.0
 10
119.1418720201635
 20
-3.930460277631739
 30
0.0
 10
119.7946797905784
 20
-4.050093403499055
 30
0.0
 10
120.4315164887298
 20
-4.193318006821125
 30
0.0
 10
121.0395367992394
 20
-4.362234828221334
 30
0.0
 10
121.614154602692
 20
-4.552624824426371
 30
0.0
 10
121.9781859293914
 20
-4.704701334306
 30
0.0
 10
122.1563291139239
 20
-4.779121835443033
 30
0.0
  0
SPLINE
  5
4AD
330
1F
100
AcDbEntity
  8
0
  6
Continuous
 62
     7
370
    15
100
AcDbSpline
210
0.0
220
0.0
230
1.0
 70
     8
 71
     3
 72
    23
 73
    19
 74
     0
 42
0.000000001
 43
0.00000001
 40
0.0
 40
0.0
 40
0.0
 40
0.0
 40
0.0594833616744423
 40
0.1169638500036981
 40
0.1732460741739613
 40
0.2287396536286812
 40
0.284452903798919
 40
0.3415562755866119
 40
0.4003684889749166
 40
0.4620860892910541
 40
0.5253571389348719
 40
0.58885996975352
 40
0.652830148227349
 40
0.7182078818748883
 40
0.7850600935452988
 40
0.854317499609342
 40
0.9256211028331054
 40
1.0
 40
1.0
 40
1.0
 40
1.0
 10
110.9537974683543
 20
-8.564723101265816
 30
0.0
 10
110.9585178816809
 20
-8.391320278528537
 30
0.0
 10
110.9677997665767
 20
-8.050353305951141
 30
0.0
 10
111.0533624298393
 20
-7.551175936510501
 30
0.0
 10
111.1929818847322
 20
-7.077269384736327
 30
0.0
 10
111.3865437866961
 20
-6.627867495906029
 30
0.0
 10
111.6391391001416
 20
-6.206029162050315
 30
0.0
 10
111.9466348599281
 20
-5.810346503804674
 30
0.0
 10
112.3094668312943
 20
-5.439798898593904
 30
0.0
 10
112.7238383372011
 20
-5.099422544892879
 30
0.0
 10
113.1773862024188
 20
-4.788300200845827
 30
0.0
 10
113.6666463490319
 20
-4.523231380629505
 30
0.0
 10
114.1792716942837
 20
-4.292007637745549
 30
0.0
 10
114.7203264674256
 20
-4.104993258884233
 30
0.0
 10
115.2907406972518
 20
-3.963841355123753
 30
0.0
 10
115.8864793758107
 20
-3.860440226227102
 30
0.0
 10
116.51015897028
 20
-3.796511359157708
 30
0.0
 10
116.934655672558
 20
-3.789058339420827
 30
0.0
 10
117.1513844936708
 20
-3.785253164556957
 30
0.0
  0
SPLINE
  5
4AE
330
1F
100
AcDbEntity
  8
0
  6
Continuous
 62
     7
370
    15
100
AcDbSpline
210
0.0
220
0.0
230
1.0
 70
     8
 71
     3
 72
    23
 73
    19
 74
     0
 42
0.000000001
 43
0.00000001
 40
0.0
 40
0.0
 40
0.0
 40
0.0
 40
0.0770458878192121
 40
0.149721312843625
 40
0.2194039958769111
 40
0.2848047265137232
 40
0.3478324684181876
 40
0.4077425240018533
 40
0.4657068908500126
 40
0.521835986400796
 40
0.5774735255480096
 40
0.6335009546146957
 40
0.6898512312692343
 40
0.7482875849294266
 40
0.8079266755078361
 40
0.8693552499339348
 40
0.9332811589602479
 40
1.0
 40
1.0
 40
1.0
 40
1.0
 10
114.1905458860758
 20
-12.87544303797468
 30
0.0
 10
114.0504561008281
 20
-12.82264949032827
 30
0.0
 10
113.7782231866915
 20
-12.7200571328771
 30
0.0
 10
113.3901045975588
 20
-12.5431993027385
 30
0.0
 10
113.0323299904328
 20
-12.3558164269762
 30
0.0
 10
112.7055817382933
 20
-12.15180009582293
 30
0.0
 10
112.4092312520038
 20
-11.93670189638725
 30
0.0
 10
112.142442228877
 20
-11.70715139892651
 30
0.0
 10
111.9081154668492
 20
-11.46303267497147
 30
0.0
 10
111.6994510454303
 20
-11.2068566722912
 30
0.0
 10
111.5261700579268
 20
-10.93020280485401
 30
0.0
 10
111.369500998693
 20
-10.6434558467806
 30
0.0
 10
111.2424918526727
 20
-10.33638014025307
 30
0.0
 10
111.1346450091556
 20
-10.01475675805187
 30
0.0
 10
111.0566502310165
 20
-9.674460556157527
 30
0.0
 10
110.996253267951
 20
-9.320040292638629
 30
0.0
 10
110.9603259689976
 20
-8.948176554797277
 30
0.0
 10
110.9560044306122
 20
-8.694349694848583
 30
0.0
 10
110.9537974683543
 20
-8.564723101265816
 30
0.0
  0
SPLINE
  5
4AF
330
1F
100
AcDbEntity
  8
0
  6
Continuous
 62
     7
370
    15
100
AcDbSpline
210
0.0
220
0.0
230
1.0
 70
     8
 71
     3
 72
    11
 73
     7
 74
     0
 42
0.000000001
 43
0.00000001
 40
0.0
 40
0.0
 40
0.0
 40
0.0
 40
0.2426947176641941
 40
0.4994023958496818
 40
0.756262495185148
 40
1.0
 40
1.0
 40
1.0
 40
1.0
 10
117.436194620253
 20
-13.71207278481012
 30
0.0
 10
117.173536392452
 20
-13.64410733976835
 30
0.0
 10
116.6330543023765
 20
-13.50425218999204
 30
0.0
 10
115.8069740548431
 20
-13.32531145043085
 30
0.0
 10
114.9815026624708
 20
-13.13478123968649
 30
0.0
 10
114.4495499674001
 20
-12.96036506493144
 30
0.0
 10
114.1905458860758
 20
-12.87544303797468
 30
0.0
  0
SPLINE
  5
4B0
330
1F
100
AcDbEntity
  8
0
  6
Continuous
 62
     7
370
    15
100
AcDbSpline
210
0.0
220
0.0
230
1.0
 70
     8
 71
     3
 72
    15
 73
    11
 74
     0
 42
0.000000001
 43
0.00000001
 40
0.0
 40
0.0
 40
0.0
 40
0.0
 40
0.1221225131784138
 40
0.2378462099639916
 40
0.3525473583735681
 40
0.4739891187792605
 40
0.6008434091333132
 40
0.729317748785123
 40
0.8625471806949618
 40
1.0
 40
1.0
 40
1.0
 40
1.0
 10
118.9284810126581
 20
-15.1628243670886
 30
0.0
 10
118.9239147289607
 20
-15.07118065241438
 30
0.0
 10
118.9150214197519
 20
-14.89269505107043
 30
0.0
 10
118.828736238618
 20
-14.63931284848042
 30
0.0
 10
118.6834338447544
 20
-14.41706255852042
 30
0.0
 10
118.488284110807
 20
-14.22521115678991
 30
0.0
 10
118.2555236004523
 20
-14.06510956996526
 30
0.0
 10
118.0062288689472
 20
-13.91410163225898
 30
0.0
 10
117.7282061737553
 20
-13.80178245541333
 30
0.0
 10
117.5345390512949
 20
-13.74228544731822
 30
0.0
 10
117.436194620253
 20
-13.71207278481012
 30
0.0
  0
SPLINE
  5
4B1
330
1F
100
AcDbEntity
  8
0
  6
Continuous
 62
     7
370
    15
100
AcDbSpline
210
0.0
220
0.0
230
1.0
 70
     8
 71
     3
 72
    15
 73
    11
 74
     0
 42
0.000000001
 43
0.00000001
 40
0.0
 40
0.0
 40
0.0
 40
0.0
 40
0.1197813079862556
 40
0.2378320344012444
 40
0.3543281542759931
 40
0.473171802424816
 40
0.5935053129909295
 40
0.7194360809945887
 40
0.8534020568269232
 40
0.9999999999999999
 40
0.9999999999999999
 40
0.9999999999999999
 40
0.9999999999999999
 10
118.0058148734176
 20
-16.5690743670886
 30
0.0
 10
118.0688971545345
 20
-16.5358068030548
 30
0.0
 10
118.194150313854
 20
-16.46975231954022
 30
0.0
 10
118.3670104435786
 20
-16.34764697924136
 30
0.0
 10
118.5217214231629
 20
-16.20497914564299
 30
0.0
 10
118.667395433959
 20
-16.0505007796479
 30
0.0
 10
118.7840797337121
 20
-15.86579967361838
 30
0.0
 10
118.8725185579404
 20
-15.65610605172238
 30
0.0
 10
118.917518442149
 20
-15.41685827981915
 30
0.0
 10
118.9247187613178
 20
-15.25000642241672
 30
0.0
 10
118.9284810126581
 20
-15.1628243670886
 30
0.0
  0
SPLINE
  5
4B2
330
1F
100
AcDbEntity
  8
0
  6
Continuous
 62
     7
370
    15
100
AcDbSpline
210
0.0
220
0.0
230
1.0
 70
     8
 71
     3
 72
    15
 73
    11
 74
     0
 42
0.000000001
 43
0.00000001
 40
0.0
 40
0.0
 40
0.0
 40
0.0
 40
0.1003964100683972
 40
0.2148999119394709
 40
0.3453817630343925
 40
0.490222641891895
 40
0.637836678976528
 40
0.7712668758507791
 40
0.8916192947022051
 40
0.9999999999999999
 40
0.9999999999999999
 40
0.9999999999999999
 40
0.9999999999999999
 10
116.3325553797467
 20
-16.88651898734177
 30
0.0
 10
116.3899371214008
 20
-16.88503656216015
 30
0.0
 10
116.5127635374052
 20
-16.8818634104432
 30
0.0
 10
116.7096336494068
 20
-16.86581908284678
 30
0.0
 10
116.9311764187456
 20
-16.84181181560767
 30
0.0
 10
117.1710371593669
 20
-16.81112352689255
 30
0.0
 10
117.4109118616653
 20
-16.76869257286146
 30
0.0
 10
117.6343701814221
 20
-16.71628597770038
 30
0.0
 10
117.8321220401083
 20
-16.65300265655118
 30
0.0
 10
117.9499733441332
 20
-16.59605696587819
 30
0.0
 10
118.0058148734176
 20
-16.5690743670886
 30
0.0
  0
SPLINE
  5
4B3
330
1F
100
AcDbEntity
  8
0
  6
Continuous
 62
     7
370
    15
100
AcDbSpline
210
0.0
220
0.0
230
1.0
 70
     8
 71
     3
 72
    15
 73
    11
 74
     0
 42
0.000000001
 43
0.00000001
 40
0.0
 40
0.0
 40
0.0
 40
0.0
 40
0.1330007415974284
 40
0.2633529553146714
 40
0.3927905965989184
 40
0.5216130839122817
 40
0.6481902261341917
 40
0.7689978995365299
 40
0.8859682158161594
 40
1.0
 40
1.0
 40
1.0
 40
1.0
 10
111.2920094936708
 20
-14.79791139240506
 30
0.0
 10
111.4790611528589
 20
-14.95970515032065
 30
0.0
 10
111.8494395932498
 20
-15.28007076472834
 30
0.0
 10
112.4513616481095
 20
-15.69533768287336
 30
0.0
 10
113.0777044989523
 20
-16.05650643238161
 30
0.0
 10
113.7290706239162
 20
-16.35392154527261
 30
0.0
 10
114.3875920662719
 20
-16.59203565332919
 30
0.0
 10
115.0450331152332
 20
-16.75638072001843
 30
0.0
 10
115.6908387072908
 20
-16.86884524334975
 30
0.0
 10
116.1204715805701
 20
-16.88067791302909
 30
0.0
 10
116.3325553797467
 20
-16.88651898734177
 30
0.0
  0
SPLINE
  5
4B6
330
1F
100
AcDbEntity
  8
0
  6
Continuous
 62
     7
370
    15
100
AcDbSpline
210
0.0
220
0.0
230
1.0
 70
     8
 71
     3
 72
    15
 73
    11
 74
     0
 42
0.000000001
 43
0.00000001
 40
0.0
 40
0.0
 40
0.0
 40
0.0
 40
0.1485734939132442
 40
0.2879037989287583
 40
0.4195438208478104
 40
0.5430155052373075
 40
0.6616698257740936
 40
0.7768020652172467
 40
0.889954503121326
 40
1.0
 40
1.0
 40
1.0
 40
1.0
 10
116.3177215189872
 20
-19.54474683544303
 30
0.0
 10
116.0436561647607
 20
-19.54107177263751
 30
0.0
 10
115.5125758585881
 20
-19.53395028336546
 30
0.0
 10
114.7408561888314
 20
-19.470263677892
 30
0.0
 10
114.0198305089569
 20
-19.36954017623648
 30
0.0
 10
113.3459920268437
 20
-19.22119529717397
 30
0.0
 10
112.7119866241384
 20
-19.04073413712621
 30
0.0
 10
112.1044957966539
 20
-18.83960083089345
 30
0.0
 10
111.5173762782272
 20
-18.62734882206896
 30
0.0
 10
111.1399055931373
 20
-18.46286784388569
 30
0.0
 10
110.9537974683543
 20
-18.38177215189873
 30
0.0
  0
SPLINE
  5
4CE
330
1F
100
AcDbEntity
  8
0
  6
Continuous
 62
     7
370
    15
100
AcDbSpline
210
0.0
220
0.0
230
1.0
 70
     8
 71
     3
 72
    15
 73
    11
 74
     0
 42
0.000000001
 43
0.00000001
 40
0.0
 40
0.0
 40
0.0
 40
0.0
 40
0.1192405579185756
 40
0.2354111547310927
 40
0.3512636138500373
 40
0.4679134694041213
 40
0.5876711761734754
 40
0.7142511644160974
 40
0.8515436190320816
 40
1.0
 40
1.0
 40
1.0
 40
1.0
 10
73.17291588985273
 20
-4.97196202531645
 30
0.0
 10
73.3020023207603
 20
-5.059719824220688
 30
0.0
 10
73.55685173014346
 20
-5.232976014373815
 30
0.0
 10
73.89342848642039
 20
-5.547733509667065
 30
0.0
 10
74.19260252060744
 20
-5.892724674309171
 30
0.0
 10
74.45010683897213
 20
-6.275798376972972
 30
0.0
 10
74.66432428711389
 20
-6.701585276964004
 30
0.0
 10
74.8057458408742
 20
-7.18480073022324
 30
0.0
 10
74.89647327708232
 20
-7.717742526634547
 30
0.0
 10
74.90632569813314
 20
-8.091609647795682
 30
0.0
 10
74.91144437086538
 20
-8.285846518987338
 30
0.0
  0
SPLINE
  5
4CF
330
1F
100
AcDbEntity
  8
0
  6
Continuous
 62
     7
370
    15
100
AcDbSpline
210
0.0
220
0.0
230
1.0
 70
     8
 71
     3
 72
    15
 73
    11
 74
     0
 42
0.000000001
 43
0.00000001
 40
0.0
 40
0.0
 40
0.0
 40
0.0
 40
0.1499742367179874
 40
0.2897361266134044
 40
0.4202615173594494
 40
0.5417306470134088
 40
0.6571988118255494
 40
0.771291377721671
 40
0.8856372551188959
 40
1.0
 40
1.0
 40
1.0
 40
1.0
 10
69.31611209238437
 20
-4.164999999999995
 30
0.0
 10
69.51591056382495
 20
-4.16638637000193
 30
0.0
 10
69.90190242806312
 20
-4.169064706516281
 30
0.0
 10
70.46120100993956
 20
-4.198616786970566
 30
0.0
 10
70.98072076324749
 20
-4.249483438530487
 30
0.0
 10
71.46589231608277
 20
-4.315370109199351
 30
0.0
 10
71.924518691732
 20
-4.410964360767777
 30
0.0
 10
72.35956156396385
 20
-4.556746129551572
 30
0.0
 10
72.78004595266586
 20
-4.737605254004812
 30
0.0
 10
73.0419528054952
 20
-4.893839260742464
 30
0.0
 10
73.17291588985273
 20
-4.97196202531645
 30
0.0
  0
SPLINE
  5
4D3
330
1F
100
AcDbEntity
  8
0
  6
Continuous
 62
     7
370
    15
100
AcDbSpline
210
0.0
220
0.0
230
1.0
 70
     8
 71
     3
 72
    15
 73
    11
 74
     0
 42
0.000000001
 43
0.00000001
 40
0.0
 40
0.0
 40
0.0
 40
0.0
 40
0.139970161085947
 40
0.2711410552377994
 40
0.3961193563420751
 40
0.5148010966715885
 40
0.6304309060825815
 40
0.7481685669121019
 40
0.8688869395207954
 40
1.0
 40
1.0
 40
1.0
 40
1.0
 10
71.11397601643502
 20
-8.718995253164552
 30
0.0
 10
71.11250482692807
 20
-8.624830511900385
 30
0.0
 10
71.10965493469195
 20
-8.442420724596627
 30
0.0
 10
71.06463015963966
 20
-8.179500109485444
 30
0.0
 10
71.00331922704324
 20
-7.934538193126191
 30
0.0
 10
70.90540546949752
 20
-7.71305768281086
 30
0.0
 10
70.78483689238176
 20
-7.508240262225383
 30
0.0
 10
70.62137164153062
 20
-7.333257962224873
 30
0.0
 10
70.42391390968878
 20
-7.180600310170001
 30
0.0
 10
70.27290016922808
 20
-7.103616896989095
 30
0.0
 10
70.1942766493464
 20
-7.063536392405059
 30
0.0
  0
SPLINE
  5
4D4
330
1F
100
AcDbEntity
  8
0
  6
Continuous
 62
     7
370
    15
100
AcDbSpline
210
0.0
220
0.0
230
1.0
 70
     8
 71
     3
 72
    15
 73
    11
 74
     0
 42
0.000000001
 43
0.00000001
 40
0.0
 40
0.0
 40
0.0
 40
0.0
 40
0.1588530535189498
 40
0.3051779108415283
 40
0.4405913551357741
 40
0.562607973009323
 40
0.6778675743998798
 40
0.7868856171442311
 40
0.8937723700485077
 40
1.0
 40
1.0
 40
1.0
 40
1.0
 10
68.18577190251096
 20
-11.00044303797468
 30
0.0
 10
68.30939763774953
 20
-10.99928192120662
 30
0.0
 10
68.54689916995554
 20
-10.99705126097272
 30
0.0
 10
68.88962129394524
 20
-10.98077516573671
 30
0.0
 10
69.20203339914524
 20
-10.94639772012613
 30
0.0
 10
69.48975762197536
 20
-10.90847725769035
 30
0.0
 10
69.75238109762289
 20
-10.84426661722597
 30
0.0
 10
69.99279477606463
 20
-10.75021814213998
 30
0.0
 10
70.21608369075832
 20
-10.63349972729444
 30
0.0
 10
70.34606257467394
 20
-10.52992055158168
 30
0.0
 10
70.41085101643502
 20
-10.4782911392405
 30
0.0
  0
SPLINE
  5
501
330
1F
100
AcDbEntity
  8
0
  6
Continuous
 62
     7
370
    15
100
AcDbSpline
210
0.0
220
0.0
230
1.0
 70
     8
 71
     3
 72
    15
 73
    11
 74
     0
 42
0.000000001
 43
0.00000001
 40
0.0
 40
0.0
 40
0.0
 40
0.0
 40
0.1192405579185771
 40
0.2354111547310937
 40
0.3512636138500377
 40
0.4679134694041222
 40
0.5876711761734769
 40
0.7142511644160977
 40
0.8515436190320824
 40
1.0
 40
1.0
 40
1.0
 40
1.0
 10
26.78155328295181
 20
-51.63196202531643
 30
0.0
 10
26.91063971385938
 20
-51.71971982422066
 30
0.0
 10
27.16548912324254
 20
-51.89297601437379
 30
0.0
 10
27.50206587951945
 20
-52.20773350966706
 30
0.0
 10
27.80123991370654
 20
-52.55272467430918
 30
0.0
 10
28.0587442320712
 20
-52.93579837697296
 30
0.0
 10
28.27296168021296
 20
-53.36158527696398
 30
0.0
 10
28.41438323397329
 20
-53.84480073022321
 30
0.0
 10
28.50511067018139
 20
-54.37774252663455
 30
0.0
 10
28.51496309123221
 20
-54.75160964779568
 30
0.0
 10
28.52008176396447
 20
-54.94584651898733
 30
0.0
  0
SPLINE
  5
502
330
1F
100
AcDbEntity
  8
0
  6
Continuous
 62
     7
370
    15
100
AcDbSpline
210
0.0
220
0.0
230
1.0
 70
     8
 71
     3
 72
    15
 73
    11
 74
     0
 42
0.000000001
 43
0.00000001
 40
0.0
 40
0.0
 40
0.0
 40
0.0
 40
0.1499742367179868
 40
0.289736126613405
 40
0.4202615173594512
 40
0.5417306470134098
 40
0.657198811825548
 40
0.7712913777216717
 40
0.8856372551188976
 40
1.0
 40
1.0
 40
1.0
 40
1.0
 10
22.92474948548346
 20
-50.82499999999998
 30
0.0
 10
23.12454795692403
 20
-50.82638637000192
 30
0.0
 10
23.51053982116219
 20
-50.82906470651627
 30
0.0
 10
24.06983840303863
 20
-50.85861678697053
 30
0.0
 10
24.58935815634658
 20
-50.9094834385305
 30
0.0
 10
25.07452970918184
 20
-50.97537010919934
 30
0.0
 10
25.53315608483108
 20
-51.07096436076775
 30
0.0
 10
25.96819895706292
 20
-51.21674612955157
 30
0.0
 10
26.38868334576496
 20
-51.3976052540048
 30
0.0
 10
26.65059019859428
 20
-51.55383926074246
 30
0.0
 10
26.78155328295181
 20
-51.63196202531643
 30
0.0
  0
SPLINE
  5
506
330
1F
100
AcDbEntity
  8
0
  6
Continuous
 62
     7
370
    15
100
AcDbSpline
210
0.0
220
0.0
230
1.0
 70
     8
 71
     3
 72
    13
 73
     9
 74
     0
 42
0.000000001
 43
0.00000001
 40
0.0
 40
0.0
 40
0.0
 40
0.0
 40
0.2094069242739472
 40
0.4313265900982745
 40
0.5529659778486616
 40
0.6872297114664159
 40
0.837245702450608
 40
1.0
 40
1.0
 40
1.0
 40
1.0
 10
23.80291404244549
 20
-53.72353639240505
 30
0.0
 10
23.68153852249619
 20
-53.67672566420394
 30
0.0
 10
23.43153490240269
 20
-53.580307115271
 30
0.0
 10
23.09061344671167
 20
-53.5266487997792
 30
0.0
 10
22.79535056511417
 20
-53.50643133085234
 30
0.0
 10
22.54424034442538
 20
-53.48923191712627
 30
0.0
 10
22.26711706515624
 20
-53.48600271612721
 30
0.0
 10
22.07328091608449
 20
-53.4841775817419
 30
0.0
 10
21.97241562472396
 20
-53.48322784810125
 30
0.0
  0
SPLINE
  5
507
330
1F
100
AcDbEntity
  8
0
  6
Continuous
 62
     7
370
    15
100
AcDbSpline
210
0.0
220
0.0
230
1.0
 70
     8
 71
     3
 72
    15
 73
    11
 74
     0
 42
0.000000001
 43
0.00000001
 40
0.0
 40
0.0
 40
0.0
 40
0.0
 40
0.1588530535189484
 40
0.3051779108415285
 40
0.4405913551357743
 40
0.5626079730093245
 40
0.6778675743998828
 40
0.7868856171442342
 40
0.8937723700485084
 40
1.0
 40
1.0
 40
1.0
 40
1.0
 10
21.79440929561004
 20
-57.66044303797467
 30
0.0
 10
21.91803503084861
 20
-57.65928192120662
 30
0.0
 10
22.15553656305464
 20
-57.65705126097271
 30
0.0
 10
22.4982586870443
 20
-57.64077516573666
 30
0.0
 10
22.81067079224432
 20
-57.60639772012614
 30
0.0
 10
23.09839501507443
 20
-57.56847725769032
 30
0.0
 10
23.36101849072196
 20
-57.50426661722597
 30
0.0
 10
23.60143216916373
 20
-57.41021814213996
 30
0.0
 10
23.82472108385737
 20
-57.29349972729442
 30
0.0
 10
23.95469996777301
 20
-57.18992055158166
 30
0.0
 10
24.01948840953409
 20
-57.13829113924049
 30
0.0
  0
SPLINE
  5
512
330
1F
100
AcDbEntity
  8
0
  6
Continuous
 62
     7
370
    15
100
AcDbSpline
210
0.0
220
0.0
230
1.0
 70
     8
 71
     3
 72
    23
 73
    19
 74
     0
 42
0.000000001
 43
0.00000001
 40
0.0
 40
0.0
 40
0.0
 40
0.0
 40
0.0674503752130162
 40
0.130793565533992
 40
0.1904065536867862
 40
0.2469719101625238
 40
0.3006102503042463
 40
0.3527516695045776
 40
0.4042813310536544
 40
0.4556395395578939
 40
0.5086794296959226
 40
0.5652150774739835
 40
0.6253890754079127
 40
0.689761608592764
 40
0.7592878639654677
 40
0.8338060366766837
 40
0.913783152362078
 40
1.0
 40
1.0
 40
1.0
 40
1.0
 10
-23.32823534200722
 20
-63.35664556962023
 30
0.0
 10
-23.2252630375734
 20
-63.35459958606489
 30
0.0
 10
-23.0255886131448
 20
-63.35063220288308
 30
0.0
 10
-22.73694637673272
 20
-63.31349564775615
 30
0.0
 10
-22.46822944707448
 20
-63.25872738795475
 30
0.0
 10
-22.22090691435405
 20
-63.17922216890015
 30
0.0
 10
-21.99575306222841
 20
-63.07444022307936
 30
0.0
 10
-21.7919130871724
 20
-62.94627215209758
 30
0.0
 10
-21.61049911483714
 20
-62.79349996295415
 30
0.0
 10
-21.44702074850919
 20
-62.61966900114767
 30
0.0
 10
-21.30664863549955
 20
-62.41717047088607
 30
0.0
 10
-21.18569060539948
 20
-62.1875555620224
 30
0.0
 10
-21.0822871318247
 20
-61.9308885886303
 30
0.0
 10
-20.99574908404973
 20
-61.64727807149308
 30
0.0
 10
-20.93136143439212
 20
-61.33535699895945
 30
0.0
 10
-20.88961203731111
 20
-60.99593809011171
 30
0.0
 10
-20.85738305891663
 20
-60.62979929275679
 30
0.0
 10
-20.85512090857365
 20
-60.37610907513126
 30
0.0
 10
-20.85394736732368
 20
-60.24450158227846
 30
0.0
  0
SPLINE
  5
513
330
1F
100
AcDbEntity
  8
0
  6
Continuous
 62
     7
370
    15
100
AcDbSpline
210
0.0
220
0.0
230
1.0
 70
     8
 71
     3
 72
    23
 73
    19
 74
     0
 42
0.000000001
 43
0.00000001
 40
0.0
 40
0.0
 40
0.0
 40
0.0
 40
0.0831978435599699
 40
0.1613934094829866
 40
0.2348213409358957
 40
0.3026255893659405
 40
0.3668018230398449
 40
0.4268938282786608
 40
0.483561120321671
 40
0.5374479163730729
 40
0.5899576047540935
 40
0.6415506250521366
 40
0.6945366106142049
 40
0.7485955194025109
 40
0.8057266208842155
 40
0.866270149417461
 40
0.9310716770509802
 40
1.0
 40
1.0
 40
1.0
 40
1.0
 10
-25.79065622808317
 20
-60.24450158227846
 30
0.0
 10
-25.7891054523453
 20
-60.37114411038566
 30
0.0
 10
-25.78609714139673
 20
-60.61681477349642
 30
0.0
 10
-25.75846161250528
 20
-60.97326671435753
 30
0.0
 10
-25.7171544907308
 20
-61.30503067867066
 30
0.0
 10
-25.64866485463541
 20
-61.61025058843978
 30
0.0
 10
-25.57265238121646
 20
-61.89294596406121
 30
0.0
 10
-25.4690859351292
 20
-62.14853034402501
 30
0.0
 10
-25.35588045177638
 20
-62.38278284712649
 30
0.0
 10
-25.2172285916719
 20
-62.58947378026522
 30
0.0
 10
-25.06018761643631
 20
-62.77255306004874
 30
0.0
 10
-24.87806593044685
 20
-62.92854771296633
 30
0.0
 10
-24.67675626554378
 20
-63.06322201068289
 30
0.0
 10
-24.44984071359164
 20
-63.16936143572445
 30
0.0
 10
-24.20303804750398
 20
-63.25706074696977
 30
0.0
 10
-23.93065090225934
 20
-63.31421844479354
 30
0.0
 10
-23.6367786702723
 20
-63.3504414592626
 30
0.0
 10
-23.43317744132555
 20
-63.35453542071833
 30
0.0
 10
-23.32823534200722
 20
-63.35664556962023
 30
0.0
  0
SPLINE
  5
517
330
1F
100
AcDbEntity
  8
0
  6
Continuous
 62
     7
370
    15
100
AcDbSpline
210
0.0
220
0.0
230
1.0
 70
     8
 71
     3
 72
    23
 73
    19
 74
     0
 42
0.000000001
 43
0.00000001
 40
0.0
 40
0.0
 40
0.0
 40
0.0
 40
0.0755562006323245
 40
0.14683448603688
 40
0.2141885884637266
 40
0.2784904566897921
 40
0.3397177054125096
 40
0.3986493108773754
 40
0.4560762841901784
 40
0.5126100267236984
 40
0.5686063332735642
 40
0.6244362984821501
 40
0.6811713996827776
 40
0.7390660607437638
 40
0.7994005669317414
 40
0.8628419162057046
 40
0.9293215794701963
 40
1.0
 40
1.0
 40
1.0
 40
1.0
 10
-23.32823534200723
 20
-66.20474683544303
 30
0.0
 10
-23.57268110492078
 20
-66.20029785809393
 30
0.0
 10
-24.04773236028986
 20
-66.19165179996803
 30
0.0
 10
-24.73769316234175
 20
-66.12181489288547
 30
0.0
 10
-25.3857810672899
 20
-66.01268560578468
 30
0.0
 10
-25.98822445750002
 20
-65.84736077095599
 30
0.0
 10
-26.55056205535048
 20
-65.64524695347674
 30
0.0
 10
-27.06664671765664
 20
-65.39048991061607
 30
0.0
 10
-27.5421493223823
 20
-65.09411322863097
 30
0.0
 10
-27.97128137332341
 20
-64.74829554646503
 30
0.0
 10
-28.35288211412243
 20
-64.35806437498412
 30
0.0
 10
-28.68557224654327
 20
-63.9242965718113
 30
0.0
 10
-28.96397750727102
 20
-63.44690138556876
 30
0.0
 10
-29.19460795706591
 20
-62.92885112317542
 30
0.0
 10
-29.37182282845421
 20
-62.36737467598045
 30
0.0
 10
-29.49848504382634
 20
-61.76427416512508
 30
0.0
 10
-29.57240877251231
 20
-61.11856582781235
 30
0.0
 10
-29.58278014780106
 20
-60.67487747740137
 30
0.0
 10
-29.58812458251355
 20
-60.44624208860758
 30
0.0
  0
SPLINE
  5
518
330
1F
100
AcDbEntity
  8
0
  6
Continuous
 62
     7
370
    15
100
AcDbSpline
210
0.0
220
0.0
230
1.0
 70
     8
 71
     3
 72
    23
 73
    19
 74
     0
 42
0.000000001
 43
0.00000001
 40
0.0
 40
0.0
 40
0.0
 40
0.0
 40
0.069561617947635
 40
0.1352554956582952
 40
0.1975670658744774
 40
0.2572642788865731
 40
0.3151581157515034
 40
0.3710169114711623
 40
0.4265711336095392
 40
0.4822231677041705
 40
0.5382838168057295
 40
0.5956258255699776
 40
0.6546692725976052
 40
0.716122253929681
 40
0.7811332984957923
 40
0.8499126812142028
 40
0.9225151722088596
 40
1.0
 40
1.0
 40
1.0
 40
1.0
 10
-17.0564790128933
 20
-60.43734177215187
 30
0.0
 10
-17.06056872809095
 20
-60.66302154748163
 30
0.0
 10
-17.06852076360249
 20
-61.10183293187551
 30
0.0
 10
-17.14345108460661
 20
-61.73940484130755
 30
0.0
 10
-17.26835748066846
 20
-62.33587419854031
 30
0.0
 10
-17.43832837807103
 20
-62.89527594356921
 30
0.0
 10
-17.66531555871014
 20
-63.41121876205247
 30
0.0
 10
-17.93604239643914
 20
-63.8903714088391
 30
0.0
 10
-18.26272645061947
 20
-64.32439046013138
 30
0.0
 10
-18.6341259832467
 20
-64.72122499640321
 30
0.0
 10
-19.05532954736541
 20
-65.07476845751043
 30
0.0
 10
-19.52799985938222
 20
-65.37598510439955
 30
0.0
 10
-20.04354989429573
 20
-65.63712610223878
 30
0.0
 10
-20.6101034712589
 20
-65.84330290004411
 30
0.0
 10
-21.22296465970965
 20
-66.00528252621785
 30
0.0
 10
-21.88252388879582
 20
-66.12391623484689
 30
0.0
 10
-22.5900798133496
 20
-66.1912295869706
 30
0.0
 10
-23.07690469859838
 20
-66.20014441952415
 30
0.0
 10
-23.32823534200722
 20
-66.20474683544302
 30
0.0
  0
SPLINE
  5
519
330
1F
100
AcDbEntity
  8
0
  6
Continuous
 62
     7
370
    15
100
AcDbSpline
210
0.0
220
0.0
230
1.0
 70
     8
 71
     3
 72
    15
 73
    11
 74
     0
 42
0.000000001
 43
0.00000001
 40
0.0
 40
0.0
 40
0.0
 40
0.0
 40
0.1192405579185764
 40
0.235411154731093
 40
0.351263613850037
 40
0.4679134694041215
 40
0.587671176173477
 40
0.7142511644160979
 40
0.8515436190320823
 40
1.0
 40
1.0
 40
1.0
 40
1.0
 10
-66.61386338255177
 20
-51.63196202531643
 30
0.0
 10
-66.48477695164418
 20
-51.71971982422066
 30
0.0
 10
-66.22992754226102
 20
-51.8929760143738
 30
0.0
 10
-65.89335078598411
 20
-52.20773350966704
 30
0.0
 10
-65.59417675179706
 20
-52.55272467430917
 30
0.0
 10
-65.33667243343237
 20
-52.93579837697297
 30
0.0
 10
-65.1224549852906
 20
-53.36158527696399
 30
0.0
 10
-64.98103343153028
 20
-53.84480073022322
 30
0.0
 10
-64.89030599532222
 20
-54.37774252663456
 30
0.0
 10
-64.88045357427137
 20
-54.75160964779567
 30
0.0
 10
-64.8753349015391
 20
-54.94584651898732
 30
0.0
  0
SPLINE
  5
51A
330
1F
100
AcDbEntity
  8
0
  6
Continuous
 62
     7
370
    15
100
AcDbSpline
210
0.0
220
0.0
230
1.0
 70
     8
 71
     3
 72
    15
 73
    11
 74
     0
 42
0.000000001
 43
0.00000001
 40
0.0
 40
0.0
 40
0.0
 40
0.0
 40
0.1499742367179879
 40
0.2897361266134054
 40
0.420261517359451
 40
0.5417306470134107
 40
0.6571988118255483
 40
0.7712913777216706
 40
0.885637255118899
 40
1.0
 40
1.0
 40
1.0
 40
1.0
 10
-70.47066718002011
 20
-50.82499999999998
 30
0.0
 10
-70.27086870857956
 20
-50.82638637000191
 30
0.0
 10
-69.8848768443414
 20
-50.82906470651627
 30
0.0
 10
-69.32557826246492
 20
-50.85861678697053
 30
0.0
 10
-68.80605850915701
 20
-50.90948343853048
 30
0.0
 10
-68.32088695632173
 20
-50.97537010919933
 30
0.0
 10
-67.8622605806725
 20
-51.07096436076777
 30
0.0
 10
-67.42721770844065
 20
-51.21674612955155
 30
0.0
 10
-67.00673331973863
 20
-51.39760525400479
 30
0.0
 10
-66.7448264669093
 20
-51.55383926074245
 30
0.0
 10
-66.61386338255177
 20
-51.63196202531643
 30
0.0
  0
SPLINE
  5
51E
330
1F
100
AcDbEntity
  8
0
  6
Continuous
 62
     7
370
    15
100
AcDbSpline
210
0.0
220
0.0
230
1.0
 70
     8
 71
     3
 72
    15
 73
    11
 74
     0
 42
0.000000001
 43
0.00000001
 40
0.0
 40
0.0
 40
0.0
 40
0.0
 40
0.1588530535189446
 40
0.305177910841524
 40
0.4405913551357703
 40
0.5626079730093254
 40
0.6778675743998828
 40
0.7868856171442348
 40
0.8937723700485066
 40
0.9999999999999999
 40
0.9999999999999999
 40
0.9999999999999999
 40
0.9999999999999999
 10
-71.60100736989352
 20
-57.66044303797467
 30
0.0
 10
-71.47738163465496
 20
-57.65928192120661
 30
0.0
 10
-71.23988010244894
 20
-57.6570512609727
 30
0.0
 10
-70.89715797845926
 20
-57.64077516573668
 30
0.0
 10
-70.58474587325927
 20
-57.60639772012612
 30
0.0
 10
-70.29702165042913
 20
-57.56847725769033
 30
0.0
 10
-70.0343981747816
 20
-57.50426661722594
 30
0.0
 10
-69.79398449633983
 20
-57.41021814213997
 30
0.0
 10
-69.5706955816462
 20
-57.29349972729442
 30
0.0
 10
-69.44071669773055
 20
-57.18992055158166
 30
0.0
 10
-69.37592825596948
 20
-57.13829113924049
 30
0.0
  0
SPLINE
  5
54A
330
1F
100
AcDbEntity
  8
0
  6
Continuous
 62
     7
370
    15
100
AcDbSpline
210
0.0
220
0.0
230
1.0
 70
     8
 71
     3
 72
    15
 73
    11
 74
     0
 42
0.000000001
 43
0.00000001
 40
0.0
 40
0.0
 40
0.0
 40
0.0
 40
0.1528781903653458
 40
0.2906092701070983
 40
0.41399996333491
 40
0.5284556098698269
 40
0.6389136807436222
 40
0.7535700029387395
 40
0.8726700292516143
 40
1.0
 40
1.0
 40
1.0
 40
1.0
 10
-66.920833973864
 20
102.1754667721519
 30
0.0
 10
-66.92376833010506
 20
102.2914355026727
 30
0.0
 10
-66.92934630773163
 20
102.5118828277709
 30
0.0
 10
-66.98361000084289
 20
102.8218440157542
 30
0.0
 10
-67.06668405522308
 20
103.0955046515292
 30
0.0
 10
-67.1949403912913
 20
103.328169621074
 30
0.0
 10
-67.35650506903245
 20
103.5301314679319
 30
0.0
 10
-67.55462964318775
 20
103.7014929007675
 30
0.0
 10
-67.78590911196302
 20
103.8502641000864
 30
0.0
 10
-67.95884942083384
 20
103.9216248528502
 30
0.0
 10
-68.04820739158552
 20
103.958496835443
 30
0.0
  0
SPLINE
  5
54B
330
1F
100
AcDbEntity
  8
0
  6
Continuous
 62
     7
370
    15
100
AcDbSpline
210
0.0
220
0.0
230
1.0
 70
     8
 71
     3
 72
    15
 73
    11
 74
     0
 42
0.000000001
 43
0.00000001
 40
0.0
 40
0.0
 40
0.0
 40
0.0
 40
0.1305219613294418
 40
0.2530783877139182
 40
0.3727515006436207
 40
0.4923499811289476
 40
0.6140616288637241
 40
0.7388640404865598
 40
0.8659976425631736
 40
1.0
 40
1.0
 40
1.0
 40
1.0
 10
-67.9058023282944
 20
100.4517721518987
 30
0.0
 10
-67.82427461820022
 20
100.4938891392238
 30
0.0
 10
-67.66619469651899
 20
100.5755527852421
 30
0.0
 10
-67.45703373006891
 20
100.7354461930412
 30
0.0
 10
-67.28534132015568
 20
100.9246897023676
 30
0.0
 10
-67.15249451989922
 20
101.1417989890605
 30
0.0
 10
-67.04804660082074
 20
101.3774468000063
 30
0.0
 10
-66.97508974833332
 20
101.6300546305955
 30
0.0
 10
-66.92860169089295
 20
101.8978515460703
 30
0.0
 10
-66.92346822204782
 20
102.0813197528438
 30
0.0
 10
-66.920833973864
 20
102.1754667721519
 30
0.0
  0
SPLINE
  5
54C
330
1F
100
AcDbEntity
  8
0
  6
Continuous
 62
     7
370
    15
100
AcDbSpline
210
0.0
220
0.0
230
1.0
 70
     8
 71
     3
 72
    17
 73
    13
 74
     0
 42
0.000000001
 43
0.00000001
 40
0.2476627305036505
 40
0.2476627305036505
 40
0.2476627305036505
 40
0.2476627305036505
 40
0.3019108103380254
 40
0.3856764314467275
 40
0.4602382192934666
 40
0.5255963497158835
 40
0.5826714091032811
 40
0.6305699771330987
 40
0.7184038480602999
 40
0.809383753653774
 40
0.9025717840523355
 40
1.0
 40
1.0
 40
1.0
 40
1.0
 10
-70.28792258145896
 20
100.1441932533837
 30
0.0
 10
-70.22964152238988
 20
100.14478474601
 30
0.0
 10
-70.08136934069424
 20
100.1466476178751
 30
0.0
 10
-69.85299228931869
 20
100.1489727999979
 30
0.0
 10
-69.61268056634972
 20
100.1518632650206
 30
0.0
 10
-69.40105905340901
 20
100.155132545671
 30
0.0
 10
-69.21805213128278
 20
100.1571046290329
 30
0.0
 10
-69.01103691394128
 20
100.1646232963557
 30
0.0
 10
-68.76799610519815
 20
100.1859279593678
 30
0.0
 10
-68.48101297222524
 20
100.2434136825303
 30
0.0
 10
-68.19004830067387
 20
100.3287272212783
 30
0.0
 10
-68.00194574226146
 20
100.4101534102076
 30
0.0
 10
-67.9058023282944
 20
100.4517721518987
 30
0.0
  0
SPLINE
  5
54F
330
1F
100
AcDbEntity
  8
0
  6
Continuous
 62
     7
370
    15
100
AcDbSpline
210
0.0
220
0.0
230
1.0
 70
     8
 71
     3
 72
    15
 73
    11
 74
     0
 42
0.000000001
 43
0.00000001
 40
0.0
 40
0.0
 40
0.0
 40
0.0
 40
0.1138740149526255
 40
0.2250885158357897
 40
0.3364489332909277
 40
0.4479820417049015
 40
0.5656382246337467
 40
0.6968289287356458
 40
0.8410188335000736
 40
1.0
 40
1.0
 40
1.0
 40
1.0
 10
-64.68092099918046
 20
98.72511075949365
 30
0.0
 10
-64.82318321691157
 20
98.61812432503281
 30
0.0
 10
-65.10438513520633
 20
98.40665011155778
 30
0.0
 10
-65.56186448784386
 20
98.14572999513247
 30
0.0
 10
-66.03632018577127
 20
97.92679089269916
 30
0.0
 10
-66.54212829031123
 20
97.75899616165101
 30
0.0
 10
-67.09146398402713
 20
97.63320045279916
 30
0.0
 10
-67.6998091248056
 20
97.54744729398548
 30
0.0
 10
-68.3765567952015
 20
97.49381470391741
 30
0.0
 10
-68.85011403816188
 20
97.48803227334332
 30
0.0
 10
-69.09844473335768
 20
97.48499999999997
 30
0.0
  0
SPLINE
  5
550
330
1F
100
AcDbEntity
  8
0
  6
Continuous
 62
     7
370
    15
100
AcDbSpline
210
0.0
220
0.0
230
1.0
 70
     8
 71
     3
 72
    15
 73
    11
 74
     0
 42
0.000000001
 43
0.00000001
 40
0.0
 40
0.0
 40
0.0
 40
0.0
 40
0.1413057076666691
 40
0.2754954046074666
 40
0.4037233865887618
 40
0.5282218063398967
 40
0.6487681031304142
 40
0.7669160259701018
 40
0.8836814097176787
 40
1.0
 40
1.0
 40
1.0
 40
1.0
 10
-63.12336561943363
 20
102.1161313291139
 30
0.0
 10
-63.12859256359313
 20
101.9339220674382
 30
0.0
 10
-63.13878322835723
 20
101.578679415903
 30
0.0
 10
-63.21510248353641
 20
101.0622223629369
 30
0.0
 10
-63.35011785472174
 20
100.5807856950167
 30
0.0
 10
-63.53366137207285
 20
100.134675304718
 30
0.0
 10
-63.76416984667981
 20
99.7257357713022
 30
0.0
 10
-64.03295825612348
 20
99.35378909568674
 30
0.0
 10
-64.3345735519
 20
99.01399277844456
 30
0.0
 10
-64.56561947901317
 20
98.8212816312456
 30
0.0
 10
-64.68092099918046
 20
98.72511075949365
 30
0.0
  0
SPLINE
  5
551
330
1F
100
AcDbEntity
  8
0
  6
Continuous
 62
     7
370
    15
100
AcDbSpline
210
0.0
220
0.0
230
1.0
 70
     8
 71
     3
 72
    23
 73
    19
 74
     0
 42
0.000000001
 43
0.00000001
 40
0.0
 40
0.0
 40
0.0
 40
0.0
 40
0.0661091744204038
 40
0.1300319596422597
 40
0.1924519957654096
 40
0.2526333701611661
 40
0.3122453819029851
 40
0.3716921410304262
 40
0.4301403783412058
 40
0.4888545007385715
 40
0.5478805493282197
 40
0.606647704387178
 40
0.6670873399611789
 40
0.7285518366875403
 40
0.7916355174823372
 40
0.8581205962684544
 40
0.9272390658253057
 40
1.0
 40
1.0
 40
1.0
 40
1.0
 10
-66.12573903715514
 20
105.774161392405
 30
0.0
 10
-66.01447901138712
 20
105.7482794831674
 30
0.0
 10
-65.79563859616032
 20
105.6973716416014
 30
0.0
 10
-65.4803449743699
 20
105.5909691524494
 30
0.0
 10
-65.18110508522129
 20
105.4712135390041
 30
0.0
 10
-64.8992454099279
 20
105.3303787118459
 30
0.0
 10
-64.6344197366797
 20
105.1695517545373
 30
0.0
 10
-64.38549922118817
 20
104.9898789033985
 30
0.0
 10
-64.15617078518027
 20
104.7883240301911
 30
0.0
 10
-63.94100295426583
 20
104.5727398105332
 30
0.0
 10
-63.74821863566294
 20
104.3358493086406
 30
0.0
 10
-63.57997586847824
 20
104.0774100648764
 30
0.0
 10
-63.43828920797029
 20
103.7988002345258
 30
0.0
 10
-63.32213371333496
 20
103.5006347551648
 30
0.0
 10
-63.23318368429526
 20
103.182455441085
 30
0.0
 10
-63.16850109199365
 20
102.8451583233512
 30
0.0
 10
-63.12906422705608
 20
102.4869276927617
 30
0.0
 10
-63.1252973905916
 20
102.2418275988401
 30
0.0
 10
-63.12336561943363
 20
102.1161313291139
 30
0.0
  0
SPLINE
  5
553
330
1F
100
AcDbEntity
  8
0
  6
Continuous
 62
     7
370
    15
100
AcDbSpline
210
0.0
220
0.0
230
1.0
 70
     8
 71
     3
 72
    15
 73
    11
 74
     0
 42
0.000000001
 43
0.00000001
 40
0.0
 40
0.0
 40
0.0
 40
0.0
 40
0.1315886836568773
 40
0.2589322285108178
 40
0.3828676582405149
 40
0.5080031150953929
 40
0.631227057571573
 40
0.7522892041785737
 40
0.8742742373321424
 40
1.0
 40
1.0
 40
1.0
 40
1.0
 10
-64.07273270804123
 20
109.028710443038
 30
0.0
 10
-64.07822888884051
 20
108.8521197939093
 30
0.0
 10
-64.08904393997645
 20
108.5046354279111
 30
0.0
 10
-64.19747581113316
 20
108.0004867314951
 30
0.0
 10
-64.3668584490263
 20
107.5237419785474
 30
0.0
 10
-64.6067813878585
 20
107.0837800355206
 30
0.0
 10
-64.90699313341348
 20
106.6877617670598
 30
0.0
 10
-65.26070062577655
 20
106.3447158688974
 30
0.0
 10
-65.6690046738736
 20
106.060900826713
 30
0.0
 10
-65.97196920703327
 20
105.9238330649969
 30
0.0
 10
-66.12573903715514
 20
105.8542642405063
 30
0.0
  0
SPLINE
  5
554
330
1F
100
AcDbEntity
  8
0
  6
Continuous
 62
     7
370
    15
100
AcDbSpline
210
0.0
220
0.0
230
1.0
 70
     8
 71
     3
 72
    15
 73
    11
 74
     0
 42
0.000000001
 43
0.00000001
 40
0.0
 40
0.0
 40
0.0
 40
0.0
 40
0.130230886868538
 40
0.2539841589827416
 40
0.374886447302035
 40
0.4949107620195431
 40
0.6160542380910385
 40
0.7383283342845824
 40
0.866597089318392
 40
0.9999999999999999
 40
0.9999999999999999
 40
0.9999999999999999
 40
0.9999999999999999
 10
-65.67478967006654
 20
111.8352768987342
 30
0.0
 10
-65.54711999858337
 20
111.7603480371548
 30
0.0
 10
-65.2981308768861
 20
111.6142172355503
 30
0.0
 10
-64.96558703145915
 20
111.3446947160606
 30
0.0
 10
-64.69223709863344
 20
111.0315194294705
 30
0.0
 10
-64.46346856666649
 20
110.6882561127141
 30
0.0
 10
-64.28902618524226
 20
110.3123708750599
 30
0.0
 10
-64.16388271772973
 20
109.9083285925193
 30
0.0
 10
-64.08416582130425
 20
109.4778564315891
 30
0.0
 10
-64.07659327178935
 20
109.1803713844737
 30
0.0
 10
-64.07273270804123
 20
109.028710443038
 30
0.0
  0
SPLINE
  5
555
330
1F
100
AcDbEntity
  8
0
  6
Continuous
 62
     7
370
    15
100
AcDbSpline
210
0.0
220
0.0
230
1.0
 70
     8
 71
     3
 72
    19
 73
    15
 74
     0
 42
0.000000001
 43
0.00000001
 40
0.0
 40
0.0
 40
0.0
 40
0.0
 40
0.0952933680654693
 40
0.184948377570725
 40
0.2682664689226588
 40
0.3459621049727733
 40
0.4173793915589176
 40
0.4832665611053331
 40
0.5428268767752894
 40
0.5969344290362313
 40
0.6989619645064024
 40
0.7993154317353415
 40
0.8996093036897247
 40
1.0
 40
1.0
 40
1.0
 40
1.0
 10
-69.7808023282944
 20
112.485
 30
0.0
 10
-69.64729554795227
 20
112.4842381401458
 30
0.0
 10
-69.38818137327009
 20
112.4827594984857
 30
0.0
 10
-69.01237120967059
 20
112.4768928655761
 30
0.0
 10
-68.66128948935307
 20
112.4678799966672
 30
0.0
 10
-68.3358272992237
 20
112.4569433715108
 30
0.0
 10
-68.03502746767656
 20
112.4398396204734
 30
0.0
 10
-67.76039264791768
 20
112.4142786385106
 30
0.0
 10
-67.50971762191864
 20
112.3927309238243
 30
0.0
 10
-67.21008192414712
 20
112.3529316907829
 30
0.0
 10
-66.85646072841418
 20
112.2867542346837
 30
0.0
 10
-66.44747308286163
 20
112.1731788796597
 30
0.0
 10
-66.05104124520078
 20
112.026623380189
 30
0.0
 10
-65.80024719534312
 20
111.8990795712549
 30
0.0
 10
-65.67478967006654
 20
111.8352768987342
 30
0.0
  0
SPLINE
  5
55B
330
1F
100
AcDbEntity
  8
0
  6
Continuous
 62
     7
370
    15
100
AcDbSpline
210
0.0
220
0.0
230
1.0
 70
     8
 71
     3
 72
    15
 73
    11
 74
     0
 42
0.000000001
 43
0.00000001
 40
0.0
 40
0.0
 40
0.0
 40
0.0
 40
0.1144244663552438
 40
0.2343490368226245
 40
0.3573041405096152
 40
0.4876510561901989
 40
0.6171756679954788
 40
0.7452253683047746
 40
0.8697702384092135
 40
1.0
 40
1.0
 40
1.0
 40
1.0
 10
-67.87020106247161
 20
108.3107515822785
 30
0.0
 10
-67.87255206174592
 20
108.372239546775
 30
0.0
 10
-67.87736706707702
 20
108.4981710517663
 30
0.0
 10
-67.91549607734355
 20
108.6868233217282
 30
0.0
 10
-67.97106115718114
 20
108.879732787276
 30
0.0
 10
-68.05420907645578
 20
109.0681502618094
 30
0.0
 10
-68.15460244247059
 20
109.2515012454402
 30
0.0
 10
-68.28846345438335
 20
109.4089551618705
 30
0.0
 10
-68.45063311594778
 20
109.5377498777479
 30
0.0
 10
-68.57305269092647
 20
109.5994346201282
 30
0.0
 10
-68.63562827766148
 20
109.6309651898734
 30
0.0
  0
SPLINE
  5
55C
330
1F
100
AcDbEntity
  8
0
  6
Continuous
 62
     7
370
    15
100
AcDbSpline
210
0.0
220
0.0
230
1.0
 70
     8
 71
     3
 72
    12
 73
     8
 74
     0
 42
0.000000001
 43
0.00000001
 40
0.2420228487414702
 40
0.2420228487414702
 40
0.2420228487414702
 40
0.2420228487414702
 40
0.3765062957031166
 40
0.5151663069475827
 40
0.6199003058655003
 40
0.8017828968074064
 40
1.0
 40
1.0
 40
1.0
 40
1.0
 10
-70.28792258145845
 20
106.5998045255896
 30
0.0
 10
-70.19008252737703
 20
106.6010731496197
 30
0.0
 10
-69.99137419892074
 20
106.6049726687797
 30
0.0
 10
-69.71645799299125
 20
106.6100509825584
 30
0.0
 10
-69.40718291302258
 20
106.6172964620779
 30
0.0
 10
-69.05548034995132
 20
106.6725482272322
 30
0.0
 10
-68.79903102482443
 20
106.7782019780637
 30
0.0
 10
-68.66529599918046
 20
106.8332990506329
 30
0.0
  0
SPLINE
  5
55E
330
1F
100
AcDbEntity
  8
0
  6
Continuous
 62
     7
370
    15
100
AcDbSpline
210
0.0
220
0.0
230
1.0
 70
     8
 71
     3
 72
    15
 73
    11
 74
     0
 42
0.000000001
 43
0.00000001
 40
0.0
 40
0.0
 40
0.0
 40
0.0
 40
0.076869695440875
 40
0.1645069888857736
 40
0.2624269047412544
 40
0.373701327689789
 40
0.5010780312099214
 40
0.6469463960795178
 40
0.8136361208452584
 40
0.880696547630799
 40
0.880696547630799
 40
0.880696547630799
 40
0.880696547630799
 10
-68.04820739158552
 20
103.958496835443
 30
0.0
 10
-68.11009607011165
 20
103.9806657509133
 30
0.0
 10
-68.24254254452606
 20
104.028108914438
 30
0.0
 10
-68.46288942616371
 20
104.0730732958872
 30
0.0
 10
-68.71498969441402
 20
104.1021021211328
 30
0.0
 10
-69.00242970308878
 20
104.1140085539629
 30
0.0
 10
-69.33079076569896
 20
104.1226461267972
 30
0.0
 10
-69.706616959277
 20
104.1283687948115
 30
0.0
 10
-70.03093107555807
 20
104.1305459662479
 30
0.0
 10
-70.23063071582312
 20
104.1308094572178
 30
0.0
 10
-70.28792258145896
 20
104.1308282984899
 30
0.0
  0
SPLINE
  5
55F
330
1F
100
AcDbEntity
  8
0
  6
Continuous
 62
     7
370
    15
100
AcDbSpline
210
0.0
220
0.0
230
1.0
 70
     8
 71
     3
 72
    15
 73
    11
 74
     0
 42
0.000000001
 43
0.00000001
 40
0.0
 40
0.0
 40
0.0
 40
0.0
 40
0.0739761096519028
 40
0.1443573719119288
 40
0.2115456684307502
 40
0.2760026318605454
 40
0.3379327652610082
 40
0.398551487836424
 40
0.4578277451376328
 40
0.5086036803798265
 40
0.5086036803798265
 40
0.5086036803798265
 40
0.5086036803798265
 10
-123.7209300291394
 20
81.6282990506329
 30
0.0
 10
-123.7155408145855
 20
81.92521250669645
 30
0.0
 10
-123.7050242727812
 20
82.50461099634818
 30
0.0
 10
-123.6142780816524
 20
83.3497241969537
 30
0.0
 10
-123.4678655457935
 20
84.14791076533933
 30
0.0
 10
-123.2600314702995
 20
84.89739237080559
 30
0.0
 10
-122.9962646765794
 20
85.60118488411972
 30
0.0
 10
-122.6688608275271
 20
86.25461033569981
 30
0.0
 10
-122.3025997964803
 20
86.83488493022821
 30
0.0
 10
-122.0277768655877
 20
87.181364923112
 30
0.0
 10
-121.8942061744255
 20
87.33541531362646
 30
0.0
  0
SPLINE
  5
560
330
1F
100
AcDbEntity
  8
0
  6
Continuous
 62
     7
370
    15
100
AcDbSpline
210
0.0
220
0.0
230
1.0
 70
     8
 71
     3
 72
    23
 73
    19
 74
     0
 42
0.000000001
 43
0.00000001
 40
0.0
 40
0.0
 40
0.0
 40
0.0
 40
0.0650904563183014
 40
0.1273233501517017
 40
0.1871985846258797
 40
0.2458758303252933
 40
0.3034251099650289
 40
0.3606634831878172
 40
0.4183541038827713
 40
0.4773240059896776
 40
0.5369732243021635
 40
0.5969523168415616
 40
0.6580643664971634
 40
0.7211594606572304
 40
0.7862010716509231
 40
0.8541877395663687
 40
0.9253422171415675
 40
1.0
 40
1.0
 40
1.0
 40
1.0
 10
-117.0753604088862
 20
73.77525316455694
 30
0.0
 10
-117.3251233597837
 20
73.79213442766533
 30
0.0
 10
-117.8136843171155
 20
73.82515584271334
 30
0.0
 10
-118.5226451260859
 20
73.95598281481014
 30
0.0
 10
-119.1930946507577
 20
74.14196508166845
 30
0.0
 10
-119.8234534058529
 20
74.39186024621155
 30
0.0
 10
-120.4156832474604
 20
74.70095039036235
 30
0.0
 10
-120.9642988456379
 20
75.07552678096478
 30
0.0
 10
-121.4749630104108
 20
75.50842706375208
 30
0.0
 10
-121.9433289972194
 20
76.00010126064247
 30
0.0
 10
-122.3595456241167
 20
76.54725379825845
 30
0.0
 10
-122.7291280186111
 20
77.13687538957845
 30
0.0
 10
-123.0337345513704
 20
77.77737535123215
 30
0.0
 10
-123.2857675260068
 20
78.46054662691346
 30
0.0
 10
-123.4823912323839
 20
79.18936481545116
 30
0.0
 10
-123.6184947192628
 20
79.96284496071605
 30
0.0
 10
-123.7082947262027
 20
80.78065649738538
 30
0.0
 10
-123.7166513358126
 20
81.34126180631172
 30
0.0
 10
-123.7209300291394
 20
81.62829905063289
 30
0.0
  0
SPLINE
  5
561
330
1F
100
AcDbEntity
  8
0
  6
Continuous
 62
     7
370
    15
100
AcDbSpline
210
0.0
220
0.0
230
1.0
 70
     8
 71
     3
 72
    15
 73
    11
 74
     0
 42
0.000000001
 43
0.00000001
 40
0.0
 40
0.0
 40
0.0
 40
0.0
 40
0.1209554316429683
 40
0.240516688753119
 40
0.361516350808943
 40
0.4850217950661753
 40
0.6101520740470932
 40
0.7372798125449616
 40
0.8673822287952694
 40
1.0
 40
1.0
 40
1.0
 40
1.0
 10
-115.939086674709
 20
70.92715189873415
 30
0.0
 10
-116.0274421535582
 20
71.01810936057494
 30
0.0
 10
-116.2031346951609
 20
71.19897587679648
 30
0.0
 10
-116.4258664448437
 20
71.5065174275155
 30
0.0
 10
-116.6178420374637
 20
71.83672482477542
 30
0.0
 10
-116.7698920992498
 20
72.19358164251385
 30
0.0
 10
-116.891544843775
 20
72.56830227539774
 30
0.0
 10
-116.9819995347449
 20
72.95863571284114
 30
0.0
 10
-117.0504055160779
 20
73.36173210566471
 30
0.0
 10
-117.0669891857532
 20
73.6365357963527
 30
0.0
 10
-117.0753604088862
 20
73.77525316455694
 30
0.0
  0
SPLINE
  5
562
330
1F
100
AcDbEntity
  8
0
  6
Continuous
 62
     7
370
    15
100
AcDbSpline
210
0.0
220
0.0
230
1.0
 70
     8
 71
     3
 72
    15
 73
    11
 74
     0
 42
0.000000001
 43
0.00000001
 40
0.0
 40
0.0
 40
0.0
 40
0.0
 40
0.1552273364475487
 40
0.299024185116641
 40
0.4322079992457952
 40
0.5560736295243097
 40
0.6729838947251171
 40
0.7849439672400131
 40
0.8935504708791814
 40
1.0
 40
1.0
 40
1.0
 40
1.0
 10
-112.5688335101521
 20
69.78791139240505
 30
0.0
 10
-112.7578897113115
 20
69.79072547834787
 30
0.0
 10
-113.1220805670378
 20
69.79614642916205
 30
0.0
 10
-113.6457171813806
 20
69.85417715461827
 30
0.0
 10
-114.1263299918395
 20
69.9427833627765
 30
0.0
 10
-114.5627118105167
 20
70.07534405611122
 30
0.0
 10
-114.961095881958
 20
70.23790704311492
 30
0.0
 10
-115.3215178316676
 20
70.4362311145082
 30
0.0
 10
-115.6529221700148
 20
70.65928542879418
 30
0.0
 10
-115.8443384638302
 20
70.83846211238782
 30
0.0
 10
-115.939086674709
 20
70.92715189873415
 30
0.0
  0
SPLINE
  5
563
330
1F
100
AcDbEntity
  8
0
  6
Continuous
 62
     7
370
    15
100
AcDbSpline
210
0.0
220
0.0
230
1.0
 70
     8
 71
     3
 72
    13
 73
     9
 74
     0
 42
0.000000001
 43
0.00000001
 40
0.0
 40
0.0
 40
0.0
 40
0.0
 40
0.1968599029424775
 40
0.3925183687208966
 40
0.5036100203975812
 40
0.6411695424206035
 40
0.8072597869136277
 40
1.0
 40
1.0
 40
1.0
 40
1.0
 10
-109.4804237000255
 20
70.06678797468352
 30
0.0
 10
-109.6796865125403
 20
70.02266757205983
 30
0.0
 10
-110.0769960354344
 20
69.93469603389335
 30
0.0
 10
-110.5944020817201
 20
69.8613924528432
 30
0.0
 10
-111.0533073193173
 20
69.82186933351826
 30
0.0
 10
-111.4828596991773
 20
69.80382512550908
 30
0.0
 10
-111.9971124211552
 20
69.78737124855326
 30
0.0
 10
-112.3690519583407
 20
69.78772264516623
 30
0.0
 10
-112.568833510152
 20
69.78791139240504
 30
0.0
  0
SPLINE
  5
566
330
1F
100
AcDbEntity
  8
0
  6
Continuous
 62
     7
370
    15
100
AcDbSpline
210
0.0
220
0.0
230
1.0
 70
     8
 71
     3
 72
    13
 73
     9
 74
     0
 42
0.000000001
 43
0.00000001
 40
0.0
 40
0.0
 40
0.0
 40
0.0
 40
0.2689990263260241
 40
0.5565986534177998
 40
0.6967618033802537
 40
0.8189173380757524
 40
0.9189445105775871
 40
1.0
 40
1.0
 40
1.0
 40
1.0
 10
-111.5334300291394
 20
72.25626582278478
 30
0.0
 10
-111.37767145565
 20
72.26282293566658
 30
0.0
 10
-111.055383998158
 20
72.27639056916382
 30
0.0
 10
-110.6599368657197
 20
72.36285097222326
 30
0.0
 10
-110.3531492446284
 20
72.44717974287046
 30
0.0
 10
-110.1541549782796
 20
72.51305788426622
 30
0.0
 10
-109.9876732864991
 20
72.56936686880877
 30
0.0
 10
-109.893447282279
 20
72.61540517682326
 30
0.0
 10
-109.8512702190128
 20
72.63601265822781
 30
0.0
  0
SPLINE
  5
567
330
1F
100
AcDbEntity
  8
0
  6
Continuous
 62
     7
370
    15
100
AcDbSpline
210
0.0
220
0.0
230
1.0
 70
     8
 71
     3
 72
    23
 73
    19
 74
     0
 42
0.000000001
 43
0.00000001
 40
0.0
 40
0.0
 40
0.0
 40
0.0
 40
0.0807897455013512
 40
0.1558942966553681
 40
0.2246430064490305
 40
0.2877551349552303
 40
0.3458674633093449
 40
0.4003992401042353
 40
0.4506526835122343
 40
0.4980752940047718
 40
0.54568411965283
 40
0.5957538204221743
 40
0.6503329015741326
 40
0.7098059769548746
 40
0.7731396954325648
 40
0.8426032787302882
 40
0.9184065373702438
 40
1.0
 40
1.0
 40
1.0
 40
1.0
 10
-113.6576388898989
 20
74.3063053797468
 30
0.0
 10
-113.6549854543748
 20
74.21325409981115
 30
0.0
 10
-113.6498653062399
 20
74.03369958149413
 30
0.0
 10
-113.6215253341982
 20
73.77644992489259
 30
0.0
 10
-113.5866924549298
 20
73.54022535868847
 30
0.0
 10
-113.5269419809431
 20
73.32950459597883
 30
0.0
 10
-113.4650553760213
 20
73.1363991087045
 30
0.0
 10
-113.3809119341303
 20
72.96810005373167
 30
0.0
 10
-113.2867017657109
 20
72.8196652999569
 30
0.0
 10
-113.1737896058494
 20
72.69510868831216
 30
0.0
 10
-113.0435695430807
 20
72.58938947094612
 30
0.0
 10
-112.8920914996164
 20
72.50007894587648
 30
0.0
 10
-112.7192231136148
 20
72.42265368602824
 30
0.0
 10
-112.5237431847042
 20
72.36190046349269
 30
0.0
 10
-112.3071946696612
 20
72.31483264745715
 30
0.0
 10
-112.0694400262445
 20
72.27920101066529
 30
0.0
 10
-111.8087126631946
 20
72.25877391360908
 30
0.0
 10
-111.6274140704415
 20
72.2571221082255
 30
0.0
 10
-111.5334300291394
 20
72.25626582278478
 30
0.0
  0
SPLINE
  5
568
330
1F
100
AcDbEntity
  8
0
  6
Continuous
 62
     7
370
    15
100
AcDbSpline
210
0.0
220
0.0
230
1.0
 70
     8
 71
     3
 72
     9
 73
     5
 74
     0
 42
0.000000001
 43
0.00000001
 40
0.8933419567002164
 40
0.8933419567002164
 40
0.8933419567002164
 40
0.8933419567002164
 40
0.9402932240208907
 40
1.0
 40
1.0
 40
1.0
 40
1.0
 10
-112.7965035793373
 20
74.7255763610115
 30
0.0
 10
-112.9180249976675
 20
74.65463111236446
 30
0.0
 10
-113.1993426905558
 20
74.50258338788389
 30
0.0
 10
-113.4931606749441
 20
74.37674771913237
 30
0.0
 10
-113.6576388898989
 20
74.3063053797468
 30
0.0
  0
SPLINE
  5
56A
330
1F
100
AcDbEntity
  8
0
  6
Continuous
 62
     7
370
    15
100
AcDbSpline
210
0.0
220
0.0
230
1.0
 70
     8
 71
     3
 72
    14
 73
    10
 74
     0
 42
0.000000001
 43
0.00000001
 40
0.0
 40
0.0
 40
0.0
 40
0.0
 40
0.1193323885672966
 40
0.2390197329694963
 40
0.3597458898566401
 40
0.4823528668223526
 40
0.6076399890331424
 40
0.7342270313697058
 40
0.7685715481683028
 40
0.7685715481683028
 40
0.7685715481683028
 40
0.7685715481683028
 10
-116.5947433202787
 20
76.62335443037973
 30
0.0
 10
-116.4867618118824
 20
76.62688118730453
 30
0.0
 10
-116.2704776026045
 20
76.63394519154122
 30
0.0
 10
-115.9483705332361
 20
76.68817568065249
 30
0.0
 10
-115.6334029754195
 20
76.78273164462932
 30
0.0
 10
-115.3224457203285
 20
76.90511823157722
 30
0.0
 10
-115.0264600840237
 20
77.07207918676288
 30
0.0
 10
-114.8175362231123
 20
77.22619293760133
 30
0.0
 10
-114.708373013179
 20
77.32273287806365
 30
0.0
 10
-114.6854577769378
 20
77.34375474411273
 30
0.0
  0
SPLINE
  5
56B
330
1F
100
AcDbEntity
  8
0
  6
Continuous
 62
     7
370
    15
100
AcDbSpline
210
0.0
220
0.0
230
1.0
 70
     8
 71
     3
 72
    15
 73
    11
 74
     0
 42
0.000000001
 43
0.00000001
 40
0.0
 40
0.0
 40
0.0
 40
0.0
 40
0.1407999008003727
 40
0.2741776477816111
 40
0.4013741149969641
 40
0.5244888579351489
 40
0.645630251748317
 40
0.7637116572808542
 40
0.8814107151106048
 40
1.0
 40
1.0
 40
1.0
 40
1.0
 10
-118.9236594595192
 20
77.79226265822784
 30
0.0
 10
-118.8435952202173
 20
77.69357478348967
 30
0.0
 10
-118.6876872637598
 20
77.50140128616138
 30
0.0
 10
-118.4258700229174
 20
77.2496061126852
 30
0.0
 10
-118.1446977579697
 20
77.04589541717412
 30
0.0
 10
-117.8481153798194
 20
76.8879975878641
 30
0.0
 10
-117.5425469604169
 20
76.77001240428613
 30
0.0
 10
-117.231133833915
 20
76.68662762833853
 30
0.0
 10
-116.9149502218116
 20
76.63411204893363
 30
0.0
 10
-116.7017467054324
 20
76.6269492985601
 30
0.0
 10
-116.5947433202786
 20
76.62335443037972
 30
0.0
  0
SPLINE
  5
56C
330
1F
100
AcDbEntity
  8
0
  6
Continuous
 62
     7
370
    15
100
AcDbSpline
210
0.0
220
0.0
230
1.0
 70
     8
 71
     3
 72
    15
 73
    11
 74
     0
 42
0.000000001
 43
0.00000001
 40
0.0
 40
0.0
 40
0.0
 40
0.0
 40
0.16477128977352
 40
0.3153580199025929
 40
0.4523308770922126
 40
0.576448478103506
 40
0.6912717371241726
 40
0.7995072404259507
 40
0.9023396981226429
 40
1.0
 40
1.0
 40
1.0
 40
1.0
 10
-119.923461674709
 20
81.64906645569617
 30
0.0
 10
-119.9201522762768
 20
81.42645107620149
 30
0.0
 10
-119.9138183734587
 20
81.0003844636636
 30
0.0
 10
-119.8633709477128
 20
80.39095367374243
 30
0.0
 10
-119.7828628710161
 20
79.84017433437027
 30
0.0
 10
-119.6664908095394
 20
79.34522656678568
 30
0.0
 10
-119.5204520942439
 20
78.89885885227119
 30
0.0
 10
-119.3469739412502
 20
78.49389631927217
 30
0.0
 10
-119.1543182287828
 20
78.12289750766745
 30
0.0
 10
-118.9992119456391
 20
77.9005623988049
 30
0.0
 10
-118.9236594595191
 20
77.79226265822783
 30
0.0
  0
SPLINE
  5
56D
330
1F
100
AcDbEntity
  8
0
  6
Continuous
 62
     7
370
    15
100
AcDbSpline
210
0.0
220
0.0
230
1.0
 70
     8
 71
     3
 72
    12
 73
     8
 74
     0
 42
0.000000001
 43
0.00000001
 40
0.3832765716971289
 40
0.3832765716971289
 40
0.3832765716971289
 40
0.3832765716971289
 40
0.4256637061951246
 40
0.5538735420450611
 40
0.6923357960868709
 40
0.8406322062677603
 40
1.0
 40
1.0
 40
1.0
 40
1.0
 10
-119.5920433158788
 20
84.14451051329908
 30
0.0
 10
-119.6092477678035
 20
84.08921460538758
 30
0.0
 10
-119.6756077579703
 20
83.86572434660518
 30
0.0
 10
-119.7780580528763
 20
83.45574657185699
 30
0.0
 10
-119.8588195313334
 20
82.8941754198297
 30
0.0
 10
-119.9146398543972
 20
82.28706216985366
 30
0.0
 10
-119.920451358399
 20
81.8667731008265
 30
0.0
 10
-119.923461674709
 20
81.64906645569617
 30
0.0
  0
SPLINE
  5
56F
330
1F
100
AcDbEntity
  8
0
  6
Continuous
 62
     7
370
    15
100
AcDbSpline
210
0.0
220
0.0
230
1.0
 70
     8
 71
     3
 72
    15
 73
    11
 74
     0
 42
0.000000001
 43
0.00000001
 40
0.0
 40
0.0
 40
0.0
 40
0.0
 40
0.1253702131106456
 40
0.2452861486282219
 40
0.3619566518608418
 40
0.4759912462323905
 40
0.5930244647388231
 40
0.7173862098536122
 40
0.8530854827748953
 40
0.9999999999999999
 40
0.9999999999999999
 40
0.9999999999999999
 40
0.9999999999999999
 10
-116.5947433202786
 20
86.68664556962023
 30
0.0
 10
-116.7066922294618
 20
86.68425378564385
 30
0.0
 10
-116.9257196690372
 20
86.6795742731395
 30
0.0
 10
-117.2455301526903
 20
86.62940909109305
 30
0.0
 10
-117.5497611106106
 20
86.55418724433635
 30
0.0
 10
-117.8396779473139
 20
86.44177898175992
 30
0.0
 10
-118.1213304506743
 20
86.29333818382797
 30
0.0
 10
-118.3885208745969
 20
86.0873286613023
 30
0.0
 10
-118.6583089208754
 20
85.84310915182428
 30
0.0
 10
-118.8192356053355
 20
85.64854676376294
 30
0.0
 10
-118.9028920544558
 20
85.54740506329111
 30
0.0
  0
SPLINE
  5
570
330
1F
100
AcDbEntity
  8
0
  6
Continuous
 62
     7
370
    15
100
AcDbSpline
210
0.0
220
0.0
230
1.0
 70
     8
 71
     3
 72
    15
 73
    11
 74
     0
 42
0.000000001
 43
0.00000001
 40
0.0
 40
0.0
 40
0.0
 40
0.0
 40
0.1408231896269221
 40
0.2734591023445903
 40
0.400792001962973
 40
0.5236901667679165
 40
0.6445466669092734
 40
0.7633520214523857
 40
0.8806836523264746
 40
1.0
 40
1.0
 40
1.0
 40
1.0
 10
-114.2776942696457
 20
85.52663765822783
 30
0.0
 10
-114.3579445108092
 20
85.62414874318839
 30
0.0
 10
-114.5137793485915
 20
85.81350174557817
 30
0.0
 10
-114.7725257110718
 20
86.0647378835787
 30
0.0
 10
-115.0541912904513
 20
86.26283937397022
 30
0.0
 10
-115.3470544543047
 20
86.42218081816976
 30
0.0
 10
-115.6507414230296
 20
86.54048231339175
 30
0.0
 10
-115.9604092854704
 20
86.62292665058047
 30
0.0
 10
-116.2754800076112
 20
86.67613118869764
 30
0.0
 10
-116.487728853919
 20
86.68312123463123
 30
0.0
 10
-116.5947433202786
 20
86.68664556962023
 30
0.0
  0
SPLINE
  5
571
330
1F
100
AcDbEntity
  8
0
  6
Continuous
 62
     7
370
    15
100
AcDbSpline
210
0.0
220
0.0
230
1.0
 70
     8
 71
     3
 72
    14
 73
    10
 74
     0
 42
0.000000001
 43
0.00000001
 40
0.1029308756887992
 40
0.1029308756887992
 40
0.1029308756887992
 40
0.1029308756887992
 40
0.2061303772716717
 40
0.313011792648921
 40
0.4244218237051736
 40
0.5451249507718164
 40
0.6808969987423195
 40
0.8318789725896627
 40
1.0
 40
1.0
 40
1.0
 40
1.0
 10
-114.0430896363989
 20
78.16253249956445
 30
0.0
 10
-113.9719493769742
 20
78.28197402118047
 30
0.0
 10
-113.8400393528278
 20
78.53302685441383
 30
0.0
 10
-113.6709044420549
 20
78.93219724097293
 30
0.0
 10
-113.5257230147904
 20
79.36580978009651
 30
0.0
 10
-113.4114980939827
 20
79.84895763579765
 30
0.0
 10
-113.3358205283792
 20
80.39316860426912
 30
0.0
 10
-113.2832875181682
 20
81.00425456306553
 30
0.0
 10
-113.2797538076726
 20
81.43434056343958
 30
0.0
 10
-113.2778920544558
 20
81.66093354430377
 30
0.0
  0
SPLINE
  5
573
330
1F
100
AcDbEntity
  8
0
  6
Continuous
 62
     7
370
    15
100
AcDbSpline
210
0.0
220
0.0
230
1.0
 70
     8
 71
     3
 72
    20
 73
    16
 74
     0
 42
0.000000001
 43
0.00000001
 40
0.0
 40
0.0
 40
0.0
 40
0.0
 40
0.0733254333148044
 40
0.1442053013104065
 40
0.2125194476409249
 40
0.2792146314209093
 40
0.3441683766653141
 40
0.4077584145784087
 40
0.4701884059599273
 40
0.5317647835026507
 40
0.5922434644734099
 40
0.6512809709597079
 40
0.7090840880382671
 40
0.7667625967367564
 40
0.7819358966088723
 40
0.7819358966088723
 40
0.7819358966088723
 40
0.7819358966088723
 10
-109.4804237000255
 20
81.63126582278478
 30
0.0
 10
-109.4839296602133
 20
81.4116227061098
 30
0.0
 10
-109.4908246490651
 20
80.9796620563187
 30
0.0
 10
-109.5424972742782
 20
80.3448131771868
 30
0.0
 10
-109.6241506320455
 20
79.73321847800571
 30
0.0
 10
-109.7435797220252
 20
79.14591192267577
 30
0.0
 10
-109.893586408012
 20
78.5802625511947
 30
0.0
 10
-110.081460153676
 20
78.0394551630773
 30
0.0
 10
-110.3011516437942
 20
77.52186116689785
 30
0.0
 10
-110.5524286387875
 20
77.02917197542408
 30
0.0
 10
-110.8364226605105
 20
76.56630599495271
 30
0.0
 10
-111.1519062163011
 20
76.13836558164472
 30
0.0
 10
-111.4946683637524
 20
75.7428312403002
 30
0.0
 10
-111.77784355219
 20
75.47203566921426
 30
0.0
 10
-111.9431438641272
 20
75.32939913062285
 30
0.0
 10
-111.9779015967834
 20
75.30008582138599
 30
0.0
  0
SPLINE
  5
574
330
1F
100
AcDbEntity
  8
0
  6
Continuous
 62
     7
370
    15
100
AcDbSpline
210
0.0
220
0.0
230
1.0
 70
     8
 71
     3
 72
    23
 73
    19
 74
     0
 42
0.000000001
 43
0.00000001
 40
0.0
 40
0.0
 40
0.0
 40
0.0
 40
0.0670512811149668
 40
0.1309046943388332
 40
0.1922721602802187
 40
0.2513934050590936
 40
0.3094569467255177
 40
0.3665314524801415
 40
0.4240406555225839
 40
0.4823871903262077
 40
0.54124257006994
 40
0.6007509560111371
 40
0.6611151774666008
 40
0.7234162122340769
 40
0.7878367095920976
 40
0.8549869948067402
 40
0.9255733919989041
 40
0.9999999999999999
 40
0.9999999999999999
 40
0.9999999999999999
 40
0.9999999999999999
 10
-116.6066104088862
 20
89.534746835443
 30
0.0
 10
-116.3372527220113
 20
89.52921431295277
 30
0.0
 10
-115.8113837888327
 20
89.5184131298364
 30
0.0
 10
-115.0452100576648
 20
89.41276861361992
 30
0.0
 10
-114.3213024654962
 20
89.25395675402889
 30
0.0
 10
-113.6417293038665
 20
89.02043043109654
 30
0.0
 10
-113.0082986579309
 20
88.72015858638485
 30
0.0
 10
-112.4171605476344
 20
88.35523012172493
 30
0.0
 10
-111.8723753391388
 20
87.92231883057701
 30
0.0
 10
-111.3739764149742
 20
87.42665009354057
 30
0.0
 10
-110.9286635994565
 20
86.8726526216177
 30
0.0
 10
-110.5379111883245
 20
86.26908380387306
 30
0.0
 10
-110.2114432479126
 20
85.6131170273814
 30
0.0
 10
-109.9402191322261
 20
84.91143519953218
 30
0.0
 10
-109.7339438929782
 20
84.1596046536014
 30
0.0
 10
-109.5866932290649
 20
83.36068023480301
 30
0.0
 10
-109.4963037059211
 20
82.51249928511992
 30
0.0
 10
-109.4858096691158
 20
81.93015086229026
 30
0.0
 10
-109.4804237000255
 20
81.63126582278478
 30
0.0
  0
SPLINE
  5
575
330
1F
100
AcDbEntity
  8
0
  6
Continuous
 62
     7
370
    15
100
AcDbSpline
210
0.0
220
0.0
230
1.0
 70
     8
 71
     3
 72
    14
 73
    10
 74
     0
 42
0.000000001
 43
0.00000001
 40
0.5927129262979426
 40
0.5927129262979426
 40
0.5927129262979426
 40
0.5927129262979426
 40
0.6328298028346246
 40
0.6900667566564942
 40
0.7481631659561216
 40
0.80731787709499
 40
0.8687749557297506
 40
0.932664514019943
 40
1.0
 40
1.0
 40
1.0
 40
1.0
 10
-121.1736931120324
 20
88.04588057275595
 30
0.0
 10
-121.0497516395736
 20
88.14871324833692
 30
0.0
 10
-120.7384837688208
 20
88.3857774000508
 30
0.0
 10
-120.2089066240517
 20
88.71775382371682
 30
0.0
 10
-119.5743629904141
 20
89.01748560253334
 30
0.0
 10
-118.8944929167839
 20
89.25013598078863
 30
0.0
 10
-118.1714282953919
 20
89.41378860146979
 30
0.0
 10
-117.4037595892741
 20
89.51826515208043
 30
0.0
 10
-116.8769381894998
 20
89.52915759694937
 30
0.0
 10
-116.6066104088862
 20
89.534746835443
 30
0.0
  0
SPLINE
  5
577
330
1F
100
AcDbEntity
  8
0
  6
Continuous
 62
     7
370
    15
100
AcDbSpline
210
0.0
220
0.0
230
1.0
 70
     8
 71
     3
 72
     9
 73
     5
 74
     0
 42
0.000000001
 43
0.00000001
 40
0.0
 40
0.0
 40
0.0
 40
0.0
 40
0.0943955353415827
 40
0.0987949005563463
 40
0.0987949005563463
 40
0.0987949005563463
 40
0.0987949005563463
 10
-118.9028920544558
 20
85.54740506329111
 30
0.0
 10
-118.9775275911235
 20
85.44212883253783
 30
0.0
 10
-119.0556415654378
 20
85.33194613469539
 30
0.0
 10
-119.1257239226878
 20
85.21674362325483
 30
0.0
 10
-119.1288290892412
 20
85.21160392976469
 30
0.0
  0
SPLINE
  5
578
330
1F
100
AcDbEntity
  8
0
  6
Continuous
 62
     7
370
    15
100
AcDbSpline
210
0.0
220
0.0
230
1.0
 70
     8
 71
     3
 72
    15
 73
    11
 74
     0
 42
0.000000001
 43
0.00000001
 40
0.0
 40
0.0
 40
0.0
 40
0.0
 40
0.1407999008003728
 40
0.2741776477816113
 40
0.4013741149969686
 40
0.5244888579351489
 40
0.645630251748322
 40
0.7637116572808591
 40
0.8814107151106046
 40
1.0
 40
1.0
 40
1.0
 40
1.0
 10
67.66721121706671
 20
77.79226265822783
 30
0.0
 10
67.74727545636857
 20
77.69357478348965
 30
0.0
 10
67.90318341282608
 20
77.50140128616135
 30
0.0
 10
68.16500065366851
 20
77.24960611268517
 30
0.0
 10
68.44617291861611
 20
77.04589541717412
 30
0.0
 10
68.7427552967665
 20
76.8879975878641
 30
0.0
 10
69.04832371616894
 20
76.77001240428615
 30
0.0
 10
69.35973684267091
 20
76.68662762833856
 30
0.0
 10
69.67592045477427
 20
76.63411204893363
 30
0.0
 10
69.88912397115348
 20
76.62694929856009
 30
0.0
 10
69.99612735630721
 20
76.62335443037972
 30
0.0
  0
SPLINE
  5
579
330
1F
100
AcDbEntity
  8
0
  6
Continuous
 62
     7
370
    15
100
AcDbSpline
210
0.0
220
0.0
230
1.0
 70
     8
 71
     3
 72
    15
 73
    11
 74
     0
 42
0.000000001
 43
0.00000001
 40
0.0
 40
0.0
 40
0.0
 40
0.0
 40
0.1647712897735202
 40
0.3153580199025932
 40
0.4523308770922138
 40
0.5764484781035073
 40
0.6912717371241741
 40
0.7995072404259523
 40
0.9023396981226448
 40
1.0
 40
1.0
 40
1.0
 40
1.0
 10
66.66740900187686
 20
81.64906645569619
 30
0.0
 10
66.67071840030903
 20
81.4264510762015
 30
0.0
 10
66.67705230312714
 20
81.0003844636636
 30
0.0
 10
66.72749972887306
 20
80.39095367374244
 30
0.0
 10
66.80800780556977
 20
79.84017433437027
 30
0.0
 10
66.92437986704651
 20
79.34522656678564
 30
0.0
 10
67.07041858234197
 20
78.89885885227119
 30
0.0
 10
67.24389673533564
 20
78.49389631927221
 30
0.0
 10
67.4365524478031
 20
78.12289750766743
 30
0.0
 10
67.5916587309467
 20
77.90056239880488
 30
0.0
 10
67.66721121706671
 20
77.79226265822783
 30
0.0
  0
SPLINE
  5
57A
330
1F
100
AcDbEntity
  8
0
  6
Continuous
 62
     7
370
    15
100
AcDbSpline
210
0.0
220
0.0
230
1.0
 70
     8
 71
     3
 72
    13
 73
     9
 74
     0
 42
0.000000001
 43
0.00000001
 40
0.2495887634459776
 40
0.2495887634459776
 40
0.2495887634459776
 40
0.2495887634459776
 40
0.3061274421436508
 40
0.4256637061951238
 40
0.5538735420450606
 40
0.6923357960868706
 40
0.84063220626776
 40
1.0
 40
1.0
 40
1.0
 40
1.0
 10
67.18612256901827
 20
84.65900449071948
 30
0.0
 10
67.15602531457867
 20
84.58787942780519
 30
0.0
 10
67.06711180132609
 20
84.3644244304363
 30
0.0
 10
66.94083714663009
 20
83.96806534134672
 30
0.0
 10
66.81281262370948
 20
83.45574657185705
 30
0.0
 10
66.73205114525244
 20
82.89417541982966
 30
0.0
 10
66.67623082218871
 20
82.28706216985366
 30
0.0
 10
66.67041931818684
 20
81.86677310082652
 30
0.0
 10
66.66740900187685
 20
81.64906645569617
 30
0.0
  0
SPLINE
  5
57C
330
1F
100
AcDbEntity
  8
0
  6
Continuous
 62
     7
370
    15
100
AcDbSpline
210
0.0
220
0.0
230
1.0
 70
     8
 71
     3
 72
    16
 73
    12
 74
     0
 42
0.000000001
 43
0.00000001
 40
0.0
 40
0.0
 40
0.0
 40
0.0
 40
0.0738319493400683
 40
0.1443107247895813
 40
0.2113495204227599
 40
0.2756580347156923
 40
0.3376739722725347
 40
0.3981560456202657
 40
0.4573062851982743
 40
0.5164688797027875
 40
0.546252761836723
 40
0.546252761836723
 40
0.546252761836723
 40
0.546252761836723
 10
62.86994064744646
 20
81.64906645569617
 30
0.0
 10
62.87537261768084
 20
81.94498823923114
 30
0.0
 10
62.885989858165
 20
82.52339213408509
 30
0.0
 10
62.97635647851332
 20
83.36657127581913
 30
0.0
 10
63.12290819565278
 20
84.16281407377308
 30
0.0
 10
63.33146525807503
 20
84.9100562786417
 30
0.0
 10
63.59392744042909
 20
85.61236989264003
 30
0.0
 10
63.92195146443498
 20
86.26368621729002
 30
0.0
 10
64.30712706931922
 20
86.86931122159605
 30
0.0
 10
64.67937996514993
 20
87.33297154430969
 30
0.0
 10
64.92446193953901
 20
87.59228031955566
 30
0.0
 10
65.00895346024052
 20
87.6766621397819
 30
0.0
  0
SPLINE
  5
57D
330
1F
100
AcDbEntity
  8
0
  6
Continuous
 62
     7
370
    15
100
AcDbSpline
210
0.0
220
0.0
230
1.0
 70
     8
 71
     3
 72
    23
 73
    19
 74
     0
 42
0.000000001
 43
0.00000001
 40
0.0
 40
0.0
 40
0.0
 40
0.0
 40
0.067519867930514
 40
0.1315843723312146
 40
0.1932097363189814
 40
0.2525264283340526
 40
0.3107819206061321
 40
0.3681756039893956
 40
0.4260287218402654
 40
0.4845681427884828
 40
0.5438106592908358
 40
0.6032492302930285
 40
0.6638130081058179
 40
0.7256816779050678
 40
0.78983905879903
 40
0.8567255291777723
 40
0.926562283962373
 40
1.0
 40
1.0
 40
1.0
 40
1.0
 10
69.98426026769963
 20
73.77525316455694
 30
0.0
 10
69.71393276329754
 20
73.78084275051837
 30
0.0
 10
69.18711190181097
 20
73.79173587254114
 30
0.0
 10
68.4194393651091
 20
73.89620760436341
 30
0.0
 10
67.69638843794185
 20
74.05987745207032
 30
0.0
 10
67.01646971563643
 20
74.29246663139011
 30
0.0
 10
66.38210226540977
 20
74.59242004496126
 30
0.0
 10
65.79199311747588
 20
74.96112156398276
 30
0.0
 10
65.2468588978553
 20
75.39558828362267
 30
0.0
 10
64.75199782407304
 20
75.89660107706798
 30
0.0
 10
64.3060426069119
 20
76.44985026390522
 30
0.0
 10
63.92281554567254
 20
77.05776942466821
 30
0.0
 10
63.59445571830316
 20
77.70867513651476
 30
0.0
 10
63.33141262548742
 20
78.40878100649596
 30
0.0
 10
63.12287683426471
 20
79.15308905990995
 30
0.0
 10
62.97686392311756
 20
79.94445618023575
 30
0.0
 10
62.88578366393531
 20
80.781622704129
 30
0.0
 10
62.87530940387381
 20
81.35511396124141
 30
0.0
 10
62.86994064744646
 20
81.64906645569617
 30
0.0
  0
SPLINE
  5
57E
330
1F
100
AcDbEntity
  8
0
  6
Continuous
 62
     7
370
    15
100
AcDbSpline
210
0.0
220
0.0
230
1.0
 70
     8
 71
     3
 72
    14
 73
    10
 74
     0
 42
0.000000001
 43
0.00000001
 40
0.6316042708281989
 40
0.6316042708281989
 40
0.6316042708281989
 40
0.6316042708281989
 40
0.6329533143133002
 40
0.6901332723402646
 40
0.7481987946790997
 40
0.8073495438706388
 40
0.8688853389800452
 40
0.9328248332751022
 40
1.0
 40
1.0
 40
1.0
 40
1.0
 10
74.17772395439503
 20
74.9683197970584
 30
0.0
 10
74.17330078548142
 20
74.96520583119911
 30
0.0
 10
73.981222220107
 20
74.83035551843781
 30
0.0
 10
73.58335455468345
 20
74.58343724647266
 30
0.0
 10
72.94897403912498
 20
74.28625462677692
 30
0.0
 10
72.26857151326193
 20
74.057887623851
 30
0.0
 10
71.54644016188901
 20
73.89204148717215
 30
0.0
 10
70.779139954621
 20
73.79297717011572
 30
0.0
 10
70.25354375088408
 20
73.78125757255903
 30
0.0
 10
69.98426026769963
 20
73.77525316455694
 30
0.0
  0
SPLINE
  5
580
330
1F
100
AcDbEntity
  8
0
  6
Continuous
 62
     7
370
    15
100
AcDbSpline
210
0.0
220
0.0
230
1.0
 70
     8
 71
     3
 72
    15
 73
    11
 74
     0
 42
0.000000001
 43
0.00000001
 40
0.0
 40
0.0
 40
0.0
 40
0.0
 40
0.119332388567296
 40
0.2390197329694951
 40
0.3597458898566433
 40
0.4823528668223552
 40
0.6076399890331445
 40
0.7342270313697072
 40
0.86409436396865
 40
0.9389513275056824
 40
0.9389513275056824
 40
0.9389513275056824
 40
0.9389513275056824
 10
69.99612735630721
 20
76.62335443037972
 30
0.0
 10
70.10410886470343
 20
76.6268811873045
 30
0.0
 10
70.32039307398128
 20
76.63394519154119
 30
0.0
 10
70.64250014334976
 20
76.68817568065252
 30
0.0
 10
70.95746770116641
 20
76.78273164462934
 30
0.0
 10
71.26842495625739
 20
76.90511823157718
 30
0.0
 10
71.56441059256214
 20
77.07207918676288
 30
0.0
 10
71.84306084375771
 20
77.27762696477389
 30
0.0
 10
72.0576441019665
 20
77.48845596823666
 30
0.0
 10
72.17639427434952
 20
77.63055634549167
 30
0.0
 10
72.2189834863333
 20
77.68322517387666
 30
0.0
  0
SPLINE
  5
581
330
1F
100
AcDbEntity
  8
0
  6
Continuous
 62
     7
370
    15
100
AcDbSpline
210
0.0
220
0.0
230
1.0
 70
     8
 71
     3
 72
    13
 73
     9
 74
     0
 42
0.000000001
 43
0.00000001
 40
0.2284578666600232
 40
0.2284578666600232
 40
0.2284578666600232
 40
0.2284578666600232
 40
0.3130117926489213
 40
0.4244218237051728
 40
0.5451249507718159
 40
0.6808969987423196
 40
0.8318789725896627
 40
1.0
 40
1.0
 40
1.0
 40
1.0
 10
72.78134594158428
 20
78.6128945299969
 30
0.0
 10
72.82839348215627
 20
78.71669191932456
 30
0.0
 10
72.92952844298509
 20
78.9607566343165
 30
0.0
 10
73.06514766179546
 20
79.36580978009654
 30
0.0
 10
73.17937258260321
 20
79.84895763579763
 30
0.0
 10
73.25505014820668
 20
80.39316860426912
 30
0.0
 10
73.30758315841769
 20
81.00425456306552
 30
0.0
 10
73.3111168689132
 20
81.43434056343956
 30
0.0
 10
73.31297862213
 20
81.66093354430377
 30
0.0
  0
SPLINE
  5
583
330
1F
100
AcDbEntity
  8
0
  6
Continuous
 62
     7
370
    15
100
AcDbSpline
210
0.0
220
0.0
230
1.0
 70
     8
 71
     3
 72
    16
 73
    12
 74
     0
 42
0.000000001
 43
0.00000001
 40
0.0
 40
0.0
 40
0.0
 40
0.0
 40
0.0743174902519924
 40
0.1447888994075326
 40
0.2120632531545363
 40
0.2763650460562664
 40
0.3385510108608467
 40
0.3990267627489695
 40
0.4584379070522077
 40
0.5172101478746092
 40
0.5481770839424125
 40
0.5481770839424125
 40
0.5481770839424125
 40
0.5481770839424125
 10
77.11044697656038
 20
81.64906645569617
 30
0.0
 10
77.10508229983007
 20
81.35116610598084
 30
0.0
 10
77.09463057928859
 20
80.77078235483225
 30
0.0
 10
77.00386263474788
 20
79.92463666794183
 30
0.0
 10
76.85731615174413
 20
79.12755827511401
 30
0.0
 10
76.65074437604689
 20
78.37768979210782
 30
0.0
 10
76.3786384751952
 20
77.67843193154836
 30
0.0
 10
76.05380586894259
 20
77.02358650461157
 30
0.0
 10
75.66206711454892
 20
76.42247039135022
 30
0.0
 10
75.28573512217118
 20
75.95672954898558
 30
0.0
 10
75.03646382129267
 20
75.69700226428847
 30
0.0
 10
74.9478447040503
 20
75.61002647766301
 30
0.0
  0
SPLINE
  5
585
330
1F
100
AcDbEntity
  8
0
  6
Continuous
 62
     7
370
    15
100
AcDbSpline
210
0.0
220
0.0
230
1.0
 70
     8
 71
     3
 72
    15
 73
    11
 74
     0
 42
0.000000001
 43
0.00000001
 40
0.0
 40
0.0
 40
0.0
 40
0.0
 40
0.1253702131106458
 40
0.2452861486282171
 40
0.3619566518608372
 40
0.4759912462323861
 40
0.5930244647388189
 40
0.7173862098536081
 40
0.8530854827748952
 40
0.9717776735226631
 40
0.9717776735226631
 40
0.9717776735226631
 40
0.9717776735226631
 10
69.99612735630721
 20
86.68664556962023
 30
0.0
 10
69.8841784471241
 20
86.68425378564383
 30
0.0
 10
69.66515100754862
 20
86.67957427313954
 30
0.0
 10
69.34534052389557
 20
86.62940909109298
 30
0.0
 10
69.04110956597525
 20
86.55418724433642
 30
0.0
 10
68.75119272927196
 20
86.44177898175988
 30
0.0
 10
68.46954022591149
 20
86.293338183828
 30
0.0
 10
68.20234980198902
 20
86.08732866130224
 30
0.0
 10
67.95127061081861
 20
85.86004491855087
 30
0.0
 10
67.80403941116585
 20
85.68715645668043
 30
0.0
 10
67.73624052944857
 20
85.60564528813597
 30
0.0
  0
SPLINE
  5
586
330
1F
100
AcDbEntity
  8
0
  6
Continuous
 62
     7
370
    15
100
AcDbSpline
210
0.0
220
0.0
230
1.0
 70
     8
 71
     3
 72
    16
 73
    12
 74
     0
 42
0.000000001
 43
0.00000001
 40
0.0
 40
0.0
 40
0.0
 40
0.0
 40
0.0739761096519034
 40
0.1443573719119293
 40
0.2115456684307507
 40
0.2760026318605465
 40
0.3379327652610081
 40
0.3985514878364245
 40
0.4578277451376327
 40
0.516908483320841
 40
0.5408726547868206
 40
0.5408726547868206
 40
0.5408726547868206
 40
0.5408726547868206
 10
109.5383572839148
 20
34.96829905063291
 30
0.0
 10
109.5437464984687
 20
35.26521250669646
 30
0.0
 10
109.554263040273
 20
35.84461099634817
 30
0.0
 10
109.6450092314018
 20
36.68972419695374
 30
0.0
 10
109.7914217672607
 20
37.48791076533937
 30
0.0
 10
109.9992558427546
 20
38.23739237080561
 30
0.0
 10
110.2630226364747
 20
38.94118488411976
 30
0.0
 10
110.5904264855271
 20
39.59461033569983
 30
0.0
 10
110.9745096843738
 20
40.20312094311818
 30
0.0
 10
111.3336867043966
 20
40.64849157150761
 30
0.0
 10
111.5607478501986
 20
40.89286688393673
 30
0.0
 10
111.6278168113555
 20
40.96185912421187
 30
0.0
  0
SPLINE
  5
587
330
1F
100
AcDbEntity
  8
0
  6
Continuous
 62
     7
370
    15
100
AcDbSpline
210
0.0
220
0.0
230
1.0
 70
     8
 71
     3
 72
    23
 73
    19
 74
     0
 42
0.000000001
 43
0.00000001
 40
0.0
 40
0.0
 40
0.0
 40
0.0
 40
0.0650904563183015
 40
0.1273233501517019
 40
0.1871985846258798
 40
0.2458758303252934
 40
0.3034251099650291
 40
0.360663483187817
 40
0.4183541038827716
 40
0.4773240059896781
 40
0.5369732243021641
 40
0.5969523168415619
 40
0.6580643664971629
 40
0.7211594606572304
 40
0.786201071650923
 40
0.85418773956637
 40
0.9253422171415682
 40
1.0
 40
1.0
 40
1.0
 40
1.0
 10
116.183926904168
 20
27.11525316455696
 30
0.0
 10
115.9341639532705
 20
27.13213442766534
 30
0.0
 10
115.4456029959387
 20
27.16515584271336
 30
0.0
 10
114.7366421869682
 20
27.2959828148102
 30
0.0
 10
114.0661926622965
 20
27.48196508166846
 30
0.0
 10
113.4358339072012
 20
27.7318602462116
 30
0.0
 10
112.8436040655939
 20
28.04095039036238
 30
0.0
 10
112.2949884674164
 20
28.41552678096478
 30
0.0
 10
111.7843243026434
 20
28.84842706375208
 30
0.0
 10
111.3159583158348
 20
29.34010126064253
 30
0.0
 10
110.8997416889376
 20
29.88725379825846
 30
0.0
 10
110.530159294443
 20
30.47687538957848
 30
0.0
 10
110.2255527616838
 20
31.11737535123215
 30
0.0
 10
109.9735197870474
 20
31.80054662691347
 30
0.0
 10
109.7768960806702
 20
32.5293648154512
 30
0.0
 10
109.6407925937914
 20
33.30284496071609
 30
0.0
 10
109.5509925868515
 20
34.12065649738541
 30
0.0
 10
109.5426359772417
 20
34.68126180631177
 30
0.0
 10
109.5383572839148
 20
34.96829905063291
 30
0.0
  0
SPLINE
  5
588
330
1F
100
AcDbEntity
  8
0
  6
Continuous
 62
     7
370
    15
100
AcDbSpline
210
0.0
220
0.0
230
1.0
 70
     8
 71
     3
 72
    15
 73
    11
 74
     0
 42
0.000000001
 43
0.00000001
 40
0.0
 40
0.0
 40
0.0
 40
0.0
 40
0.1209554316429708
 40
0.2405166887531217
 40
0.3615163508089446
 40
0.4850217950661772
 40
0.610152074047095
 40
0.7372798125449634
 40
0.8673822287952703
 40
1.0
 40
1.0
 40
1.0
 40
1.0
 10
117.3202006383452
 20
24.26715189873417
 30
0.0
 10
117.231845159496
 20
24.35810936057497
 30
0.0
 10
117.0561526178933
 20
24.53897587679653
 30
0.0
 10
116.8334208682105
 20
24.84651742751553
 30
0.0
 10
116.6414452755906
 20
25.17672482477544
 30
0.0
 10
116.4893952138044
 20
25.53358164251388
 30
0.0
 10
116.3677424692792
 20
25.90830227539779
 30
0.0
 10
116.2772877783093
 20
26.29863571284114
 30
0.0
 10
116.2088817969762
 20
26.70173210566472
 30
0.0
 10
116.192298127301
 20
26.97653579635274
 30
0.0
 10
116.183926904168
 20
27.11525316455696
 30
0.0
  0
SPLINE
  5
589
330
1F
100
AcDbEntity
  8
0
  6
Continuous
 62
     7
370
    15
100
AcDbSpline
210
0.0
220
0.0
230
1.0
 70
     8
 71
     3
 72
    15
 73
    11
 74
     0
 42
0.000000001
 43
0.00000001
 40
0.0
 40
0.0
 40
0.0
 40
0.0
 40
0.1552273364475488
 40
0.299024185116641
 40
0.4322079992457953
 40
0.5560736295243103
 40
0.6729838947251181
 40
0.7849439672400141
 40
0.8935504708791818
 40
1.0
 40
1.0
 40
1.0
 40
1.0
 10
120.6904538029021
 20
23.12791139240506
 30
0.0
 10
120.5013976017428
 20
23.13072547834789
 30
0.0
 10
120.1372067460165
 20
23.1361464291621
 30
0.0
 10
119.6135701316735
 20
23.19417715461829
 30
0.0
 10
119.1329573212147
 20
23.28278336277654
 30
0.0
 10
118.6965755025375
 20
23.41534405611123
 30
0.0
 10
118.2981914310962
 20
23.57790704311496
 30
0.0
 10
117.9377694813866
 20
23.77623111450824
 30
0.0
 10
117.6063651430395
 20
23.99928542879417
 30
0.0
 10
117.414948849224
 20
24.17846211238783
 30
0.0
 10
117.3202006383452
 20
24.26715189873417
 30
0.0
  0
SPLINE
  5
58A
330
1F
100
AcDbEntity
  8
0
  6
Continuous
 62
     7
370
    15
100
AcDbSpline
210
0.0
220
0.0
230
1.0
 70
     8
 71
     3
 72
    13
 73
     9
 74
     0
 42
0.000000001
 43
0.00000001
 40
0.0
 40
0.0
 40
0.0
 40
0.0
 40
0.1968599029424775
 40
0.3925183687208967
 40
0.5036100203975811
 40
0.6411695424206035
 40
0.8072597869136322
 40
1.0
 40
1.0
 40
1.0
 40
1.0
 10
123.7788636130287
 20
23.40678797468354
 30
0.0
 10
123.5796008005139
 20
23.36266757205987
 30
0.0
 10
123.1822912776198
 20
23.27469603389337
 30
0.0
 10
122.6648852313341
 20
23.20139245284322
 30
0.0
 10
122.2059799937369
 20
23.16186933351829
 30
0.0
 10
121.7764276138769
 20
23.14382512550911
 30
0.0
 10
121.2621748918991
 20
23.12737124855328
 30
0.0
 10
120.8902353547135
 20
23.12772264516626
 30
0.0
 10
120.6904538029021
 20
23.12791139240506
 30
0.0
  0
SPLINE
  5
58D
330
1F
100
AcDbEntity
  8
0
  6
Continuous
 62
     7
370
    15
100
AcDbSpline
210
0.0
220
0.0
230
1.0
 70
     8
 71
     3
 72
    13
 73
     9
 74
     0
 42
0.000000001
 43
0.00000001
 40
0.0
 40
0.0
 40
0.0
 40
0.0
 40
0.268999026326024
 40
0.5565986534177997
 40
0.696761803380254
 40
0.8189173380757526
 40
0.9189445105775872
 40
1.0
 40
1.0
 40
1.0
 40
1.0
 10
121.7258572839148
 20
25.5962658227848
 30
0.0
 10
121.8816158574041
 20
25.60282293566659
 30
0.0
 10
122.2039033148962
 20
25.61639056916385
 30
0.0
 10
122.5993504473345
 20
25.70285097222327
 30
0.0
 10
122.9061380684257
 20
25.78717974287051
 30
0.0
 10
123.1051323347747
 20
25.85305788426623
 30
0.0
 10
123.2716140265551
 20
25.90936686880881
 30
0.0
 10
123.3658400307752
 20
25.95540517682328
 30
0.0
 10
123.4080170940414
 20
25.97601265822784
 30
0.0
  0
SPLINE
  5
58E
330
1F
100
AcDbEntity
  8
0
  6
Continuous
 62
     7
370
    15
100
AcDbSpline
210
0.0
220
0.0
230
1.0
 70
     8
 71
     3
 72
    23
 73
    19
 74
     0
 42
0.000000001
 43
0.00000001
 40
0.0
 40
0.0
 40
0.0
 40
0.0
 40
0.0807897455013491
 40
0.155894296655369
 40
0.2246430064490288
 40
0.2877551349552295
 40
0.3458674633093441
 40
0.4003992401042354
 40
0.4506526835122343
 40
0.4980752940047732
 40
0.5456841196528296
 40
0.5957538204221747
 40
0.6503329015741335
 40
0.7098059769548748
 40
0.7731396954325647
 40
0.8426032787302884
 40
0.9184065373702438
 40
1.0
 40
1.0
 40
1.0
 40
1.0
 10
119.6016484231553
 20
27.64630537974683
 30
0.0
 10
119.6043018586794
 20
27.55325409981118
 30
0.0
 10
119.6094220068143
 20
27.37369958149415
 30
0.0
 10
119.637761978856
 20
27.11644992489261
 30
0.0
 10
119.6725948581244
 20
26.88022535868851
 30
0.0
 10
119.7323453321111
 20
26.66950459597882
 30
0.0
 10
119.7942319370329
 20
26.47639910870453
 30
0.0
 10
119.8783753789238
 20
26.30810005373171
 30
0.0
 10
119.9725855473433
 20
26.1596652999569
 30
0.0
 10
120.0854977072047
 20
26.0351086883122
 30
0.0
 10
120.2157177699736
 20
25.92938947094613
 30
0.0
 10
120.3671958134377
 20
25.84007894587651
 30
0.0
 10
120.5400641994394
 20
25.76265368602821
 30
0.0
 10
120.73554412835
 20
25.7019004634927
 30
0.0
 10
120.9520926433929
 20
25.6548326474572
 30
0.0
 10
121.1898472868098
 20
25.61920101066532
 30
0.0
 10
121.4505746498595
 20
25.59877391360912
 30
0.0
 10
121.6318732426127
 20
25.59712210822552
 30
0.0
 10
121.7258572839148
 20
25.5962658227848
 30
0.0
  0
SPLINE
  5
58F
330
1F
100
AcDbEntity
  8
0
  6
Continuous
 62
     7
370
    15
100
AcDbSpline
210
0.0
220
0.0
230
1.0
 70
     8
 71
     3
 72
    10
 73
     6
 74
     0
 42
0.000000001
 43
0.00000001
 40
0.850897861483027
 40
0.850897861483027
 40
0.850897861483027
 40
0.850897861483027
 40
0.8819261241158034
 40
0.9402932240208909
 40
1.0
 40
1.0
 40
1.0
 40
1.0
 10
120.7864666604807
 20
28.26754445750612
 30
0.0
 10
120.7091529999833
 20
28.21592775401392
 30
0.0
 10
120.4827890379646
 20
28.07252826318404
 30
0.0
 10
120.0913925735043
 20
27.85605184167481
 30
0.0
 10
119.76612663811
 20
27.71674771913241
 30
0.0
 10
119.6016484231553
 20
27.64630537974683
 30
0.0
  0
SPLINE
  5
591
330
1F
100
AcDbEntity
  8
0
  6
Continuous
 62
     7
370
    15
100
AcDbSpline
210
0.0
220
0.0
230
1.0
 70
     8
 71
     3
 72
    15
 73
    11
 74
     0
 42
0.000000001
 43
0.00000001
 40
0.0
 40
0.0
 40
0.0
 40
0.0
 40
0.1193323885672967
 40
0.2390197329694963
 40
0.3597458898566401
 40
0.4823528668223527
 40
0.6076399890331426
 40
0.7342270313697083
 40
0.8640943639686536
 40
0.9114121511476574
 40
0.9114121511476574
 40
0.9114121511476574
 40
0.9114121511476574
 10
116.6645439927755
 20
29.96335443037974
 30
0.0
 10
116.7725255011718
 20
29.96688118730454
 30
0.0
 10
116.9888097104496
 20
29.97394519154123
 30
0.0
 10
117.310916779818
 20
30.02817568065249
 30
0.0
 10
117.6258843376347
 20
30.12273164462935
 30
0.0
 10
117.9368415927257
 20
30.24511823157723
 30
0.0
 10
118.2328272290305
 20
30.41207918676291
 30
0.0
 10
118.5114774802261
 20
30.61762696477392
 30
0.0
 10
118.7082242037163
 20
30.81093149372121
 30
0.0
 10
118.8126122196057
 20
30.93254009599184
 30
0.0
 10
118.8400072186233
 20
30.96542776907778
 30
0.0
  0
SPLINE
  5
592
330
1F
100
AcDbEntity
  8
0
  6
Continuous
 62
     7
370
    15
100
AcDbSpline
210
0.0
220
0.0
230
1.0
 70
     8
 71
     3
 72
    15
 73
    11
 74
     0
 42
0.000000001
 43
0.00000001
 40
0.0
 40
0.0
 40
0.0
 40
0.0
 40
0.1407999008003717
 40
0.2741776477816109
 40
0.4013741149969646
 40
0.5244888579351499
 40
0.6456302517483176
 40
0.763711657280854
 40
0.8814107151106046
 40
1.0
 40
1.0
 40
1.0
 40
1.0
 10
114.335627853535
 20
31.13226265822784
 30
0.0
 10
114.4156920928369
 20
31.03357478348966
 30
0.0
 10
114.5716000492944
 20
30.84140128616138
 30
0.0
 10
114.8334172901368
 20
30.58960611268519
 30
0.0
 10
115.1145895550845
 20
30.38589541717415
 30
0.0
 10
115.4111719332348
 20
30.22799758786412
 30
0.0
 10
115.7167403526372
 20
30.11001240428618
 30
0.0
 10
116.0281534791392
 20
30.02662762833855
 30
0.0
 10
116.3443370912426
 20
29.97411204893366
 30
0.0
 10
116.5575406076218
 20
29.96694929856013
 30
0.0
 10
116.6645439927755
 20
29.96335443037974
 30
0.0
  0
SPLINE
  5
593
330
1F
100
AcDbEntity
  8
0
  6
Continuous
 62
     7
370
    15
100
AcDbSpline
210
0.0
220
0.0
230
1.0
 70
     8
 71
     3
 72
    15
 73
    11
 74
     0
 42
0.000000001
 43
0.00000001
 40
0.0
 40
0.0
 40
0.0
 40
0.0
 40
0.1647712897735215
 40
0.3153580199025927
 40
0.452330877092214
 40
0.5764484781035056
 40
0.6912717371241706
 40
0.7995072404259517
 40
0.9023396981226439
 40
1.0
 40
1.0
 40
1.0
 40
1.0
 10
113.3358256383452
 20
34.9890664556962
 30
0.0
 10
113.3391350367773
 20
34.76645107620152
 30
0.0
 10
113.3454689395955
 20
34.34038446366363
 30
0.0
 10
113.3959163653414
 20
33.73095367374246
 30
0.0
 10
113.4764244420381
 20
33.1801743343703
 30
0.0
 10
113.5927965035149
 20
32.68522656678569
 30
0.0
 10
113.7388352188103
 20
32.23885885227121
 30
0.0
 10
113.9123133718039
 20
31.83389631927221
 30
0.0
 10
114.1049690842714
 20
31.46289750766747
 30
0.0
 10
114.260075367415
 20
31.24056239880491
 30
0.0
 10
114.335627853535
 20
31.13226265822784
 30
0.0
  0
SPLINE
  5
594
330
1F
100
AcDbEntity
  8
0
  6
Continuous
 62
     7
370
    15
100
AcDbSpline
210
0.0
220
0.0
230
1.0
 70
     8
 71
     3
 72
    13
 73
     9
 74
     0
 42
0.000000001
 43
0.00000001
 40
0.2703160985966194
 40
0.2703160985966194
 40
0.2703160985966194
 40
0.2703160985966194
 40
0.3061274421436523
 40
0.4256637061951238
 40
0.5538735420450622
 40
0.6923357960868706
 40
0.8406322062677601
 40
1.0
 40
1.0
 40
1.0
 40
1.0
 10
113.8220657171929
 20
37.9205280816716
 30
0.0
 10
113.8037279306842
 20
37.87518796340969
 30
0.0
 10
113.7269268340567
 20
37.67742515785559
 30
0.0
 10
113.6092537830984
 20
37.30806534134673
 30
0.0
 10
113.4812292601778
 20
36.79574657185707
 30
0.0
 10
113.4004677817208
 20
36.2341754198297
 30
0.0
 10
113.3446474586571
 20
35.62706216985368
 30
0.0
 10
113.3388359546552
 20
35.20677310082656
 30
0.0
 10
113.3358256383452
 20
34.9890664556962
 30
0.0
  0
SPLINE
  5
596
330
1F
100
AcDbEntity
  8
0
  6
Continuous
 62
     7
370
    15
100
AcDbSpline
210
0.0
220
0.0
230
1.0
 70
     8
 71
     3
 72
    15
 73
    11
 74
     0
 42
0.000000001
 43
0.00000001
 40
0.0
 40
0.0
 40
0.0
 40
0.0
 40
0.1408231896269249
 40
0.2734591023445924
 40
0.400792001962976
 40
0.5236901667679189
 40
0.6445466669092753
 40
0.7633520214523863
 40
0.880683652326475
 40
0.9999999999999999
 40
0.9999999999999999
 40
0.9999999999999999
 40
0.9999999999999999
 10
118.9815930434085
 20
38.86663765822784
 30
0.0
 10
118.901342802245
 20
38.9641487431884
 30
0.0
 10
118.7455079644627
 20
39.15350174557817
 30
0.0
 10
118.4867616019823
 20
39.40473788357872
 30
0.0
 10
118.2050960226029
 20
39.60283937397026
 30
0.0
 10
117.9122328587495
 20
39.76218081816974
 30
0.0
 10
117.6085458900245
 20
39.88048231339181
 30
0.0
 10
117.2988780275838
 20
39.96292665058048
 30
0.0
 10
116.983807305443
 20
40.01613118869768
 30
0.0
 10
116.7715584591352
 20
40.02312123463128
 30
0.0
 10
116.6645439927755
 20
40.02664556962025
 30
0.0
  0
SPLINE
  5
597
330
1F
100
AcDbEntity
  8
0
  6
Continuous
 62
     7
370
    15
100
AcDbSpline
210
0.0
220
0.0
230
1.0
 70
     8
 71
     3
 72
    15
 73
    11
 74
     0
 42
0.000000001
 43
0.00000001
 40
0.0
 40
0.0
 40
0.0
 40
0.0
 40
0.1608968379842362
 40
0.3090965289562871
 40
0.446719791215072
 40
0.5729741321938996
 40
0.6906503494730369
 40
0.8004824156054164
 40
0.9034839346235806
 40
1.0
 40
1.0
 40
1.0
 40
1.0
 10
119.9813952585983
 20
35.00093354430379
 30
0.0
 10
119.9779940385221
 20
35.218595656717
 30
0.0
 10
119.9714600050821
 20
35.63674311241035
 30
0.0
 10
119.9214962280866
 20
36.23948679152436
 30
0.0
 10
119.8370435996813
 20
36.79095273047309
 30
0.0
 10
119.7184964008035
 20
37.29393532438077
 30
0.0
 10
119.5686369574614
 20
37.74894245535535
 30
0.0
 10
119.4003891178151
 20
38.16336279963951
 30
0.0
 10
119.2106869631599
 20
38.5377079449346
 30
0.0
 10
119.056284700094
 20
38.75939646542083
 30
0.0
 10
118.9815930434085
 20
38.86663765822784
 30
0.0
  0
SPLINE
  5
598
330
1F
100
AcDbEntity
  8
0
  6
Continuous
 62
     7
370
    15
100
AcDbSpline
210
0.0
220
0.0
230
1.0
 70
     8
 71
     3
 72
    13
 73
     9
 74
     0
 42
0.000000001
 43
0.00000001
 40
0.207959176117106
 40
0.207959176117106
 40
0.207959176117106
 40
0.207959176117106
 40
0.3130117926489225
 40
0.4244218237051751
 40
0.5451249507718164
 40
0.6808969987423212
 40
0.8318789725896628
 40
1.0
 40
1.0
 40
1.0
 40
1.0
 10
119.4149406808696
 20
31.87767312508839
 30
0.0
 10
119.4754634904357
 20
32.0057036048939
 30
0.0
 10
119.5891660918745
 20
32.27453648228506
 30
0.0
 10
119.7335642982638
 20
32.70580978009654
 30
0.0
 10
119.8477892190716
 20
33.18895763579768
 30
0.0
 10
119.923466784675
 20
33.73316860426915
 30
0.0
 10
119.975999794886
 20
34.34425456306552
 30
0.0
 10
119.9795335053815
 20
34.77434056343959
 30
0.0
 10
119.9813952585983
 20
35.00093354430379
 30
0.0
  0
SPLINE
  5
59A
330
1F
100
AcDbEntity
  8
0
  6
Continuous
 62
     7
370
    15
100
AcDbSpline
210
0.0
220
0.0
230
1.0
 70
     8
 71
     3
 72
    19
 73
    15
 74
     0
 42
0.000000001
 43
0.00000001
 40
0.0
 40
0.0
 40
0.0
 40
0.0
 40
0.0733254333148044
 40
0.1442053013104073
 40
0.2125194476409249
 40
0.27921463142091
 40
0.344168376665314
 40
0.4077584145784092
 40
0.4701884059599275
 40
0.5317647835026512
 40
0.5922434644734106
 40
0.6512809709597077
 40
0.7090840880382673
 40
0.7393431388243559
 40
0.7393431388243559
 40
0.7393431388243559
 40
0.7393431388243559
 10
123.7788636130287
 20
34.97126582278481
 30
0.0
 10
123.7753576528409
 20
34.75162270610982
 30
0.0
 10
123.7684626639891
 20
34.31966205631876
 30
0.0
 10
123.716790038776
 20
33.68481317718679
 30
0.0
 10
123.6351366810087
 20
33.07321847800575
 30
0.0
 10
123.515707591029
 20
32.48591192267581
 30
0.0
 10
123.3657009050422
 20
31.92026255119473
 30
0.0
 10
123.1778271593782
 20
31.37945516307735
 30
0.0
 10
122.9581356692601
 20
30.86186116689786
 30
0.0
 10
122.7068586742668
 20
30.36917197542407
 30
0.0
 10
122.4228646525437
 20
29.90630599495276
 30
0.0
 10
122.1073810967531
 20
29.47836558164475
 30
0.0
 10
121.8184717971478
 20
29.14497535644814
 30
0.0
 10
121.6318612148822
 20
28.95840493437669
 30
0.0
 10
121.5663034425311
 20
28.89578427402309
 30
0.0
  0
SPLINE
  5
59B
330
1F
100
AcDbEntity
  8
0
  6
Continuous
 62
     7
370
    15
100
AcDbSpline
210
0.0
220
0.0
230
1.0
 70
     8
 71
     3
 72
    23
 73
    19
 74
     0
 42
0.000000001
 43
0.00000001
 40
0.0
 40
0.0
 40
0.0
 40
0.0
 40
0.0670512811149668
 40
0.1309046943388333
 40
0.1922721602802187
 40
0.2513934050590938
 40
0.3094569467255176
 40
0.3665314524801415
 40
0.4240406555225834
 40
0.482387190326208
 40
0.5412425700699403
 40
0.6007509560111365
 40
0.6611151774666005
 40
0.7234162122340774
 40
0.7878367095920975
 40
0.8549869948067401
 40
0.9255733919989048
 40
1.0
 40
1.0
 40
1.0
 40
1.0
 10
116.652676904168
 20
42.87474683544303
 30
0.0
 10
116.9220345910429
 20
42.86921431295281
 30
0.0
 10
117.4479035242214
 20
42.85841312983648
 30
0.0
 10
118.2140772553894
 20
42.75276861361991
 30
0.0
 10
118.937984847558
 20
42.59395675402892
 30
0.0
 10
119.6175580091877
 20
42.36043043109656
 30
0.0
 10
120.2509886551234
 20
42.06015858638492
 30
0.0
 10
120.8421267654198
 20
41.69523012172494
 30
0.0
 10
121.3869119739153
 20
41.26231883057699
 30
0.0
 10
121.88531089808
 20
40.7666500935406
 30
0.0
 10
122.3306237135978
 20
40.21265262161772
 30
0.0
 10
122.7213761247298
 20
39.6090838038731
 30
0.0
 10
123.0478440651415
 20
38.95311702738145
 30
0.0
 10
123.3190681808281
 20
38.25143519953218
 30
0.0
 10
123.5253434200759
 20
37.49960465360143
 30
0.0
 10
123.6725940839892
 20
36.70068023480306
 30
0.0
 10
123.7629836071331
 20
35.85249928511995
 30
0.0
 10
123.7734776439384
 20
35.27015086229031
 30
0.0
 10
123.7788636130287
 20
34.97126582278481
 30
0.0
  0
SPLINE
  5
59C
330
1F
100
AcDbEntity
  8
0
  6
Continuous
 62
     7
370
    15
100
AcDbSpline
210
0.0
220
0.0
230
1.0
 70
     8
 71
     3
 72
    14
 73
    10
 74
     0
 42
0.000000001
 43
0.00000001
 40
0.624340219823012
 40
0.624340219823012
 40
0.624340219823012
 40
0.624340219823012
 40
0.632829802834625
 40
0.6900667566564942
 40
0.7481631659561216
 40
0.80731787709499
 40
0.8687749557297506
 40
0.9326645140199432
 40
1.0
 40
1.0
 40
1.0
 40
1.0
 10
112.3863725347832
 20
41.61959548569244
 30
0.0
 10
112.4139305810218
 20
41.63966582616971
 30
0.0
 10
112.6285492243855
 20
41.79332001573141
 30
0.0
 10
113.0503806890025
 20
42.05775382371684
 30
0.0
 10
113.6849243226401
 20
42.35748560253333
 30
0.0
 10
114.3647943962703
 20
42.59013598078865
 30
0.0
 10
115.0878590176623
 20
42.75378860146979
 30
0.0
 10
115.8555277237801
 20
42.85826515208044
 30
0.0
 10
116.3823491235544
 20
42.86915759694941
 30
0.0
 10
116.652676904168
 20
42.87474683544303
 30
0.0
  0
SPLINE
  5
59E
330
1F
100
AcDbEntity
  8
0
  6
Continuous
 62
     7
370
    15
100
AcDbSpline
210
0.0
220
0.0
230
1.0
 70
     8
 71
     3
 72
    15
 73
    11
 74
     0
 42
0.000000001
 43
0.00000001
 40
0.0
 40
0.0
 40
0.0
 40
0.0
 40
0.1253702131106456
 40
0.2452861486282218
 40
0.3619566518608417
 40
0.4759912462323894
 40
0.5930244647388231
 40
0.7173862098536121
 40
0.8530854827748915
 40
0.999628405983777
 40
0.999628405983777
 40
0.999628405983777
 40
0.999628405983777
 10
116.6645439927755
 20
40.02664556962025
 30
0.0
 10
116.5525950835925
 20
40.02425378564385
 30
0.0
 10
116.333567644017
 20
40.01957427313955
 30
0.0
 10
116.0137571603639
 20
39.96940909109305
 30
0.0
 10
115.7095262024435
 20
39.89418724433639
 30
0.0
 10
115.4196093657403
 20
39.78177898175993
 30
0.0
 10
115.1379568623798
 20
39.63333818382802
 30
0.0
 10
114.8707664384573
 20
39.42732866130225
 30
0.0
 10
114.6012247254715
 20
39.18333213945009
 30
0.0
 10
114.4404749414712
 20
38.9890583603062
 30
0.0
 10
114.3570300408273
 20
38.88817252275087
 30
0.0
  0
SPLINE
  5
59F
330
1F
100
AcDbEntity
  8
0
  6
Continuous
 62
     7
370
    15
100
AcDbSpline
210
0.0
220
0.0
230
1.0
 70
     8
 71
     3
 72
    15
 73
    11
 74
     0
 42
0.000000001
 43
0.00000001
 40
0.0
 40
0.0
 40
0.0
 40
0.0
 40
0.1407999008003722
 40
0.2741776477816106
 40
0.4013741149969644
 40
0.5244888579351498
 40
0.6456302517483176
 40
0.763711657280854
 40
0.8814107151106048
 40
1.0
 40
1.0
 40
1.0
 40
1.0
 10
-118.9236594595191
 20
-15.52773734177215
 30
0.0
 10
-118.8435952202173
 20
-15.62642521651033
 30
0.0
 10
-118.6876872637598
 20
-15.81859871383861
 30
0.0
 10
-118.4258700229173
 20
-16.07039388731479
 30
0.0
 10
-118.1446977579698
 20
-16.27410458282585
 30
0.0
 10
-117.8481153798193
 20
-16.43200241213587
 30
0.0
 10
-117.542546960417
 20
-16.54998759571383
 30
0.0
 10
-117.231133833915
 20
-16.63337237166143
 30
0.0
 10
-116.9149502218116
 20
-16.68588795106634
 30
0.0
 10
-116.7017467054324
 20
-16.69305070143986
 30
0.0
 10
-116.5947433202786
 20
-16.69664556962025
 30
0.0
  0
SPLINE
  5
5A0
330
1F
100
AcDbEntity
  8
0
  6
Continuous
 62
     7
370
    15
100
AcDbSpline
210
0.0
220
0.0
230
1.0
 70
     8
 71
     3
 72
    15
 73
    11
 74
     0
 42
0.000000001
 43
0.00000001
 40
0.0
 40
0.0
 40
0.0
 40
0.0
 40
0.1647712897735213
 40
0.3153580199025923
 40
0.4523308770922139
 40
0.5764484781035056
 40
0.6912717371241711
 40
0.799507240425951
 40
0.9023396981226436
 40
1.0
 40
1.0
 40
1.0
 40
1.0
 10
-119.923461674709
 20
-11.67093354430379
 30
0.0
 10
-119.9201522762768
 20
-11.89354892379847
 30
0.0
 10
-119.9138183734587
 20
-12.31961553633637
 30
0.0
 10
-119.8633709477128
 20
-12.92904632625753
 30
0.0
 10
-119.7828628710161
 20
-13.47982566562969
 30
0.0
 10
-119.6664908095393
 20
-13.97477343321431
 30
0.0
 10
-119.5204520942439
 20
-14.42114114772877
 30
0.0
 10
-119.3469739412503
 20
-14.82610368072778
 30
0.0
 10
-119.1543182287828
 20
-15.19710249233253
 30
0.0
 10
-118.9992119456391
 20
-15.41943760119507
 30
0.0
 10
-118.9236594595191
 20
-15.52773734177215
 30
0.0
  0
SPLINE
  5
5A1
330
1F
100
AcDbEntity
  8
0
  6
Continuous
 62
     7
370
    15
100
AcDbSpline
210
0.0
220
0.0
230
1.0
 70
     8
 71
     3
 72
    13
 73
     9
 74
     0
 42
0.000000001
 43
0.00000001
 40
0.2554270934928821
 40
0.2554270934928821
 40
0.2554270934928821
 40
0.2554270934928821
 40
0.3061274421436531
 40
0.4256637061951239
 40
0.553873542045062
 40
0.6923357960868715
 40
0.8406322062677611
 40
1.0
 40
1.0
 40
1.0
 40
1.0
 10
-119.4140222970957
 20
-8.683049238612437
 30
0.0
 10
-119.4407243675634
 20
-8.746945793614772
 30
0.0
 10
-119.5261817145292
 20
-8.963180534852592
 30
0.0
 10
-119.6500335299558
 20
-9.351934658653283
 30
0.0
 10
-119.7780580528764
 20
-9.864253428142923
 30
0.0
 10
-119.8588195313334
 20
-10.42582458017028
 30
0.0
 10
-119.9146398543972
 20
-11.03293783014632
 30
0.0
 10
-119.920451358399
 20
-11.45322689917343
 30
0.0
 10
-119.923461674709
 20
-11.67093354430379
 30
0.0
  0
SPLINE
  5
5A3
330
1F
100
AcDbEntity
  8
0
  6
Continuous
 62
     7
370
    15
100
AcDbSpline
210
0.0
220
0.0
230
1.0
 70
     8
 71
     3
 72
    16
 73
    12
 74
     0
 42
0.000000001
 43
0.00000001
 40
0.0
 40
0.0
 40
0.0
 40
0.0
 40
0.0738319493400683
 40
0.144310724789581
 40
0.2113495204227595
 40
0.2756580347156912
 40
0.3376739722725336
 40
0.3981560456202654
 40
0.4573062851982733
 40
0.5164688797027878
 40
0.5445322957024564
 40
0.5445322957024564
 40
0.5445322957024564
 40
0.5445322957024564
 10
-123.7209300291394
 20
-11.67093354430379
 30
0.0
 10
-123.715498058905
 20
-11.37501176076883
 30
0.0
 10
-123.7048808184209
 20
-10.79660786591486
 30
0.0
 10
-123.6145141980725
 20
-9.953428724180814
 30
0.0
 10
-123.4679624809331
 20
-9.157185926226923
 30
0.0
 10
-123.2594054185109
 20
-8.409943721358248
 30
0.0
 10
-122.9969432361567
 20
-7.707630107359938
 30
0.0
 10
-122.6689192121509
 20
-7.056313782709957
 30
0.0
 10
-122.2837436072666
 20
-6.450688778403882
 30
0.0
 10
-121.9158152401427
 20
-5.992414880881969
 30
0.0
 10
-121.6758817904501
 20
-5.737758320823653
 30
0.0
 10
-121.596534899487
 20
-5.657985258771195
 30
0.0
  0
SPLINE
  5
5A4
330
1F
100
AcDbEntity
  8
0
  6
Continuous
 62
     7
370
    15
100
AcDbSpline
210
0.0
220
0.0
230
1.0
 70
     8
 71
     3
 72
    23
 73
    19
 74
     0
 42
0.000000001
 43
0.00000001
 40
0.0
 40
0.0
 40
0.0
 40
0.0
 40
0.067519867930514
 40
0.1315843723312146
 40
0.1932097363189824
 40
0.2525264283340523
 40
0.3107819206061321
 40
0.3681756039893951
 40
0.4260287218402658
 40
0.4845681427884826
 40
0.543810659290836
 40
0.6032492302930283
 40
0.6638130081058173
 40
0.7256816779050678
 40
0.7898390587990298
 40
0.8567255291777723
 40
0.9265622839623728
 40
1.0
 40
1.0
 40
1.0
 40
1.0
 10
-116.6066104088862
 20
-19.54474683544303
 30
0.0
 10
-116.8769379132883
 20
-19.53915724948158
 30
0.0
 10
-117.4037587747748
 20
-19.52826412745881
 30
0.0
 10
-118.1714313114768
 20
-19.42379239563656
 30
0.0
 10
-118.894482238644
 20
-19.26012254792963
 30
0.0
 10
-119.5744009609495
 20
-19.02753336860989
 30
0.0
 10
-120.2087684111761
 20
-18.72757995503867
 30
0.0
 10
-120.79887755911
 20
-18.35887843601722
 30
0.0
 10
-121.3440117787306
 20
-17.9244117163773
 30
0.0
 10
-121.8388728525128
 20
-17.42339892293198
 30
0.0
 10
-122.284828069674
 20
-16.87014973609475
 30
0.0
 10
-122.6680551309133
 20
-16.26223057533177
 30
0.0
 10
-122.9964149582828
 20
-15.61132486348523
 30
0.0
 10
-123.2594580510984
 20
-14.91121899350403
 30
0.0
 10
-123.4679938423211
 20
-14.16691094009001
 30
0.0
 10
-123.6140067534683
 20
-13.37554381976423
 30
0.0
 10
-123.7050870126505
 20
-12.53837729587094
 30
0.0
 10
-123.7155612727121
 20
-11.96488603875856
 30
0.0
 10
-123.7209300291394
 20
-11.67093354430379
 30
0.0
  0
SPLINE
  5
5A5
330
1F
100
AcDbEntity
  8
0
  6
Continuous
 62
     7
370
    15
100
AcDbSpline
210
0.0
220
0.0
230
1.0
 70
     8
 71
     3
 72
    13
 73
     9
 74
     0
 42
0.000000001
 43
0.00000001
 40
0.6333023138837359
 40
0.6333023138837359
 40
0.6333023138837359
 40
0.6333023138837359
 40
0.6901332723402647
 40
0.7481987946791007
 40
0.80734954387064
 40
0.8688853389800463
 40
0.9328248332751022
 40
1.0
 40
1.0
 40
1.0
 40
1.0
 10
-112.4298684209944
 20
-18.36341136537808
 30
0.0
 10
-112.6166340317144
 20
-18.49397917271275
 30
0.0
 10
-113.0087856363179
 20
-18.737157471698
 30
0.0
 10
-113.6418966374608
 20
-19.03374537322304
 30
0.0
 10
-114.3222991633239
 20
-19.26211237614895
 30
0.0
 10
-115.0444305146969
 20
-19.42795851282783
 30
0.0
 10
-115.8117307219648
 20
-19.52702282988423
 30
0.0
 10
-116.3373269257018
 20
-19.53874242744093
 30
0.0
 10
-116.6066104088862
 20
-19.54474683544303
 30
0.0
  0
SPLINE
  5
5A7
330
1F
100
AcDbEntity
  8
0
  6
Continuous
 62
     7
370
    15
100
AcDbSpline
210
0.0
220
0.0
230
1.0
 70
     8
 71
     3
 72
    15
 73
    11
 74
     0
 42
0.000000001
 43
0.00000001
 40
0.0
 40
0.0
 40
0.0
 40
0.0
 40
0.1193323885672967
 40
0.2390197329694963
 40
0.3597458898566401
 40
0.4823528668223532
 40
0.6076399890331419
 40
0.7342270313697083
 40
0.8640943639686536
 40
0.9311566077008012
 40
0.9311566077008012
 40
0.9311566077008012
 40
0.9311566077008012
 10
-116.5947433202786
 20
-16.69664556962025
 30
0.0
 10
-116.4867618118824
 20
-16.69311881269545
 30
0.0
 10
-116.2704776026045
 20
-16.68605480845876
 30
0.0
 10
-115.9483705332361
 20
-16.63182431934749
 30
0.0
 10
-115.6334029754195
 20
-16.53726835537065
 30
0.0
 10
-115.3224457203285
 20
-16.41488176842275
 30
0.0
 10
-115.0264600840237
 20
-16.24792081323709
 30
0.0
 10
-114.7478098328281
 20
-16.04237303522607
 30
0.0
 10
-114.5382750476969
 20
-15.83650417896598
 30
0.0
 10
-114.4235391157317
 20
-15.7002472376224
 30
0.0
 10
-114.3852196010081
 20
-15.65320367166319
 30
0.0
  0
SPLINE
  5
5A8
330
1F
100
AcDbEntity
  8
0
  6
Continuous
 62
     7
370
    15
100
AcDbSpline
210
0.0
220
0.0
230
1.0
 70
     8
 71
     3
 72
    13
 73
     9
 74
     0
 42
0.000000001
 43
0.00000001
 40
0.2226439861528899
 40
0.2226439861528899
 40
0.2226439861528899
 40
0.2226439861528899
 40
0.3130117926489223
 40
0.4244218237051749
 40
0.5451249507718176
 40
0.6808969987423225
 40
0.831878972589664
 40
1.0
 40
1.0
 40
1.0
 40
1.0
 10
-113.8192780574942
 20
-14.72849509871625
 30
0.0
 10
-113.7684933086118
 20
-14.61778415370291
 30
0.0
 10
-113.6638321480005
 20
-14.36667997879153
 30
0.0
 10
-113.5257230147904
 20
-13.95419021990345
 30
0.0
 10
-113.4114980939827
 20
-13.47104236420232
 30
0.0
 10
-113.3358205283792
 20
-12.92683139573084
 30
0.0
 10
-113.2832875181682
 20
-12.31574543693445
 30
0.0
 10
-113.2797538076727
 20
-11.8856594365604
 30
0.0
 10
-113.2778920544559
 20
-11.6590664556962
 30
0.0
  0
SPLINE
  5
5AA
330
1F
100
AcDbEntity
  8
0
  6
Continuous
 62
     7
370
    15
100
AcDbSpline
210
0.0
220
0.0
230
1.0
 70
     8
 71
     3
 72
    16
 73
    12
 74
     0
 42
0.000000001
 43
0.00000001
 40
0.0
 40
0.0
 40
0.0
 40
0.0
 40
0.0743174902519926
 40
0.1447888994075329
 40
0.2120632531545363
 40
0.2763650460562666
 40
0.3385510108608478
 40
0.3990267627489694
 40
0.4584379070522079
 40
0.5172101478746092
 40
0.5498941125165067
 40
0.5498941125165067
 40
0.5498941125165067
 40
0.5498941125165067
 10
-109.4804237000255
 20
-11.67093354430379
 30
0.0
 10
-109.4857883767558
 20
-11.96883389401911
 30
0.0
 10
-109.4962400972972
 20
-12.5492176451677
 30
0.0
 10
-109.587008041838
 20
-13.39536333205816
 30
0.0
 10
-109.7335545248417
 20
-14.19244172488596
 30
0.0
 10
-109.940126300539
 20
-14.94231020789215
 30
0.0
 10
-110.2122322013907
 20
-15.64156806845163
 30
0.0
 10
-110.5370648076432
 20
-16.29641349538837
 30
0.0
 10
-110.9288035620369
 20
-16.89752960864973
 30
0.0
 10
-111.3094679137357
 20
-17.3686320910569
 30
0.0
 10
-111.5639541055419
 20
-17.63292924010156
 30
0.0
 10
-111.6577909788335
 20
-17.72441672414323
 30
0.0
  0
SPLINE
  5
5AC
330
1F
100
AcDbEntity
  8
0
  6
Continuous
 62
     7
370
    15
100
AcDbSpline
210
0.0
220
0.0
230
1.0
 70
     8
 71
     3
 72
    15
 73
    11
 74
     0
 42
0.000000001
 43
0.00000001
 40
0.0
 40
0.0
 40
0.0
 40
0.0
 40
0.1253702131106456
 40
0.2452861486282215
 40
0.3619566518608416
 40
0.4759912462323891
 40
0.5930244647388224
 40
0.717386209853611
 40
0.8530854827748922
 40
0.9796490464724636
 40
0.9796490464724636
 40
0.9796490464724636
 40
0.9796490464724636
 10
-116.5947433202786
 20
-6.633354430379741
 30
0.0
 10
-116.7066922294618
 20
-6.635746214356134
 30
0.0
 10
-116.9257196690372
 20
-6.64042572686045
 30
0.0
 10
-117.2455301526903
 20
-6.690590908906954
 30
0.0
 10
-117.5497611106107
 20
-6.765812755663595
 30
0.0
 10
-117.8396779473139
 20
-6.878221018240068
 30
0.0
 10
-118.1213304506743
 20
-7.026661816171977
 30
0.0
 10
-118.3885208745969
 20
-7.232671338697711
 30
0.0
 10
-118.6448180755631
 20
-7.464678566460265
 30
0.0
 10
-118.7959220165019
 20
-7.643561932833967
 30
0.0
 10
-118.8681081968112
 20
-7.730581695391397
 30
0.0
  0
SPLINE
  5
5AD
330
1F
100
AcDbEntity
  8
0
  6
Continuous
 62
     7
370
    15
100
AcDbSpline
210
0.0
220
0.0
230
1.0
 70
     8
 71
     3
 72
    15
 73
    11
 74
     0
 42
0.000000001
 43
0.00000001
 40
0.0
 40
0.0
 40
0.0
 40
0.0
 40
0.1407999008003726
 40
0.2741776477816109
 40
0.4013741149969653
 40
0.52448885793515
 40
0.6456302517483181
 40
0.7637116572808538
 40
0.8814107151106045
 40
0.9999999999999999
 40
0.9999999999999999
 40
0.9999999999999999
 40
0.9999999999999999
 10
-95.6588766997534
 20
-38.85773734177214
 30
0.0
 10
-95.57881246045153
 20
-38.95642521651031
 30
0.0
 10
-95.42290450399403
 20
-39.1485987138386
 30
0.0
 10
-95.16108726315161
 20
-39.40039388731479
 30
0.0
 10
-94.87991499820403
 20
-39.60410458282585
 30
0.0
 10
-94.58333262005361
 20
-39.76200241213585
 30
0.0
 10
-94.2777642006512
 20
-39.87998759571382
 30
0.0
 10
-93.96635107414922
 20
-39.96337237166141
 30
0.0
 10
-93.65016746204586
 20
-40.01588795106635
 30
0.0
 10
-93.43696394566665
 20
-40.02305070143986
 30
0.0
 10
-93.3299605605129
 20
-40.02664556962024
 30
0.0
  0
SPLINE
  5
5AE
330
1F
100
AcDbEntity
  8
0
  6
Continuous
 62
     7
370
    15
100
AcDbSpline
210
0.0
220
0.0
230
1.0
 70
     8
 71
     3
 72
    15
 73
    11
 74
     0
 42
0.000000001
 43
0.00000001
 40
0.0
 40
0.0
 40
0.0
 40
0.0
 40
0.1647712897735214
 40
0.3153580199025924
 40
0.4523308770922136
 40
0.5764484781035051
 40
0.6912717371241716
 40
0.799507240425951
 40
0.9023396981226431
 40
0.9999999999999999
 40
0.9999999999999999
 40
0.9999999999999999
 40
0.9999999999999999
 10
-96.65867891494328
 20
-35.00093354430378
 30
0.0
 10
-96.6553695165111
 20
-35.22354892379845
 30
0.0
 10
-96.649035613693
 20
-35.64961553633636
 30
0.0
 10
-96.59858818794709
 20
-36.25904632625753
 30
0.0
 10
-96.51808011125034
 20
-36.80982566562967
 30
0.0
 10
-96.40170804977362
 20
-37.30477343321429
 30
0.0
 10
-96.25566933447813
 20
-37.75114114772875
 30
0.0
 10
-96.08219118148452
 20
-38.15610368072777
 30
0.0
 10
-95.88953546901702
 20
-38.5271024923325
 30
0.0
 10
-95.73442918587342
 20
-38.74943760119505
 30
0.0
 10
-95.65887669975342
 20
-38.85773734177214
 30
0.0
  0
SPLINE
  5
5AF
330
1F
100
AcDbEntity
  8
0
  6
Continuous
 62
     7
370
    15
100
AcDbSpline
210
0.0
220
0.0
230
1.0
 70
     8
 71
     3
 72
    13
 73
     9
 74
     0
 42
0.000000001
 43
0.00000001
 40
0.260422569226807
 40
0.260422569226807
 40
0.260422569226807
 40
0.260422569226807
 40
0.306127442143653
 40
0.4256637061951229
 40
0.5538735420450615
 40
0.6923357960868717
 40
0.8406322062677614
 40
1.0
 40
1.0
 40
1.0
 40
1.0
 10
-96.15709586344343
 20
-32.03195094789594
 30
0.0
 10
-96.18094422766626
 20
-32.08964105987702
 30
0.0
 10
-96.26347201926652
 20
-32.29968760438325
 30
0.0
 10
-96.38525077019004
 20
-32.68193465865328
 30
0.0
 10
-96.51327529311065
 20
-33.19425342814291
 30
0.0
 10
-96.59403677156766
 20
-33.75582458017027
 30
0.0
 10
-96.64985709463141
 20
-34.3629378301463
 30
0.0
 10
-96.65566859863326
 20
-34.78322689917341
 30
0.0
 10
-96.65867891494328
 20
-35.00093354430378
 30
0.0
  0
SPLINE
  5
5B1
330
1F
100
AcDbEntity
  8
0
  6
Continuous
 62
     7
370
    15
100
AcDbSpline
210
0.0
220
0.0
230
1.0
 70
     8
 71
     3
 72
    16
 73
    12
 74
     0
 42
0.000000001
 43
0.00000001
 40
0.0
 40
0.0
 40
0.0
 40
0.0
 40
0.0738319493400683
 40
0.1443107247895811
 40
0.2113495204227595
 40
0.2756580347156909
 40
0.3376739722725336
 40
0.3981560456202655
 40
0.4573062851982733
 40
0.5164688797027879
 40
0.5430633099026878
 40
0.5430633099026878
 40
0.5430633099026878
 40
0.5430633099026878
 10
-100.4561472693737
 20
-35.00093354430378
 30
0.0
 10
-100.4507152991393
 20
-34.70501176076882
 30
0.0
 10
-100.4400980586551
 20
-34.12660786591486
 30
0.0
 10
-100.3497314383068
 20
-33.2834287241808
 30
0.0
 10
-100.2031797211673
 20
-32.48718592622691
 30
0.0
 10
-99.99462265874509
 20
-31.73994372135824
 30
0.0
 10
-99.73216047639106
 20
-31.03763010735992
 30
0.0
 10
-99.40413645238512
 20
-30.38631378270994
 30
0.0
 10
-99.01896084750089
 20
-29.78068877840387
 30
0.0
 10
-98.6547248932263
 20
-29.32701397293061
 30
0.0
 10
-98.41917467175803
 20
-29.07634096362516
 30
0.0
 10
-98.34419473943507
 20
-29.00053017944619
 30
0.0
  0
SPLINE
  5
5B2
330
1F
100
AcDbEntity
  8
0
  6
Continuous
 62
     7
370
    15
100
AcDbSpline
210
0.0
220
0.0
230
1.0
 70
     8
 71
     3
 72
    23
 73
    19
 74
     0
 42
0.000000001
 43
0.00000001
 40
0.0
 40
0.0
 40
0.0
 40
0.0
 40
0.067519867930514
 40
0.1315843723312146
 40
0.1932097363189823
 40
0.2525264283340523
 40
0.3107819206061321
 40
0.3681756039893951
 40
0.4260287218402658
 40
0.4845681427884828
 40
0.543810659290836
 40
0.6032492302930285
 40
0.6638130081058172
 40
0.7256816779050675
 40
0.7898390587990294
 40
0.8567255291777719
 40
0.9265622839623728
 40
0.9999999999999999
 40
0.9999999999999999
 40
0.9999999999999999
 40
0.9999999999999999
 10
-93.34182764912049
 20
-42.87474683544303
 30
0.0
 10
-93.6121551535226
 20
-42.86915724948159
 30
0.0
 10
-94.13897601500915
 20
-42.85826412745881
 30
0.0
 10
-94.90664855171102
 20
-42.75379239563652
 30
0.0
 10
-95.62969947887828
 20
-42.59012254792965
 30
0.0
 10
-96.3096182011837
 20
-42.35753336860986
 30
0.0
 10
-96.94398565141033
 20
-42.05757995503867
 30
0.0
 10
-97.53409479934425
 20
-41.68887843601721
 30
0.0
 10
-98.07922901896481
 20
-41.25441171637729
 30
0.0
 10
-98.57409009274708
 20
-40.75339892293197
 30
0.0
 10
-99.02004530990824
 20
-40.20014973609474
 30
0.0
 10
-99.40327237114755
 20
-39.59223057533175
 30
0.0
 10
-99.731632198517
 20
-38.94132486348521
 30
0.0
 10
-99.99467529133265
 20
-38.24121899350401
 30
0.0
 10
-100.2032110825555
 20
-37.49691094009002
 30
0.0
 10
-100.3492239937026
 20
-36.70554381976421
 30
0.0
 10
-100.4403042528848
 20
-35.86837729587094
 30
0.0
 10
-100.4507785129463
 20
-35.29488603875856
 30
0.0
 10
-100.4561472693737
 20
-35.00093354430378
 30
0.0
  0
SPLINE
  5
5B3
330
1F
100
AcDbEntity
  8
0
  6
Continuous
 62
     7
370
    15
100
AcDbSpline
210
0.0
220
0.0
230
1.0
 70
     8
 71
     3
 72
    13
 73
     9
 74
     0
 42
0.000000001
 43
0.00000001
 40
0.6347514983923989
 40
0.6347514983923989
 40
0.6347514983923989
 40
0.6347514983923989
 40
0.6901332723402646
 40
0.7481987946791007
 40
0.8073495438706402
 40
0.8688853389800463
 40
0.9328248332751022
 40
1.0
 40
1.0
 40
1.0
 40
1.0
 10
-89.1793872188706
 20
-41.70337968336085
 30
0.0
 10
-89.36174775897423
 20
-41.83010602948237
 30
0.0
 10
-89.74927440345427
 20
-42.06962697720163
 30
0.0
 10
-90.37711387769515
 20
-42.36374537322303
 30
0.0
 10
-91.05751640355815
 20
-42.59211237614894
 30
0.0
 10
-91.77964775493118
 20
-42.75795851282783
 30
0.0
 10
-92.54694796219908
 20
-42.8570228298842
 30
0.0
 10
-93.07254416593602
 20
-42.86874242744091
 30
0.0
 10
-93.34182764912049
 20
-42.87474683544303
 30
0.0
  0
SPLINE
  5
5B5
330
1F
100
AcDbEntity
  8
0
  6
Continuous
 62
     7
370
    15
100
AcDbSpline
210
0.0
220
0.0
230
1.0
 70
     8
 71
     3
 72
    15
 73
    11
 74
     0
 42
0.000000001
 43
0.00000001
 40
0.0
 40
0.0
 40
0.0
 40
0.0
 40
0.1193323885672969
 40
0.2390197329694968
 40
0.3597458898566409
 40
0.4823528668223536
 40
0.6076399890331424
 40
0.7342270313697091
 40
0.8640943639686545
 40
0.9245102194827247
 40
0.9245102194827247
 40
0.9245102194827247
 40
0.9245102194827247
 10
-93.3299605605129
 20
-40.02664556962024
 30
0.0
 10
-93.22197905211665
 20
-40.02311881269544
 30
0.0
 10
-93.00569484283882
 20
-40.01605480845875
 30
0.0
 10
-92.68358777347042
 20
-39.96182431934749
 30
0.0
 10
-92.3686202156537
 20
-39.86726835537063
 30
0.0
 10
-92.05766296056274
 20
-39.74488176842274
 30
0.0
 10
-91.76167732425799
 20
-39.57792081323709
 30
0.0
 10
-91.48302707306244
 20
-39.37237303522608
 30
0.0
 10
-91.27779701123379
 20
-39.17073358871422
 30
0.0
 10
-91.16651564162369
 20
-39.0394321389716
 30
0.0
 10
-91.13185301377605
 20
-38.99717126890513
 30
0.0
  0
SPLINE
  5
5B6
330
1F
100
AcDbEntity
  8
0
  6
Continuous
 62
     7
370
    15
100
AcDbSpline
210
0.0
220
0.0
230
1.0
 70
     8
 71
     3
 72
    15
 73
    11
 74
     0
 42
0.000000001
 43
0.00000001
 40
0.0
 40
0.0
 40
0.0
 40
0.0
 40
0.1408231896269229
 40
0.2734591023445891
 40
0.4007920019629745
 40
0.5236901667679178
 40
0.6445466669092745
 40
0.7633520214523857
 40
0.8806836523264745
 40
0.9999999999999999
 40
0.9999999999999999
 40
0.9999999999999999
 40
0.9999999999999999
 10
-91.01291150988
 20
-31.12336234177214
 30
0.0
 10
-91.09316175104348
 20
-31.02585125681158
 30
0.0
 10
-91.24899658882583
 20
-30.83649825442182
 30
0.0
 10
-91.5077429513061
 20
-30.58526211642124
 30
0.0
 10
-91.78940853068562
 20
-30.38716062602973
 30
0.0
 10
-92.0822716945389
 20
-30.22781918183022
 30
0.0
 10
-92.38595866326392
 20
-30.10951768660816
 30
0.0
 10
-92.69562652570464
 20
-30.02707334941949
 30
0.0
 10
-93.01069724784547
 20
-29.9738688113023
 30
0.0
 10
-93.22294609415326
 20
-29.96687876536871
 30
0.0
 10
-93.3299605605129
 20
-29.96335443037973
 30
0.0
  0
SPLINE
  5
5B7
330
1F
100
AcDbEntity
  8
0
  6
Continuous
 62
     7
370
    15
100
AcDbSpline
210
0.0
220
0.0
230
1.0
 70
     8
 71
     3
 72
    15
 73
    11
 74
     0
 42
0.000000001
 43
0.00000001
 40
0.0
 40
0.0
 40
0.0
 40
0.0
 40
0.1608968379842375
 40
0.309096528956288
 40
0.4467197912150724
 40
0.5729741321938978
 40
0.6906503494730337
 40
0.8004824156054142
 40
0.9034839346235796
 40
1.0
 40
1.0
 40
1.0
 40
1.0
 10
-90.01310929469011
 20
-34.98906645569619
 30
0.0
 10
-90.01651051476635
 20
-34.77140434328298
 30
0.0
 10
-90.02304454820639
 20
-34.35325688758964
 30
0.0
 10
-90.07300832520183
 20
-33.75051320847561
 30
0.0
 10
-90.1574609536072
 20
-33.19904726952688
 30
0.0
 10
-90.276008152485
 20
-32.69606467561923
 30
0.0
 10
-90.42586759582701
 20
-32.24105754464461
 30
0.0
 10
-90.59411543547341
 20
-31.8266372003605
 30
0.0
 10
-90.78381759012862
 20
-31.45229205506536
 30
0.0
 10
-90.93821985319443
 20
-31.23060353457915
 30
0.0
 10
-91.01291150988
 20
-31.12336234177214
 30
0.0
  0
SPLINE
  5
5B8
330
1F
100
AcDbEntity
  8
0
  6
Continuous
 62
     7
370
    15
100
AcDbSpline
210
0.0
220
0.0
230
1.0
 70
     8
 71
     3
 72
    13
 73
     9
 74
     0
 42
0.000000001
 43
0.00000001
 40
0.2176943448261588
 40
0.2176943448261588
 40
0.2176943448261588
 40
0.2176943448261588
 40
0.3130117926489225
 40
0.4244218237051752
 40
0.5451249507718182
 40
0.6808969987423229
 40
0.8318789725896645
 40
1.0
 40
1.0
 40
1.0
 40
1.0
 10
-90.56287531523348
 20
-38.07667094733027
 30
0.0
 10
-90.50885623643224
 20
-37.96009919397355
 30
0.0
 10
-90.40116917435651
 20
-37.7030111318872
 30
0.0
 10
-90.26094025502469
 20
-37.28419021990345
 30
0.0
 10
-90.14671533421685
 20
-36.8010423642023
 30
0.0
 10
-90.07103776861345
 20
-36.25683139573081
 30
0.0
 10
-90.01850475840241
 20
-35.64574543693444
 30
0.0
 10
-90.0149710479069
 20
-35.21565943656038
 30
0.0
 10
-90.01310929469011
 20
-34.98906645569619
 30
0.0
  0
SPLINE
  5
5BA
330
1F
100
AcDbEntity
  8
0
  6
Continuous
 62
     7
370
    15
100
AcDbSpline
210
0.0
220
0.0
230
1.0
 70
     8
 71
     3
 72
    16
 73
    12
 74
     0
 42
0.000000001
 43
0.00000001
 40
0.0
 40
0.0
 40
0.0
 40
0.0
 40
0.0743174902519929
 40
0.1447888994075326
 40
0.2120632531545361
 40
0.2763650460562666
 40
0.3385510108608478
 40
0.3990267627489692
 40
0.458437907052208
 40
0.5172101478746092
 40
0.5513587683290909
 40
0.5513587683290909
 40
0.5513587683290909
 40
0.5513587683290909
 10
-86.21564094025975
 20
-35.00093354430378
 30
0.0
 10
-86.22100561699003
 20
-35.29883389401911
 30
0.0
 10
-86.23145733753152
 20
-35.87921764516769
 30
0.0
 10
-86.32222528207228
 20
-36.72536333205816
 30
0.0
 10
-86.46877176507596
 20
-37.52244172488593
 30
0.0
 10
-86.67534354077328
 20
-38.27231020789215
 30
0.0
 10
-86.94744944162493
 20
-38.9715680684516
 30
0.0
 10
-87.27228204787752
 20
-39.62641349538838
 30
0.0
 10
-87.66402080227125
 20
-40.22752960864972
 30
0.0
 10
-88.04838073327338
 20
-40.70320566506242
 30
0.0
 10
-88.30732853847923
 20
-40.97138912980432
 30
0.0
 10
-88.40564086317967
 20
-41.06669823444317
 30
0.0
  0
SPLINE
  5
5BC
330
1F
100
AcDbEntity
  8
0
  6
Continuous
 62
     7
370
    15
100
AcDbSpline
210
0.0
220
0.0
230
1.0
 70
     8
 71
     3
 72
    15
 73
    11
 74
     0
 42
0.000000001
 43
0.00000001
 40
0.0
 40
0.0
 40
0.0
 40
0.0
 40
0.1253702131106456
 40
0.2452861486282213
 40
0.3619566518608417
 40
0.4759912462323888
 40
0.5930244647388219
 40
0.7173862098536107
 40
0.8530854827748917
 40
0.9863679079605551
 40
0.9863679079605551
 40
0.9863679079605551
 40
0.9863679079605551
 10
-93.3299605605129
 20
-29.96335443037973
 30
0.0
 10
-93.44190946969601
 20
-29.96574621435612
 30
0.0
 10
-93.6609369092715
 20
-29.97042572686044
 30
0.0
 10
-93.98074739292457
 20
-30.02059090890695
 30
0.0
 10
-94.28497835084492
 20
-30.09581275566359
 30
0.0
 10
-94.57489518754817
 20
-30.20822101824006
 30
0.0
 10
-94.85654769090864
 20
-30.35666181617197
 30
0.0
 10
-95.12373811483114
 20
-30.5626713386977
 30
0.0
 10
-95.3844893145197
 20
-30.79871044777671
 30
0.0
 10
-95.53886652960998
 20
-30.98274160372112
 30
0.0
 10
-95.61481632602576
 20
-31.07444573139915
 30
0.0
  0
SPLINE
  5
5BD
330
1F
100
AcDbEntity
  8
0
  6
Continuous
 62
     7
370
    15
100
AcDbSpline
210
0.0
220
0.0
230
1.0
 70
     8
 71
     3
 72
    16
 73
    12
 74
     0
 42
0.000000001
 43
0.00000001
 40
0.0
 40
0.0
 40
0.0
 40
0.0
 40
0.0739761096519035
 40
0.1443573719119295
 40
0.2115456684307508
 40
0.2760026318605467
 40
0.3379327652610082
 40
0.3985514878364243
 40
0.4578277451376332
 40
0.5169084833208408
 40
0.5373497173544857
 40
0.5373497173544857
 40
0.5373497173544857
 40
0.5373497173544857
 10
-53.77321370937893
 20
-58.35170094936707
 30
0.0
 10
-53.76782449482501
 20
-58.0547874933035
 30
0.0
 10
-53.75730795302071
 20
-57.47538900365178
 30
0.0
 10
-53.66656176189193
 20
-56.63027580304625
 30
0.0
 10
-53.52014922603301
 20
-55.83208923466061
 30
0.0
 10
-53.31231515053905
 20
-55.08260762919437
 30
0.0
 10
-53.04854835681898
 20
-54.37881511588021
 30
0.0
 10
-52.72114450776662
 20
-53.72538966430015
 30
0.0
 10
-52.33706130891985
 20
-53.11687905688181
 30
0.0
 10
-51.98677515310087
 20
-52.68253288038263
 30
0.0
 10
-51.77005649556148
 20
-52.44789482638076
 30
0.0
 10
-51.71323334957717
 20
-52.38866646031995
 30
0.0
  0
SPLINE
  5
5BE
330
1F
100
AcDbEntity
  8
0
  6
Continuous
 62
     7
370
    15
100
AcDbSpline
210
0.0
220
0.0
230
1.0
 70
     8
 71
     3
 72
    23
 73
    19
 74
     0
 42
0.000000001
 43
0.00000001
 40
0.0
 40
0.0
 40
0.0
 40
0.0
 40
0.0650904563183021
 40
0.1273233501517018
 40
0.1871985846258798
 40
0.245875830325294
 40
0.3034251099650291
 40
0.3606634831878174
 40
0.4183541038827716
 40
0.4773240059896774
 40
0.5369732243021638
 40
0.5969523168415622
 40
0.6580643664971633
 40
0.7211594606572307
 40
0.7862010716509236
 40
0.8541877395663697
 40
0.9253422171415686
 40
1.0
 40
1.0
 40
1.0
 40
1.0
 10
-47.12764408912577
 20
-66.20474683544302
 30
0.0
 10
-47.3774070400232
 20
-66.18786557233463
 30
0.0
 10
-47.86596799735506
 20
-66.15484415728662
 30
0.0
 10
-48.57492880632546
 20
-66.02401718518979
 30
0.0
 10
-49.24537833099723
 20
-65.83803491833152
 30
0.0
 10
-49.87573708609251
 20
-65.58813975378837
 30
0.0
 10
-50.46796692769988
 20
-65.27904960963762
 30
0.0
 10
-51.01658252587733
 20
-64.90447321903517
 30
0.0
 10
-51.52724669065029
 20
-64.47157293624791
 30
0.0
 10
-51.99561267745898
 20
-63.97989873935749
 30
0.0
 10
-52.41182930435615
 20
-63.43274620174152
 30
0.0
 10
-52.7814116988507
 20
-62.84312461042152
 30
0.0
 10
-53.08601823160988
 20
-62.20262464876782
 30
0.0
 10
-53.33805120624633
 20
-61.51945337308651
 30
0.0
 10
-53.53467491262348
 20
-60.7906351845488
 30
0.0
 10
-53.67077839950235
 20
-60.01715503928389
 30
0.0
 10
-53.76057840644219
 20
-59.19934350261455
 30
0.0
 10
-53.76893501605209
 20
-58.63873819368821
 30
0.0
 10
-53.77321370937893
 20
-58.35170094936707
 30
0.0
  0
SPLINE
  5
5BF
330
1F
100
AcDbEntity
  8
0
  6
Continuous
 62
     7
370
    15
100
AcDbSpline
210
0.0
220
0.0
230
1.0
 70
     8
 71
     3
 72
    15
 73
    11
 74
     0
 42
0.000000001
 43
0.00000001
 40
0.0
 40
0.0
 40
0.0
 40
0.0
 40
0.1209554316429668
 40
0.2405166887531176
 40
0.3615163508089426
 40
0.4850217950661759
 40
0.610152074047093
 40
0.7372798125449613
 40
0.8673822287952692
 40
1.0
 40
1.0
 40
1.0
 40
1.0
 10
-45.99137035494855
 20
-69.0528481012658
 30
0.0
 10
-46.07972583379774
 20
-68.96189063942501
 30
0.0
 10
-46.25541837540044
 20
-68.78102412320345
 30
0.0
 10
-46.47815012508325
 20
-68.47348257248447
 30
0.0
 10
-46.67012571770318
 20
-68.14327517522453
 30
0.0
 10
-46.82217577948931
 20
-67.78641835748611
 30
0.0
 10
-46.94382852401448
 20
-67.41169772460219
 30
0.0
 10
-47.03428321498438
 20
-67.02136428715883
 30
0.0
 10
-47.1026891963175
 20
-66.61826789433526
 30
0.0
 10
-47.11927286599276
 20
-66.34346420364723
 30
0.0
 10
-47.12764408912577
 20
-66.20474683544302
 30
0.0
  0
SPLINE
  5
5C0
330
1F
100
AcDbEntity
  8
0
  6
Continuous
 62
     7
370
    15
100
AcDbSpline
210
0.0
220
0.0
230
1.0
 70
     8
 71
     3
 72
    15
 73
    11
 74
     0
 42
0.000000001
 43
0.00000001
 40
0.0
 40
0.0
 40
0.0
 40
0.0
 40
0.155227336447547
 40
0.2990241851166378
 40
0.4322079992457941
 40
0.5560736295243107
 40
0.6729838947251183
 40
0.7849439672400111
 40
0.8935504708791812
 40
1.0
 40
1.0
 40
1.0
 40
1.0
 10
-42.62111719039159
 20
-70.19208860759493
 30
0.0
 10
-42.81017339155099
 20
-70.18927452165211
 30
0.0
 10
-43.17436424727726
 20
-70.18385357083791
 30
0.0
 10
-43.69800086162018
 20
-70.12582284538166
 30
0.0
 10
-44.17861367207909
 20
-70.03721663722344
 30
0.0
 10
-44.61499549075621
 20
-69.90465594388874
 30
0.0
 10
-45.01337956219759
 20
-69.74209295688505
 30
0.0
 10
-45.37380151190713
 20
-69.54376888549173
 30
0.0
 10
-45.70520585025427
 20
-69.32071457120583
 30
0.0
 10
-45.89662214406972
 20
-69.14153788761216
 30
0.0
 10
-45.99137035494855
 20
-69.0528481012658
 30
0.0
  0
SPLINE
  5
5C1
330
1F
100
AcDbEntity
  8
0
  6
Continuous
 62
     7
370
    15
100
AcDbSpline
210
0.0
220
0.0
230
1.0
 70
     8
 71
     3
 72
    13
 73
     9
 74
     0
 42
0.000000001
 43
0.00000001
 40
0.0
 40
0.0
 40
0.0
 40
0.0
 40
0.196859902942477
 40
0.392518368720898
 40
0.5036100203975801
 40
0.6411695424206022
 40
0.8072597869136282
 40
1.0
 40
1.0
 40
1.0
 40
1.0
 10
-39.53270738026501
 20
-69.91321202531643
 30
0.0
 10
-39.73197019277981
 20
-69.9573324279401
 30
0.0
 10
-40.12927971567391
 20
-70.0453039661066
 30
0.0
 10
-40.64668576195966
 20
-70.11860754715677
 30
0.0
 10
-41.10559099955682
 20
-70.15813066648168
 30
0.0
 10
-41.53514337941686
 20
-70.17617487449088
 30
0.0
 10
-42.04939610139468
 20
-70.19262875144668
 30
0.0
 10
-42.42133563858024
 20
-70.19227735483372
 30
0.0
 10
-42.62111719039159
 20
-70.19208860759493
 30
0.0
  0
SPLINE
  5
5C4
330
1F
100
AcDbEntity
  8
0
  6
Continuous
 62
     7
370
    15
100
AcDbSpline
210
0.0
220
0.0
230
1.0
 70
     8
 71
     3
 72
    13
 73
     9
 74
     0
 42
0.000000001
 43
0.00000001
 40
0.0
 40
0.0
 40
0.0
 40
0.0
 40
0.2689990263260242
 40
0.5565986534177961
 40
0.6967618033802538
 40
0.818917338075745
 40
0.9189445105775835
 40
1.0
 40
1.0
 40
1.0
 40
1.0
 10
-41.58571370937893
 20
-67.72373417721516
 30
0.0
 10
-41.42995513588958
 20
-67.71717706433337
 30
0.0
 10
-41.10766767839754
 20
-67.70360943083611
 30
0.0
 10
-40.71222054595923
 20
-67.61714902777673
 30
0.0
 10
-40.405432924868
 20
-67.53282025712946
 30
0.0
 10
-40.20643865851905
 20
-67.46694211573376
 30
0.0
 10
-40.03995696673864
 20
-67.41063313119116
 30
0.0
 10
-39.9457309625185
 20
-67.36459482317669
 30
0.0
 10
-39.90355389925234
 20
-67.34398734177213
 30
0.0
  0
SPLINE
  5
5C5
330
1F
100
AcDbEntity
  8
0
  6
Continuous
 62
     7
370
    15
100
AcDbSpline
210
0.0
220
0.0
230
1.0
 70
     8
 71
     3
 72
    23
 73
    19
 74
     0
 42
0.000000001
 43
0.00000001
 40
0.0
 40
0.0
 40
0.0
 40
0.0
 40
0.0807897455013511
 40
0.1558942966553679
 40
0.2246430064490297
 40
0.2877551349552298
 40
0.3458674633093444
 40
0.4003992401042356
 40
0.4506526835122334
 40
0.4980752940047722
 40
0.5456841196528289
 40
0.5957538204221746
 40
0.650332901574131
 40
0.7098059769548749
 40
0.7731396954325629
 40
0.8426032787302843
 40
0.9184065373702418
 40
0.9999999999999999
 40
0.9999999999999999
 40
0.9999999999999999
 40
0.9999999999999999
 10
-43.70992257013843
 20
-65.67369462025316
 30
0.0
 10
-43.70726913461434
 20
-65.76674590018881
 30
0.0
 10
-43.70214898647942
 20
-65.94630041850584
 30
0.0
 10
-43.67380901443774
 20
-66.20355007510736
 30
0.0
 10
-43.63897613516937
 20
-66.43977464131147
 30
0.0
 10
-43.57922566118256
 20
-66.65049540402116
 30
0.0
 10
-43.51733905626087
 20
-66.84360089129547
 30
0.0
 10
-43.43319561436986
 20
-67.01189994626827
 30
0.0
 10
-43.33898544595046
 20
-67.1603347000431
 30
0.0
 10
-43.226073286089
 20
-67.28489131168777
 30
0.0
 10
-43.09585322332021
 20
-67.39061052905387
 30
0.0
 10
-42.94437517985595
 20
-67.47992105412345
 30
0.0
 10
-42.7715067938543
 20
-67.55734631397179
 30
0.0
 10
-42.5760268649437
 20
-67.61809953650724
 30
0.0
 10
-42.35947834990077
 20
-67.66516735254277
 30
0.0
 10
-42.12172370648393
 20
-67.70079898933464
 30
0.0
 10
-41.8609963434342
 20
-67.72122608639086
 30
0.0
 10
-41.67969775068104
 20
-67.72287789177444
 30
0.0
 10
-41.58571370937893
 20
-67.72373417721516
 30
0.0
  0
SPLINE
  5
5C6
330
1F
100
AcDbEntity
  8
0
  6
Continuous
 62
     7
370
    15
100
AcDbSpline
210
0.0
220
0.0
230
1.0
 70
     8
 71
     3
 72
    10
 73
     6
 74
     0
 42
0.000000001
 43
0.00000001
 40
0.8555483852156295
 40
0.8555483852156295
 40
0.8555483852156295
 40
0.8555483852156295
 40
0.8819261241158043
 40
0.940293224020892
 40
1.0
 40
1.0
 40
1.0
 40
1.0
 10
-42.55995142840265
 20
-65.0755409242252
 30
0.0
 10
-42.62599226071235
 20
-65.11895526599251
 30
0.0
 10
-42.84098968464095
 20
-65.25422367710193
 30
0.0
 10
-43.22017841978949
 20
-65.46394815832517
 30
0.0
 10
-43.54544435518371
 20
-65.60325228086757
 30
0.0
 10
-43.70992257013842
 20
-65.67369462025314
 30
0.0
  0
SPLINE
  5
5C8
330
1F
100
AcDbEntity
  8
0
  6
Continuous
 62
     7
370
    15
100
AcDbSpline
210
0.0
220
0.0
230
1.0
 70
     8
 71
     3
 72
    15
 73
    11
 74
     0
 42
0.000000001
 43
0.00000001
 40
0.0
 40
0.0
 40
0.0
 40
0.0
 40
0.1193323885672941
 40
0.2390197329694963
 40
0.3597458898566402
 40
0.4823528668223551
 40
0.6076399890331428
 40
0.7342270313697092
 40
0.8640943639686509
 40
0.8955427382662493
 40
0.8955427382662493
 40
0.8955427382662493
 40
0.8955427382662493
 10
-46.64702700051817
 20
-63.35664556962023
 30
0.0
 10
-46.53904549212194
 20
-63.35311881269544
 30
0.0
 10
-46.3227612828441
 20
-63.34605480845876
 30
0.0
 10
-46.00065421347565
 20
-63.29182431934746
 30
0.0
 10
-45.68568665565899
 20
-63.19726835537065
 30
0.0
 10
-45.37472940056798
 20
-63.07488176842274
 30
0.0
 10
-45.07874376426323
 20
-62.90792081323706
 30
0.0
 10
-44.80009351306771
 20
-62.70237303522607
 30
0.0
 10
-44.61362506842426
 20
-62.51916696085852
 30
0.0
 10
-44.51774078900705
 20
-62.40917236503911
 30
0.0
 10
-44.49929933132276
 20
-62.38751454155981
 30
0.0
  0
SPLINE
  5
5C9
330
1F
100
AcDbEntity
  8
0
  6
Continuous
 62
     7
370
    15
100
AcDbSpline
210
0.0
220
0.0
230
1.0
 70
     8
 71
     3
 72
    15
 73
    11
 74
     0
 42
0.000000001
 43
0.00000001
 40
0.0
 40
0.0
 40
0.0
 40
0.0
 40
0.1407999008003711
 40
0.2741776477816113
 40
0.4013741149969664
 40
0.5244888579351489
 40
0.6456302517483196
 40
0.7637116572808568
 40
0.8814107151106022
 40
1.0
 40
1.0
 40
1.0
 40
1.0
 10
-48.97594313975868
 20
-62.18773734177213
 30
0.0
 10
-48.89587890045682
 20
-62.28642521651032
 30
0.0
 10
-48.7399709439993
 20
-62.4785987138386
 30
0.0
 10
-48.47815370315685
 20
-62.73039388731476
 30
0.0
 10
-48.19698143820928
 20
-62.93410458282582
 30
0.0
 10
-47.90039906005886
 20
-63.09200241213583
 30
0.0
 10
-47.59483064065647
 20
-63.20998759571382
 30
0.0
 10
-47.28341751415449
 20
-63.29337237166143
 30
0.0
 10
-46.96723390205113
 20
-63.34588795106634
 30
0.0
 10
-46.7540303856719
 20
-63.35305070143986
 30
0.0
 10
-46.64702700051817
 20
-63.35664556962023
 30
0.0
  0
SPLINE
  5
5CA
330
1F
100
AcDbEntity
  8
0
  6
Continuous
 62
     7
370
    15
100
AcDbSpline
210
0.0
220
0.0
230
1.0
 70
     8
 71
     3
 72
    15
 73
    11
 74
     0
 42
0.000000001
 43
0.00000001
 40
0.0
 40
0.0
 40
0.0
 40
0.0
 40
0.1647712897735215
 40
0.3153580199025923
 40
0.4523308770922139
 40
0.5764484781035057
 40
0.6912717371241722
 40
0.7995072404259511
 40
0.9023396981226441
 40
1.0
 40
1.0
 40
1.0
 40
1.0
 10
-49.97574535494856
 20
-58.33093354430378
 30
0.0
 10
-49.97243595651637
 20
-58.55354892379846
 30
0.0
 10
-49.96610205369826
 20
-58.97961553633636
 30
0.0
 10
-49.91565462795233
 20
-59.58904632625752
 30
0.0
 10
-49.83514655125564
 20
-60.13982566562969
 30
0.0
 10
-49.71877448977887
 20
-60.63477343321429
 30
0.0
 10
-49.57273577448341
 20
-61.08114114772876
 30
0.0
 10
-49.39925762148976
 20
-61.48610368072775
 30
0.0
 10
-49.20660190902227
 20
-61.85710249233249
 30
0.0
 10
-49.05149562587868
 20
-62.07943760119506
 30
0.0
 10
-48.97594313975868
 20
-62.18773734177213
 30
0.0
  0
SPLINE
  5
5CB
330
1F
100
AcDbEntity
  8
0
  6
Continuous
 62
     7
370
    15
100
AcDbSpline
210
0.0
220
0.0
230
1.0
 70
     8
 71
     3
 72
    13
 73
     9
 74
     0
 42
0.000000001
 43
0.00000001
 40
0.2823955913660397
 40
0.2823955913660397
 40
0.2823955913660397
 40
0.2823955913660397
 40
0.3061274421436531
 40
0.4256637061951247
 40
0.5538735420450617
 40
0.6923357960868717
 40
0.8406322062677615
 40
1.0
 40
1.0
 40
1.0
 40
1.0
 10
-49.50784477070085
 20
-55.44543760800472
 30
0.0
 10
-49.51971226310177
 20
-55.47559501308754
 30
0.0
 10
-49.58965700866501
 20
-55.65830949956889
 30
0.0
 10
-49.70231721019533
 20
-56.01193465865328
 30
0.0
 10
-49.83034173311591
 20
-56.52425342814289
 30
0.0
 10
-49.91110321157294
 20
-57.08582458017027
 30
0.0
 10
-49.96692353463668
 20
-57.69293783014631
 30
0.0
 10
-49.97273503863854
 20
-58.11322689917341
 30
0.0
 10
-49.97574535494855
 20
-58.33093354430378
 30
0.0
  0
SPLINE
  5
5CD
330
1F
100
AcDbEntity
  8
0
  6
Continuous
 62
     7
370
    15
100
AcDbSpline
210
0.0
220
0.0
230
1.0
 70
     8
 71
     3
 72
    15
 73
    11
 74
     0
 42
0.000000001
 43
0.00000001
 40
0.0
 40
0.0
 40
0.0
 40
0.0
 40
0.1253702131106456
 40
0.2452861486282213
 40
0.3619566518608417
 40
0.4759912462323869
 40
0.5930244647388193
 40
0.7173862098536102
 40
0.8530854827748934
 40
1.0
 40
1.0
 40
1.0
 40
1.0
 10
-46.64702700051817
 20
-53.29335443037973
 30
0.0
 10
-46.75897590970129
 20
-53.29574621435612
 30
0.0
 10
-46.97800334927678
 20
-53.30042572686043
 30
0.0
 10
-47.29781383292983
 20
-53.35059090890695
 30
0.0
 10
-47.60204479085016
 20
-53.42581275566356
 30
0.0
 10
-47.89196162755343
 20
-53.53822101824007
 30
0.0
 10
-48.1736141309139
 20
-53.68666181617198
 30
0.0
 10
-48.4408045548364
 20
-53.8926713386977
 30
0.0
 10
-48.7105926011149
 20
-54.1368908481757
 30
0.0
 10
-48.87151928557501
 20
-54.33145323623702
 30
0.0
 10
-48.95517573469539
 20
-54.43259493670885
 30
0.0
  0
SPLINE
  5
5CE
330
1F
100
AcDbEntity
  8
0
  6
Continuous
 62
     7
370
    15
100
AcDbSpline
210
0.0
220
0.0
230
1.0
 70
     8
 71
     3
 72
    15
 73
    11
 74
     0
 42
0.000000001
 43
0.00000001
 40
0.0
 40
0.0
 40
0.0
 40
0.0
 40
0.1408231896269235
 40
0.2734591023445876
 40
0.4007920019629773
 40
0.5236901667679181
 40
0.6445466669092749
 40
0.7633520214523887
 40
0.8806836523264747
 40
1.0
 40
1.0
 40
1.0
 40
1.0
 10
-44.32997794988526
 20
-54.45336234177213
 30
0.0
 10
-44.41022819104874
 20
-54.35585125681157
 30
0.0
 10
-44.56606302883107
 20
-54.16649825442182
 30
0.0
 10
-44.82480939131136
 20
-53.91526211642123
 30
0.0
 10
-45.10647497069088
 20
-53.71716062602973
 30
0.0
 10
-45.39933813454416
 20
-53.55781918183021
 30
0.0
 10
-45.7030251032692
 20
-53.43951768660816
 30
0.0
 10
-46.01269296570988
 20
-53.35707334941947
 30
0.0
 10
-46.32776368785076
 20
-53.3038688113023
 30
0.0
 10
-46.54001253415853
 20
-53.29687876536869
 30
0.0
 10
-46.64702700051817
 20
-53.29335443037973
 30
0.0
  0
SPLINE
  5
5CF
330
1F
100
AcDbEntity
  8
0
  6
Continuous
 62
     7
370
    15
100
AcDbSpline
210
0.0
220
0.0
230
1.0
 70
     8
 71
     3
 72
    15
 73
    11
 74
     0
 42
0.000000001
 43
0.00000001
 40
0.0
 40
0.0
 40
0.0
 40
0.0
 40
0.1608968379842375
 40
0.3090965289562865
 40
0.4467197912150726
 40
0.5729741321938981
 40
0.6906503494730347
 40
0.8004824156054156
 40
0.9034839346235809
 40
1.0
 40
1.0
 40
1.0
 40
1.0
 10
-43.33017573469539
 20
-58.31906645569619
 30
0.0
 10
-43.33357695477162
 20
-58.10140434328299
 30
0.0
 10
-43.34011098821163
 20
-57.68325688758964
 30
0.0
 10
-43.3900747652071
 20
-57.08051320847564
 30
0.0
 10
-43.47452739361243
 20
-56.52904726952684
 30
0.0
 10
-43.59307459249025
 20
-56.02606467561922
 30
0.0
 10
-43.74293403583231
 20
-55.5710575446446
 30
0.0
 10
-43.91118187547865
 20
-55.15663720036047
 30
0.0
 10
-44.10088403013388
 20
-54.78229205506538
 30
0.0
 10
-44.25528629319972
 20
-54.56060353457914
 30
0.0
 10
-44.32997794988526
 20
-54.45336234177213
 30
0.0
  0
SPLINE
  5
5D1
330
1F
100
AcDbEntity
  8
0
  6
Continuous
 62
     7
370
    15
100
AcDbSpline
210
0.0
220
0.0
230
1.0
 70
     8
 71
     3
 72
    19
 73
    15
 74
     0
 42
0.000000001
 43
0.00000001
 40
0.0
 40
0.0
 40
0.0
 40
0.0
 40
0.0733254333148045
 40
0.1442053013104065
 40
0.2125194476409243
 40
0.2792146314209103
 40
0.3441683766653136
 40
0.4077584145784086
 40
0.4701884059599276
 40
0.5317647835026507
 40
0.5922434644734107
 40
0.6512809709597079
 40
0.709084088038267
 40
0.744031854398729
 40
0.744031854398729
 40
0.744031854398729
 40
0.744031854398729
 10
-39.53270738026501
 20
-58.34873417721517
 30
0.0
 10
-39.53621334045279
 20
-58.56837729389017
 30
0.0
 10
-39.54310832930464
 20
-59.00033794368125
 30
0.0
 10
-39.59478095451771
 20
-59.63518682281318
 30
0.0
 10
-39.67643431228505
 20
-60.24678152199423
 30
0.0
 10
-39.79586340226475
 20
-60.83408807732416
 30
0.0
 10
-39.94587008825155
 20
-61.39973744880526
 30
0.0
 10
-40.1337438339155
 20
-61.9405448369226
 30
0.0
 10
-40.3534353240337
 20
-62.45813883310213
 30
0.0
 10
-40.60471231902697
 20
-62.95082802457591
 30
0.0
 10
-40.88870634075003
 20
-63.4136940050472
 30
0.0
 10
-41.20418989654061
 20
-63.84163441835523
 30
0.0
 10
-41.50230801009209
 20
-64.18565126083104
 30
0.0
 10
-41.69961998888586
 20
-64.38142539728152
 30
0.0
 10
-41.77584539159921
 20
-64.4532184983554
 30
0.0
  0
SPLINE
  5
5D2
330
1F
100
AcDbEntity
  8
0
  6
Continuous
 62
     7
370
    15
100
AcDbSpline
210
0.0
220
0.0
230
1.0
 70
     8
 71
     3
 72
    23
 73
    19
 74
     0
 42
0.000000001
 43
0.00000001
 40
0.0
 40
0.0
 40
0.0
 40
0.0
 40
0.0670512811149673
 40
0.1309046943388338
 40
0.1922721602802196
 40
0.2513934050590944
 40
0.3094569467255181
 40
0.3665314524801419
 40
0.4240406555225842
 40
0.4823871903262076
 40
0.5412425700699401
 40
0.6007509560111369
 40
0.6611151774666012
 40
0.7234162122340775
 40
0.7878367095920973
 40
0.8549869948067403
 40
0.9255733919989042
 40
1.0
 40
1.0
 40
1.0
 40
1.0
 10
-46.65889408912577
 20
-50.44525316455695
 30
0.0
 10
-46.38953640225081
 20
-50.45078568704717
 30
0.0
 10
-45.86366746907229
 20
-50.46158687016349
 30
0.0
 10
-45.09749373790429
 20
-50.56723138638009
 30
0.0
 10
-44.37358614573576
 20
-50.72604324597106
 30
0.0
 10
-43.69401298410602
 20
-50.95956956890343
 30
0.0
 10
-43.06058233817038
 20
-51.25984141361508
 30
0.0
 10
-42.46944422787395
 20
-51.62476987827505
 30
0.0
 10
-41.92465901937832
 20
-52.05768116942296
 30
0.0
 10
-41.42626009521373
 20
-52.55334990645937
 30
0.0
 10
-40.98094727969596
 20
-53.10734737838225
 30
0.0
 10
-40.59019486856398
 20
-53.71091619612687
 30
0.0
 10
-40.2637269281522
 20
-54.36688297261853
 30
0.0
 10
-39.99250281246564
 20
-55.06856480046782
 30
0.0
 10
-39.78622757321779
 20
-55.82039534639851
 30
0.0
 10
-39.6389769093045
 20
-56.61931976519692
 30
0.0
 10
-39.54858738616064
 20
-57.46750071488003
 30
0.0
 10
-39.53809334935529
 20
-58.04984913770966
 30
0.0
 10
-39.53270738026501
 20
-58.34873417721517
 30
0.0
  0
SPLINE
  5
5D3
330
1F
100
AcDbEntity
  8
0
  6
Continuous
 62
     7
370
    15
100
AcDbSpline
210
0.0
220
0.0
230
1.0
 70
     8
 71
     3
 72
    14
 73
    10
 74
     0
 42
0.000000001
 43
0.00000001
 40
0.6208731594775162
 40
0.6208731594775162
 40
0.6208731594775162
 40
0.6208731594775162
 40
0.6328298028346253
 40
0.6900667566564945
 40
0.7481631659561222
 40
0.8073178770949911
 40
0.8687749557297505
 40
0.9326645140199437
 40
1.0
 40
1.0
 40
1.0
 40
1.0
 10
-50.9588795232615
 20
-51.7251060740045
 30
0.0
 10
-50.92025672375439
 20
-51.69658160286324
 30
0.0
 10
-50.6948331107405
 20
-51.53408416902031
 30
0.0
 10
-50.26119030429126
 20
-51.26224617628313
 30
0.0
 10
-49.62664667065357
 20
-50.96251439746663
 30
0.0
 10
-48.94677659702343
 20
-50.72986401921133
 30
0.0
 10
-48.22371197563139
 20
-50.56621139853019
 30
0.0
 10
-47.4560432695136
 20
-50.46173484791955
 30
0.0
 10
-46.92922186973934
 20
-50.45084240305057
 30
0.0
 10
-46.65889408912577
 20
-50.44525316455695
 30
0.0
  0
SPLINE
  5
5D5
330
1F
100
AcDbEntity
  8
0
  6
Continuous
 62
     7
370
    15
100
AcDbSpline
210
0.0
220
0.0
230
1.0
 70
     8
 71
     3
 72
     8
 73
     4
 74
     0
 42
0.000000001
 43
0.00000001
 40
0.0
 40
0.0
 40
0.0
 40
0.0
 40
0.0105141169073888
 40
0.0105141169073888
 40
0.0105141169073888
 40
0.0105141169073888
 10
-48.95517573469539
 20
-54.43259493670885
 30
0.0
 10
-48.96348891132106
 20
-54.44432098491339
 30
0.0
 10
-48.97180208794673
 20
-54.45604703311794
 30
0.0
 10
-48.98010513243927
 20
-54.46777941397247
 30
0.0
  0
SPLINE
  5
5D6
330
1F
100
AcDbEntity
  8
0
  6
Continuous
 62
     7
370
    15
100
AcDbSpline
210
0.0
220
0.0
230
1.0
 70
     8
 71
     3
 72
    16
 73
    12
 74
     0
 42
0.000000001
 43
0.00000001
 40
0.0
 40
0.0
 40
0.0
 40
0.0
 40
0.0739761096519028
 40
0.1443573719119288
 40
0.2115456684307502
 40
0.2760026318605465
 40
0.3379327652610071
 40
0.398551487836424
 40
0.4578277451376327
 40
0.5169084833208406
 40
0.5337390203867507
 40
0.5337390203867507
 40
0.5337390203867507
 40
0.5337390203867507
 10
86.26447752703247
 20
-81.68170094936707
 30
0.0
 10
86.26986674158638
 20
-81.38478749330349
 30
0.0
 10
86.2803832833907
 20
-80.8053890036518
 30
0.0
 10
86.37112947451942
 20
-79.96027580304627
 30
0.0
 10
86.51754201037838
 20
-79.16208923466058
 30
0.0
 10
86.72537608587228
 20
-78.41260762919434
 30
0.0
 10
86.98914287959244
 20
-77.70881511588024
 30
0.0
 10
87.3165467286448
 20
-77.05538966430017
 30
0.0
 10
87.70062992749152
 20
-76.44687905688178
 30
0.0
 10
88.04180373969457
 20
-76.02383196127064
 30
0.0
 10
88.24798755414675
 20
-75.79923162023617
 30
0.0
 10
88.29445060722503
 20
-75.75015320010289
 30
0.0
  0
SPLINE
  5
5D7
330
1F
100
AcDbEntity
  8
0
  6
Continuous
 62
     7
370
    15
100
AcDbSpline
210
0.0
220
0.0
230
1.0
 70
     8
 71
     3
 72
    23
 73
    19
 74
     0
 42
0.000000001
 43
0.00000001
 40
0.0
 40
0.0
 40
0.0
 40
0.0
 40
0.0650904563183014
 40
0.1273233501517017
 40
0.1871985846258797
 40
0.2458758303252933
 40
0.3034251099650289
 40
0.3606634831878172
 40
0.4183541038827713
 40
0.4773240059896776
 40
0.5369732243021635
 40
0.5969523168415616
 40
0.6580643664971634
 40
0.7211594606572304
 40
0.7862010716509231
 40
0.85418773956637
 40
0.9253422171415675
 40
1.0
 40
1.0
 40
1.0
 40
1.0
 10
92.91004714728561
 20
-89.534746835443
 30
0.0
 10
92.66028419638816
 20
-89.51786557233463
 30
0.0
 10
92.17172323905633
 20
-89.48484415728659
 30
0.0
 10
91.46276243008592
 20
-89.35401718518975
 30
0.0
 10
90.79231290541412
 20
-89.16803491833151
 30
0.0
 10
90.16195415031888
 20
-88.91813975378834
 30
0.0
 10
89.5697243087115
 20
-88.6090496096376
 30
0.0
 10
89.02110871053405
 20
-88.2344732190352
 30
0.0
 10
88.51044454576112
 20
-87.80157293624791
 30
0.0
 10
88.0420785589524
 20
-87.30989873935744
 30
0.0
 10
87.62586193205524
 20
-86.76274620174154
 30
0.0
 10
87.2562795375607
 20
-86.17312461042148
 30
0.0
 10
86.95167300480149
 20
-85.53262464876784
 30
0.0
 10
86.69964003016501
 20
-84.84945337308649
 30
0.0
 10
86.5030163237879
 20
-84.12063518454877
 30
0.0
 10
86.36691283690904
 20
-83.34715503928389
 30
0.0
 10
86.27711282996917
 20
-82.52934350261454
 30
0.0
 10
86.2687562203593
 20
-81.96873819368821
 30
0.0
 10
86.26447752703245
 20
-81.68170094936706
 30
0.0
  0
SPLINE
  5
5D8
330
1F
100
AcDbEntity
  8
0
  6
Continuous
 62
     7
370
    15
100
AcDbSpline
210
0.0
220
0.0
230
1.0
 70
     8
 71
     3
 72
    15
 73
    11
 74
     0
 42
0.000000001
 43
0.00000001
 40
0.0
 40
0.0
 40
0.0
 40
0.0
 40
0.1209554316429683
 40
0.240516688753119
 40
0.361516350808943
 40
0.4850217950661753
 40
0.6101520740470932
 40
0.7372798125449616
 40
0.8673822287952694
 40
1.0
 40
1.0
 40
1.0
 40
1.0
 10
94.04632088146282
 20
-92.3828481012658
 30
0.0
 10
93.95796540261364
 20
-92.291890639425
 30
0.0
 10
93.78227286101094
 20
-92.11102412320345
 30
0.0
 10
93.5595411113281
 20
-91.80348257248443
 30
0.0
 10
93.36756551870825
 20
-91.47327517522456
 30
0.0
 10
93.21551545692208
 20
-91.1164183574861
 30
0.0
 10
93.09386271239688
 20
-90.74169772460219
 30
0.0
 10
93.00340802142699
 20
-90.35136428715882
 30
0.0
 10
92.93500204009389
 20
-89.94826789433525
 30
0.0
 10
92.9184183704186
 20
-89.6734642036472
 30
0.0
 10
92.91004714728561
 20
-89.534746835443
 30
0.0
  0
SPLINE
  5
5D9
330
1F
100
AcDbEntity
  8
0
  6
Continuous
 62
     7
370
    15
100
AcDbSpline
210
0.0
220
0.0
230
1.0
 70
     8
 71
     3
 72
    15
 73
    11
 74
     0
 42
0.000000001
 43
0.00000001
 40
0.0
 40
0.0
 40
0.0
 40
0.0
 40
0.1552273364475487
 40
0.299024185116641
 40
0.4322079992457952
 40
0.5560736295243097
 40
0.6729838947251171
 40
0.7849439672400131
 40
0.8935504708791814
 40
1.0
 40
1.0
 40
1.0
 40
1.0
 10
97.4165740460198
 20
-93.52208860759492
 30
0.0
 10
97.22751784486039
 20
-93.5192745216521
 30
0.0
 10
96.86332698913412
 20
-93.51385357083788
 30
0.0
 10
96.33969037479116
 20
-93.45582284538165
 30
0.0
 10
95.85907756433227
 20
-93.36721663722341
 30
0.0
 10
95.42269574565519
 20
-93.23465594388874
 30
0.0
 10
95.02431167421378
 20
-93.07209295688502
 30
0.0
 10
94.66388972450422
 20
-92.8737688854917
 30
0.0
 10
94.33248538615717
 20
-92.65071457120584
 30
0.0
 10
94.14106909234167
 20
-92.47153788761213
 30
0.0
 10
94.04632088146282
 20
-92.3828481012658
 30
0.0
  0
SPLINE
  5
5DA
330
1F
100
AcDbEntity
  8
0
  6
Continuous
 62
     7
370
    15
100
AcDbSpline
210
0.0
220
0.0
230
1.0
 70
     8
 71
     3
 72
    13
 73
     9
 74
     0
 42
0.000000001
 43
0.00000001
 40
0.0
 40
0.0
 40
0.0
 40
0.0
 40
0.1968599029424775
 40
0.3925183687208966
 40
0.5036100203975812
 40
0.6411695424206035
 40
0.8072597869136277
 40
1.0
 40
1.0
 40
1.0
 40
1.0
 10
100.5049838561464
 20
-93.24321202531642
 30
0.0
 10
100.3057210436316
 20
-93.28733242794011
 30
0.0
 10
99.90841152073747
 20
-93.3753039661066
 30
0.0
 10
99.39100547445175
 20
-93.44860754715675
 30
0.0
 10
98.93210023685455
 20
-93.48813066648168
 30
0.0
 10
98.50254785699452
 20
-93.50617487449087
 30
0.0
 10
97.98829513501667
 20
-93.52262875144669
 30
0.0
 10
97.61635559783113
 20
-93.5222773548337
 30
0.0
 10
97.41657404601979
 20
-93.52208860759491
 30
0.0
  0
SPLINE
  5
5DD
330
1F
100
AcDbEntity
  8
0
  6
Continuous
 62
     7
370
    15
100
AcDbSpline
210
0.0
220
0.0
230
1.0
 70
     8
 71
     3
 72
    13
 73
     9
 74
     0
 42
0.000000001
 43
0.00000001
 40
0.0
 40
0.0
 40
0.0
 40
0.0
 40
0.2689990263260241
 40
0.5565986534177998
 40
0.6967618033802537
 40
0.8189173380757524
 40
0.9189445105775871
 40
1.0
 40
1.0
 40
1.0
 40
1.0
 10
98.45197752703244
 20
-91.05373417721516
 30
0.0
 10
98.6077361005218
 20
-91.04717706433338
 30
0.0
 10
98.9300235580138
 20
-91.03360943083611
 30
0.0
 10
99.32547069045215
 20
-90.9471490277767
 30
0.0
 10
99.63225831154335
 20
-90.86282025712941
 30
0.0
 10
99.83125257789236
 20
-90.79694211573377
 30
0.0
 10
99.99773426967275
 20
-90.74063313119116
 30
0.0
 10
100.0919602738929
 20
-90.69459482317669
 30
0.0
 10
100.134137337159
 20
-90.67398734177212
 30
0.0
  0
SPLINE
  5
5DE
330
1F
100
AcDbEntity
  8
0
  6
Continuous
 62
     7
370
    15
100
AcDbSpline
210
0.0
220
0.0
230
1.0
 70
     8
 71
     3
 72
    23
 73
    19
 74
     0
 42
0.000000001
 43
0.00000001
 40
0.0
 40
0.0
 40
0.0
 40
0.0
 40
0.0807897455013512
 40
0.1558942966553681
 40
0.2246430064490305
 40
0.2877551349552303
 40
0.3458674633093449
 40
0.4003992401042353
 40
0.4506526835122343
 40
0.4980752940047718
 40
0.54568411965283
 40
0.5957538204221743
 40
0.6503329015741326
 40
0.7098059769548746
 40
0.7731396954325648
 40
0.8426032787302882
 40
0.9184065373702438
 40
1.0
 40
1.0
 40
1.0
 40
1.0
 10
96.32776866627295
 20
-89.00369462025313
 30
0.0
 10
96.33042210179704
 20
-89.09674590018878
 30
0.0
 10
96.33554224993199
 20
-89.27630041850581
 30
0.0
 10
96.36388222197361
 20
-89.53355007510736
 30
0.0
 10
96.398715101242
 20
-89.76977464131146
 30
0.0
 10
96.45846557522883
 20
-89.98049540402118
 30
0.0
 10
96.52035218015052
 20
-90.17360089129542
 30
0.0
 10
96.6044956220415
 20
-90.34189994626826
 30
0.0
 10
96.69870579046095
 20
-90.49033470004308
 30
0.0
 10
96.81161795032237
 20
-90.61489131168776
 30
0.0
 10
96.94183801309119
 20
-90.72061052905384
 30
0.0
 10
97.09331605655541
 20
-90.80992105412345
 30
0.0
 10
97.26618444255713
 20
-90.88734631397179
 30
0.0
 10
97.46166437146766
 20
-90.94809953650724
 30
0.0
 10
97.6782128865106
 20
-90.99516735254275
 30
0.0
 10
97.91596752992746
 20
-91.03079898933467
 30
0.0
 10
98.17669489297714
 20
-91.05122608639081
 30
0.0
 10
98.35799348573033
 20
-91.05287789177444
 30
0.0
 10
98.45197752703244
 20
-91.05373417721516
 30
0.0
  0
SPLINE
  5
5DF
330
1F
100
AcDbEntity
  8
0
  6
Continuous
 62
     7
370
    15
100
AcDbSpline
210
0.0
220
0.0
230
1.0
 70
     8
 71
     3
 72
    10
 73
     6
 74
     0
 42
0.000000001
 43
0.00000001
 40
0.8603103690587374
 40
0.8603103690587374
 40
0.8603103690587374
 40
0.8603103690587374
 40
0.8819261241158038
 40
0.9402932240208908
 40
1.0
 40
1.0
 40
1.0
 40
1.0
 10
97.44188761167314
 20
-88.428926347525
 30
0.0
 10
97.38751314149516
 20
-88.46411865964095
 30
0.0
 10
97.18420123716365
 20
-88.5911374426045
 30
0.0
 10
96.81751281662186
 20
-88.79394815832516
 30
0.0
 10
96.49224688122766
 20
-88.93325228086755
 30
0.0
 10
96.32776866627295
 20
-89.00369462025313
 30
0.0
  0
SPLINE
  5
5E1
330
1F
100
AcDbEntity
  8
0
  6
Continuous
 62
     7
370
    15
100
AcDbSpline
210
0.0
220
0.0
230
1.0
 70
     8
 71
     3
 72
    15
 73
    11
 74
     0
 42
0.000000001
 43
0.00000001
 40
0.0
 40
0.0
 40
0.0
 40
0.0
 40
0.1193323885672966
 40
0.2390197329694964
 40
0.3597458898566402
 40
0.4823528668223528
 40
0.6076399890331428
 40
0.7342270313697092
 40
0.8640943639686526
 40
0.8793437734106373
 40
0.8793437734106373
 40
0.8793437734106373
 40
0.8793437734106373
 10
93.39066423589321
 20
-86.68664556962023
 30
0.0
 10
93.49864574428945
 20
-86.68311881269543
 30
0.0
 10
93.71492995356726
 20
-86.67605480845873
 30
0.0
 10
94.03703702293572
 20
-86.62182431934747
 30
0.0
 10
94.35200458075236
 20
-86.5272683553706
 30
0.0
 10
94.6629618358434
 20
-86.40488176842275
 30
0.0
 10
94.95894747214814
 20
-86.23792081323704
 30
0.0
 10
95.23759772334368
 20
-86.03237303522607
 30
0.0
 10
95.41357444538461
 20
-85.85947512487543
 30
0.0
 10
95.5006067905487
 20
-85.76118915796863
 30
0.0
 10
95.50968427459327
 20
-85.75080265502221
 30
0.0
  0
SPLINE
  5
5E2
330
1F
100
AcDbEntity
  8
0
  6
Continuous
 62
     7
370
    15
100
AcDbSpline
210
0.0
220
0.0
230
1.0
 70
     8
 71
     3
 72
    15
 73
    11
 74
     0
 42
0.000000001
 43
0.00000001
 40
0.0
 40
0.0
 40
0.0
 40
0.0
 40
0.1407999008003727
 40
0.2741776477816111
 40
0.4013741149969641
 40
0.5244888579351489
 40
0.645630251748317
 40
0.7637116572808542
 40
0.8814107151106048
 40
1.0
 40
1.0
 40
1.0
 40
1.0
 10
91.0617480966527
 20
-85.51773734177213
 30
0.0
 10
91.14181233595458
 20
-85.61642521651034
 30
0.0
 10
91.29772029241211
 20
-85.80859871383862
 30
0.0
 10
91.55953753325453
 20
-86.06039388731477
 30
0.0
 10
91.84070979820207
 20
-86.26410458282578
 30
0.0
 10
92.13729217635249
 20
-86.42200241213585
 30
0.0
 10
92.4428605957549
 20
-86.53998759571377
 30
0.0
 10
92.75427372225691
 20
-86.62337237166143
 30
0.0
 10
93.07045733436026
 20
-86.67588795106633
 30
0.0
 10
93.28366085073948
 20
-86.68305070143983
 30
0.0
 10
93.39066423589321
 20
-86.68664556962023
 30
0.0
  0
SPLINE
  5
5E3
330
1F
100
AcDbEntity
  8
0
  6
Continuous
 62
     7
370
    15
100
AcDbSpline
210
0.0
220
0.0
230
1.0
 70
     8
 71
     3
 72
    15
 73
    11
 74
     0
 42
0.000000001
 43
0.00000001
 40
0.0
 40
0.0
 40
0.0
 40
0.0
 40
0.16477128977352
 40
0.3153580199025929
 40
0.4523308770922126
 40
0.576448478103506
 40
0.6912717371241693
 40
0.7995072404259507
 40
0.9023396981226429
 40
1.0
 40
1.0
 40
1.0
 40
1.0
 10
90.06194588146282
 20
-81.66093354430377
 30
0.0
 10
90.06525527989501
 20
-81.88354892379846
 30
0.0
 10
90.07158918271311
 20
-82.30961553633635
 30
0.0
 10
90.12203660845906
 20
-82.9190463262575
 30
0.0
 10
90.20254468515573
 20
-83.46982566562966
 30
0.0
 10
90.31891674663251
 20
-83.96477343321428
 30
0.0
 10
90.46495546192796
 20
-84.41114114772874
 30
0.0
 10
90.6384336149216
 20
-84.81610368072774
 30
0.0
 10
90.8310893273891
 20
-85.18710249233251
 30
0.0
 10
90.9861956105327
 20
-85.40943760119505
 30
0.0
 10
91.06174809665269
 20
-85.51773734177212
 30
0.0
  0
SPLINE
  5
5E4
330
1F
100
AcDbEntity
  8
0
  6
Continuous
 62
     7
370
    15
100
AcDbSpline
210
0.0
220
0.0
230
1.0
 70
     8
 71
     3
 72
    13
 73
     9
 74
     0
 42
0.000000001
 43
0.00000001
 40
0.2948390130133973
 40
0.2948390130133973
 40
0.2948390130133973
 40
0.2948390130133973
 40
0.3061274421436549
 40
0.4256637061951245
 40
0.5538735420450611
 40
0.6923357960868709
 40
0.8406322062677603
 40
1.0
 40
1.0
 40
1.0
 40
1.0
 10
90.51141188589543
 20
-78.82296464812865
 30
0.0
 10
90.50590813270587
 20
-78.83736347537278
 30
0.0
 10
90.44287035205403
 20
-79.00451820804264
 30
0.0
 10
90.33537402621606
 20
-79.34193465865326
 30
0.0
 10
90.20734950329545
 20
-79.85425342814291
 30
0.0
 10
90.12658802483841
 20
-80.41582458017025
 30
0.0
 10
90.07076770177468
 20
-81.02293783014629
 30
0.0
 10
90.0649561977728
 20
-81.44322689917341
 30
0.0
 10
90.06194588146282
 20
-81.66093354430377
 30
0.0
  0
SPLINE
  5
5E6
330
1F
100
AcDbEntity
  8
0
  6
Continuous
 62
     7
370
    15
100
AcDbSpline
210
0.0
220
0.0
230
1.0
 70
     8
 71
     3
 72
    15
 73
    11
 74
     0
 42
0.000000001
 43
0.00000001
 40
0.0
 40
0.0
 40
0.0
 40
0.0
 40
0.1253702131106455
 40
0.2452861486282218
 40
0.3619566518608417
 40
0.4759912462323904
 40
0.5930244647388229
 40
0.717386209853612
 40
0.8530854827748915
 40
1.0
 40
1.0
 40
1.0
 40
1.0
 10
93.39066423589321
 20
-76.62335443037972
 30
0.0
 10
93.2787153267101
 20
-76.62574621435611
 30
0.0
 10
93.05968788713459
 20
-76.63042572686042
 30
0.0
 10
92.73987740348157
 20
-76.68059090890694
 30
0.0
 10
92.43564644556119
 20
-76.75581275566357
 30
0.0
 10
92.14572960885799
 20
-76.86822101824008
 30
0.0
 10
91.86407710549744
 20
-77.01666181617193
 30
0.0
 10
91.59688668157499
 20
-77.2226713386977
 30
0.0
 10
91.32709863529651
 20
-77.4668908481757
 30
0.0
 10
91.16617195083636
 20
-77.66145323623701
 30
0.0
 10
91.08251550171599
 20
-77.76259493670882
 30
0.0
  0
SPLINE
  5
5E7
330
1F
100
AcDbEntity
  8
0
  6
Continuous
 62
     7
370
    15
100
AcDbSpline
210
0.0
220
0.0
230
1.0
 70
     8
 71
     3
 72
    15
 73
    11
 74
     0
 42
0.000000001
 43
0.00000001
 40
0.0
 40
0.0
 40
0.0
 40
0.0
 40
0.1408231896269221
 40
0.2734591023445903
 40
0.400792001962973
 40
0.5236901667679165
 40
0.6445466669092734
 40
0.7633520214523857
 40
0.8806836523264746
 40
1.0
 40
1.0
 40
1.0
 40
1.0
 10
95.70771328652611
 20
-77.78336234177212
 30
0.0
 10
95.62746304536263
 20
-77.68585125681157
 30
0.0
 10
95.47162820758031
 20
-77.49649825442181
 30
0.0
 10
95.2128818451
 20
-77.24526211642123
 30
0.0
 10
94.9312162657205
 20
-77.04716062602971
 30
0.0
 10
94.63835310186725
 20
-76.88781918183025
 30
0.0
 10
94.33466613314212
 20
-76.76951768660814
 30
0.0
 10
94.0249982707015
 20
-76.68707334941946
 30
0.0
 10
93.7099275485606
 20
-76.63386881130226
 30
0.0
 10
93.49767870225286
 20
-76.6268787653687
 30
0.0
 10
93.39066423589321
 20
-76.62335443037972
 30
0.0
  0
SPLINE
  5
5E9
330
1F
100
AcDbEntity
  8
0
  6
Continuous
 62
     7
370
    15
100
AcDbSpline
210
0.0
220
0.0
230
1.0
 70
     8
 71
     3
 72
    19
 73
    15
 74
     0
 42
0.000000001
 43
0.00000001
 40
0.0
 40
0.0
 40
0.0
 40
0.0
 40
0.0733254333148044
 40
0.1442053013104065
 40
0.212519447640925
 40
0.2792146314209094
 40
0.3441683766653141
 40
0.4077584145784088
 40
0.4701884059599274
 40
0.5317647835026508
 40
0.59224346447341
 40
0.6512809709597082
 40
0.7090840880382672
 40
0.7488271394828471
 40
0.7488271394828471
 40
0.7488271394828471
 40
0.7488271394828471
 10
100.5049838561464
 20
-81.67873417721516
 30
0.0
 10
100.5014778959586
 20
-81.89837729389015
 30
0.0
 10
100.4945829071068
 20
-82.33033794368122
 30
0.0
 10
100.4429102818937
 20
-82.9651868228132
 30
0.0
 10
100.3612569241263
 20
-83.57678152199422
 30
0.0
 10
100.2418278341466
 20
-84.16408807732415
 30
0.0
 10
100.0918211481599
 20
-84.72973744880524
 30
0.0
 10
99.90394740249586
 20
-85.27054483692261
 30
0.0
 10
99.68425591237772
 20
-85.78813883310212
 30
0.0
 10
99.43297891738445
 20
-86.28082802457592
 30
0.0
 10
99.14898489566136
 20
-86.74369400504722
 30
0.0
 10
98.83350133987075
 20
-87.17163441835521
 30
0.0
 10
98.52596510584299
 20
-87.52651940979958
 30
0.0
 10
98.31762843085968
 20
-87.73163012083928
 30
0.0
 10
98.23036303332555
 20
-87.81266008232531
 30
0.0
  0
SPLINE
  5
5EA
330
1F
100
AcDbEntity
  8
0
  6
Continuous
 62
     7
370
    15
100
AcDbSpline
210
0.0
220
0.0
230
1.0
 70
     8
 71
     3
 72
    23
 73
    19
 74
     0
 42
0.000000001
 43
0.00000001
 40
0.0
 40
0.0
 40
0.0
 40
0.0
 40
0.0670512811149668
 40
0.1309046943388332
 40
0.1922721602802187
 40
0.2513934050590936
 40
0.3094569467255177
 40
0.3665314524801415
 40
0.4240406555225839
 40
0.4823871903262077
 40
0.54124257006994
 40
0.6007509560111363
 40
0.6611151774666008
 40
0.7234162122340769
 40
0.7878367095920976
 40
0.8549869948067402
 40
0.9255733919989041
 40
0.9999999999999999
 40
0.9999999999999999
 40
0.9999999999999999
 40
0.9999999999999999
 10
93.37879714728561
 20
-73.77525316455694
 30
0.0
 10
93.64815483416055
 20
-73.78078568704716
 30
0.0
 10
94.17402376733907
 20
-73.79158687016346
 30
0.0
 10
94.94019749850712
 20
-73.89723138638006
 30
0.0
 10
95.66410509067562
 20
-74.05604324597105
 30
0.0
 10
96.34367825230537
 20
-74.28956956890342
 30
0.0
 10
96.97710889824097
 20
-74.58984141361509
 30
0.0
 10
97.56824700853745
 20
-74.95476987827502
 30
0.0
 10
98.1130322170331
 20
-75.387681169423
 30
0.0
 10
98.61143114119763
 20
-75.88334990645932
 30
0.0
 10
99.0567439567154
 20
-76.43734737838224
 30
0.0
 10
99.44749636784738
 20
-77.04091619612686
 30
0.0
 10
99.77396430825921
 20
-77.69688297261854
 30
0.0
 10
100.0451884239457
 20
-78.3985648004678
 30
0.0
 10
100.2514636631936
 20
-79.15039534639853
 30
0.0
 10
100.3987143271069
 20
-79.94931976519689
 30
0.0
 10
100.4891038502507
 20
-80.79750071488003
 30
0.0
 10
100.4995978870561
 20
-81.37984913770966
 30
0.0
 10
100.5049838561464
 20
-81.67873417721516
 30
0.0
  0
SPLINE
  5
5EB
330
1F
100
AcDbEntity
  8
0
  6
Continuous
 62
     7
370
    15
100
AcDbSpline
210
0.0
220
0.0
230
1.0
 70
     8
 71
     3
 72
    14
 73
    10
 74
     0
 42
0.000000001
 43
0.00000001
 40
0.6173235351728379
 40
0.6173235351728379
 40
0.6173235351728379
 40
0.6173235351728379
 40
0.6328298028346246
 40
0.6900667566564942
 40
0.7481631659561216
 40
0.80731787709499
 40
0.8687749557297506
 40
0.932664514019943
 40
1.0
 40
1.0
 40
1.0
 40
1.0
 10
89.04450126992188
 20
-75.08062842886291
 30
0.0
 10
89.09433320431052
 20
-75.04329256754244
 30
0.0
 10
89.33076551064238
 20
-74.87166467571245
 30
0.0
 10
89.7765009321201
 20
-74.59224617628313
 30
0.0
 10
90.41104456575782
 20
-74.29251439746663
 30
0.0
 10
91.09091463938793
 20
-74.05986401921133
 30
0.0
 10
91.81397926078002
 20
-73.89621139853018
 30
0.0
 10
92.5816479668978
 20
-73.79173484791956
 30
0.0
 10
93.10846936667204
 20
-73.78084240305057
 30
0.0
 10
93.37879714728561
 20
-73.77525316455694
 30
0.0
  0
SPLINE
  5
5ED
330
1F
100
AcDbEntity
  8
0
  6
Continuous
 62
     7
370
    15
100
AcDbSpline
210
0.0
220
0.0
230
1.0
 70
     8
 71
     3
 72
     8
 73
     4
 74
     0
 42
0.000000001
 43
0.00000001
 40
0.0
 40
0.0
 40
0.0
 40
0.0
 40
0.0215394745491273
 40
0.0215394745491273
 40
0.0215394745491273
 40
0.0215394745491273
 10
91.08251550171599
 20
-77.76259493670882
 30
0.0
 10
91.06548492673491
 20
-77.78661720306637
 30
0.0
 10
91.04845435175383
 20
-77.81063946942392
 30
0.0
 10
91.0315108907409
 20
-77.83471618258568
 30
0.0
  0
SPLINE
  5
5EE
330
1F
100
AcDbEntity
  8
0
  6
Continuous
 62
     7
370
    15
100
AcDbSpline
210
0.0
220
0.0
230
1.0
 70
     8
 71
     3
 72
    15
 73
    11
 74
     0
 42
0.000000001
 43
0.00000001
 40
0.0
 40
0.0
 40
0.0
 40
0.0
 40
0.1518254802351352
 40
0.293277638209222
 40
0.4248057250222295
 40
0.5469685275609794
 40
0.6632121108823702
 40
0.7767610141569694
 40
0.8885079451055241
 40
1.0
 40
1.0
 40
1.0
 40
1.0
 10
70.73618343119922
 20
-50.82499999999998
 30
0.0
 10
70.94592195121179
 20
-50.82762850855137
 30
0.0
 10
71.35106881915198
 20
-50.8327059354679
 30
0.0
 10
71.93650996532173
 20
-50.87761486070232
 30
0.0
 10
72.47787246177167
 20
-50.94996251136635
 30
0.0
 10
72.9784187141165
 20
-51.05473338040822
 30
0.0
 10
73.44659163273546
 20
-51.18776469184566
 30
0.0
 10
73.88718500154162
 20
-51.3578838077742
 30
0.0
 10
74.30626474148808
 20
-51.56195331947186
 30
0.0
 10
74.56673687842778
 20
-51.72735962525088
 30
0.0
 10
74.69682425398402
 20
-51.80996835443036
 30
0.0
  0
SPLINE
  5
5EF
330
1F
100
AcDbEntity
  8
0
  6
Continuous
 62
     7
370
    15
100
AcDbSpline
210
0.0
220
0.0
230
1.0
 70
     8
 71
     3
 72
    11
 73
     7
 74
     0
 42
0.000000001
 43
0.00000001
 40
0.0
 40
0.0
 40
0.0
 40
0.0
 40
0.2073822711691626
 40
0.4330922952224756
 40
0.6969757451011321
 40
1.0
 40
1.0
 40
1.0
 40
1.0
 10
5.977682403175248
 20
146.8339538346984
 30
0.0
 10
5.972437839667015
 20
146.7912241556707
 30
0.0
 10
5.961485215634041
 20
146.7019884912144
 30
0.0
 10
5.897505331186485
 20
146.5696587812233
 30
0.0
 10
5.784882603833703
 20
146.4487463424099
 30
0.0
 10
5.692169041680257
 20
146.3770936415953
 30
0.0
 10
5.642611666019625
 20
146.3387937453462
 30
0.0
  0
SPLINE
  5
5F0
330
1F
100
AcDbEntity
  8
0
  6
Continuous
 62
     7
370
    15
100
AcDbSpline
210
0.0
220
0.0
230
1.0
 70
     8
 71
     3
 72
    13
 73
     9
 74
     0
 42
0.000000001
 43
0.00000001
 40
0.0
 40
0.0
 40
0.0
 40
0.0
 40
0.2094069242739451
 40
0.4313265900982719
 40
0.5529659778486606
 40
0.6872297114664128
 40
0.8372457024506084
 40
1.0
 40
1.0
 40
1.0
 40
1.0
 10
-69.5925026230581
 20
-53.72353639240504
 30
0.0
 10
-69.71387814300739
 20
-53.67672566420393
 30
0.0
 10
-69.96388176310091
 20
-53.580307115271
 30
0.0
 10
-70.30480321879189
 20
-53.52664879977921
 30
0.0
 10
-70.6000661003894
 20
-53.50643133085229
 30
0.0
 10
-70.85117632107821
 20
-53.4892319171263
 30
0.0
 10
-71.12829960034733
 20
-53.4860027161272
 30
0.0
 10
-71.32213574941909
 20
-53.48417758174189
 30
0.0
 10
-71.42300104077961
 20
-53.48322784810125
 30
0.0
  0
SPLINE
  5
5F1
330
1F
100
AcDbEntity
  8
0
  6
Continuous
 62
     7
370
    15
100
AcDbSpline
210
0.0
220
0.0
230
1.0
 70
     8
 71
     3
 72
    23
 73
    19
 74
     0
 42
0.000000001
 43
0.00000001
 40
0.0
 40
0.0
 40
0.0
 40
0.0
 40
0.0734091806355767
 40
0.1434300736354339
 40
0.2103131939010394
 40
0.2743368587497708
 40
0.3359850351111127
 40
0.3955522212924469
 40
0.4529806690938786
 40
0.5090429122418452
 40
0.5650018623621391
 40
0.6213728489725499
 40
0.6784400046972575
 40
0.7376320758548743
 40
0.7992027796587189
 40
0.8630431929486114
 40
0.9300473061653861
 40
1.0
 40
1.0
 40
1.0
 40
1.0
 10
-20.47740834095266
 20
106.216210443038
 30
0.0
 10
-20.35106523180271
 20
106.1685377761852
 30
0.0
 10
-20.10421052927353
 20
106.0753928308544
 30
0.0
 10
-19.75483519349316
 20
105.9090303956064
 30
0.0
 10
-19.42624924021288
 20
105.7397184315228
 30
0.0
 10
-19.12618192352319
 20
105.5510774573222
 30
0.0
 10
-18.84932901434795
 20
105.3523938397304
 30
0.0
 10
-18.5961878499418
 20
105.1424623043579
 30
0.0
 10
-18.36989277539538
 20
104.9183038800732
 30
0.0
 10
-18.16518995269177
 20
104.6828607504288
 30
0.0
 10
-17.9869387411319
 20
104.4291124391245
 30
0.0
 10
-17.83119121392723
 20
104.1587403299032
 30
0.0
 10
-17.70420752302005
 20
103.8673027752318
 30
0.0
 10
-17.59650282945029
 20
103.5582219787283
 30
0.0
 10
-17.51436314131264
 20
103.2284174060999
 30
0.0
 10
-17.45524958808128
 20
102.8793428176688
 30
0.0
 10
-17.41921482496516
 20
102.511471154003
 30
0.0
 10
-17.41492420499349
 20
102.2596079882805
 30
0.0
 10
-17.41273270804126
 20
102.1309651898734
 30
0.0
  0
SPLINE
  5
5F2
330
1F
100
AcDbEntity
  8
0
  6
Continuous
 62
     7
370
    15
100
AcDbSpline
210
0.0
220
0.0
230
1.0
 70
     8
 71
     3
 72
    15
 73
    11
 74
     0
 42
0.000000001
 43
0.00000001
 40
0.0
 40
0.0
 40
0.0
 40
0.0
 40
0.1608968379842343
 40
0.3090965289562849
 40
0.4467197912150695
 40
0.5729741321938951
 40
0.6906503494730312
 40
0.8004824156054149
 40
0.9034839346235772
 40
1.0
 40
1.0
 40
1.0
 40
1.0
 10
-113.2778920544558
 20
81.66093354430377
 30
0.0
 10
-113.2812932745321
 20
81.87859565671698
 30
0.0
 10
-113.2878273079722
 20
82.29674311241034
 30
0.0
 10
-113.3377910849675
 20
82.89948679152434
 30
0.0
 10
-113.4222437133729
 20
83.45095273047306
 30
0.0
 10
-113.5407909122507
 20
83.95393532438071
 30
0.0
 10
-113.6906503555928
 20
84.40894245535534
 30
0.0
 10
-113.8588981952392
 20
84.8233627996395
 30
0.0
 10
-114.0486003498943
 20
85.1977079449346
 30
0.0
 10
-114.2030026129602
 20
85.41939646542082
 30
0.0
 10
-114.2776942696457
 20
85.52663765822783
 30
0.0
  0
SPLINE
  5
5F3
330
1F
100
AcDbEntity
  8
0
  6
Continuous
 62
     7
370
    15
100
AcDbSpline
210
0.0
220
0.0
230
1.0
 70
     8
 71
     3
 72
    23
 73
    19
 74
     0
 42
0.000000001
 43
0.00000001
 40
0.0
 40
0.0
 40
0.0
 40
0.0
 40
0.060348468805387
 40
0.1183732763231725
 40
0.1748218905033332
 40
0.2300669316238621
 40
0.2851835012634718
 40
0.3409394681790699
 40
0.398054866906812
 40
0.4572905954189659
 40
0.5179064783267875
 40
0.5794474542607582
 40
0.6426910821080973
 40
0.7078744756173794
 40
0.7760204385952174
 40
0.846986198730955
 40
0.9215410536688151
 40
1.0
 40
1.0
 40
1.0
 40
1.0
 10
-17.25405063291143
 20
-37.84903481012655
 30
0.0
 10
-17.2590185959084
 20
-38.03326341637993
 30
0.0
 10
-17.26876323513862
 20
-38.39462707889456
 30
0.0
 10
-17.35018812287496
 20
-38.92339215990983
 30
0.0
 10
-17.48654875566567
 20
-39.42410502195217
 30
0.0
 10
-17.67793440486901
 20
-39.89714660027966
 30
0.0
 10
-17.92329322807054
 20
-40.34197342883549
 30
0.0
 10
-18.22123497100513
 20
-40.76071552969304
 30
0.0
 10
-18.57852282212389
 20
-41.14730256182092
 30
0.0
 10
-18.98425479967801
 20
-41.50490545997752
 30
0.0
 10
-19.43455114086828
 20
-41.82858419617251
 30
0.0
 10
-19.92771385419351
 20
-42.10789983137938
 30
0.0
 10
-20.45760885509998
 20
-42.34476131539221
 30
0.0
 10
-21.02486093266798
 20
-42.54221484896525
 30
0.0
 10
-21.63088959903689
 20
-42.69205056944779
 30
0.0
 10
-22.27483851040708
 20
-42.79706964990431
 30
0.0
 10
-22.95573949451556
 20
-42.86447427540939
 30
0.0
 10
-23.42279325004197
 20
-42.87126489536703
 30
0.0
 10
-23.66227848101269
 20
-42.87474683544301
 30
0.0
  0
SPLINE
  5
5F4
330
1F
100
AcDbEntity
  8
0
  6
Continuous
 62
     7
370
    15
100
AcDbSpline
210
0.0
220
0.0
230
1.0
 70
     8
 71
     3
 72
    23
 73
    19
 74
     0
 42
0.000000001
 43
0.00000001
 40
0.0
 40
0.0
 40
0.0
 40
0.0
 40
0.0734091806355757
 40
0.1434300736354346
 40
0.2103131939010397
 40
0.2743368587497701
 40
0.3359850351111128
 40
0.3955522212924464
 40
0.4529806690938772
 40
0.5090429122418457
 40
0.5650018623621389
 40
0.6213728489725496
 40
0.6784400046972583
 40
0.7376320758548754
 40
0.7992027796587198
 40
0.8630431929486125
 40
0.9300473061653872
 40
1.0
 40
1.0
 40
1.0
 40
1.0
 10
49.51259165904735
 20
59.55621044303795
 30
0.0
 10
49.6389347681973
 20
59.50853777618524
 30
0.0
 10
49.88578947072648
 20
59.41539283085437
 30
0.0
 10
50.23516480650682
 20
59.2490303956064
 30
0.0
 10
50.56375075978713
 20
59.07971843152284
 30
0.0
 10
50.86381807647682
 20
58.89107745732223
 30
0.0
 10
51.14067098565204
 20
58.69239383973038
 30
0.0
 10
51.3938121500582
 20
58.48246230435796
 30
0.0
 10
51.62010722460462
 20
58.2583038800732
 30
0.0
 10
51.82481004730823
 20
58.02286075042876
 30
0.0
 10
52.00306125886811
 20
57.76911243912453
 30
0.0
 10
52.15880878607277
 20
57.49874032990319
 30
0.0
 10
52.28579247697996
 20
57.20730277523187
 30
0.0
 10
52.39349717054972
 20
56.89822197872827
 30
0.0
 10
52.47563685868737
 20
56.56841740609988
 30
0.0
 10
52.53475041191873
 20
56.21934281766878
 30
0.0
 10
52.57078517503485
 20
55.85147115400298
 30
0.0
 10
52.57507579500653
 20
55.59960798828055
 30
0.0
 10
52.57726729195875
 20
55.4709651898734
 30
0.0
  0
SPLINE
  5
5F5
330
1F
100
AcDbEntity
  8
0
  6
Continuous
 62
     7
370
    15
100
AcDbSpline
210
0.0
220
0.0
230
1.0
 70
     8
 71
     3
 72
    19
 73
    15
 74
     0
 42
0.000000001
 43
0.00000001
 40
0.0
 40
0.0
 40
0.0
 40
0.0
 40
0.0740780478234338
 40
0.1448020842234535
 40
0.2123600685428136
 40
0.2772447952123792
 40
0.3404029163956696
 40
0.4009338286875911
 40
0.4606574601919216
 40
0.5193778019697862
 40
0.6360204095857596
 40
0.7537443966174763
 40
0.8744384068386346
 40
1.0
 40
1.0
 40
1.0
 40
1.0
 10
74.91144437086538
 20
-8.285846518987338
 30
0.0
 10
74.90965381788696
 20
-8.426388950568489
 30
0.0
 10
74.90615378230547
 20
-8.701110512660533
 30
0.0
 10
74.86462287709354
 20
-9.102067618279236
 30
0.0
 10
74.80807083099987
 20
-9.48340305759757
 30
0.0
 10
74.72153857832461
 20
-9.844683272812068
 30
0.0
 10
74.60865120694497
 20
-10.18436026200872
 30
0.0
 10
74.47508990507124
 20
-10.50595281970683
 30
0.0
 10
74.31476295372684
 20
-10.80580626822266
 30
0.0
 10
74.06767934828976
 20
-11.17741222721852
 30
0.0
 10
73.7103302655196
 20
-11.60581018051537
 30
0.0
 10
73.21229715676148
 20
-12.06098848482802
 30
0.0
 10
72.65199909582988
 20
-12.46831959592071
 30
0.0
 10
72.23658680964597
 20
-12.68294137823128
 30
0.0
 10
72.02477506706792
 20
-12.79237341772151
 30
0.0
  0
SPLINE
  5
5F6
330
1F
100
AcDbEntity
  8
0
  6
Continuous
 62
     7
370
    15
100
AcDbSpline
210
0.0
220
0.0
230
1.0
 70
     8
 71
     3
 72
    23
 73
    19
 74
     0
 42
0.000000001
 43
0.00000001
 40
0.0
 40
0.0
 40
0.0
 40
0.0
 40
0.0671287994108266
 40
0.1310241597980998
 40
0.1925174801407498
 40
0.2517070752638416
 40
0.3097325181738909
 40
0.3668730080282898
 40
0.4242958793130938
 40
0.4827098688151526
 40
0.541633291535306
 40
0.6010034276011033
 40
0.6614374364118614
 40
0.7235804776733911
 40
0.787837886592585
 40
0.8550658045621844
 40
0.9257338070142369
 40
0.9999999999999999
 40
0.9999999999999999
 40
0.9999999999999999
 40
0.9999999999999999
 10
-93.34182764912049
 20
-27.11525316455695
 30
0.0
 10
-93.07253527379575
 20
-27.12123165691614
 30
0.0
 10
-92.54692171409205
 20
-27.13290067148364
 30
0.0
 10
-91.77974532981187
 20
-27.23232586367573
 30
0.0
 10
-91.05685894547156
 20
-27.39695198037839
 30
0.0
 10
-90.377738948778
 20
-27.6300518694275
 30
0.0
 10
-89.74262027458686
 20
-27.92612414084627
 30
0.0
 10
-89.15350811528572
 20
-28.29233284023519
 30
0.0
 10
-88.60660985268412
 20
-28.72144616293116
 30
0.0
 10
-88.109223584631
 20
-29.21754065605282
 30
0.0
 10
-87.66484393244582
 20
-29.7710180854505
 30
0.0
 10
-87.27217151649958
 20
-30.37240654359164
 30
0.0
 10
-86.94748140255766
 20
-31.02735469623997
 30
0.0
 10
-86.6753298025901
 20
-31.72658333022648
 30
0.0
 10
-86.46879445701614
 20
-32.47646238683794
 30
0.0
 10
-86.32196553422251
 20
-33.27449655582547
 30
0.0
 10
-86.23161308408982
 20
-34.12167951424954
 30
0.0
 10
-86.22105238284254
 20
-34.70303786104734
 30
0.0
 10
-86.21564094025976
 20
-35.00093354430378
 30
0.0
  0
SPLINE
  5
5F7
330
1F
100
AcDbEntity
  8
0
  6
Continuous
 62
     7
370
    15
100
AcDbSpline
210
0.0
220
0.0
230
1.0
 70
     8
 71
     3
 72
    23
 73
    19
 74
     0
 42
0.000000001
 43
0.00000001
 40
0.0
 40
0.0
 40
0.0
 40
0.0
 40
0.0734091806355768
 40
0.1434300736354345
 40
0.2103131939010396
 40
0.2743368587497711
 40
0.3359850351111137
 40
0.3955522212924464
 40
0.4529806690938781
 40
0.5090429122418457
 40
0.5650018623621388
 40
0.6213728489725495
 40
0.6784400046972584
 40
0.7376320758548752
 40
0.7992027796587199
 40
0.8630431929486125
 40
0.9300473061653872
 40
1.0
 40
1.0
 40
1.0
 40
1.0
 10
-20.31872626582282
 20
-33.763789556962
 30
0.0
 10
-20.19238315667288
 20
-33.81146222381471
 30
0.0
 10
-19.94552845414369
 20
-33.90460716914557
 30
0.0
 10
-19.59615311836334
 20
-34.07096960439354
 30
0.0
 10
-19.26756716508303
 20
-34.24028156847709
 30
0.0
 10
-18.96749984839335
 20
-34.42892254267771
 30
0.0
 10
-18.69064693921812
 20
-34.62760616026957
 30
0.0
 10
-18.43750577481196
 20
-34.83753769564199
 30
0.0
 10
-18.21121070026554
 20
-35.06169611992672
 30
0.0
 10
-18.00650787756192
 20
-35.29713924957118
 30
0.0
 10
-17.82825666600207
 20
-35.55088756087544
 30
0.0
 10
-17.67250913879739
 20
-35.82125967009674
 30
0.0
 10
-17.54552544789021
 20
-36.11269722476807
 30
0.0
 10
-17.43782075432046
 20
-36.42177802127169
 30
0.0
 10
-17.3556810661828
 20
-36.75158259390005
 30
0.0
 10
-17.29656751295144
 20
-37.10065718233118
 30
0.0
 10
-17.26053274983532
 20
-37.46852884599697
 30
0.0
 10
-17.25624212986365
 20
-37.72039201171941
 30
0.0
 10
-17.25405063291143
 20
-37.84903481012655
 30
0.0
  0
SPLINE
  5
5F8
330
1F
100
AcDbEntity
  8
0
  6
Continuous
 62
     7
370
    15
100
AcDbSpline
210
0.0
220
0.0
230
1.0
 70
     8
 71
     3
 72
    23
 73
    19
 74
     0
 42
0.000000001
 43
0.00000001
 40
0.0
 40
0.0
 40
0.0
 40
0.0
 40
0.0734091806355771
 40
0.1434300736354357
 40
0.2103131939010399
 40
0.2743368587497719
 40
0.3359850351111149
 40
0.3955522212924465
 40
0.4529806690938786
 40
0.5090429122418457
 40
0.5650018623621392
 40
0.6213728489725503
 40
0.6784400046972578
 40
0.7376320758548752
 40
0.7992027796587199
 40
0.8630431929486128
 40
0.9300473061653876
 40
1.0
 40
1.0
 40
1.0
 40
1.0
 10
119.6612737341771
 20
-10.43378955696202
 30
0.0
 10
119.787616843327
 20
-10.48146222381475
 30
0.0
 10
120.0344715458562
 20
-10.5746071691456
 30
0.0
 10
120.3838468816366
 20
-10.74096960439357
 30
0.0
 10
120.7124328349169
 20
-10.91028156847714
 30
0.0
 10
121.0125001516065
 20
-11.09892254267773
 30
0.0
 10
121.2893530607818
 20
-11.2976061602696
 30
0.0
 10
121.542494225188
 20
-11.50753769564202
 30
0.0
 10
121.7687892997344
 20
-11.73169611992677
 30
0.0
 10
121.973492122438
 20
-11.96713924957122
 30
0.0
 10
122.1517433339978
 20
-12.22088756087547
 30
0.0
 10
122.3074908612025
 20
-12.49125967009677
 30
0.0
 10
122.4344745521097
 20
-12.78269722476811
 30
0.0
 10
122.5421792456795
 20
-13.09177802127172
 30
0.0
 10
122.6243189338171
 20
-13.42158259390009
 30
0.0
 10
122.6834324870484
 20
-13.77065718233119
 30
0.0
 10
122.7194672501646
 20
-14.138528845997
 30
0.0
 10
122.7237578701363
 20
-14.39039201171944
 30
0.0
 10
122.7259493670885
 20
-14.51903481012658
 30
0.0
  0
SPLINE
  5
5F9
330
1F
100
AcDbEntity
  8
0
  6
Continuous
 62
     7
370
    15
100
AcDbSpline
210
0.0
220
0.0
230
1.0
 70
     8
 71
     3
 72
    19
 73
    15
 74
     0
 42
0.000000001
 43
0.00000001
 40
0.0
 40
0.0
 40
0.0
 40
0.0
 40
0.0740780478234341
 40
0.1448020842234534
 40
0.2123600685428153
 40
0.27724479521238
 40
0.3404029163956701
 40
0.4009338286875916
 40
0.4606574601919217
 40
0.5193778019697876
 40
0.636020409585759
 40
0.7537443966174762
 40
0.8744384068386348
 40
0.9999999999999999
 40
0.9999999999999999
 40
0.9999999999999999
 40
0.9999999999999999
 10
-18.30855401087047
 20
85.03415348101264
 30
0.0
 10
-18.31034456384889
 20
84.89361104943147
 30
0.0
 10
-18.31384459943038
 20
84.61888948733944
 30
0.0
 10
-18.35537550464231
 20
84.2179323817207
 30
0.0
 10
-18.41192755073597
 20
83.83659694240242
 30
0.0
 10
-18.49845980341123
 20
83.47531672718789
 30
0.0
 10
-18.6113471747909
 20
83.13563973799126
 30
0.0
 10
-18.7449084766646
 20
82.81404718029312
 30
0.0
 10
-18.90523542800902
 20
82.51419373177734
 30
0.0
 10
-19.15231903344608
 20
82.14258777278144
 30
0.0
 10
-19.50966811621625
 20
81.7141898194846
 30
0.0
 10
-20.00770122497439
 20
81.25901151517195
 30
0.0
 10
-20.56799928590597
 20
80.85168040407926
 30
0.0
 10
-20.98341157208989
 20
80.63705862176867
 30
0.0
 10
-21.19522331466793
 20
80.52762658227846
 30
0.0
  0
SPLINE
  5
5FB
330
1F
100
AcDbEntity
  8
0
  6
Continuous
 62
     7
370
    15
100
AcDbSpline
210
0.0
220
0.0
230
1.0
 70
     8
 71
     3
 72
    19
 73
    15
 74
     0
 42
0.000000001
 43
0.00000001
 40
0.0
 40
0.0
 40
0.0
 40
0.0
 40
0.0740780478234341
 40
0.1448020842234533
 40
0.2123600685428152
 40
0.2772447952123798
 40
0.3404029163956699
 40
0.4009338286875913
 40
0.4606574601919213
 40
0.5193778019697869
 40
0.6360204095857587
 40
0.7537443966174763
 40
0.8744384068386344
 40
1.0
 40
1.0
 40
1.0
 40
1.0
 10
51.62488678616552
 20
85.03415348101264
 30
0.0
 10
51.6230962331871
 20
84.8936110494315
 30
0.0
 10
51.6195961976056
 20
84.61888948733943
 30
0.0
 10
51.57806529239369
 20
84.21793238172073
 30
0.0
 10
51.52151324630001
 20
83.83659694240238
 30
0.0
 10
51.43498099362473
 20
83.47531672718789
 30
0.0
 10
51.3220936222451
 20
83.13563973799128
 30
0.0
 10
51.18853232037139
 20
82.81404718029314
 30
0.0
 10
51.02820536902698
 20
82.51419373177733
 30
0.0
 10
50.78112176358992
 20
82.14258777278147
 30
0.0
 10
50.42377268081972
 20
81.71418981948459
 30
0.0
 10
49.92573957206159
 20
81.25901151517193
 30
0.0
 10
49.36544151113002
 20
80.85168040407929
 30
0.0
 10
48.9500292249461
 20
80.6370586217687
 30
0.0
 10
48.73821748236805
 20
80.52762658227846
 30
0.0
  0
SPLINE
  5
5FC
330
1F
100
AcDbEntity
  8
0
  6
Continuous
 62
     7
370
    15
100
AcDbSpline
210
0.0
220
0.0
230
1.0
 70
     8
 71
     3
 72
    15
 73
    11
 74
     0
 42
0.000000001
 43
0.00000001
 40
0.0
 40
0.0
 40
0.0
 40
0.0
 40
0.1138076244841588
 40
0.2263465295506894
 40
0.3400244107409568
 40
0.4570629527355634
 40
0.5796231324061559
 40
0.7105858844160085
 40
0.8495599605553423
 40
0.9999999999999999
 40
0.9999999999999999
 40
0.9999999999999999
 40
0.9999999999999999
 10
48.58011423121864
 20
100.911621835443
 30
0.0
 10
48.72677559560158
 20
101.0133226784236
 30
0.0
 10
49.01846335376111
 20
101.2155906105185
 30
0.0
 10
49.39839986616621
 20
101.592781598485
 30
0.0
 10
49.72032345583825
 20
102.0250261227935
 30
0.0
 10
49.99056596534371
 20
102.5098399194545
 30
0.0
 10
50.1972553872034
 20
103.0539125012761
 30
0.0
 10
50.34730162181911
 20
103.6510953070192
 30
0.0
 10
50.43680009536657
 20
104.3048962031726
 30
0.0
 10
50.44689831460821
 20
104.7582453731186
 30
0.0
 10
50.45214745906674
 20
104.9939003164557
 30
0.0
  0
SPLINE
  5
5FE
330
1F
100
AcDbEntity
  8
0
  6
Continuous
 62
     7
370
    15
100
AcDbSpline
210
0.0
220
0.0
230
1.0
 70
     8
 71
     3
 72
    14
 73
    10
 74
     0
 42
0.000000001
 43
0.00000001
 40
0.6280379554271599
 40
0.6280379554271599
 40
0.6280379554271599
 40
0.6280379554271599
 40
0.6323760396433501
 40
0.6896922952245862
 40
0.7478691970585423
 40
0.8071058670081949
 40
0.8685931435229719
 40
0.9325712207513553
 40
1.0
 40
1.0
 40
1.0
 40
1.0
 10
-120.8322898899862
 20
-5.00813452908281
 30
0.0
 10
-120.8181546756748
 20
-4.997996461706997
 30
0.0
 10
-120.6166637239884
 20
-4.854740825993298
 30
0.0
 10
-120.2088830071379
 20
-4.599250540770679
 30
0.0
 10
-119.5743150852389
 20
-4.299793480796008
 30
0.0
 10
-118.8949253044961
 20
-4.065980317297526
 30
0.0
 10
-118.1709663736971
 20
-3.907249267918769
 30
0.0
 10
-117.4038253149753
 20
-3.801446429866928
 30
0.0
 10
-116.8769604782801
 20
-3.790744595245002
 30
0.0
 10
-116.6066104088862
 20
-3.785253164556957
 30
0.0
  0
SPLINE
  5
5FF
330
1F
100
AcDbEntity
  8
0
  6
Continuous
 62
     7
370
    15
100
AcDbSpline
210
0.0
220
0.0
230
1.0
 70
     8
 71
     3
 72
    15
 73
    11
 74
     0
 42
0.000000001
 43
0.00000001
 40
0.0
 40
0.0
 40
0.0
 40
0.0
 40
0.1418225257854236
 40
0.2778751276004546
 40
0.4064527945359773
 40
0.535869425666287
 40
0.6607865819500087
 40
0.7779121244829125
 40
0.8898314020169338
 40
0.9999999999999999
 40
0.9999999999999999
 40
0.9999999999999999
 40
0.9999999999999999
 10
72.67941919069287
 20
-102.3000712025316
 30
0.0
 10
72.67667363503644
 20
-102.2008423615651
 30
0.0
 10
72.67129422422607
 20
-102.0064217172245
 30
0.0
 10
72.60972157418257
 20
-101.7277067690989
 30
0.0
 10
72.5145032378584
 20
-101.4684073812479
 30
0.0
 10
72.37799831998086
 20
-101.2366467662781
 30
0.0
 10
72.21444252845207
 20
-101.0346251106484
 30
0.0
 10
72.04042089618774
 20
-100.8578875914235
 30
0.0
 10
71.84420856404782
 20
-100.7219217302427
 30
0.0
 10
71.70246281648868
 20
-100.6583480024938
 30
0.0
 10
71.63214862107262
 20
-100.6268117088607
 30
0.0
  0
SPLINE
  5
601
330
1F
100
AcDbEntity
  8
0
  6
Continuous
 62
     7
370
    15
100
AcDbSpline
210
0.0
220
0.0
230
1.0
 70
     8
 71
     3
 72
    15
 73
    11
 74
     0
 42
0.000000001
 43
0.00000001
 40
0.0
 40
0.0
 40
0.0
 40
0.0
 40
0.1185657289174644
 40
0.2317316497000047
 40
0.3399244123191328
 40
0.444383448067219
 40
0.5556176034406874
 40
0.686303652249741
 40
0.8340058257143796
 40
1.0
 40
1.0
 40
1.0
 40
1.0
 10
94.9621486210726
 20
62.68318829113922
 30
0.0
 10
94.8726305057186
 20
62.71812211115049
 30
0.0
 10
94.69767117524077
 20
62.78639876929995
 30
0.0
 10
94.43305786200304
 20
62.86452498094702
 30
0.0
 10
94.17347380008837
 20
62.91421633696751
 30
0.0
 10
93.9126126270231
 20
62.94504332551276
 30
0.0
 10
93.63209759984666
 20
62.95677876658745
 30
0.0
 10
93.31669814851274
 20
62.97006766005055
 30
0.0
 10
92.95661717754643
 20
62.97443959942684
 30
0.0
 10
92.70245488891723
 20
62.97604776459663
 30
0.0
 10
92.56796349449034
 20
62.9768987341772
 30
0.0
  0
SPLINE
  5
602
330
1F
100
AcDbEntity
  8
0
  6
Continuous
 62
     7
370
    15
100
AcDbSpline
210
0.0
220
0.0
230
1.0
 70
     8
 71
     3
 72
    15
 73
    11
 74
     0
 42
0.000000001
 43
0.00000001
 40
0.0
 40
0.0
 40
0.0
 40
0.0
 40
0.1418225257854235
 40
0.2778751276004545
 40
0.4064527945359802
 40
0.5358694256662871
 40
0.6607865819500062
 40
0.7779121244829145
 40
0.889831402016934
 40
1.0
 40
1.0
 40
1.0
 40
1.0
 10
96.00941919069287
 20
61.00992879746833
 30
0.0
 10
96.00667363503642
 20
61.10915763843483
 30
0.0
 10
96.00129422422607
 20
61.30357828277542
 30
0.0
 10
95.93972157418253
 20
61.58229323090109
 30
0.0
 10
95.84450323785842
 20
61.84159261875205
 30
0.0
 10
95.7079983199808
 20
62.07335323372188
 30
0.0
 10
95.54444252845205
 20
62.27537488935151
 30
0.0
 10
95.37042089618778
 20
62.45211240857641
 30
0.0
 10
95.17420856404777
 20
62.58807826975726
 30
0.0
 10
95.03246281648867
 20
62.65165199750615
 30
0.0
 10
94.9621486210726
 20
62.68318829113922
 30
0.0
  0
SPLINE
  5
603
330
1F
100
AcDbEntity
  8
0
  6
Continuous
 62
     7
370
    15
100
AcDbSpline
210
0.0
220
0.0
230
1.0
 70
     8
 71
     3
 72
    11
 73
     7
 74
     0
 42
0.000000001
 43
0.00000001
 40
0.0
 40
0.0
 40
0.0
 40
0.0
 40
0.20580887664905
 40
0.4417362181611172
 40
0.7041052204738965
 40
0.9999999999999999
 40
0.9999999999999999
 40
0.9999999999999999
 40
0.9999999999999999
 10
-1.706606502260346
 20
156.1451973194341
 30
0.0
 10
-1.648996143538457
 20
156.2067238149486
 30
0.0
 10
-1.525344615951005
 20
156.3387807110738
 30
0.0
 10
-1.312460651072341
 20
156.5334700140936
 30
0.0
 10
-1.064934292834379
 20
156.7444331972198
 30
0.0
 10
-0.8832964226970493
 20
156.8832411608234
 30
0.0
 10
-0.7870234791776944
 20
156.9568131049888
 30
0.0
  0
SPLINE
  5
604
330
1F
100
AcDbEntity
  8
0
  6
Continuous
 62
     7
370
    15
100
AcDbSpline
210
0.0
220
0.0
230
1.0
 70
     8
 71
     3
 72
    15
 73
    11
 74
     0
 42
0.000000001
 43
0.00000001
 40
0.0
 40
0.0
 40
0.0
 40
0.0
 40
0.1185657289174647
 40
0.2317316497000091
 40
0.3399244123191367
 40
0.444383448067222
 40
0.5556176034406899
 40
0.6863036522497429
 40
0.8340058257143806
 40
1.0
 40
1.0
 40
1.0
 40
1.0
 10
71.63214862107264
 20
-53.96681170886074
 30
0.0
 10
71.54263050571865
 20
-53.93187788884946
 30
0.0
 10
71.3676711752408
 20
-53.86360123070001
 30
0.0
 10
71.10305786200306
 20
-53.78547501905296
 30
0.0
 10
70.84347380008838
 20
-53.73578366303244
 30
0.0
 10
70.58261262702314
 20
-53.70495667448721
 30
0.0
 10
70.30209759984668
 20
-53.69322123341249
 30
0.0
 10
69.98669814851276
 20
-53.67993233994942
 30
0.0
 10
69.62661717754649
 20
-53.67556040057316
 30
0.0
 10
69.37245488891725
 20
-53.67395223540334
 30
0.0
 10
69.23796349449036
 20
-53.67310126582277
 30
0.0
  0
SPLINE
  5
605
330
1F
100
AcDbEntity
  8
0
  6
Continuous
 62
     7
370
    15
100
AcDbSpline
210
0.0
220
0.0
230
1.0
 70
     8
 71
     3
 72
    23
 73
    19
 74
     0
 42
0.000000001
 43
0.00000001
 40
0.0
 40
0.0
 40
0.0
 40
0.0
 40
0.0584725468373525
 40
0.1166794425111356
 40
0.1751231428445037
 40
0.233220950117841
 40
0.2915119389288744
 40
0.3505026719693417
 40
0.4101943631923685
 40
0.471035934737033
 40
0.5325129857721844
 40
0.5952480856911017
 40
0.6584867623999138
 40
0.723414573359355
 40
0.7895906509749278
 40
0.8574916006160374
 40
0.9278470501321077
 40
1.0
 40
1.0
 40
1.0
 40
1.0
 10
-64.96276435361084
 20
17.9871914556962
 30
0.0
 10
-64.84300597279596
 20
17.90663422167223
 30
0.0
 10
-64.60403329475636
 20
17.74588573944343
 30
0.0
 10
-64.2648589675373
 20
17.47730567087598
 30
0.0
 10
-63.94579631000065
 20
17.1868645599584
 30
0.0
 10
-63.64425815675651
 20
16.87783044468134
 30
0.0
 10
-63.36531884060287
 20
16.54654236905959
 30
0.0
 10
-63.10324468816979
 20
16.19682571259979
 30
0.0
 10
-62.8634089862632
 20
15.82400819663472
 30
0.0
 10
-62.6404348592803
 20
15.43382648658967
 30
0.0
 10
-62.44126129747323
 20
15.02251719586133
 30
0.0
 10
-62.26616005718576
 20
14.59400647279455
 30
0.0
 10
-62.12004662042168
 20
14.14567052616358
 30
0.0
 10
-62.00362938978667
 20
13.68022718417717
 30
0.0
 10
-61.90597020081006
 20
13.19859445139305
 30
0.0
 10
-61.8438641824735
 20
12.69768553266805
 30
0.0
 10
-61.79914705399695
 20
12.18005348809129
 30
0.0
 10
-61.79589714560442
 20
11.82827428703009
 30
0.0
 10
-61.79425169538298
 20
11.6501661392405
 30
0.0
  0
SPLINE
  5
606
330
1F
100
AcDbEntity
  8
0
  6
Continuous
 62
     7
370
    15
100
AcDbSpline
210
0.0
220
0.0
230
1.0
 70
     8
 71
     3
 72
    15
 73
    11
 74
     0
 42
0.000000001
 43
0.00000001
 40
0.0
 40
0.0
 40
0.0
 40
0.0
 40
0.1608968379842368
 40
0.3090965289562869
 40
0.4467197912150718
 40
0.5729741321938978
 40
0.6906503494730338
 40
0.8004824156054151
 40
0.9034839346235793
 40
1.0
 40
1.0
 40
1.0
 40
1.0
 10
-113.2778920544558
 20
-11.6590664556962
 30
0.0
 10
-113.2812932745321
 20
-11.441404343283
 30
0.0
 10
-113.2878273079721
 20
-11.02325688758964
 30
0.0
 10
-113.3377910849675
 20
-10.42051320847562
 30
0.0
 10
-113.4222437133729
 20
-9.869047269526893
 30
0.0
 10
-113.5407909122507
 20
-9.366064675619228
 30
0.0
 10
-113.6906503555928
 20
-8.911057544644628
 30
0.0
 10
-113.8588981952391
 20
-8.4966372003605
 30
0.0
 10
-114.0486003498943
 20
-8.12229205506537
 30
0.0
 10
-114.2030026129602
 20
-7.90060353457916
 30
0.0
 10
-114.2776942696457
 20
-7.793362341772147
 30
0.0
  0
SPLINE
  5
607
330
1F
100
AcDbEntity
  8
0
  6
Continuous
 62
     7
370
    15
100
AcDbSpline
210
0.0
220
0.0
230
1.0
 70
     8
 71
     3
 72
    15
 73
    11
 74
     0
 42
0.000000001
 43
0.00000001
 40
0.0
 40
0.0
 40
0.0
 40
0.0
 40
0.1418225257854244
 40
0.2778751276004562
 40
0.4064527945359827
 40
0.5358694256662904
 40
0.6607865819500102
 40
0.7779121244829191
 40
0.8898314020169393
 40
1.0
 40
1.0
 40
1.0
 40
1.0
 10
72.67941919069288
 20
-55.64007120253163
 30
0.0
 10
72.67667363503648
 20
-55.54084236156514
 30
0.0
 10
72.67129422422607
 20
-55.34642171722454
 30
0.0
 10
72.60972157418256
 20
-55.06770676909887
 30
0.0
 10
72.5145032378584
 20
-54.80840738124792
 30
0.0
 10
72.37799831998088
 20
-54.57664676627808
 30
0.0
 10
72.2144425284521
 20
-54.37462511064847
 30
0.0
 10
72.04042089618781
 20
-54.19788759142356
 30
0.0
 10
71.84420856404782
 20
-54.06192173024272
 30
0.0
 10
71.7024628164887
 20
-53.99834800249381
 30
0.0
 10
71.63214862107264
 20
-53.96681170886074
 30
0.0
  0
SPLINE
  5
608
330
1F
100
AcDbEntity
  8
0
  6
Continuous
 62
     7
370
    15
100
AcDbSpline
210
0.0
220
0.0
230
1.0
 70
     8
 71
     3
 72
    23
 73
    19
 74
     0
 42
0.000000001
 43
0.00000001
 40
0.0
 40
0.0
 40
0.0
 40
0.0
 40
0.0734091806355769
 40
0.1434300736354353
 40
0.2103131939010399
 40
0.2743368587497725
 40
0.335985035111116
 40
0.3955522212924461
 40
0.4529806690938797
 40
0.5090429122418464
 40
0.5650018623621405
 40
0.6213728489725519
 40
0.6784400046972598
 40
0.7376320758548762
 40
0.7992027796587211
 40
0.8630431929486139
 40
0.9300473061653884
 40
1.0
 40
1.0
 40
1.0
 40
1.0
 10
119.6612737341771
 20
82.88621044303794
 30
0.0
 10
119.7876168433271
 20
82.83853777618522
 30
0.0
 10
120.0344715458562
 20
82.74539283085437
 30
0.0
 10
120.3838468816366
 20
82.57903039560641
 30
0.0
 10
120.7124328349169
 20
82.40971843152282
 30
0.0
 10
121.0125001516066
 20
82.22107745732224
 30
0.0
 10
121.2893530607818
 20
82.02239383973037
 30
0.0
 10
121.5424942251879
 20
81.81246230435795
 30
0.0
 10
121.7687892997344
 20
81.58830388007323
 30
0.0
 10
121.9734921224379
 20
81.35286075042872
 30
0.0
 10
122.1517433339978
 20
81.0991124391245
 30
0.0
 10
122.3074908612026
 20
80.82874032990318
 30
0.0
 10
122.4344745521097
 20
80.53730277523185
 30
0.0
 10
122.5421792456795
 20
80.22822197872826
 30
0.0
 10
122.6243189338171
 20
79.8984174060999
 30
0.0
 10
122.6834324870485
 20
79.54934281766877
 30
0.0
 10
122.7194672501646
 20
79.18147115400296
 30
0.0
 10
122.7237578701363
 20
78.92960798828054
 30
0.0
 10
122.7259493670885
 20
78.8009651898734
 30
0.0
  0
SPLINE
  5
609
330
1F
100
AcDbEntity
  8
0
  6
Continuous
 62
     7
370
    15
100
AcDbSpline
210
0.0
220
0.0
230
1.0
 70
     8
 71
     3
 72
    23
 73
    19
 74
     0
 42
0.000000001
 43
0.00000001
 40
0.0
 40
0.0
 40
0.0
 40
0.0
 40
0.0734091806355767
 40
0.1434300736354349
 40
0.2103131939010394
 40
0.2743368587497719
 40
0.3359850351111138
 40
0.3955522212924469
 40
0.4529806690938786
 40
0.5090429122418452
 40
0.5650018623621391
 40
0.6213728489725504
 40
0.6784400046972573
 40
0.7376320758548743
 40
0.7992027796587191
 40
0.8630431929486116
 40
0.9300473061653861
 40
1.0
 40
1.0
 40
1.0
 40
1.0
 10
-66.97872626582286
 20
-103.753789556962
 30
0.0
 10
-66.85238315667291
 20
-103.8014622238147
 30
0.0
 10
-66.60552845414372
 20
-103.8946071691456
 30
0.0
 10
-66.25615311836336
 20
-104.0609696043936
 30
0.0
 10
-65.92756716508306
 20
-104.2302815684771
 30
0.0
 10
-65.62749984839337
 20
-104.4189225426777
 30
0.0
 10
-65.35064693921812
 20
-104.6176061602695
 30
0.0
 10
-65.097505774812
 20
-104.827537695642
 30
0.0
 10
-64.87121070026556
 20
-105.0516961199267
 30
0.0
 10
-64.66650787756198
 20
-105.2871392495712
 30
0.0
 10
-64.48825666600209
 20
-105.5408875608754
 30
0.0
 10
-64.33250913879743
 20
-105.8112596700968
 30
0.0
 10
-64.20552544789025
 20
-106.1026972247681
 30
0.0
 10
-64.09782075432048
 20
-106.4117780212717
 30
0.0
 10
-64.01568106618282
 20
-106.7415825939001
 30
0.0
 10
-63.95656751295147
 20
-107.0906571823312
 30
0.0
 10
-63.92053274983536
 20
-107.458528845997
 30
0.0
 10
-63.91624212986368
 20
-107.7103920117194
 30
0.0
 10
-63.91405063291146
 20
-107.8390348101266
 30
0.0
  0
SPLINE
  5
60A
330
1F
100
AcDbEntity
  8
0
  6
Continuous
 62
     7
370
    15
100
AcDbSpline
210
0.0
220
0.0
230
1.0
 70
     8
 71
     3
 72
    19
 73
    15
 74
     0
 42
0.000000001
 43
0.00000001
 40
0.0
 40
0.0
 40
0.0
 40
0.0
 40
0.074078047823433
 40
0.1448020842234537
 40
0.2123600685428132
 40
0.2772447952123792
 40
0.3404029163956691
 40
0.400933828687591
 40
0.4606574601919222
 40
0.5193778019697868
 40
0.6360204095857597
 40
0.7537443966174766
 40
0.8744384068386358
 40
1.0
 40
1.0
 40
1.0
 40
1.0
 10
28.52008176396447
 20
-54.94584651898732
 30
0.0
 10
28.51829121098604
 20
-55.08638895056848
 30
0.0
 10
28.51479117540455
 20
-55.36111051266052
 30
0.0
 10
28.47326027019262
 20
-55.76206761827923
 30
0.0
 10
28.41670822409897
 20
-56.14340305759757
 30
0.0
 10
28.3301759714237
 20
-56.50468327281204
 30
0.0
 10
28.21728860004404
 20
-56.84436026200871
 30
0.0
 10
28.08372729817033
 20
-57.16595281970682
 30
0.0
 10
27.92340034682593
 20
-57.46580626822264
 30
0.0
 10
27.67631674138885
 20
-57.8374122272185
 30
0.0
 10
27.31896765861868
 20
-58.26581018051536
 30
0.0
 10
26.82093454986054
 20
-58.72098848482799
 30
0.0
 10
26.26063648892897
 20
-59.12831959592071
 30
0.0
 10
25.84522420274504
 20
-59.34294137823127
 30
0.0
 10
25.633412460167
 20
-59.4523734177215
 30
0.0
  0
SPLINE
  5
60B
330
1F
100
AcDbEntity
  8
0
  6
Continuous
 62
     7
370
    15
100
AcDbSpline
210
0.0
220
0.0
230
1.0
 70
     8
 71
     3
 72
    15
 73
    11
 74
     0
 42
0.000000001
 43
0.00000001
 40
0.0
 40
0.0
 40
0.0
 40
0.0
 40
0.1142949816845329
 40
0.227720026973327
 40
0.3377931698498375
 40
0.4491414925689017
 40
0.5674982070384879
 40
0.6971304150384805
 40
0.841441714039933
 40
1.0
 40
1.0
 40
1.0
 40
1.0
 10
24.01948840953409
 20
-57.13829113924049
 30
0.0
 10
24.07617803615104
 20
-57.08921197500617
 30
0.0
 10
24.18912580614108
 20
-56.9914272040692
 30
0.0
 10
24.33352988305887
 20
-56.82242278815757
 30
0.0
 10
24.4536195563709
 20
-56.63822089593818
 30
0.0
 10
24.55379547407667
 20
-56.43878944831261
 30
0.0
 10
24.63207402859199
 20
-56.21587249323531
 30
0.0
 10
24.68344897371717
 20
-55.96341752729563
 30
0.0
 10
24.71601243253795
 20
-55.6814664231767
 30
0.0
 10
24.7203451468995
 20
-55.48293199667697
 30
0.0
 10
24.72261340953409
 20
-55.37899525316454
 30
0.0
  0
SPLINE
  5
60D
330
1F
100
AcDbEntity
  8
0
  6
Continuous
 62
     7
370
    15
100
AcDbSpline
210
0.0
220
0.0
230
1.0
 70
     8
 71
     3
 72
    15
 73
    11
 74
     0
 42
0.000000001
 43
0.00000001
 40
0.0
 40
0.0
 40
0.0
 40
0.0
 40
0.1349877525795657
 40
0.2659805103409603
 40
0.3925973920398937
 40
0.5155811632153662
 40
0.6358170896220647
 40
0.7561605515822679
 40
0.8767590261832391
 40
1.0
 40
1.0
 40
1.0
 40
1.0
 10
68.61759935999257
 20
-27.49499999999998
 30
0.0
 10
68.87477166132663
 20
-27.49694782143753
 30
0.0
 10
69.38150518823737
 20
-27.50078581807139
 30
0.0
 10
70.12856840895967
 20
-27.54097049643893
 30
0.0
 10
70.85102715424966
 20
-27.6028775052546
 30
0.0
 10
71.55069828724893
 20
-27.68761505420842
 30
0.0
 10
72.2315265973558
 20
-27.82058480017291
 30
0.0
 10
72.88886991865327
 20
-28.02881455260477
 30
0.0
 10
73.52388413301671
 20
-28.31280658672605
 30
0.0
 10
73.92247384864514
 20
-28.55194404393694
 30
0.0
 10
74.1239284739166
 20
-28.67280854430378
 30
0.0
  0
SPLINE
  5
60E
330
1F
100
AcDbEntity
  8
0
  6
Continuous
 62
     7
370
    15
100
AcDbSpline
210
0.0
220
0.0
230
1.0
 70
     8
 71
     3
 72
    15
 73
    11
 74
     0
 42
0.000000001
 43
0.00000001
 40
0.0
 40
0.0
 40
0.0
 40
0.0
 40
0.1399701610859459
 40
0.2711410552377982
 40
0.3961193563420736
 40
0.5148010966715845
 40
0.6304309060825805
 40
0.7481685669121012
 40
0.8688869395207895
 40
1.0
 40
1.0
 40
1.0
 40
1.0
 10
24.72261340953409
 20
-55.37899525316454
 30
0.0
 10
24.72114222002714
 20
-55.28483051190037
 30
0.0
 10
24.718292327791
 20
-55.1024207245966
 30
0.0
 10
24.67326755273877
 20
-54.83950010948544
 30
0.0
 10
24.6119566201423
 20
-54.59453819312617
 30
0.0
 10
24.51404286259661
 20
-54.37305768281085
 30
0.0
 10
24.39347428548082
 20
-54.16824026222536
 30
0.0
 10
24.23000903462967
 20
-53.99325796222487
 30
0.0
 10
24.03255130278786
 20
-53.84060031016999
 30
0.0
 10
23.88153756232716
 20
-53.76361689698908
 30
0.0
 10
23.80291404244548
 20
-53.72353639240504
 30
0.0
  0
SPLINE
  5
610
330
1F
100
AcDbEntity
  8
0
  6
Continuous
 62
     7
370
    15
100
AcDbSpline
210
0.0
220
0.0
230
1.0
 70
     8
 71
     3
 72
    15
 73
    11
 74
     0
 42
0.000000001
 43
0.00000001
 40
0.0
 40
0.0
 40
0.0
 40
0.0
 40
0.1608968379842344
 40
0.3090965289562856
 40
0.4467197912150704
 40
0.5729741321938961
 40
0.6906503494730324
 40
0.800482415605415
 40
0.9034839346235791
 40
1.0
 40
1.0
 40
1.0
 40
1.0
 10
73.31297862213
 20
81.66093354430377
 30
0.0
 10
73.30957740205376
 20
81.87859565671697
 30
0.0
 10
73.30304336861376
 20
82.29674311241031
 30
0.0
 10
73.2530795916183
 20
82.89948679152434
 30
0.0
 10
73.16862696321293
 20
83.45095273047306
 30
0.0
 10
73.05007976433512
 20
83.95393532438072
 30
0.0
 10
72.90022032099309
 20
84.40894245535534
 30
0.0
 10
72.73197248134674
 20
84.82336279963948
 30
0.0
 10
72.54227032669151
 20
85.19770794493456
 30
0.0
 10
72.38786806362567
 20
85.41939646542077
 30
0.0
 10
72.31317640694013
 20
85.52663765822783
 30
0.0
  0
SPLINE
  5
611
330
1F
100
AcDbEntity
  8
0
  6
Continuous
 62
     7
370
    15
100
AcDbSpline
210
0.0
220
0.0
230
1.0
 70
     8
 71
     3
 72
    15
 73
    11
 74
     0
 42
0.000000001
 43
0.00000001
 40
0.0
 40
0.0
 40
0.0
 40
0.0
 40
0.1164590748032572
 40
0.2306211259302911
 40
0.3429849625906284
 40
0.4563139140861838
 40
0.575661361486445
 40
0.705518633967409
 40
0.847489995922038
 40
1.0
 40
1.0
 40
1.0
 40
1.0
 10
-67.6417596067754
 20
15.81848101265822
 30
0.0
 10
-67.76779779612228
 20
15.88431533354
 30
0.0
 10
-68.0173882139279
 20
16.01468546770311
 30
0.0
 10
-68.41540695222446
 20
16.14677574291457
 30
0.0
 10
-68.81900950397308
 20
16.2445275689843
 30
0.0
 10
-69.23928500620423
 20
16.27949648045823
 30
0.0
 10
-69.68083741351005
 20
16.29310263925069
 30
0.0
 10
-70.15746782677306
 20
16.31090703645865
 30
0.0
 10
-70.67478697399962
 20
16.31409656027904
 30
0.0
 10
-71.03377120123466
 20
16.31594265407989
 30
0.0
 10
-71.21968682196527
 20
16.31689873417721
 30
0.0
  0
SPLINE
  5
612
330
1F
100
AcDbEntity
  8
0
  6
Continuous
 62
     7
370
    15
100
AcDbSpline
210
0.0
220
0.0
230
1.0
 70
     8
 71
     3
 72
    14
 73
    10
 74
     0
 42
0.000000001
 43
0.00000001
 40
0.1842138320205489
 40
0.1842138320205489
 40
0.1842138320205489
 40
0.1842138320205489
 40
0.2061303772716717
 40
0.313011792648921
 40
0.4244218237051736
 40
0.5451249507718164
 40
0.6808969987423195
 40
0.8318789725896627
 40
1.0
 40
1.0
 40
1.0
 40
1.0
 10
96.09918955149222
 20
-84.85875452841913
 30
0.0
 10
96.11233175731107
 20
-84.8322896337386
 30
0.0
 10
96.18813079324387
 20
-84.67605040017193
 30
0.0
 10
96.31450311411695
 20
-84.37780275902706
 30
0.0
 10
96.4596845413814
 20
-83.94419021990342
 30
0.0
 10
96.57390946218926
 20
-83.46104236420231
 30
0.0
 10
96.64958702779262
 20
-82.91683139573081
 30
0.0
 10
96.70212003800371
 20
-82.30574543693444
 30
0.0
 10
96.70565374849922
 20
-81.87565943656035
 30
0.0
 10
96.707515501716
 20
-81.64906645569617
 30
0.0
  0
SPLINE
  5
613
330
1F
100
AcDbEntity
  8
0
  6
Continuous
 62
     7
370
    15
100
AcDbSpline
210
0.0
220
0.0
230
1.0
 70
     8
 71
     3
 72
    23
 73
    19
 74
     0
 42
0.000000001
 43
0.00000001
 40
0.0
 40
0.0
 40
0.0
 40
0.0
 40
0.0584725468373524
 40
0.1166794425111369
 40
0.175123142844505
 40
0.233220950117841
 40
0.2915119389288744
 40
0.3505026719693415
 40
0.4101943631923693
 40
0.471035934737034
 40
0.5325129857721849
 40
0.5952480856911015
 40
0.6584867623999138
 40
0.7234145733593557
 40
0.7895906509749274
 40
0.8574916006160372
 40
0.9278470501321074
 40
1.0
 40
1.0
 40
1.0
 40
1.0
 10
74.1239284739166
 20
-28.67280854430378
 30
0.0
 10
74.24368685473148
 20
-28.75336577832775
 30
0.0
 10
74.48265953277105
 20
-28.91411426055654
 30
0.0
 10
74.82183385999016
 20
-29.182694329124
 30
0.0
 10
75.14089651752683
 20
-29.47313544004157
 30
0.0
 10
75.44243467077095
 20
-29.78216955531865
 30
0.0
 10
75.72137398692453
 20
-30.11345763094038
 30
0.0
 10
75.98344813935768
 20
-30.4631742874002
 30
0.0
 10
76.22328384126425
 20
-30.83599180336526
 30
0.0
 10
76.44625796824714
 20
-31.22617351341031
 30
0.0
 10
76.64543153005427
 20
-31.63748280413865
 30
0.0
 10
76.82053277034167
 20
-32.06599352720543
 30
0.0
 10
76.96664620710573
 20
-32.51432947383639
 30
0.0
 10
77.08306343774079
 20
-32.97977281582282
 30
0.0
 10
77.18072262671734
 20
-33.46140554860692
 30
0.0
 10
77.24282864505396
 20
-33.96231446733194
 30
0.0
 10
77.28754577353047
 20
-34.47994651190869
 30
0.0
 10
77.29079568192304
 20
-34.8317257129699
 30
0.0
 10
77.29244113214445
 20
-35.00983386075948
 30
0.0
  0
SPLINE
  5
614
330
1F
100
AcDbEntity
  8
0
  6
Continuous
 62
     7
370
    15
100
AcDbSpline
210
0.0
220
0.0
230
1.0
 70
     8
 71
     3
 72
    15
 73
    11
 74
     0
 42
0.000000001
 43
0.00000001
 40
0.0
 40
0.0
 40
0.0
 40
0.0
 40
0.1279204173248361
 40
0.2471695587615703
 40
0.3582887053464338
 40
0.4638170870168617
 40
0.5750153360474746
 40
0.6998130450095248
 40
0.8412948228072585
 40
1.0
 40
1.0
 40
1.0
 40
1.0
 10
72.01189545651566
 20
-104.1127689873417
 30
0.0
 10
72.07246699486373
 20
-104.0526103895513
 30
0.0
 10
72.18950413967684
 20
-103.9363711340633
 30
0.0
 10
72.3390884527987
 20
-103.7491274121034
 30
0.0
 10
72.45623970681265
 20
-103.5574999682224
 30
0.0
 10
72.54616372156542
 20
-103.3574570741848
 30
0.0
 10
72.6090817651429
 20
-103.1377168072978
 30
0.0
 10
72.64769287254197
 20
-102.8886077860317
 30
0.0
 10
72.67540777421162
 20
-102.6062660863527
 30
0.0
 10
72.67803186561406
 20
-102.4059669237355
 30
0.0
 10
72.67941919069287
 20
-102.3000712025316
 30
0.0
  0
SPLINE
  5
615
330
1F
100
AcDbEntity
  8
0
  6
Continuous
 62
     7
370
    15
100
AcDbSpline
210
0.0
220
0.0
230
1.0
 70
     8
 71
     3
 72
    15
 73
    11
 74
     0
 42
0.000000001
 43
0.00000001
 40
0.0
 40
0.0
 40
0.0
 40
0.0
 40
0.1162121288981356
 40
0.2317994842309639
 40
0.3478816446082088
 40
0.4672338002659488
 40
0.5907044936288263
 40
0.7188325474641538
 40
0.8549165022066596
 40
1.0
 40
1.0
 40
1.0
 40
1.0
 10
74.69682425398402
 20
-51.80996835443036
 30
0.0
 10
74.83352666813359
 20
-51.90697833547371
 30
0.0
 10
75.10619656406817
 20
-52.10047675757743
 30
0.0
 10
75.45813696733462
 20
-52.46002476565967
 30
0.0
 10
75.76911320290735
 20
-52.86001780166691
 30
0.0
 10
76.02277116612703
 20
-53.3121420377099
 30
0.0
 10
76.22957527669467
 20
-53.80600693412077
 30
0.0
 10
76.3742573558289
 20
-54.34667115226204
 30
0.0
 10
76.46044286608323
 20
-54.93119398193286
 30
0.0
 10
76.4712902519011
 20
-55.33616689650494
 30
0.0
 10
76.47688754512328
 20
-55.54513449367087
 30
0.0
  0
SPLINE
  5
616
330
1F
100
AcDbEntity
  8
0
  6
Continuous
 62
     7
370
    15
100
AcDbSpline
210
0.0
220
0.0
230
1.0
 70
     8
 71
     3
 72
    15
 73
    11
 74
     0
 42
0.000000001
 43
0.00000001
 40
0.0
 40
0.0
 40
0.0
 40
0.0
 40
0.1185657289174644
 40
0.2317316497000047
 40
0.3399244123191328
 40
0.444383448067219
 40
0.5556176034406874
 40
0.686303652249741
 40
0.8340058257143796
 40
1.0
 40
1.0
 40
1.0
 40
1.0
 10
71.63214862107262
 20
-100.6268117088607
 30
0.0
 10
71.5426305057186
 20
-100.5918778888494
 30
0.0
 10
71.36767117524077
 20
-100.5236012307
 30
0.0
 10
71.10305786200306
 20
-100.4454750190529
 30
0.0
 10
70.84347380008838
 20
-100.3957836630324
 30
0.0
 10
70.58261262702311
 20
-100.3649566744871
 30
0.0
 10
70.30209759984666
 20
-100.3532212334125
 30
0.0
 10
69.98669814851276
 20
-100.3399323399494
 30
0.0
 10
69.62661717754645
 20
-100.3355604005731
 30
0.0
 10
69.37245488891725
 20
-100.3339522354033
 30
0.0
 10
69.23796349449034
 20
-100.3331012658227
 30
0.0
  0
SPLINE
  5
617
330
1F
100
AcDbEntity
  8
0
  6
Continuous
 62
     7
370
    15
100
AcDbSpline
210
0.0
220
0.0
230
1.0
 70
     8
 71
     3
 72
    13
 73
     9
 74
     0
 42
0.000000001
 43
0.00000001
 40
0.0
 40
0.0
 40
0.0
 40
0.0
 40
0.2094069242739447
 40
0.4313265900982755
 40
0.5529659778486625
 40
0.6872297114664154
 40
0.8372457024506077
 40
1.0
 40
1.0
 40
1.0
 40
1.0
 10
-23.02572173238945
 20
86.25646360759491
 30
0.0
 10
-23.14709725233875
 20
86.30327433579603
 30
0.0
 10
-23.39710087243227
 20
86.39969288472899
 30
0.0
 10
-23.73802232812326
 20
86.45335120022074
 30
0.0
 10
-24.03328520972078
 20
86.47356866914764
 30
0.0
 10
-24.28439543040954
 20
86.49076808287366
 30
0.0
 10
-24.5615187096787
 20
86.49399728387276
 30
0.0
 10
-24.75535485875046
 20
86.49582241825807
 30
0.0
 10
-24.85622015011097
 20
86.4967721518987
 30
0.0
  0
SPLINE
  5
618
330
1F
100
AcDbEntity
  8
0
  6
Continuous
 62
     7
370
    15
100
AcDbSpline
210
0.0
220
0.0
230
1.0
 70
     8
 71
     3
 72
    15
 73
    11
 74
     0
 42
0.000000001
 43
0.00000001
 40
0.0
 40
0.0
 40
0.0
 40
0.0
 40
0.1164590748032562
 40
0.2306211259302898
 40
0.3429849625906288
 40
0.4563139140861842
 40
0.5756613614864433
 40
0.7055186339674073
 40
0.8474899959220362
 40
1.0
 40
1.0
 40
1.0
 40
1.0
 10
48.40210790210472
 20
109.1384810126582
 30
0.0
 10
48.27606971275783
 20
109.20431533354
 30
0.0
 10
48.02647929495221
 20
109.3346854677031
 30
0.0
 10
47.62846055665563
 20
109.4667757429145
 30
0.0
 10
47.22485800490704
 20
109.5645275689843
 30
0.0
 10
46.80458250267587
 20
109.5994964804582
 30
0.0
 10
46.36303009537006
 20
109.6131026392506
 30
0.0
 10
45.88639968210705
 20
109.6309070364586
 30
0.0
 10
45.3690805348805
 20
109.634096560279
 30
0.0
 10
45.01009630764543
 20
109.6359426540799
 30
0.0
 10
44.82418068691484
 20
109.6368987341772
 30
0.0
  0
SPLINE
  5
619
330
1F
100
AcDbEntity
  8
0
  6
Continuous
 62
     7
370
    15
100
AcDbSpline
210
0.0
220
0.0
230
1.0
 70
     8
 71
     3
 72
    14
 73
    10
 74
     0
 42
0.000000001
 43
0.00000001
 40
0.1961943127580491
 40
0.1961943127580491
 40
0.1961943127580491
 40
0.1961943127580491
 40
0.2061303772716706
 40
0.3130117926489223
 40
0.424421823705174
 40
0.5451249507718171
 40
0.6808969987423226
 40
0.8318789725896641
 40
1.0
 40
1.0
 40
1.0
 40
1.0
 10
-43.91716643602341
 20
-61.4852479506093
 30
0.0
 10
-43.91132774195563
 20
-61.47319179450586
 30
0.0
 10
-43.84325756729166
 20
-61.33117516602724
 30
0.0
 10
-43.72318812229446
 20
-61.04780275902706
 30
0.0
 10
-43.57800669502993
 20
-60.61419021990341
 30
0.0
 10
-43.46378177422217
 20
-60.13104236420232
 30
0.0
 10
-43.3881042086187
 20
-59.58683139573081
 30
0.0
 10
-43.33557119840773
 20
-58.97574543693446
 30
0.0
 10
-43.33203748791218
 20
-58.54565943656038
 30
0.0
 10
-43.33017573469539
 20
-58.31906645569619
 30
0.0
  0
SPLINE
  5
61A
330
1F
100
AcDbEntity
  8
0
  6
Continuous
 62
     7
370
    15
100
AcDbSpline
210
0.0
220
0.0
230
1.0
 70
     8
 71
     3
 72
    15
 73
    11
 74
     0
 42
0.000000001
 43
0.00000001
 40
0.0
 40
0.0
 40
0.0
 40
0.0
 40
0.1138076244841594
 40
0.2263465295506891
 40
0.3400244107409582
 40
0.457062952735564
 40
0.5796231324061538
 40
0.7105858844160073
 40
0.8495599605553402
 40
1.0
 40
1.0
 40
1.0
 40
1.0
 10
-67.46375327766148
 20
7.591621835443034
 30
0.0
 10
-67.31709191327853
 20
7.693322678423636
 30
0.0
 10
-67.02540415511896
 20
7.895590610518491
 30
0.0
 10
-66.64546764271387
 20
8.272781598485063
 30
0.0
 10
-66.32354405304186
 20
8.705026122793537
 30
0.0
 10
-66.05330154353639
 20
9.1898399194545
 30
0.0
 10
-65.84661212167676
 20
9.733912501276077
 30
0.0
 10
-65.696565887061
 20
10.33109530701925
 30
0.0
 10
-65.60706741351355
 20
10.98489620317257
 30
0.0
 10
-65.59696919427189
 20
11.43824537311864
 30
0.0
 10
-65.59172004981338
 20
11.67390031645569
 30
0.0
  0
SPLINE
  5
61B
330
1F
100
AcDbEntity
  8
0
  6
Continuous
 62
     7
370
    15
100
AcDbSpline
210
0.0
220
0.0
230
1.0
 70
     8
 71
     3
 72
    23
 73
    19
 74
     0
 42
0.000000001
 43
0.00000001
 40
0.0
 40
0.0
 40
0.0
 40
0.0
 40
0.0603484688053885
 40
0.118373276323174
 40
0.1748218905033341
 40
0.2300669316238637
 40
0.285183501263472
 40
0.3409394681790702
 40
0.3980548669068132
 40
0.4572905954189663
 40
0.5179064783267884
 40
0.579447454260758
 40
0.6426910821080979
 40
0.7078744756173796
 40
0.7760204385952176
 40
0.8469861987309558
 40
0.9215410536688151
 40
1.0
 40
1.0
 40
1.0
 40
1.0
 10
122.7259493670885
 20
78.8009651898734
 30
0.0
 10
122.7209814040915
 20
78.61673658362002
 30
0.0
 10
122.7112367648613
 20
78.25537292110538
 30
0.0
 10
122.629811877125
 20
77.72660784009011
 30
0.0
 10
122.4934512443343
 20
77.22589497804778
 30
0.0
 10
122.3020655951309
 20
76.75285339972028
 30
0.0
 10
122.0567067719293
 20
76.30802657116443
 30
0.0
 10
121.7587650289948
 20
75.88928447030689
 30
0.0
 10
121.401477177876
 20
75.502697438179
 30
0.0
 10
120.9957452003219
 20
75.14509454002244
 30
0.0
 10
120.5454488591316
 20
74.8214158038274
 30
0.0
 10
120.0522861458064
 20
74.54210016862056
 30
0.0
 10
119.5223911449
 20
74.30523868460776
 30
0.0
 10
118.9551390673319
 20
74.10778515103465
 30
0.0
 10
118.349110400963
 20
73.95794943055213
 30
0.0
 10
117.7051614895929
 20
73.85293035009565
 30
0.0
 10
117.0242605054843
 20
73.78552572459057
 30
0.0
 10
116.557206749958
 20
73.7787351046329
 30
0.0
 10
116.3177215189872
 20
73.77525316455694
 30
0.0
  0
SPLINE
  5
61C
330
1F
100
AcDbEntity
  8
0
  6
Continuous
 62
     7
370
    15
100
AcDbSpline
210
0.0
220
0.0
230
1.0
 70
     8
 71
     3
 72
    23
 73
    19
 74
     0
 42
0.000000001
 43
0.00000001
 40
0.0
 40
0.0
 40
0.0
 40
0.0
 40
0.0603484688053871
 40
0.1183732763231725
 40
0.1748218905033327
 40
0.2300669316238624
 40
0.2851835012634708
 40
0.3409394681790691
 40
0.3980548669068121
 40
0.4572905954189654
 40
0.5179064783267877
 40
0.5794474542607575
 40
0.6426910821080973
 40
0.7078744756173792
 40
0.7760204385952173
 40
0.8469861987309556
 40
0.921541053668815
 40
1.0
 40
1.0
 40
1.0
 40
1.0
 10
-63.91405063291148
 20
-107.8390348101266
 30
0.0
 10
-63.91901859590845
 20
-108.02326341638
 30
0.0
 10
-63.92876323513869
 20
-108.3846270788947
 30
0.0
 10
-64.01018812287495
 20
-108.9133921599098
 30
0.0
 10
-64.14654875566573
 20
-109.4141050219522
 30
0.0
 10
-64.33793440486902
 20
-109.8871466002797
 30
0.0
 10
-64.58329322807059
 20
-110.3319734288355
 30
0.0
 10
-64.88123497100516
 20
-110.7507155296931
 30
0.0
 10
-65.2385228221239
 20
-111.1373025618209
 30
0.0
 10
-65.64425479967805
 20
-111.4949054599775
 30
0.0
 10
-66.09455114086829
 20
-111.8185841961725
 30
0.0
 10
-66.58771385419355
 20
-112.0978998313794
 30
0.0
 10
-67.11760885510002
 20
-112.3347613153922
 30
0.0
 10
-67.68486093266803
 20
-112.5322148489653
 30
0.0
 10
-68.29088959903692
 20
-112.6820505694478
 30
0.0
 10
-68.9348385104071
 20
-112.7870696499044
 30
0.0
 10
-69.61573949451558
 20
-112.8544742754094
 30
0.0
 10
-70.082793250042
 20
-112.8612648953671
 30
0.0
 10
-70.32227848101272
 20
-112.864746835443
 30
0.0
  0
SPLINE
  5
61D
330
1F
100
AcDbEntity
  8
0
  6
Continuous
 62
     7
370
    15
100
AcDbSpline
210
0.0
220
0.0
230
1.0
 70
     8
 71
     3
 72
    23
 73
    19
 74
     0
 42
0.000000001
 43
0.00000001
 40
0.0
 40
0.0
 40
0.0
 40
0.0
 40
0.060348468805387
 40
0.1183732763231726
 40
0.1748218905033331
 40
0.230066931623862
 40
0.2851835012634717
 40
0.3409394681790699
 40
0.3980548669068122
 40
0.4572905954189659
 40
0.5179064783267875
 40
0.579447454260758
 40
0.6426910821080979
 40
0.7078744756173792
 40
0.7760204385952172
 40
0.8469861987309548
 40
0.9215410536688158
 40
1.0
 40
1.0
 40
1.0
 40
1.0
 10
52.57726729195875
 20
55.4709651898734
 30
0.0
 10
52.57229932896177
 20
55.28673658362003
 30
0.0
 10
52.56255468973154
 20
54.92537292110537
 30
0.0
 10
52.48112980199522
 20
54.39660784009015
 30
0.0
 10
52.34476916920448
 20
53.89589497804775
 30
0.0
 10
52.15338352000117
 20
53.4228533997203
 30
0.0
 10
51.90802469679961
 20
52.97802657116446
 30
0.0
 10
51.61008295386505
 20
52.55928447030691
 30
0.0
 10
51.25279510274628
 20
52.17269743817901
 30
0.0
 10
50.84706312519214
 20
51.81509454002241
 30
0.0
 10
50.3967667840019
 20
51.49141580382746
 30
0.0
 10
49.90360407067666
 20
51.21210016862056
 30
0.0
 10
49.37370906977021
 20
50.97523868460777
 30
0.0
 10
48.80645699220219
 20
50.77778515103468
 30
0.0
 10
48.20042832583329
 20
50.62794943055216
 30
0.0
 10
47.5564794144631
 20
50.52293035009563
 30
0.0
 10
46.87557843035461
 20
50.45552572459057
 30
0.0
 10
46.40852467482819
 20
50.4487351046329
 30
0.0
 10
46.16903944385748
 20
50.44525316455694
 30
0.0
  0
SPLINE
  5
61E
330
1F
100
AcDbEntity
  8
0
  6
Continuous
 62
     7
370
    15
100
AcDbSpline
210
0.0
220
0.0
230
1.0
 70
     8
 71
     3
 72
    13
 73
     9
 74
     0
 42
0.000000001
 43
0.00000001
 40
0.0
 40
0.0
 40
0.0
 40
0.0
 40
0.2310105869619612
 40
0.4448142666719849
 40
0.5563964139442896
 40
0.6850114223619066
 40
0.8337794086795519
 40
1.0
 40
1.0
 40
1.0
 40
1.0
 10
49.24040302304946
 20
27.54246835443036
 30
0.0
 10
49.01559693504718
 20
27.47867455781064
 30
0.0
 10
48.58272952194201
 20
27.35583866862131
 30
0.0
 10
48.03197467885008
 20
27.23670051324538
 30
0.0
 10
47.57708372614925
 20
27.17248737347216
 30
0.0
 10
47.18506349912568
 20
27.13742503723094
 30
0.0
 10
46.73665577302812
 20
27.11761418127517
 30
0.0
 10
46.41803435044044
 20
27.11606871342911
 30
0.0
 10
46.24989669393553
 20
27.11525316455694
 30
0.0
  0
SPLINE
  5
61F
330
1F
100
AcDbEntity
  8
0
  6
Continuous
 62
     7
370
    15
100
AcDbSpline
210
0.0
220
0.0
230
1.0
 70
     8
 71
     3
 72
    19
 73
    15
 74
     0
 42
0.000000001
 43
0.00000001
 40
0.0
 40
0.0
 40
0.0
 40
0.0
 40
0.1458654044316323
 40
0.2813178577972943
 40
0.4093848648240109
 40
0.5302964503257338
 40
0.5894721501540147
 40
0.6473137480061852
 40
0.7048686726632971
 40
0.7631966117929265
 40
0.8209706958764359
 40
0.8793623257207478
 40
0.9392498078158649
 40
1.0
 40
1.0
 40
1.0
 40
1.0
 10
-65.59172004981336
 20
11.67390031645569
 30
0.0
 10
-65.59812188167663
 20
11.91053380030981
 30
0.0
 10
-65.61046853531101
 20
12.3669081203231
 30
0.0
 10
-65.7011247733448
 20
13.02648496562047
 30
0.0
 10
-65.86115009958746
 20
13.63075510722894
 30
0.0
 10
-66.04743777687868
 20
14.09595466439068
 30
0.0
 10
-66.2244276131972
 20
14.43941985040776
 30
0.0
 10
-66.37853266452036
 20
14.67734484793481
 30
0.0
 10
-66.54444690846131
 20
14.90535516867786
 30
0.0
 10
-66.73041729781986
 20
15.11752936285886
 30
0.0
 10
-66.93465325586317
 20
15.31375440191783
 30
0.0
 10
-67.15135972851114
 20
15.50011024797753
 30
0.0
 10
-67.38864549438988
 20
15.66835133258292
 30
0.0
 10
-67.55698695206732
 20
15.7681997722702
 30
0.0
 10
-67.6417596067754
 20
15.81848101265822
 30
0.0
  0
SPLINE
  5
620
330
1F
100
AcDbEntity
  8
0
  6
Continuous
 62
     7
370
    15
100
AcDbSpline
210
0.0
220
0.0
230
1.0
 70
     8
 71
     3
 72
    23
 73
    19
 74
     0
 42
0.000000001
 43
0.00000001
 40
0.0
 40
0.0
 40
0.0
 40
0.0
 40
0.0671287994108265
 40
0.1310241597981008
 40
0.1925174801407508
 40
0.2517070752638422
 40
0.3097325181738905
 40
0.3668730080282893
 40
0.4242958793130933
 40
0.4827098688151522
 40
0.5416332915353063
 40
0.6010034276011028
 40
0.6614374364118615
 40
0.7235804776733911
 40
0.7878378865925846
 40
0.8550658045621841
 40
0.925733807014236
 40
1.0
 40
1.0
 40
1.0
 40
1.0
 10
69.98426026769963
 20
89.534746835443
 30
0.0
 10
70.25355264302436
 20
89.5287683430838
 30
0.0
 10
70.77916620272806
 20
89.51709932851628
 30
0.0
 10
71.54634258700828
 20
89.41767413632427
 30
0.0
 10
72.26922897134858
 20
89.25304801962156
 30
0.0
 10
72.94834896804213
 20
89.01994813057249
 30
0.0
 10
73.58346764223326
 20
88.72387585915365
 30
0.0
 10
74.1725798015344
 20
88.35766715976479
 30
0.0
 10
74.71947806413607
 20
87.92855383706882
 30
0.0
 10
75.21686433218905
 20
87.43245934394707
 30
0.0
 10
75.66124398437434
 20
86.8789819145495
 30
0.0
 10
76.05391640032055
 20
86.27759345640833
 30
0.0
 10
76.37860651426246
 20
85.62264530375997
 30
0.0
 10
76.65075811423003
 20
84.92341666977349
 30
0.0
 10
76.85729345980393
 20
84.173537613162
 30
0.0
 10
77.0041223825976
 20
83.37550344417451
 30
0.0
 10
77.09447483273031
 20
82.5283204857504
 30
0.0
 10
77.10503553397761
 20
81.94696213895261
 30
0.0
 10
77.1104469765604
 20
81.64906645569619
 30
0.0
  0
SPLINE
  5
621
330
1F
100
AcDbEntity
  8
0
  6
Continuous
 62
     7
370
    15
100
AcDbSpline
210
0.0
220
0.0
230
1.0
 70
     8
 71
     3
 72
    15
 73
    11
 74
     0
 42
0.000000001
 43
0.00000001
 40
0.0
 40
0.0
 40
0.0
 40
0.0
 40
0.1142949816845341
 40
0.227720026973328
 40
0.3377931698498384
 40
0.4491414925689024
 40
0.567498207038488
 40
0.6971304150384808
 40
0.8414417140399332
 40
1.0
 40
1.0
 40
1.0
 40
1.0
 10
-69.37592825596948
 20
-57.13829113924049
 30
0.0
 10
-69.31923862935255
 20
-57.08921197500618
 30
0.0
 10
-69.20629085936248
 20
-56.9914272040692
 30
0.0
 10
-69.0618867824447
 20
-56.82242278815757
 30
0.0
 10
-68.94179710913266
 20
-56.63822089593817
 30
0.0
 10
-68.84162119142691
 20
-56.43878944831262
 30
0.0
 10
-68.76334263691159
 20
-56.2158724932353
 30
0.0
 10
-68.7119676917864
 20
-55.96341752729563
 30
0.0
 10
-68.67940423296561
 20
-55.68146642317672
 30
0.0
 10
-68.67507151860408
 20
-55.48293199667697
 30
0.0
 10
-68.67280325596948
 20
-55.37899525316454
 30
0.0
  0
SPLINE
  5
622
330
1F
100
AcDbEntity
  8
0
  6
Continuous
 62
     7
370
    15
100
AcDbSpline
210
0.0
220
0.0
230
1.0
 70
     8
 71
     3
 72
    14
 73
    10
 74
     0
 42
0.000000001
 43
0.00000001
 40
0.6297358447717529
 40
0.6297358447717529
 40
0.6297358447717529
 40
0.6297358447717529
 40
0.6323760396433503
 40
0.6896922952245862
 40
0.7478691970585426
 40
0.807105867008196
 40
0.8685931435229722
 40
0.9325712207513555
 40
1.0
 40
1.0
 40
1.0
 40
1.0
 10
65.77519723382834
 20
88.32374248950461
 30
0.0
 10
65.7838199642324
 20
88.32988477640544
 30
0.0
 10
65.97998479921445
 20
88.46887921688548
 30
0.0
 10
66.38198766944792
 20
88.72074945922928
 30
0.0
 10
67.01655559134696
 20
89.02020651920398
 30
0.0
 10
67.69594537208984
 20
89.25401968270243
 30
0.0
 10
68.41990430288881
 20
89.41275073208121
 30
0.0
 10
69.18704536161053
 20
89.51855357013302
 30
0.0
 10
69.71391019830575
 20
89.52925540475496
 30
0.0
 10
69.98426026769963
 20
89.534746835443
 30
0.0
  0
SPLINE
  5
623
330
1F
100
AcDbEntity
  8
0
  6
Continuous
 62
     7
370
    15
100
AcDbSpline
210
0.0
220
0.0
230
1.0
 70
     8
 71
     3
 72
    15
 73
    11
 74
     0
 42
0.000000001
 43
0.00000001
 40
0.0
 40
0.0
 40
0.0
 40
0.0
 40
0.0855472560358991
 40
0.1755218877721235
 40
0.2712494182053032
 40
0.3734715899592541
 40
0.4914223313822278
 40
0.6351646078959396
 40
0.8046864656696916
 40
1.0
 40
1.0
 40
1.0
 40
1.0
 10
-68.63562827766148
 20
109.6309651898734
 30
0.0
 10
-68.69933820340769
 20
109.6573794502019
 30
0.0
 10
-68.83005527085054
 20
109.7115750030671
 30
0.0
 10
-69.04319113269081
 20
109.7623221031966
 30
0.0
 10
-69.27232579854558
 20
109.7982938548082
 30
0.0
 10
-69.52640937619638
 20
109.8149363471874
 30
0.0
 10
-69.8193741041245
 20
109.8174734951509
 30
0.0
 10
-70.16645230345777
 20
109.825169360189
 30
0.0
 10
-70.57589567417814
 20
109.8272761776489
 30
0.0
 10
-70.8696084026795
 20
109.8269478963231
 30
0.0
 10
-71.02684663209186
 20
109.8267721518987
 30
0.0
  0
SPLINE
  5
624
330
1F
100
AcDbEntity
  8
0
  6
Continuous
 62
     7
370
    15
100
AcDbSpline
210
0.0
220
0.0
230
1.0
 70
     8
 71
     3
 72
    15
 73
    11
 74
     0
 42
0.000000001
 43
0.00000001
 40
0.0
 40
0.0
 40
0.0
 40
0.0
 40
0.1399701610859458
 40
0.2711410552377985
 40
0.3961193563420738
 40
0.5148010966715834
 40
0.630430906082581
 40
0.7481685669120971
 40
0.8688869395207882
 40
1.0
 40
1.0
 40
1.0
 40
1.0
 10
-68.67280325596948
 20
-55.37899525316454
 30
0.0
 10
-68.67427444547643
 20
-55.28483051190037
 30
0.0
 10
-68.67712433771256
 20
-55.10242072459662
 30
0.0
 10
-68.72214911276485
 20
-54.83950010948546
 30
0.0
 10
-68.78346004536127
 20
-54.59453819312618
 30
0.0
 10
-68.88137380290698
 20
-54.37305768281085
 30
0.0
 10
-69.00194238002274
 20
-54.16824026222537
 30
0.0
 10
-69.1654076308739
 20
-53.99325796222485
 30
0.0
 10
-69.36286536271571
 20
-53.84060031016999
 30
0.0
 10
-69.51387910317641
 20
-53.76361689698906
 30
0.0
 10
-69.5925026230581
 20
-53.72353639240504
 30
0.0
  0
SPLINE
  5
625
330
1F
100
AcDbEntity
  8
0
  6
Continuous
 62
     7
370
    15
100
AcDbSpline
210
0.0
220
0.0
230
1.0
 70
     8
 71
     3
 72
    15
 73
    11
 74
     0
 42
0.000000001
 43
0.00000001
 40
0.0
 40
0.0
 40
0.0
 40
0.0
 40
0.1349877525795678
 40
0.2659805103409598
 40
0.3925973920398929
 40
0.5155811632153651
 40
0.6358170896220634
 40
0.7561605515822664
 40
0.8767590261832394
 40
1.0
 40
1.0
 40
1.0
 40
1.0
 10
-70.46909346753488
 20
19.165
 30
0.0
 10
-70.2119211662008
 20
19.16305217856245
 30
0.0
 10
-69.70518763929007
 20
19.15921418192858
 30
0.0
 10
-68.95812441856782
 20
19.11902950356106
 30
0.0
 10
-68.23566567327777
 20
19.05712249474537
 30
0.0
 10
-67.53599454027855
 20
18.97238494579156
 30
0.0
 10
-66.85516623017163
 20
18.83941519982706
 30
0.0
 10
-66.19782290887422
 20
18.63118544739522
 30
0.0
 10
-65.56280869451071
 20
18.34719341327392
 30
0.0
 10
-65.16421897888227
 20
18.10805595606303
 30
0.0
 10
-64.96276435361082
 20
17.98719145569619
 30
0.0
  0
SPLINE
  5
626
330
1F
100
AcDbEntity
  8
0
  6
Continuous
 62
     7
370
    15
100
AcDbSpline
210
0.0
220
0.0
230
1.0
 70
     8
 71
     3
 72
    19
 73
    15
 74
     0
 42
0.000000001
 43
0.00000001
 40
0.0
 40
0.0
 40
0.0
 40
0.0
 40
0.074078047823433
 40
0.1448020842234538
 40
0.2123600685428129
 40
0.2772447952123789
 40
0.3404029163956691
 40
0.4009338286875911
 40
0.4606574601919228
 40
0.5193778019697874
 40
0.6360204095857596
 40
0.7537443966174765
 40
0.8744384068386347
 40
1.0
 40
1.0
 40
1.0
 40
1.0
 10
-64.8753349015391
 20
-54.94584651898732
 30
0.0
 10
-64.87712545451753
 20
-55.08638895056848
 30
0.0
 10
-64.880625490099
 20
-55.36111051266051
 30
0.0
 10
-64.92215639531099
 20
-55.76206761827923
 30
0.0
 10
-64.97870844140458
 20
-56.14340305759756
 30
0.0
 10
-65.06524069407988
 20
-56.50468327281206
 30
0.0
 10
-65.17812806545955
 20
-56.84436026200871
 30
0.0
 10
-65.31168936733326
 20
-57.16595281970683
 30
0.0
 10
-65.47201631867766
 20
-57.46580626822266
 30
0.0
 10
-65.7190999241147
 20
-57.8374122272185
 30
0.0
 10
-66.07644900688487
 20
-58.26581018051536
 30
0.0
 10
-66.57448211564302
 20
-58.720988484828
 30
0.0
 10
-67.1347801765746
 20
-59.12831959592069
 30
0.0
 10
-67.55019246275853
 20
-59.34294137823128
 30
0.0
 10
-67.76200420533657
 20
-59.4523734177215
 30
0.0
  0
SPLINE
  5
627
330
1F
100
AcDbEntity
  8
0
  6
Continuous
 62
     7
370
    15
100
AcDbSpline
210
0.0
220
0.0
230
1.0
 70
     8
 71
     3
 72
    23
 73
    19
 74
     0
 42
0.000000001
 43
0.00000001
 40
0.0
 40
0.0
 40
0.0
 40
0.0
 40
0.0734091806355772
 40
0.1434300736354344
 40
0.21031319390104
 40
0.2743368587497708
 40
0.3359850351111141
 40
0.3955522212924467
 40
0.4529806690938784
 40
0.5090429122418451
 40
0.565001862362139
 40
0.6213728489725497
 40
0.6784400046972575
 40
0.7376320758548743
 40
0.7992027796587188
 40
0.8630431929486126
 40
0.9300473061653873
 40
1.0
 40
1.0
 40
1.0
 40
1.0
 10
-20.31872626582285
 20
36.22621044303798
 30
0.0
 10
-20.1923831566729
 20
36.17853777618525
 30
0.0
 10
-19.94552845414373
 20
36.0853928308544
 30
0.0
 10
-19.59615311836335
 20
35.91903039560643
 30
0.0
 10
-19.26756716508307
 20
35.74971843152286
 30
0.0
 10
-18.96749984839337
 20
35.56107745732227
 30
0.0
 10
-18.69064693921814
 20
35.36239383973039
 30
0.0
 10
-18.43750577481199
 20
35.15246230435798
 30
0.0
 10
-18.21121070026557
 20
34.92830388007322
 30
0.0
 10
-18.00650787756195
 20
34.69286075042879
 30
0.0
 10
-17.82825666600209
 20
34.43911243912452
 30
0.0
 10
-17.67250913879742
 20
34.16874032990322
 30
0.0
 10
-17.54552544789023
 20
33.87730277523189
 30
0.0
 10
-17.43782075432048
 20
33.56822197872829
 30
0.0
 10
-17.35568106618283
 20
33.23841740609991
 30
0.0
 10
-17.29656751295147
 20
32.8893428176688
 30
0.0
 10
-17.26053274983535
 20
32.521471154003
 30
0.0
 10
-17.25624212986367
 20
32.26960798828056
 30
0.0
 10
-17.25405063291145
 20
32.14096518987341
 30
0.0
  0
SPLINE
  5
628
330
1F
100
AcDbEntity
  8
0
  6
Continuous
 62
     7
370
    15
100
AcDbSpline
210
0.0
220
0.0
230
1.0
 70
     8
 71
     3
 72
    23
 73
    19
 74
     0
 42
0.000000001
 43
0.00000001
 40
0.0
 40
0.0
 40
0.0
 40
0.0
 40
0.0603484688053871
 40
0.1183732763231726
 40
0.1748218905033326
 40
0.2300669316238623
 40
0.2851835012634706
 40
0.3409394681790688
 40
0.3980548669068121
 40
0.4572905954189656
 40
0.5179064783267872
 40
0.5794474542607575
 40
0.6426910821080967
 40
0.7078744756173793
 40
0.7760204385952173
 40
0.8469861987309548
 40
0.9215410536688151
 40
1.0
 40
1.0
 40
1.0
 40
1.0
 10
-17.41273270804126
 20
102.1309651898734
 30
0.0
 10
-17.41770067103824
 20
101.94673658362
 30
0.0
 10
-17.42744531026846
 20
101.5853729211054
 30
0.0
 10
-17.50887019800479
 20
101.0566078400901
 30
0.0
 10
-17.64523083079553
 20
100.5558949780478
 30
0.0
 10
-17.83661647999884
 20
100.0828533997203
 30
0.0
 10
-18.08197530320039
 20
99.63802657116447
 30
0.0
 10
-18.37991704613497
 20
99.2192844703069
 30
0.0
 10
-18.73720489725373
 20
98.83269743817901
 30
0.0
 10
-19.14293687480785
 20
98.4750945400224
 30
0.0
 10
-19.59323321599812
 20
98.15141580382746
 30
0.0
 10
-20.08639592932334
 20
97.87210016862053
 30
0.0
 10
-20.61629093022982
 20
97.63523868460777
 30
0.0
 10
-21.18354300779782
 20
97.43778515103466
 30
0.0
 10
-21.78957167416673
 20
97.28794943055215
 30
0.0
 10
-22.43352058553691
 20
97.18293035009563
 30
0.0
 10
-23.1144215696454
 20
97.11552572459057
 30
0.0
 10
-23.58147532517181
 20
97.1087351046329
 30
0.0
 10
-23.82096055614253
 20
97.10525316455694
 30
0.0
  0
SPLINE
  5
629
330
1F
100
AcDbEntity
  8
0
  6
Continuous
 62
     7
370
    15
100
AcDbSpline
210
0.0
220
0.0
230
1.0
 70
     8
 71
     3
 72
    15
 73
    11
 74
     0
 42
0.000000001
 43
0.00000001
 40
0.0
 40
0.0
 40
0.0
 40
0.0
 40
0.1608968379842342
 40
0.3090965289562849
 40
0.4467197912150694
 40
0.5729741321938984
 40
0.6906503494730345
 40
0.800482415605415
 40
0.9034839346235773
 40
1.0
 40
1.0
 40
1.0
 40
1.0
 10
96.707515501716
 20
-81.64906645569617
 30
0.0
 10
96.70411428163975
 20
-81.43140434328296
 30
0.0
 10
96.69758024819976
 20
-81.01325688758963
 30
0.0
 10
96.6476164712043
 20
-80.41051320847562
 30
0.0
 10
96.56316384279891
 20
-79.85904726952684
 30
0.0
 10
96.44461664392112
 20
-79.35606467561921
 30
0.0
 10
96.29475720057904
 20
-78.90105754464457
 30
0.0
 10
96.1265093609327
 20
-78.48663720036048
 30
0.0
 10
95.93680720627754
 20
-78.11229205506535
 30
0.0
 10
95.7824049432117
 20
-77.89060353457917
 30
0.0
 10
95.70771328652613
 20
-77.78336234177213
 30
0.0
  0
SPLINE
  5
62A
330
1F
100
AcDbEntity
  8
0
  6
Continuous
 62
     7
370
    15
100
AcDbSpline
210
0.0
220
0.0
230
1.0
 70
     8
 71
     3
 72
    15
 73
    11
 74
     0
 42
0.000000001
 43
0.00000001
 40
0.0
 40
0.0
 40
0.0
 40
0.0
 40
0.1408231896269229
 40
0.2734591023445895
 40
0.4007920019629742
 40
0.5236901667679175
 40
0.6445466669092743
 40
0.7633520214523857
 40
0.8806836523264745
 40
0.9999999999999999
 40
0.9999999999999999
 40
0.9999999999999999
 40
0.9999999999999999
 10
-114.2776942696457
 20
-7.793362341772147
 30
0.0
 10
-114.3579445108092
 20
-7.695851256811588
 30
0.0
 10
-114.5137793485915
 20
-7.506498254421822
 30
0.0
 10
-114.7725257110718
 20
-7.25526211642126
 30
0.0
 10
-115.0541912904514
 20
-7.057160626029731
 30
0.0
 10
-115.3470544543046
 20
-6.897819181830236
 30
0.0
 10
-115.6507414230297
 20
-6.779517686608183
 30
0.0
 10
-115.9604092854703
 20
-6.697073349419491
 30
0.0
 10
-116.2754800076112
 20
-6.643868811302309
 30
0.0
 10
-116.487728853919
 20
-6.63687876536872
 30
0.0
 10
-116.5947433202786
 20
-6.633354430379741
 30
0.0
  0
SPLINE
  5
62C
330
1F
100
AcDbEntity
  8
0
  6
Continuous
 62
     7
370
    15
100
AcDbSpline
210
0.0
220
0.0
230
1.0
 70
     8
 71
     3
 72
    15
 73
    11
 74
     0
 42
0.000000001
 43
0.00000001
 40
0.0
 40
0.0
 40
0.0
 40
0.0
 40
0.1354654294000399
 40
0.2595609940202683
 40
0.3773153729869079
 40
0.4934035832322783
 40
0.6122790129041601
 40
0.73445589214583
 40
0.8635285876480944
 40
1.0
 40
1.0
 40
1.0
 40
1.0
 10
-68.66529599918046
 20
106.8332990506329
 30
0.0
 10
-68.59341978288909
 20
106.8702829435424
 30
0.0
 10
-68.45570005447105
 20
106.9411466026238
 30
0.0
 10
-68.28212076635711
 20
107.0853552376991
 30
0.0
 10
-68.13644923692561
 20
107.2425601944852
 30
0.0
 10
-68.03675912095734
 20
107.4293270371815
 30
0.0
 10
-67.96525281848065
 20
107.6294512352307
 30
0.0
 10
-67.9049780074241
 20
107.8418562330197
 30
0.0
 10
-67.87861089436089
 20
108.0717720070216
 30
0.0
 10
-67.87305593144526
 20
108.2296256592249
 30
0.0
 10
-67.87020106247161
 20
108.3107515822785
 30
0.0
  0
SPLINE
  5
62D
330
1F
100
AcDbEntity
  8
0
  6
Continuous
 62
     7
370
    15
100
AcDbSpline
210
0.0
220
0.0
230
1.0
 70
     8
 71
     3
 72
    23
 73
    19
 74
     0
 42
0.000000001
 43
0.00000001
 40
0.0
 40
0.0
 40
0.0
 40
0.0
 40
0.0671287994108266
 40
0.1310241597980998
 40
0.1925174801407498
 40
0.2517070752638415
 40
0.3097325181738909
 40
0.3668730080282898
 40
0.4242958793130938
 40
0.4827098688151526
 40
0.541633291535306
 40
0.6010034276011031
 40
0.6614374364118616
 40
0.7235804776733913
 40
0.787837886592585
 40
0.8550658045621845
 40
0.9257338070142369
 40
1.0
 40
1.0
 40
1.0
 40
1.0
 10
-116.6066104088862
 20
-3.785253164556957
 30
0.0
 10
-116.3373180335615
 20
-3.791231656916158
 30
0.0
 10
-115.8117044738578
 20
-3.802900671483657
 30
0.0
 10
-115.0445280895776
 20
-3.902325863675729
 30
0.0
 10
-114.3216417052373
 20
-4.0669519803784
 30
0.0
 10
-113.6425217085437
 20
-4.300051869427511
 30
0.0
 10
-113.0074030343526
 20
-4.596124140846285
 30
0.0
 10
-112.4182908750515
 20
-4.962332840235195
 30
0.0
 10
-111.8713926124499
 20
-5.391446162931173
 30
0.0
 10
-111.3740063443967
 20
-5.887540656052836
 30
0.0
 10
-110.9296266922116
 20
-6.441018085450516
 30
0.0
 10
-110.5369542762653
 20
-7.042406543591635
 30
0.0
 10
-110.2122641623234
 20
-7.697354696239997
 30
0.0
 10
-109.9401125623558
 20
-8.396583330226473
 30
0.0
 10
-109.7335772167819
 20
-9.14646238683796
 30
0.0
 10
-109.5867482939883
 20
-9.94449655582548
 30
0.0
 10
-109.4963958438555
 20
-10.79167951424954
 30
0.0
 10
-109.4858351426083
 20
-11.37303786104735
 30
0.0
 10
-109.4804237000255
 20
-11.67093354430379
 30
0.0
  0
SPLINE
  5
62E
330
1F
100
AcDbEntity
  8
0
  6
Continuous
 62
     7
370
    15
100
AcDbSpline
210
0.0
220
0.0
230
1.0
 70
     8
 71
     3
 72
    23
 73
    19
 74
     0
 42
0.000000001
 43
0.00000001
 40
0.0
 40
0.0
 40
0.0
 40
0.0
 40
0.0603484688053871
 40
0.1183732763231728
 40
0.1748218905033333
 40
0.2300669316238627
 40
0.285183501263472
 40
0.3409394681790699
 40
0.3980548669068121
 40
0.4572905954189658
 40
0.5179064783267877
 40
0.579447454260758
 40
0.6426910821080978
 40
0.7078744756173792
 40
0.7760204385952172
 40
0.8469861987309557
 40
0.921541053668815
 40
1.0
 40
1.0
 40
1.0
 40
1.0
 10
122.7259493670885
 20
-14.51903481012658
 30
0.0
 10
122.7209814040915
 20
-14.70326341637996
 30
0.0
 10
122.7112367648613
 20
-15.06462707889458
 30
0.0
 10
122.629811877125
 20
-15.59339215990986
 30
0.0
 10
122.4934512443343
 20
-16.09410502195222
 30
0.0
 10
122.3020655951309
 20
-16.56714660027969
 30
0.0
 10
122.0567067719293
 20
-17.01197342883551
 30
0.0
 10
121.7587650289948
 20
-17.43071552969307
 30
0.0
 10
121.401477177876
 20
-17.81730256182096
 30
0.0
 10
120.9957452003219
 20
-18.17490545997756
 30
0.0
 10
120.5454488591316
 20
-18.49858419617252
 30
0.0
 10
120.0522861458064
 20
-18.77789983137941
 30
0.0
 10
119.5223911448999
 20
-19.01476131539222
 30
0.0
 10
118.9551390673319
 20
-19.21221484896529
 30
0.0
 10
118.349110400963
 20
-19.36205056944783
 30
0.0
 10
117.7051614895928
 20
-19.46706964990433
 30
0.0
 10
117.0242605054843
 20
-19.5344742754094
 30
0.0
 10
116.5572067499579
 20
-19.54126489536707
 30
0.0
 10
116.3177215189872
 20
-19.54474683544303
 30
0.0
  0
SPLINE
  5
62F
330
1F
100
AcDbEntity
  8
0
  6
Continuous
 62
     7
370
    15
100
AcDbSpline
210
0.0
220
0.0
230
1.0
 70
     8
 71
     3
 72
    13
 73
     9
 74
     0
 42
0.000000001
 43
0.00000001
 40
0.0
 40
0.0
 40
0.0
 40
0.0
 40
0.2094069242739447
 40
0.4313265900982736
 40
0.5529659778486625
 40
0.6872297114664154
 40
0.8372457024506077
 40
1.0
 40
1.0
 40
1.0
 40
1.0
 10
46.90771906464653
 20
86.25646360759491
 30
0.0
 10
46.78634354469725
 20
86.30327433579603
 30
0.0
 10
46.53633992460374
 20
86.39969288472898
 30
0.0
 10
46.19541846891271
 20
86.45335120022075
 30
0.0
 10
45.90015558731522
 20
86.47356866914764
 30
0.0
 10
45.64904536662642
 20
86.49076808287366
 30
0.0
 10
45.37192208735728
 20
86.49399728387276
 30
0.0
 10
45.17808593828554
 20
86.49582241825807
 30
0.0
 10
45.07722064692501
 20
86.4967721518987
 30
0.0
  0
SPLINE
  5
630
330
1F
100
AcDbEntity
  8
0
  6
Continuous
 62
     7
370
    15
100
AcDbSpline
210
0.0
220
0.0
230
1.0
 70
     8
 71
     3
 72
    19
 73
    15
 74
     0
 42
0.000000001
 43
0.00000001
 40
0.0
 40
0.0
 40
0.0
 40
0.0
 40
0.1458654044316318
 40
0.2813178577972946
 40
0.4093848648240134
 40
0.530296450325733
 40
0.5894721501540152
 40
0.647313748006186
 40
0.7048686726632979
 40
0.7631966117929274
 40
0.8209706958764376
 40
0.8793623257207491
 40
0.9392498078158654
 40
1.0
 40
1.0
 40
1.0
 40
1.0
 10
50.45214745906674
 20
104.9939003164557
 30
0.0
 10
50.44574562720346
 20
105.2305338003098
 30
0.0
 10
50.4333989735691
 20
105.6869081203231
 30
0.0
 10
50.34274273553532
 20
106.3464849656205
 30
0.0
 10
50.18271740929264
 20
106.9507551072289
 30
0.0
 10
49.99642973200141
 20
107.4159546643907
 30
0.0
 10
49.81943989568292
 20
107.7594198504078
 30
0.0
 10
49.6653348443598
 20
107.9973448479348
 30
0.0
 10
49.49942060041874
 20
108.2253551686778
 30
0.0
 10
49.31345021106027
 20
108.4375293628588
 30
0.0
 10
49.10921425301692
 20
108.6337544019178
 30
0.0
 10
48.89250778036896
 20
108.8201102479775
 30
0.0
 10
48.65522201449023
 20
108.9883513325829
 30
0.0
 10
48.48688055681279
 20
109.0881997722702
 30
0.0
 10
48.40210790210472
 20
109.1384810126582
 30
0.0
  0
SPLINE
  5
631
330
1F
100
AcDbEntity
  8
0
  6
Continuous
 62
     7
370
    15
100
AcDbSpline
210
0.0
220
0.0
230
1.0
 70
     8
 71
     3
 72
    14
 73
    10
 74
     0
 42
0.000000001
 43
0.00000001
 40
0.6265889722159368
 40
0.6265889722159368
 40
0.6265889722159368
 40
0.6265889722159368
 40
0.63237603964335
 40
0.6896922952245861
 40
0.7478691970585422
 40
0.8071058670081949
 40
0.8685931435229719
 40
0.9325712207513553
 40
0.9999999999999999
 40
0.9999999999999999
 40
0.9999999999999999
 40
0.9999999999999999
 10
-97.5816571559403
 20
-28.34831286122138
 30
0.0
 10
-97.56283809165502
 20
-28.3347364896062
 30
0.0
 10
-97.35681179365024
 20
-28.18783018006222
 30
0.0
 10
-96.9441002473722
 20
-27.92925054077067
 30
0.0
 10
-96.30953232547316
 20
-27.629793480796
 30
0.0
 10
-95.6301425447303
 20
-27.39598031729751
 30
0.0
 10
-94.90618361393133
 20
-27.23724926791876
 30
0.0
 10
-94.13904255520958
 20
-27.13144642986692
 30
0.0
 10
-93.61217771851435
 20
-27.12074459524499
 30
0.0
 10
-93.34182764912049
 20
-27.11525316455695
 30
0.0
  0
SPLINE
  5
632
330
1F
100
AcDbEntity
  8
0
  6
Continuous
 62
     7
370
    15
100
AcDbSpline
210
0.0
220
0.0
230
1.0
 70
     8
 71
     3
 72
    15
 73
    11
 74
     0
 42
0.000000001
 43
0.00000001
 40
0.0
 40
0.0
 40
0.0
 40
0.0
 40
0.127920417324836
 40
0.2471695587615673
 40
0.3582887053464343
 40
0.4638170870168624
 40
0.5750153360474751
 40
0.6998130450095286
 40
0.8412948228072552
 40
1.0
 40
1.0
 40
1.0
 40
1.0
 10
72.01189545651567
 20
-57.45276898734175
 30
0.0
 10
72.07246699486375
 20
-57.39261038955139
 30
0.0
 10
72.18950413967686
 20
-57.2763711340633
 30
0.0
 10
72.33908845279873
 20
-57.08912741210343
 30
0.0
 10
72.45623970681271
 20
-56.89749996822248
 30
0.0
 10
72.54616372156543
 20
-56.69745707418488
 30
0.0
 10
72.60908176514289
 20
-56.47771680729779
 30
0.0
 10
72.64769287254202
 20
-56.22860778603174
 30
0.0
 10
72.67540777421164
 20
-55.94626608635267
 30
0.0
 10
72.67803186561406
 20
-55.74596692373552
 30
0.0
 10
72.67941919069288
 20
-55.64007120253163
 30
0.0
  0
SPLINE
  5
633
330
1F
100
AcDbEntity
  8
0
  6
Continuous
 62
     7
370
    15
100
AcDbSpline
210
0.0
220
0.0
230
1.0
 70
     8
 71
     3
 72
    13
 73
     9
 74
     0
 42
0.000000001
 43
0.00000001
 40
0.0
 40
0.0
 40
0.0
 40
0.0
 40
0.2094069242739453
 40
0.4313265900982797
 40
0.5529659778486608
 40
0.6872297114664204
 40
0.8372457024506084
 40
1.0
 40
1.0
 40
1.0
 40
1.0
 10
70.1942766493464
 20
-7.063536392405059
 30
0.0
 10
70.0729011293971
 20
-7.016725664203938
 30
0.0
 10
69.82289750930359
 20
-6.920307115270988
 30
0.0
 10
69.4819760536126
 20
-6.866648799779213
 30
0.0
 10
69.18671317201508
 20
-6.846431330852337
 30
0.0
 10
68.93560295132627
 20
-6.829231917126286
 30
0.0
 10
68.65847967205715
 20
-6.826002716127223
 30
0.0
 10
68.4646435229854
 20
-6.824177581741908
 30
0.0
 10
68.36377823162489
 20
-6.82322784810126
 30
0.0
  0
SPLINE
  5
634
330
1F
100
AcDbEntity
  8
0
  6
Continuous
 62
     7
370
    15
100
AcDbSpline
210
0.0
220
0.0
230
1.0
 70
     8
 71
     3
 72
    15
 73
    11
 74
     0
 42
0.000000001
 43
0.00000001
 40
0.0
 40
0.0
 40
0.0
 40
0.0
 40
0.1142949816845293
 40
0.2277200269733228
 40
0.3377931698498335
 40
0.4491414925688986
 40
0.5674982070384876
 40
0.6971304150384784
 40
0.841441714039932
 40
1.0
 40
1.0
 40
1.0
 40
1.0
 10
70.41085101643502
 20
-10.4782911392405
 30
0.0
 10
70.46754064305196
 20
-10.42921197500619
 30
0.0
 10
70.58048841304199
 20
-10.33142720406922
 30
0.0
 10
70.72489248995979
 20
-10.16242278815759
 30
0.0
 10
70.84498216327181
 20
-9.978220895938197
 30
0.0
 10
70.9451580809776
 20
-9.778789448312622
 30
0.0
 10
71.02343663549291
 20
-9.555872493235313
 30
0.0
 10
71.07481158061809
 20
-9.303417527295643
 30
0.0
 10
71.10737503943889
 20
-9.021466423176728
 30
0.0
 10
71.1117077538004
 20
-8.822931996676987
 30
0.0
 10
71.11397601643502
 20
-8.718995253164552
 30
0.0
  0
SPLINE
  5
635
330
1F
100
AcDbEntity
  8
0
  6
Continuous
 62
     7
370
    15
100
AcDbSpline
210
0.0
220
0.0
230
1.0
 70
     8
 71
     3
 72
    15
 73
    11
 74
     0
 42
0.000000001
 43
0.00000001
 40
0.0
 40
0.0
 40
0.0
 40
0.0
 40
0.140823189626925
 40
0.2734591023445889
 40
0.4007920019629753
 40
0.5236901667679182
 40
0.6445466669092749
 40
0.7633520214523867
 40
0.88068365232647
 40
1.0
 40
1.0
 40
1.0
 40
1.0
 10
72.31317640694014
 20
85.52663765822784
 30
0.0
 10
72.23292616577666
 20
85.62414874318839
 30
0.0
 10
72.07709132799431
 20
85.81350174557814
 30
0.0
 10
71.81834496551402
 20
86.0647378835787
 30
0.0
 10
71.53667938613452
 20
86.26283937397027
 30
0.0
 10
71.24381622228123
 20
86.42218081816969
 30
0.0
 10
70.94012925355618
 20
86.5404823133918
 30
0.0
 10
70.6304613911155
 20
86.6229266505805
 30
0.0
 10
70.31539066897462
 20
86.67613118869761
 30
0.0
 10
70.10314182266684
 20
86.68312123463123
 30
0.0
 10
69.99612735630721
 20
86.68664556962023
 30
0.0
  0
SPLINE
  5
636
330
1F
100
AcDbEntity
  8
0
  6
Continuous
 62
     7
370
    15
100
AcDbSpline
210
0.0
220
0.0
230
1.0
 70
     8
 71
     3
 72
    11
 73
     7
 74
     0
 42
0.000000001
 43
0.00000001
 40
0.0
 40
0.0
 40
0.0
 40
0.0
 40
0.2182119132758446
 40
0.468070785873561
 40
0.7333062464591
 40
1.0
 40
1.0
 40
1.0
 40
1.0
 10
51.29934289646717
 20
28.3850316455696
 30
0.0
 10
51.1520122665974
 20
28.31772573708272
 30
0.0
 10
50.83598385792285
 20
28.17335264119425
 30
0.0
 10
50.34046378424277
 20
27.94844702870171
 30
0.0
 10
49.80651644900751
 20
27.71955150955782
 30
0.0
 10
49.42945207449314
 20
27.60160385796808
 30
0.0
 10
49.24040302304945
 20
27.54246835443035
 30
0.0
  0
SPLINE
  5
637
330
1F
100
AcDbEntity
  8
0
  6
Continuous
 62
     7
370
    15
100
AcDbSpline
210
0.0
220
0.0
230
1.0
 70
     8
 71
     3
 72
    23
 73
    19
 74
     0
 42
0.000000001
 43
0.00000001
 40
0.0
 40
0.0
 40
0.0
 40
0.0
 40
0.0584725468373519
 40
0.1166794425111363
 40
0.1751231428445058
 40
0.2332209501178421
 40
0.2915119389288753
 40
0.350502671969341
 40
0.4101943631923696
 40
0.4710359347370335
 40
0.5325129857721849
 40
0.5952480856911029
 40
0.6584867623999142
 40
0.7234145733593551
 40
0.7895906509749281
 40
0.8574916006160372
 40
0.9278470501321074
 40
1.0
 40
1.0
 40
1.0
 40
1.0
 10
51.08110315526928
 20
111.3071914556962
 30
0.0
 10
51.20086153608415
 20
111.2266342216722
 30
0.0
 10
51.43983421412376
 20
111.0658857394434
 30
0.0
 10
51.77900854134276
 20
110.7973056708759
 30
0.0
 10
52.09807119887951
 20
110.5068645599584
 30
0.0
 10
52.3996093521236
 20
110.1978304446813
 30
0.0
 10
52.67854866827721
 20
109.8665423690596
 30
0.0
 10
52.94062282071034
 20
109.5168257125997
 30
0.0
 10
53.18045852261687
 20
109.1440081966347
 30
0.0
 10
53.40343264959981
 20
108.7538264865896
 30
0.0
 10
53.6026062114069
 20
108.3425171958613
 30
0.0
 10
53.77770745169435
 20
107.9140064727945
 30
0.0
 10
53.92382088845839
 20
107.4656705261635
 30
0.0
 10
54.04023811909345
 20
107.0002271841772
 30
0.0
 10
54.13789730807004
 20
106.518594451393
 30
0.0
 10
54.2000033264066
 20
106.017685532668
 30
0.0
 10
54.24472045488314
 20
105.5000534880913
 30
0.0
 10
54.2479703632757
 20
105.1482742870301
 30
0.0
 10
54.24961581349712
 20
104.9701661392405
 30
0.0
  0
SPLINE
  5
638
330
1F
100
AcDbEntity
  8
0
  6
Continuous
 62
     7
370
    15
100
AcDbSpline
210
0.0
220
0.0
230
1.0
 70
     8
 71
     3
 72
    15
 73
    11
 74
     0
 42
0.000000001
 43
0.00000001
 40
0.0
 40
0.0
 40
0.0
 40
0.0
 40
0.1162121288981359
 40
0.231799484230961
 40
0.3478816446082075
 40
0.4672338002659477
 40
0.5907044936288243
 40
0.7188325474641529
 40
0.8549165022066576
 40
1.0
 40
1.0
 40
1.0
 40
1.0
 10
74.69682425398402
 20
-98.46996835443032
 30
0.0
 10
74.8335266681336
 20
-98.56697833547368
 30
0.0
 10
75.10619656406823
 20
-98.76047675757746
 30
0.0
 10
75.45813696733458
 20
-99.12002476565956
 30
0.0
 10
75.76911320290735
 20
-99.52001780166691
 30
0.0
 10
76.02277116612703
 20
-99.97214203770987
 30
0.0
 10
76.22957527669465
 20
-100.4660069341208
 30
0.0
 10
76.37425735582889
 20
-101.006671152262
 30
0.0
 10
76.46044286608323
 20
-101.5911939819329
 30
0.0
 10
76.4712902519011
 20
-101.9961668965049
 30
0.0
 10
76.47688754512326
 20
-102.2051344936708
 30
0.0
  0
SPLINE
  5
639
330
1F
100
AcDbEntity
  8
0
  6
Continuous
 62
     7
370
    15
100
AcDbSpline
210
0.0
220
0.0
230
1.0
 70
     8
 71
     3
 72
    15
 73
    11
 74
     0
 42
0.000000001
 43
0.00000001
 40
0.0
 40
0.0
 40
0.0
 40
0.0
 40
0.1399701610859522
 40
0.2711410552378006
 40
0.3961193563420758
 40
0.5148010966715895
 40
0.630430906082579
 40
0.7481685669121008
 40
0.8688869395207887
 40
1.0
 40
1.0
 40
1.0
 40
1.0
 10
-22.10602236530085
 20
84.60100474683541
 30
0.0
 10
-22.1074935548078
 20
84.69516948809957
 30
0.0
 10
-22.11034344704393
 20
84.87757927540333
 30
0.0
 10
-22.15536822209617
 20
85.14049989051453
 30
0.0
 10
-22.21667915469264
 20
85.3854618068738
 30
0.0
 10
-22.31459291223832
 20
85.60694231718911
 30
0.0
 10
-22.43516148935412
 20
85.81175973777458
 30
0.0
 10
-22.59862674020526
 20
85.98674203777509
 30
0.0
 10
-22.79608447204707
 20
86.13939968982997
 30
0.0
 10
-22.94709821250778
 20
86.21638310301086
 30
0.0
 10
-23.02572173238945
 20
86.25646360759491
 30
0.0
  0
SPLINE
  5
63A
330
1F
100
AcDbEntity
  8
0
  6
Continuous
 62
     7
370
    15
100
AcDbSpline
210
0.0
220
0.0
230
1.0
 70
     8
 71
     3
 72
    23
 73
    19
 74
     0
 42
0.000000001
 43
0.00000001
 40
0.0
 40
0.0
 40
0.0
 40
0.0
 40
0.0584725468373519
 40
0.1166794425111363
 40
0.1751231428445058
 40
0.2332209501178421
 40
0.2915119389288753
 40
0.350502671969341
 40
0.4101943631923696
 40
0.4710359347370335
 40
0.5325129857721849
 40
0.5952480856911029
 40
0.6584867623999142
 40
0.7234145733593551
 40
0.7895906509749281
 40
0.8574916006160372
 40
0.9278470501321074
 40
1.0
 40
1.0
 40
1.0
 40
1.0
 10
-41.63276435361085
 20
-98.66280854430374
 30
0.0
 10
-41.51300597279597
 20
-98.74336577832771
 30
0.0
 10
-41.27403329475639
 20
-98.90411426055654
 30
0.0
 10
-40.9348589675373
 20
-99.1726943291239
 30
0.0
 10
-40.61579631000066
 20
-99.4631354400416
 30
0.0
 10
-40.31425815675649
 20
-99.77216955531857
 30
0.0
 10
-40.03531884060292
 20
-100.1034576309404
 30
0.0
 10
-39.77324468816978
 20
-100.4531742874001
 30
0.0
 10
-39.53340898626324
 20
-100.8259918033652
 30
0.0
 10
-39.31043485928029
 20
-101.2161735134103
 30
0.0
 10
-39.11126129747323
 20
-101.6274828041386
 30
0.0
 10
-38.93616005718577
 20
-102.0559935272054
 30
0.0
 10
-38.79004662042171
 20
-102.5043294738364
 30
0.0
 10
-38.67362938978669
 20
-102.9697728158228
 30
0.0
 10
-38.57597020081008
 20
-103.4514055486069
 30
0.0
 10
-38.51386418247352
 20
-103.9523144673319
 30
0.0
 10
-38.46914705399696
 20
-104.4699465119086
 30
0.0
 10
-38.46589714560444
 20
-104.8217257129699
 30
0.0
 10
-38.464251695383
 20
-104.9998338607594
 30
0.0
  0
SPLINE
  5
63B
330
1F
100
AcDbEntity
  8
0
  6
Continuous
 62
     7
370
    15
100
AcDbSpline
210
0.0
220
0.0
230
1.0
 70
     8
 71
     3
 72
    15
 73
    11
 74
     0
 42
0.000000001
 43
0.00000001
 40
0.0
 40
0.0
 40
0.0
 40
0.0
 40
0.1518254802351348
 40
0.2932776382092213
 40
0.4248057250222286
 40
0.5469685275609778
 40
0.663212110882369
 40
0.7767610141569672
 40
0.8885079451055186
 40
1.0
 40
1.0
 40
1.0
 40
1.0
 10
94.06618343119919
 20
65.82499999999997
 30
0.0
 10
94.27592195121173
 20
65.82237149144859
 30
0.0
 10
94.68106881915193
 20
65.81729406453205
 30
0.0
 10
95.26650996532175
 20
65.77238513929764
 30
0.0
 10
95.80787246177162
 20
65.70003748863361
 30
0.0
 10
96.30841871411648
 20
65.59526661959175
 30
0.0
 10
96.77659163273546
 20
65.46223530815432
 30
0.0
 10
97.21718500154165
 20
65.29211619222578
 30
0.0
 10
97.63626474148803
 20
65.08804668052811
 30
0.0
 10
97.89673687842777
 20
64.9226403747491
 30
0.0
 10
98.02682425398403
 20
64.84003164556962
 30
0.0
  0
SPLINE
  5
63C
330
1F
100
AcDbEntity
  8
0
  6
Continuous
 62
     7
370
    15
100
AcDbSpline
210
0.0
220
0.0
230
1.0
 70
     8
 71
     3
 72
    15
 73
    11
 74
     0
 42
0.000000001
 43
0.00000001
 40
0.0
 40
0.0
 40
0.0
 40
0.0
 40
0.1142949816845346
 40
0.2277200269733251
 40
0.3377931698498389
 40
0.4491414925689041
 40
0.5674982070384933
 40
0.6971304150384833
 40
0.8414417140399361
 40
1.0
 40
1.0
 40
1.0
 40
1.0
 10
-22.80914736530085
 20
82.84170886075947
 30
0.0
 10
-22.7524577386839
 20
82.89078802499377
 30
0.0
 10
-22.63950996869386
 20
82.98857279593072
 30
0.0
 10
-22.49510589177606
 20
83.15757721184237
 30
0.0
 10
-22.37501621846405
 20
83.34177910406179
 30
0.0
 10
-22.27484030075826
 20
83.54121055168736
 30
0.0
 10
-22.19656174624296
 20
83.76412750676465
 30
0.0
 10
-22.14518680111776
 20
84.01658247270433
 30
0.0
 10
-22.11262334229698
 20
84.29853357682325
 30
0.0
 10
-22.10829062793543
 20
84.49706800332298
 30
0.0
 10
-22.10602236530084
 20
84.6010047468354
 30
0.0
  0
SPLINE
  5
63D
330
1F
100
AcDbEntity
  8
0
  6
Continuous
 62
     7
370
    15
100
AcDbSpline
210
0.0
220
0.0
230
1.0
 70
     8
 71
     3
 72
    15
 73
    11
 74
     0
 42
0.000000001
 43
0.00000001
 40
0.0
 40
0.0
 40
0.0
 40
0.0
 40
0.1142949816845346
 40
0.2277200269733239
 40
0.3377931698498378
 40
0.4491414925689038
 40
0.5674982070384932
 40
0.6971304150384832
 40
0.841441714039936
 40
1.0
 40
1.0
 40
1.0
 40
1.0
 10
47.12429343173514
 20
82.84170886075947
 30
0.0
 10
47.1809830583521
 20
82.8907880249938
 30
0.0
 10
47.29393082834212
 20
82.98857279593076
 30
0.0
 10
47.43833490525992
 20
83.15757721184235
 30
0.0
 10
47.55842457857196
 20
83.3417791040618
 30
0.0
 10
47.65860049627775
 20
83.54121055168739
 30
0.0
 10
47.73687905079303
 20
83.76412750676465
 30
0.0
 10
47.78825399591822
 20
84.01658247270431
 30
0.0
 10
47.82081745473901
 20
84.29853357682325
 30
0.0
 10
47.82515016910057
 20
84.49706800332298
 30
0.0
 10
47.82741843173515
 20
84.6010047468354
 30
0.0
  0
SPLINE
  5
63E
330
1F
100
AcDbEntity
  8
0
  6
Continuous
 62
     7
370
    15
100
AcDbSpline
210
0.0
220
0.0
230
1.0
 70
     8
 71
     3
 72
    15
 73
    11
 74
     0
 42
0.000000001
 43
0.00000001
 40
0.0
 40
0.0
 40
0.0
 40
0.0
 40
0.1349877525795667
 40
0.2659805103409599
 40
0.3925973920398945
 40
0.5155811632153666
 40
0.6358170896220636
 40
0.7561605515822682
 40
0.8767590261832392
 40
1.0
 40
1.0
 40
1.0
 40
1.0
 10
45.57477404134522
 20
112.485
 30
0.0
 10
45.83194634267931
 20
112.4830521785624
 30
0.0
 10
46.33867986959005
 20
112.4792141819286
 30
0.0
 10
47.08574309031232
 20
112.439029503561
 30
0.0
 10
47.80820183560233
 20
112.3771224947454
 30
0.0
 10
48.50787296860157
 20
112.2923849457915
 30
0.0
 10
49.18870127870847
 20
112.159415199827
 30
0.0
 10
49.84604460000591
 20
111.9511854473953
 30
0.0
 10
50.4810588143694
 20
111.6671934132739
 30
0.0
 10
50.87964852999782
 20
111.428055956063
 30
0.0
 10
51.08110315526928
 20
111.3071914556962
 30
0.0
  0
SPLINE
  5
63F
330
1F
100
AcDbEntity
  8
0
  6
Continuous
 62
     7
370
    15
100
AcDbSpline
210
0.0
220
0.0
230
1.0
 70
     8
 71
     3
 72
    15
 73
    11
 74
     0
 42
0.000000001
 43
0.00000001
 40
0.0
 40
0.0
 40
0.0
 40
0.0
 40
0.1349877525795667
 40
0.26598051034096
 40
0.3925973920398945
 40
0.5155811632153667
 40
0.6358170896220643
 40
0.7561605515822681
 40
0.8767590261832392
 40
1.0
 40
1.0
 40
1.0
 40
1.0
 10
-47.1390934675349
 20
-97.48499999999994
 30
0.0
 10
-46.88192116620083
 20
-97.48694782143754
 30
0.0
 10
-46.37518763929011
 20
-97.49078581807142
 30
0.0
 10
-45.62812441856781
 20
-97.53097049643887
 30
0.0
 10
-44.90566567327781
 20
-97.59287750525456
 30
0.0
 10
-44.20599454027852
 20
-97.67761505420839
 30
0.0
 10
-43.52516623017165
 20
-97.81058480017286
 30
0.0
 10
-42.86782290887422
 20
-98.01881455260471
 30
0.0
 10
-42.23280869451074
 20
-98.30280658672604
 30
0.0
 10
-41.83421897888231
 20
-98.54194404393692
 30
0.0
 10
-41.63276435361086
 20
-98.66280854430376
 30
0.0
  0
SPLINE
  5
640
330
1F
100
AcDbEntity
  8
0
  6
Continuous
 62
     7
370
    15
100
AcDbSpline
210
0.0
220
0.0
230
1.0
 70
     8
 71
     3
 72
    15
 73
    11
 74
     0
 42
0.000000001
 43
0.00000001
 40
0.0
 40
0.0
 40
0.0
 40
0.0
 40
0.1399701610859522
 40
0.2711410552378005
 40
0.3961193563420753
 40
0.5148010966715902
 40
0.630430906082578
 40
0.7481685669121008
 40
0.8688869395207887
 40
1.0
 40
1.0
 40
1.0
 40
1.0
 10
47.82741843173515
 20
84.60100474683541
 30
0.0
 10
47.8259472422282
 20
84.69516948809958
 30
0.0
 10
47.82309734999207
 20
84.87757927540335
 30
0.0
 10
47.77807257493981
 20
85.14049989051452
 30
0.0
 10
47.71676164234339
 20
85.38546180687382
 30
0.0
 10
47.61884788479765
 20
85.60694231718907
 30
0.0
 10
47.49827930768189
 20
85.81175973777461
 30
0.0
 10
47.33481405683073
 20
85.98674203777512
 30
0.0
 10
47.13735632498892
 20
86.13939968982994
 30
0.0
 10
46.98634258452819
 20
86.21638310301086
 30
0.0
 10
46.90771906464653
 20
86.25646360759491
 30
0.0
  0
SPLINE
  5
641
330
1F
100
AcDbEntity
  8
0
  6
Continuous
 62
     7
370
    15
100
AcDbSpline
210
0.0
220
0.0
230
1.0
 70
     8
 71
     3
 72
    15
 73
    11
 74
     0
 42
0.000000001
 43
0.00000001
 40
0.0
 40
0.0
 40
0.0
 40
0.0
 40
0.1518254802351348
 40
0.2932776382092213
 40
0.4248057250222286
 40
0.5469685275609778
 40
0.663212110882369
 40
0.7767610141569672
 40
0.8885079451055186
 40
1.0
 40
1.0
 40
1.0
 40
1.0
 10
70.73618343119921
 20
-97.48499999999994
 30
0.0
 10
70.94592195121176
 20
-97.48762850855132
 30
0.0
 10
71.35106881915195
 20
-97.49270593546784
 30
0.0
 10
71.93650996532175
 20
-97.53761486070232
 30
0.0
 10
72.47787246177163
 20
-97.6099625113663
 30
0.0
 10
72.9784187141165
 20
-97.71473338040818
 30
0.0
 10
73.44659163273545
 20
-97.84776469184565
 30
0.0
 10
73.88718500154165
 20
-98.0178838077742
 30
0.0
 10
74.30626474148805
 20
-98.22195331947182
 30
0.0
 10
74.56673687842779
 20
-98.38735962525087
 30
0.0
 10
74.69682425398403
 20
-98.46996835443034
 30
0.0
  0
SPLINE
  5
642
330
1F
100
AcDbEntity
  8
0
  6
Continuous
 62
     7
370
    15
100
AcDbSpline
210
0.0
220
0.0
230
1.0
 70
     8
 71
     3
 72
    15
 73
    11
 74
     0
 42
0.000000001
 43
0.00000001
 40
0.0
 40
0.0
 40
0.0
 40
0.0
 40
0.1162121288981359
 40
0.231799484230961
 40
0.3478816446082075
 40
0.4672338002659477
 40
0.5907044936288243
 40
0.7188325474641529
 40
0.8549165022066592
 40
1.0
 40
1.0
 40
1.0
 40
1.0
 10
98.02682425398402
 20
64.84003164556961
 30
0.0
 10
98.16352666813357
 20
64.74302166452627
 30
0.0
 10
98.43619656406823
 20
64.54952324242254
 30
0.0
 10
98.78813696733455
 20
64.18997523434027
 30
0.0
 10
99.09911320290733
 20
63.78998219833306
 30
0.0
 10
99.35277116612703
 20
63.33785796229005
 30
0.0
 10
99.55957527669463
 20
62.8439930658792
 30
0.0
 10
99.70425735582889
 20
62.30332884773793
 30
0.0
 10
99.79044286608323
 20
61.71880601806709
 30
0.0
 10
99.80129025190108
 20
61.31383310349503
 30
0.0
 10
99.80688754512326
 20
61.10486550632911
 30
0.0
  0
LINE
  5
643
330
1F
100
AcDbEntity
  8
0
  6
Continuous
 62
     7
370
    15
100
AcDbLine
 10
-91.4212658228
 20
-53.6731012658
 30
0.0
 11
-91.4212658228
 21
-65.825
 31
0.0
  0
LINE
  5
644
330
1F
100
AcDbEntity
  8
0
  6
Continuous
 62
     7
370
    15
100
AcDbLine
 10
-87.0541772152
 20
-53.6731012658
 30
0.0
 11
-91.4212658228
 21
-53.6731012658
 31
0.0
  0
LINE
  5
645
330
1F
100
AcDbEntity
  8
0
  6
Continuous
 62
     7
370
    15
100
AcDbLine
 10
-87.0541772152
 20
-50.825
 30
0.0
 11
-87.0541772152
 21
-53.6731012658
 31
0.0
  0
LINE
  5
646
330
1F
100
AcDbEntity
  8
0
  6
Continuous
 62
     7
370
    15
100
AcDbLine
 10
-99.5858227848
 20
-50.825
 30
0.0
 11
-87.0541772152
 21
-50.825
 31
0.0
  0
LINE
  5
647
330
1F
100
AcDbEntity
  8
0
  6
Continuous
 62
     7
370
    15
100
AcDbLine
 10
-99.5858227848
 20
-53.6731012658
 30
0.0
 11
-99.5858227848
 21
-50.825
 31
0.0
  0
LINE
  5
648
330
1F
100
AcDbEntity
  8
0
  6
Continuous
 62
     7
370
    15
100
AcDbLine
 10
-95.2187341772
 20
-53.6731012658
 30
0.0
 11
-99.5858227848
 21
-53.6731012658
 31
0.0
  0
LINE
  5
649
330
1F
100
AcDbEntity
  8
0
  6
Continuous
 62
     7
370
    15
100
AcDbLine
 10
-95.2187341772
 20
-65.825
 30
0.0
 11
-95.2187341772
 21
-53.6731012658
 31
0.0
  0
LINE
  5
64A
330
1F
100
AcDbEntity
  8
0
  6
Continuous
 62
     7
370
    15
100
AcDbLine
 10
-91.4212658228
 20
-65.825
 30
0.0
 11
-95.2187341772
 21
-65.825
 31
0.0
  0
LINE
  5
64B
330
1F
100
AcDbEntity
  8
0
  6
Continuous
 62
     7
370
    15
100
AcDbLine
 10
123.7004377604
 20
-27.495
 30
0.0
 11
118.7963633933
 21
-34.7784256329
 31
0.0
  0
LINE
  5
64C
330
1F
100
AcDbEntity
  8
0
  6
Continuous
 62
     7
370
    15
100
AcDbLine
 10
119.5558570642
 20
-27.495
 30
0.0
 11
123.7004377604
 21
-27.495
 31
0.0
  0
LINE
  5
64D
330
1F
100
AcDbEntity
  8
0
  6
Continuous
 62
     7
370
    15
100
AcDbLine
 10
116.7433570642
 20
-32.0163607595
 30
0.0
 11
119.5558570642
 21
-27.495
 31
0.0
  0
LINE
  5
64E
330
1F
100
AcDbEntity
  8
0
  6
Continuous
 62
     7
370
    15
100
AcDbLine
 10
113.9842589629
 20
-27.495
 30
0.0
 11
116.7433570642
 21
-32.0163607595
 31
0.0
  0
LINE
  5
64F
330
1F
100
AcDbEntity
  8
0
  6
Continuous
 62
     7
370
    15
100
AcDbLine
 10
109.649804849
 20
-27.495
 30
0.0
 11
113.9842589629
 21
-27.495
 31
0.0
  0
LINE
  5
650
330
1F
100
AcDbEntity
  8
0
  6
Continuous
 62
     7
370
    15
100
AcDbLine
 10
114.5538792161
 20
-34.9267642405
 30
0.0
 11
109.649804849
 21
-27.495
 31
0.0
  0
LINE
  5
651
330
1F
100
AcDbEntity
  8
0
  6
Continuous
 62
     7
370
    15
100
AcDbLine
 10
109.4599314313
 20
-42.495
 30
0.0
 11
114.5538792161
 21
-34.9267642405
 31
0.0
  0
LINE
  5
652
330
1F
100
AcDbEntity
  8
0
  6
Continuous
 62
     7
370
    15
100
AcDbLine
 10
113.6045121275
 20
-42.495
 30
0.0
 11
109.4599314313
 21
-42.495
 31
0.0
  0
LINE
  5
653
330
1F
100
AcDbEntity
  8
0
  6
Continuous
 62
     7
370
    15
100
AcDbLine
 10
116.6068855452
 20
-37.6917958861
 30
0.0
 11
113.6045121275
 21
-42.495
 31
0.0
  0
LINE
  5
654
330
1F
100
AcDbEntity
  8
0
  6
Continuous
 62
     7
370
    15
100
AcDbLine
 10
119.5528902921
 20
-42.495
 30
0.0
 11
116.6068855452
 21
-37.6917958861
 31
0.0
  0
LINE
  5
655
330
1F
100
AcDbEntity
  8
0
  6
Continuous
 62
     7
370
    15
100
AcDbLine
 10
123.8903111781
 20
-42.495
 30
0.0
 11
119.5528902921
 21
-42.495
 31
0.0
  0
LINE
  5
656
330
1F
100
AcDbEntity
  8
0
  6
Continuous
 62
     7
370
    15
100
AcDbLine
 10
118.7963633933
 20
-34.7784256329
 30
0.0
 11
123.8903111781
 21
-42.495
 31
0.0
  0
LINE
  5
657
330
1F
100
AcDbEntity
  8
0
  6
Continuous
 62
     7
370
    15
100
AcDbLine
 10
64.0013018916
 20
-27.495
 30
0.0
 11
68.61759936
 21
-27.495
 31
0.0
  0
LINE
  5
658
330
1F
100
AcDbEntity
  8
0
  6
Continuous
 62
     7
370
    15
100
AcDbLine
 10
64.0013018916
 20
-38.6468987342
 30
0.0
 11
64.0013018916
 21
-27.495
 31
0.0
  0
LINE
  5
659
330
1F
100
AcDbEntity
  8
0
  6
Continuous
 62
     7
370
    15
100
AcDbLine
 10
67.7987702461
 20
-38.6468987342
 30
0.0
 11
64.0013018916
 21
-38.6468987342
 31
0.0
  0
LINE
  5
65A
330
1F
100
AcDbEntity
  8
0
  6
Continuous
 62
     7
370
    15
100
AcDbLine
 10
67.7987702461
 20
-30.3431012658
 30
0.0
 11
67.7987702461
 21
-38.6468987342
 31
0.0
  0
LINE
  5
65B
330
1F
100
AcDbEntity
  8
0
  6
Continuous
 62
     7
370
    15
100
AcDbLine
 10
67.8670060056
 20
-30.3431012658
 30
0.0
 11
67.7987702461
 21
-30.3431012658
 31
0.0
  0
LINE
  5
65C
330
1F
100
AcDbEntity
  8
0
  6
Continuous
 62
     7
370
    15
100
AcDbLine
 10
64.0013018916
 20
-39.6468987342
 30
0.0
 11
67.8670060056
 21
-39.6468987342
 31
0.0
  0
LINE
  5
65D
330
1F
100
AcDbEntity
  8
0
  6
Continuous
 62
     7
370
    15
100
AcDbLine
 10
64.0013018916
 20
-42.495
 30
0.0
 11
64.0013018916
 21
-39.6468987342
 31
0.0
  0
LINE
  5
65E
330
1F
100
AcDbEntity
  8
0
  6
Continuous
 62
     7
370
    15
100
AcDbLine
 10
68.6591341701
 20
-42.495
 30
0.0
 11
64.0013018916
 21
-42.495
 31
0.0
  0
LINE
  5
65F
330
1F
100
AcDbEntity
  8
0
  6
Continuous
 62
     7
370
    15
100
AcDbLine
 10
22.0320774185
 20
-39.6468987342
 30
0.0
 11
28.2979002034
 21
-39.6468987342
 31
0.0
  0
LINE
  5
660
330
1F
100
AcDbEntity
  8
0
  6
Continuous
 62
     7
370
    15
100
AcDbLine
 10
22.0320774185
 20
-27.495
 30
0.0
 11
22.0320774185
 21
-39.6468987342
 31
0.0
  0
LINE
  5
661
330
1F
100
AcDbEntity
  8
0
  6
Continuous
 62
     7
370
    15
100
AcDbLine
 10
18.2346090641
 20
-27.495
 30
0.0
 11
22.0320774185
 21
-27.495
 31
0.0
  0
LINE
  5
662
330
1F
100
AcDbEntity
  8
0
  6
Continuous
 62
     7
370
    15
100
AcDbLine
 10
18.2346090641
 20
-42.495
 30
0.0
 11
18.2346090641
 21
-27.495
 31
0.0
  0
LINE
  5
663
330
1F
100
AcDbEntity
  8
0
  6
Continuous
 62
     7
370
    15
100
AcDbLine
 10
28.2979002034
 20
-42.495
 30
0.0
 11
18.2346090641
 21
-42.495
 31
0.0
  0
LINE
  5
664
330
1F
100
AcDbEntity
  8
0
  6
Continuous
 62
     7
370
    15
100
AcDbLine
 10
28.2979002034
 20
-39.6468987342
 30
0.0
 11
28.2979002034
 21
-42.495
 31
0.0
  0
LINE
  5
665
330
1F
100
AcDbEntity
  8
0
  6
Continuous
 62
     7
370
    15
100
AcDbLine
 10
64.8946090641
 20
-50.825
 30
0.0
 11
70.7361834312
 21
-50.825
 31
0.0
  0
LINE
  5
666
330
1F
100
AcDbEntity
  8
0
  6
Continuous
 62
     7
370
    15
100
AcDbLine
 10
64.8946090641
 20
-53.6731012658
 30
0.0
 11
64.8946090641
 21
-50.825
 31
0.0
  0
LINE
  5
667
330
1F
100
AcDbEntity
  8
0
  6
Continuous
 62
     7
370
    15
100
AcDbLine
 10
69.2379634945
 20
-53.6731012658
 30
0.0
 11
64.8946090641
 21
-53.6731012658
 31
0.0
  0
LINE
  5
668
330
1F
100
AcDbEntity
  8
0
  6
Continuous
 62
     7
370
    15
100
AcDbLine
 10
64.8946090641
 20
-58.0401898734
 30
0.0
 11
68.9590869122
 21
-58.0401898734
 31
0.0
  0
LINE
  5
669
330
1F
100
AcDbEntity
  8
0
  6
Continuous
 62
     7
370
    15
100
AcDbLine
 10
64.8946090641
 20
-65.825
 30
0.0
 11
64.8946090641
 21
-58.0401898734
 31
0.0
  0
LINE
  5
66A
330
1F
100
AcDbEntity
  8
0
  6
Continuous
 62
     7
370
    15
100
AcDbLine
 10
68.6920774185
 20
-65.825
 30
0.0
 11
64.8946090641
 21
-65.825
 31
0.0
  0
LINE
  5
66B
330
1F
100
AcDbEntity
  8
0
  6
Continuous
 62
     7
370
    15
100
AcDbLine
 10
68.6920774185
 20
-60.8882911392
 30
0.0
 11
68.6920774185
 21
-65.825
 31
0.0
  0
LINE
  5
66C
330
1F
100
AcDbEntity
  8
0
  6
Continuous
 62
     7
370
    15
100
AcDbLine
 10
70.6679476717
 20
-60.8882911392
 30
0.0
 11
68.6920774185
 21
-60.8882911392
 31
0.0
  0
LINE
  5
66D
330
1F
100
AcDbEntity
  8
0
  6
Continuous
 62
     7
370
    15
100
AcDbLine
 10
48.5587341772
 20
-53.6731012658
 30
0.0
 11
48.5587341772
 21
-65.825
 31
0.0
  0
LINE
  5
66E
330
1F
100
AcDbEntity
  8
0
  6
Continuous
 62
     7
370
    15
100
AcDbLine
 10
52.9258227848
 20
-53.6731012658
 30
0.0
 11
48.5587341772
 21
-53.6731012658
 31
0.0
  0
LINE
  5
66F
330
1F
100
AcDbEntity
  8
0
  6
Continuous
 62
     7
370
    15
100
AcDbLine
 10
52.9258227848
 20
-50.825
 30
0.0
 11
52.9258227848
 21
-53.6731012658
 31
0.0
  0
LINE
  5
670
330
1F
100
AcDbEntity
  8
0
  6
Continuous
 62
     7
370
    15
100
AcDbLine
 10
40.3941772152
 20
-50.825
 30
0.0
 11
52.9258227848
 21
-50.825
 31
0.0
  0
LINE
  5
671
330
1F
100
AcDbEntity
  8
0
  6
Continuous
 62
     7
370
    15
100
AcDbLine
 10
40.3941772152
 20
-53.6731012658
 30
0.0
 11
40.3941772152
 21
-50.825
 31
0.0
  0
LINE
  5
672
330
1F
100
AcDbEntity
  8
0
  6
Continuous
 62
     7
370
    15
100
AcDbLine
 10
44.7612658228
 20
-53.6731012658
 30
0.0
 11
40.3941772152
 21
-53.6731012658
 31
0.0
  0
LINE
  5
673
330
1F
100
AcDbEntity
  8
0
  6
Continuous
 62
     7
370
    15
100
AcDbLine
 10
44.7612658228
 20
-65.825
 30
0.0
 11
44.7612658228
 21
-53.6731012658
 31
0.0
  0
LINE
  5
674
330
1F
100
AcDbEntity
  8
0
  6
Continuous
 62
     7
370
    15
100
AcDbLine
 10
48.5587341772
 20
-65.825
 30
0.0
 11
44.7612658228
 21
-65.825
 31
0.0
  0
LINE
  5
675
330
1F
100
AcDbEntity
  8
0
  6
Continuous
 62
     7
370
    15
100
AcDbLine
 10
-41.6920997966
 20
-16.3168987342
 30
0.0
 11
-41.6920997966
 21
-19.165
 31
0.0
  0
LINE
  5
676
330
1F
100
AcDbEntity
  8
0
  6
Continuous
 62
     7
370
    15
100
AcDbLine
 10
-47.9579225815
 20
-16.3168987342
 30
0.0
 11
-41.6920997966
 21
-16.3168987342
 31
0.0
  0
LINE
  5
677
330
1F
100
AcDbEntity
  8
0
  6
Continuous
 62
     7
370
    15
100
AcDbLine
 10
-47.9579225815
 20
-12.5194303797
 30
0.0
 11
-47.9579225815
 21
-16.3168987342
 31
0.0
  0
LINE
  5
678
330
1F
100
AcDbEntity
  8
0
  6
Continuous
 62
     7
370
    15
100
AcDbLine
 10
-42.2617200498
 20
-12.5194303797
 30
0.0
 11
-47.9579225815
 21
-12.5194303797
 31
0.0
  0
LINE
  5
679
330
1F
100
AcDbEntity
  8
0
  6
Continuous
 62
     7
370
    15
100
AcDbLine
 10
-42.2617200498
 20
-9.6713291139
 30
0.0
 11
-42.2617200498
 21
-12.5194303797
 31
0.0
  0
LINE
  5
67A
330
1F
100
AcDbEntity
  8
0
  6
Continuous
 62
     7
370
    15
100
AcDbLine
 10
-47.9579225815
 20
-9.6713291139
 30
0.0
 11
-42.2617200498
 21
-9.6713291139
 31
0.0
  0
LINE
  5
67B
330
1F
100
AcDbEntity
  8
0
  6
Continuous
 62
     7
370
    15
100
AcDbLine
 10
-47.9579225815
 20
-7.0131012658
 30
0.0
 11
-47.9579225815
 21
-9.6713291139
 31
0.0
  0
LINE
  5
67C
330
1F
100
AcDbEntity
  8
0
  6
Continuous
 62
     7
370
    15
100
AcDbLine
 10
-41.6920997966
 20
-7.0131012658
 30
0.0
 11
-47.9579225815
 21
-7.0131012658
 31
0.0
  0
LINE
  5
67D
330
1F
100
AcDbEntity
  8
0
  6
Continuous
 62
     7
370
    15
100
AcDbLine
 10
-41.6920997966
 20
-4.165
 30
0.0
 11
-41.6920997966
 21
-7.0131012658
 31
0.0
  0
LINE
  5
67E
330
1F
100
AcDbEntity
  8
0
  6
Continuous
 62
     7
370
    15
100
AcDbLine
 10
-51.7553909359
 20
-4.165
 30
0.0
 11
-41.6920997966
 21
-4.165
 31
0.0
  0
LINE
  5
67F
330
1F
100
AcDbEntity
  8
0
  6
Continuous
 62
     7
370
    15
100
AcDbLine
 10
-51.7553909359
 20
-19.165
 30
0.0
 11
-51.7553909359
 21
-4.165
 31
0.0
  0
LINE
  5
680
330
1F
100
AcDbEntity
  8
0
  6
Continuous
 62
     7
370
    15
100
AcDbLine
 10
-41.6920997966
 20
-19.165
 30
0.0
 11
-51.7553909359
 21
-19.165
 31
0.0
  0
LINE
  5
681
330
1F
100
AcDbEntity
  8
0
  6
Continuous
 62
     7
370
    15
100
AcDbLine
 10
2.5716699897
 20
-4.165
 30
0.0
 11
6.3691383442
 21
-4.165
 31
0.0
  0
LINE
  5
682
330
1F
100
AcDbEntity
  8
0
  6
Continuous
 62
     7
370
    15
100
AcDbLine
 10
2.5716699897
 20
-9.6713291139
 30
0.0
 11
2.5716699897
 21
-4.165
 31
0.0
  0
LINE
  5
683
330
1F
100
AcDbEntity
  8
0
  6
Continuous
 62
     7
370
    15
100
AcDbLine
 10
-2.5549122888
 20
-9.6713291139
 30
0.0
 11
2.5716699897
 21
-9.6713291139
 31
0.0
  0
LINE
  5
684
330
1F
100
AcDbEntity
  8
0
  6
Continuous
 62
     7
370
    15
100
AcDbLine
 10
-2.5549122888
 20
-4.165
 30
0.0
 11
-2.5549122888
 21
-9.6713291139
 31
0.0
  0
LINE
  5
685
330
1F
100
AcDbEntity
  8
0
  6
Continuous
 62
     7
370
    15
100
AcDbLine
 10
-6.3523806432
 20
-4.165
 30
0.0
 11
-2.5549122888
 21
-4.165
 31
0.0
  0
LINE
  5
686
330
1F
100
AcDbEntity
  8
0
  6
Continuous
 62
     7
370
    15
100
AcDbLine
 10
-6.3523806432
 20
-19.165
 30
0.0
 11
-6.3523806432
 21
-4.165
 31
0.0
  0
LINE
  5
687
330
1F
100
AcDbEntity
  8
0
  6
Continuous
 62
     7
370
    15
100
AcDbLine
 10
-2.5549122888
 20
-19.165
 30
0.0
 11
-6.3523806432
 21
-19.165
 31
0.0
  0
LINE
  5
688
330
1F
100
AcDbEntity
  8
0
  6
Continuous
 62
     7
370
    15
100
AcDbLine
 10
-2.5549122888
 20
-12.5194303797
 30
0.0
 11
-2.5549122888
 21
-19.165
 31
0.0
  0
LINE
  5
689
330
1F
100
AcDbEntity
  8
0
  6
Continuous
 62
     7
370
    15
100
AcDbLine
 10
2.5716699897
 20
-12.5194303797
 30
0.0
 11
-2.5549122888
 21
-12.5194303797
 31
0.0
  0
LINE
  5
68A
330
1F
100
AcDbEntity
  8
0
  6
Continuous
 62
     7
370
    15
100
AcDbLine
 10
2.5716699897
 20
-19.165
 30
0.0
 11
2.5716699897
 21
-12.5194303797
 31
0.0
  0
LINE
  5
68B
330
1F
100
AcDbEntity
  8
0
  6
Continuous
 62
     7
370
    15
100
AcDbLine
 10
6.3691383442
 20
-19.165
 30
0.0
 11
2.5716699897
 21
-19.165
 31
0.0
  0
LINE
  5
68C
330
1F
100
AcDbEntity
  8
0
  6
Continuous
 62
     7
370
    15
100
AcDbLine
 10
6.3691383442
 20
-4.165
 30
0.0
 11
6.3691383442
 21
-19.165
 31
0.0
  0
LINE
  5
68D
330
1F
100
AcDbEntity
  8
0
  6
Continuous
 62
     7
370
    15
100
AcDbLine
 10
52.966108683
 20
-4.165
 30
0.0
 11
52.966108683
 21
-13.7773417722
 31
0.0
  0
LINE
  5
68E
330
1F
100
AcDbEntity
  8
0
  6
Continuous
 62
     7
370
    15
100
AcDbLine
 10
49.1686403286
 20
-4.165
 30
0.0
 11
52.966108683
 21
-4.165
 31
0.0
  0
LINE
  5
68F
330
1F
100
AcDbEntity
  8
0
  6
Continuous
 62
     7
370
    15
100
AcDbLine
 10
49.1686403286
 20
-13.5845015823
 30
0.0
 11
49.1686403286
 21
-4.165
 31
0.0
  0
LINE
  5
690
330
1F
100
AcDbEntity
  8
0
  6
Continuous
 62
     7
370
    15
100
AcDbLine
 10
44.2319314678
 20
-4.165
 30
0.0
 11
44.2319314678
 21
-13.5845015823
 31
0.0
  0
LINE
  5
691
330
1F
100
AcDbEntity
  8
0
  6
Continuous
 62
     7
370
    15
100
AcDbLine
 10
40.4344631134
 20
-4.165
 30
0.0
 11
44.2319314678
 21
-4.165
 31
0.0
  0
LINE
  5
692
330
1F
100
AcDbEntity
  8
0
  6
Continuous
 62
     7
370
    15
100
AcDbLine
 10
40.4344631134
 20
-13.7862420886
 30
0.0
 11
40.4344631134
 21
-4.165
 31
0.0
  0
LINE
  5
693
330
1F
100
AcDbEntity
  8
0
  6
Continuous
 62
     7
370
    15
100
AcDbLine
 10
98.2879002034
 20
-16.3168987342
 30
0.0
 11
98.2879002034
 21
-19.165
 31
0.0
  0
LINE
  5
694
330
1F
100
AcDbEntity
  8
0
  6
Continuous
 62
     7
370
    15
100
AcDbLine
 10
92.0220774185
 20
-16.3168987342
 30
0.0
 11
98.2879002034
 21
-16.3168987342
 31
0.0
  0
LINE
  5
695
330
1F
100
AcDbEntity
  8
0
  6
Continuous
 62
     7
370
    15
100
AcDbLine
 10
92.0220774185
 20
-12.5194303797
 30
0.0
 11
92.0220774185
 21
-16.3168987342
 31
0.0
  0
LINE
  5
696
330
1F
100
AcDbEntity
  8
0
  6
Continuous
 62
     7
370
    15
100
AcDbLine
 10
97.7182799502
 20
-12.5194303797
 30
0.0
 11
92.0220774185
 21
-12.5194303797
 31
0.0
  0
LINE
  5
697
330
1F
100
AcDbEntity
  8
0
  6
Continuous
 62
     7
370
    15
100
AcDbLine
 10
97.7182799502
 20
-9.6713291139
 30
0.0
 11
97.7182799502
 21
-12.5194303797
 31
0.0
  0
LINE
  5
698
330
1F
100
AcDbEntity
  8
0
  6
Continuous
 62
     7
370
    15
100
AcDbLine
 10
92.0220774185
 20
-9.6713291139
 30
0.0
 11
97.7182799502
 21
-9.6713291139
 31
0.0
  0
LINE
  5
699
330
1F
100
AcDbEntity
  8
0
  6
Continuous
 62
     7
370
    15
100
AcDbLine
 10
92.0220774185
 20
-7.0131012658
 30
0.0
 11
92.0220774185
 21
-9.6713291139
 31
0.0
  0
LINE
  5
69A
330
1F
100
AcDbEntity
  8
0
  6
Continuous
 62
     7
370
    15
100
AcDbLine
 10
98.2879002034
 20
-7.0131012658
 30
0.0
 11
92.0220774185
 21
-7.0131012658
 31
0.0
  0
LINE
  5
69B
330
1F
100
AcDbEntity
  8
0
  6
Continuous
 62
     7
370
    15
100
AcDbLine
 10
98.2879002034
 20
-4.165
 30
0.0
 11
98.2879002034
 21
-7.0131012658
 31
0.0
  0
LINE
  5
69C
330
1F
100
AcDbEntity
  8
0
  6
Continuous
 62
     7
370
    15
100
AcDbLine
 10
88.2246090641
 20
-4.165
 30
0.0
 11
98.2879002034
 21
-4.165
 31
0.0
  0
LINE
  5
69D
330
1F
100
AcDbEntity
  8
0
  6
Continuous
 62
     7
370
    15
100
AcDbLine
 10
88.2246090641
 20
-19.165
 30
0.0
 11
88.2246090641
 21
-4.165
 31
0.0
  0
LINE
  5
69E
330
1F
100
AcDbEntity
  8
0
  6
Continuous
 62
     7
370
    15
100
AcDbLine
 10
98.2879002034
 20
-19.165
 30
0.0
 11
88.2246090641
 21
-19.165
 31
0.0
  0
LINE
  5
69F
330
1F
100
AcDbEntity
  8
0
  6
Continuous
 62
     7
370
    15
100
AcDbLine
 10
-17.8236708861
 20
-31.4823417722
 30
0.0
 11
-18.1559493671
 21
-31.4823417722
 31
0.0
  0
LINE
  5
6A0
330
1F
100
AcDbEntity
  8
0
  6
Continuous
 62
     7
370
    15
100
AcDbLine
 10
-17.8236708861
 20
-28.1091218354
 30
0.0
 11
-17.8236708861
 21
-31.4823417722
 31
0.0
  0
LINE
  5
6A1
330
1F
100
AcDbEntity
  8
0
  6
Continuous
 62
     7
370
    15
100
AcDbLine
 10
-29.0262025316
 20
-38.1279113924
 30
0.0
 11
-28.6879905063
 21
-38.1279113924
 31
0.0
  0
LINE
  5
6A2
330
1F
100
AcDbEntity
  8
0
  6
Continuous
 62
     7
370
    15
100
AcDbLine
 10
-29.0262025316
 20
-41.7117721519
 30
0.0
 11
-29.0262025316
 21
-38.1279113924
 31
0.0
  0
LINE
  5
6A3
330
1F
100
AcDbEntity
  8
0
  6
Continuous
 62
     7
370
    15
100
AcDbLine
 10
-68.0912658228
 20
-39.8367721519
 30
0.0
 11
-66.0026582278
 21
-39.8367721519
 31
0.0
  0
LINE
  5
6A4
330
1F
100
AcDbEntity
  8
0
  6
Continuous
 62
     7
370
    15
100
AcDbLine
 10
-68.0912658228
 20
-30.1532278481
 30
0.0
 11
-68.0912658228
 21
-39.8367721519
 31
0.0
  0
LINE
  5
6A5
330
1F
100
AcDbEntity
  8
0
  6
Continuous
 62
     7
370
    15
100
AcDbLine
 10
-66.0026582278
 20
-30.1532278481
 30
0.0
 11
-68.0912658228
 21
-30.1532278481
 31
0.0
  0
LINE
  5
6A6
330
1F
100
AcDbEntity
  8
0
  6
Continuous
 62
     7
370
    15
100
AcDbLine
 10
-66.0026582278
 20
-27.495
 30
0.0
 11
-66.0026582278
 21
-30.1532278481
 31
0.0
  0
LINE
  5
6A7
330
1F
100
AcDbEntity
  8
0
  6
Continuous
 62
     7
370
    15
100
AcDbLine
 10
-73.9773417722
 20
-27.495
 30
0.0
 11
-66.0026582278
 21
-27.495
 31
0.0
  0
LINE
  5
6A8
330
1F
100
AcDbEntity
  8
0
  6
Continuous
 62
     7
370
    15
100
AcDbLine
 10
-73.9773417722
 20
-30.1532278481
 30
0.0
 11
-73.9773417722
 21
-27.495
 31
0.0
  0
LINE
  5
6A9
330
1F
100
AcDbEntity
  8
0
  6
Continuous
 62
     7
370
    15
100
AcDbLine
 10
-71.8887341772
 20
-30.1532278481
 30
0.0
 11
-73.9773417722
 21
-30.1532278481
 31
0.0
  0
LINE
  5
6AA
330
1F
100
AcDbEntity
  8
0
  6
Continuous
 62
     7
370
    15
100
AcDbLine
 10
-71.8887341772
 20
-39.8367721519
 30
0.0
 11
-71.8887341772
 21
-30.1532278481
 31
0.0
  0
LINE
  5
6AB
330
1F
100
AcDbEntity
  8
0
  6
Continuous
 62
     7
370
    15
100
AcDbLine
 10
-73.9773417722
 20
-39.8367721519
 30
0.0
 11
-71.8887341772
 21
-39.8367721519
 31
0.0
  0
LINE
  5
6AC
330
1F
100
AcDbEntity
  8
0
  6
Continuous
 62
     7
370
    15
100
AcDbLine
 10
-73.9773417722
 20
-42.495
 30
0.0
 11
-73.9773417722
 21
-39.8367721519
 31
0.0
  0
LINE
  5
6AD
330
1F
100
AcDbEntity
  8
0
  6
Continuous
 62
     7
370
    15
100
AcDbLine
 10
-66.0026582278
 20
-42.495
 30
0.0
 11
-73.9773417722
 21
-42.495
 31
0.0
  0
LINE
  5
6AE
330
1F
100
AcDbEntity
  8
0
  6
Continuous
 62
     7
370
    15
100
AcDbLine
 10
-66.0026582278
 20
-39.8367721519
 30
0.0
 11
-66.0026582278
 21
-42.495
 31
0.0
  0
LINE
  5
6AF
330
1F
100
AcDbEntity
  8
0
  6
Continuous
 62
     7
370
    15
100
AcDbLine
 10
-113.4626944887
 20
-27.495
 30
0.0
 11
-109.0896723368
 21
-27.495
 31
0.0
  0
LINE
  5
6B0
330
1F
100
AcDbEntity
  8
0
  6
Continuous
 62
     7
370
    15
100
AcDbLine
 10
-116.6757087293
 20
-34.8466613924
 30
0.0
 11
-113.4626944887
 21
-27.495
 31
0.0
  0
LINE
  5
6B1
330
1F
100
AcDbEntity
  8
0
  6
Continuous
 62
     7
370
    15
100
AcDbLine
 10
-119.9005900584
 20
-27.495
 30
0.0
 11
-116.6757087293
 21
-34.8466613924
 31
0.0
  0
LINE
  5
6B2
330
1F
100
AcDbEntity
  8
0
  6
Continuous
 62
     7
370
    15
100
AcDbLine
 10
-124.2795457546
 20
-27.495
 30
0.0
 11
-119.9005900584
 21
-27.495
 31
0.0
  0
LINE
  5
6B3
330
1F
100
AcDbEntity
  8
0
  6
Continuous
 62
     7
370
    15
100
AcDbLine
 10
-124.2795457546
 20
-42.495
 30
0.0
 11
-124.2795457546
 21
-27.495
 31
0.0
  0
LINE
  5
6B4
330
1F
100
AcDbEntity
  8
0
  6
Continuous
 62
     7
370
    15
100
AcDbLine
 10
-120.6719508179
 20
-42.495
 30
0.0
 11
-124.2795457546
 21
-42.495
 31
0.0
  0
LINE
  5
6B5
330
1F
100
AcDbEntity
  8
0
  6
Continuous
 62
     7
370
    15
100
AcDbLine
 10
-120.6719508179
 20
-32.514778481
 30
0.0
 11
-120.6719508179
 21
-42.495
 31
0.0
  0
LINE
  5
6B6
330
1F
100
AcDbEntity
  8
0
  6
Continuous
 62
     7
370
    15
100
AcDbLine
 10
-118.0255900584
 20
-38.8874050633
 30
0.0
 11
-120.6719508179
 21
-32.514778481
 31
0.0
  0
LINE
  5
6B7
330
1F
100
AcDbEntity
  8
0
  6
Continuous
 62
     7
370
    15
100
AcDbLine
 10
-115.5335014508
 20
-38.8874050633
 30
0.0
 11
-118.0255900584
 21
-38.8874050633
 31
0.0
  0
LINE
  5
6B8
330
1F
100
AcDbEntity
  8
0
  6
Continuous
 62
     7
370
    15
100
AcDbLine
 10
-112.8871406913
 20
-32.514778481
 30
0.0
 11
-115.5335014508
 21
-38.8874050633
 31
0.0
  0
LINE
  5
6B9
330
1F
100
AcDbEntity
  8
0
  6
Continuous
 62
     7
370
    15
100
AcDbLine
 10
-112.8871406913
 20
-42.495
 30
0.0
 11
-112.8871406913
 21
-32.514778481
 31
0.0
  0
LINE
  5
6BA
330
1F
100
AcDbEntity
  8
0
  6
Continuous
 62
     7
370
    15
100
AcDbLine
 10
-109.0896723368
 20
-42.495
 30
0.0
 11
-112.8871406913
 21
-42.495
 31
0.0
  0
LINE
  5
6BB
330
1F
100
AcDbEntity
  8
0
  6
Continuous
 62
     7
370
    15
100
AcDbLine
 10
-109.0896723368
 20
-27.495
 30
0.0
 11
-109.0896723368
 21
-42.495
 31
0.0
  0
LINE
  5
6BC
330
1F
100
AcDbEntity
  8
0
  6
Continuous
 62
     7
370
    15
100
AcDbLine
 10
-91.4212658228
 20
-100.3331012658
 30
0.0
 11
-91.4212658228
 21
-112.485
 31
0.0
  0
LINE
  5
6BD
330
1F
100
AcDbEntity
  8
0
  6
Continuous
 62
     7
370
    15
100
AcDbLine
 10
-87.0541772152
 20
-100.3331012658
 30
0.0
 11
-91.4212658228
 21
-100.3331012658
 31
0.0
  0
LINE
  5
6BE
330
1F
100
AcDbEntity
  8
0
  6
Continuous
 62
     7
370
    15
100
AcDbLine
 10
-87.0541772152
 20
-97.485
 30
0.0
 11
-87.0541772152
 21
-100.3331012658
 31
0.0
  0
LINE
  5
6BF
330
1F
100
AcDbEntity
  8
0
  6
Continuous
 62
     7
370
    15
100
AcDbLine
 10
-99.5858227848
 20
-97.485
 30
0.0
 11
-87.0541772152
 21
-97.485
 31
0.0
  0
LINE
  5
6C0
330
1F
100
AcDbEntity
  8
0
  6
Continuous
 62
     7
370
    15
100
AcDbLine
 10
-99.5858227848
 20
-100.3331012658
 30
0.0
 11
-99.5858227848
 21
-97.485
 31
0.0
  0
LINE
  5
6C1
330
1F
100
AcDbEntity
  8
0
  6
Continuous
 62
     7
370
    15
100
AcDbLine
 10
-95.2187341772
 20
-100.3331012658
 30
0.0
 11
-99.5858227848
 21
-100.3331012658
 31
0.0
  0
LINE
  5
6C2
330
1F
100
AcDbEntity
  8
0
  6
Continuous
 62
     7
370
    15
100
AcDbLine
 10
-95.2187341772
 20
-112.485
 30
0.0
 11
-95.2187341772
 21
-100.3331012658
 31
0.0
  0
LINE
  5
6C3
330
1F
100
AcDbEntity
  8
0
  6
Continuous
 62
     7
370
    15
100
AcDbLine
 10
-91.4212658228
 20
-112.485
 30
0.0
 11
-95.2187341772
 21
-112.485
 31
0.0
  0
LINE
  5
6C4
330
1F
100
AcDbEntity
  8
0
  6
Continuous
 62
     7
370
    15
100
AcDbLine
 10
-51.7553909359
 20
-97.485
 30
0.0
 11
-47.1390934675
 21
-97.485
 31
0.0
  0
LINE
  5
6C5
330
1F
100
AcDbEntity
  8
0
  6
Continuous
 62
     7
370
    15
100
AcDbLine
 10
-51.7553909359
 20
-108.6368987342
 30
0.0
 11
-51.7553909359
 21
-97.485
 31
0.0
  0
LINE
  5
6C6
330
1F
100
AcDbEntity
  8
0
  6
Continuous
 62
     7
370
    15
100
AcDbLine
 10
-47.9579225815
 20
-108.6368987342
 30
0.0
 11
-51.7553909359
 21
-108.6368987342
 31
0.0
  0
LINE
  5
6C7
330
1F
100
AcDbEntity
  8
0
  6
Continuous
 62
     7
370
    15
100
AcDbLine
 10
-47.9579225815
 20
-100.3331012658
 30
0.0
 11
-47.9579225815
 21
-108.6368987342
 31
0.0
  0
LINE
  5
6C8
330
1F
100
AcDbEntity
  8
0
  6
Continuous
 62
     7
370
    15
100
AcDbLine
 10
-47.889686822
 20
-100.3331012658
 30
0.0
 11
-47.9579225815
 21
-100.3331012658
 31
0.0
  0
LINE
  5
6C9
330
1F
100
AcDbEntity
  8
0
  6
Continuous
 62
     7
370
    15
100
AcDbLine
 10
-51.7553909359
 20
-109.6368987342
 30
0.0
 11
-47.889686822
 21
-109.6368987342
 31
0.0
  0
LINE
  5
6CA
330
1F
100
AcDbEntity
  8
0
  6
Continuous
 62
     7
370
    15
100
AcDbLine
 10
-51.7553909359
 20
-112.485
 30
0.0
 11
-51.7553909359
 21
-109.6368987342
 31
0.0
  0
LINE
  5
6CB
330
1F
100
AcDbEntity
  8
0
  6
Continuous
 62
     7
370
    15
100
AcDbLine
 10
-47.0975586574
 20
-112.485
 30
0.0
 11
-51.7553909359
 21
-112.485
 31
0.0
  0
LINE
  5
6CC
330
1F
100
AcDbEntity
  8
0
  6
Continuous
 62
     7
370
    15
100
AcDbLine
 10
3.203018237
 20
-97.485
 30
0.0
 11
7.5760403889
 21
-97.485
 31
0.0
  0
LINE
  5
6CD
330
1F
100
AcDbEntity
  8
0
  6
Continuous
 62
     7
370
    15
100
AcDbLine
 10
-0.0099960035
 20
-104.8366613924
 30
0.0
 11
3.203018237
 21
-97.485
 31
0.0
  0
LINE
  5
6CE
330
1F
100
AcDbEntity
  8
0
  6
Continuous
 62
     7
370
    15
100
AcDbLine
 10
-3.2348773326
 20
-97.485
 30
0.0
 11
-0.0099960035
 21
-104.8366613924
 31
0.0
  0
LINE
  5
6CF
330
1F
100
AcDbEntity
  8
0
  6
Continuous
 62
     7
370
    15
100
AcDbLine
 10
-7.6138330288
 20
-97.485
 30
0.0
 11
-3.2348773326
 21
-97.485
 31
0.0
  0
LINE
  5
6D0
330
1F
100
AcDbEntity
  8
0
  6
Continuous
 62
     7
370
    15
100
AcDbLine
 10
-7.6138330288
 20
-112.485
 30
0.0
 11
-7.6138330288
 21
-97.485
 31
0.0
  0
LINE
  5
6D1
330
1F
100
AcDbEntity
  8
0
  6
Continuous
 62
     7
370
    15
100
AcDbLine
 10
-4.0062380921
 20
-112.485
 30
0.0
 11
-7.6138330288
 21
-112.485
 31
0.0
  0
LINE
  5
6D2
330
1F
100
AcDbEntity
  8
0
  6
Continuous
 62
     7
370
    15
100
AcDbLine
 10
-4.0062380921
 20
-102.504778481
 30
0.0
 11
-4.0062380921
 21
-112.485
 31
0.0
  0
LINE
  5
6D3
330
1F
100
AcDbEntity
  8
0
  6
Continuous
 62
     7
370
    15
100
AcDbLine
 10
-1.3598773326
 20
-108.8774050633
 30
0.0
 11
-4.0062380921
 21
-102.504778481
 31
0.0
  0
LINE
  5
6D4
330
1F
100
AcDbEntity
  8
0
  6
Continuous
 62
     7
370
    15
100
AcDbLine
 10
1.132211275
 20
-108.8774050633
 30
0.0
 11
-1.3598773326
 21
-108.8774050633
 31
0.0
  0
LINE
  5
6D5
330
1F
100
AcDbEntity
  8
0
  6
Continuous
 62
     7
370
    15
100
AcDbLine
 10
3.7785720345
 20
-102.504778481
 30
0.0
 11
1.132211275
 21
-108.8774050633
 31
0.0
  0
LINE
  5
6D6
330
1F
100
AcDbEntity
  8
0
  6
Continuous
 62
     7
370
    15
100
AcDbLine
 10
3.7785720345
 20
-112.485
 30
0.0
 11
3.7785720345
 21
-102.504778481
 31
0.0
  0
LINE
  5
6D7
330
1F
100
AcDbEntity
  8
0
  6
Continuous
 62
     7
370
    15
100
AcDbLine
 10
7.5760403889
 20
-112.485
 30
0.0
 11
3.7785720345
 21
-112.485
 31
0.0
  0
LINE
  5
6D8
330
1F
100
AcDbEntity
  8
0
  6
Continuous
 62
     7
370
    15
100
AcDbLine
 10
7.5760403889
 20
-97.485
 30
0.0
 11
7.5760403889
 21
-112.485
 31
0.0
  0
LINE
  5
6D9
330
1F
100
AcDbEntity
  8
0
  6
Continuous
 62
     7
370
    15
100
AcDbLine
 10
51.9764556962
 20
-109.6368987342
 30
0.0
 11
51.9764556962
 21
-112.485
 31
0.0
  0
LINE
  5
6DA
330
1F
100
AcDbEntity
  8
0
  6
Continuous
 62
     7
370
    15
100
AcDbLine
 10
45.7106329114
 20
-109.6368987342
 30
0.0
 11
51.9764556962
 21
-109.6368987342
 31
0.0
  0
LINE
  5
6DB
330
1F
100
AcDbEntity
  8
0
  6
Continuous
 62
     7
370
    15
100
AcDbLine
 10
45.7106329114
 20
-105.8394303797
 30
0.0
 11
45.7106329114
 21
-109.6368987342
 31
0.0
  0
LINE
  5
6DC
330
1F
100
AcDbEntity
  8
0
  6
Continuous
 62
     7
370
    15
100
AcDbLine
 10
51.406835443
 20
-105.8394303797
 30
0.0
 11
45.7106329114
 21
-105.8394303797
 31
0.0
  0
LINE
  5
6DD
330
1F
100
AcDbEntity
  8
0
  6
Continuous
 62
     7
370
    15
100
AcDbLine
 10
51.406835443
 20
-102.9913291139
 30
0.0
 11
51.406835443
 21
-105.8394303797
 31
0.0
  0
LINE
  5
6DE
330
1F
100
AcDbEntity
  8
0
  6
Continuous
 62
     7
370
    15
100
AcDbLine
 10
45.7106329114
 20
-102.9913291139
 30
0.0
 11
51.406835443
 21
-102.9913291139
 31
0.0
  0
LINE
  5
6DF
330
1F
100
AcDbEntity
  8
0
  6
Continuous
 62
     7
370
    15
100
AcDbLine
 10
45.7106329114
 20
-100.3331012658
 30
0.0
 11
45.7106329114
 21
-102.9913291139
 31
0.0
  0
LINE
  5
6E0
330
1F
100
AcDbEntity
  8
0
  6
Continuous
 62
     7
370
    15
100
AcDbLine
 10
51.9764556962
 20
-100.3331012658
 30
0.0
 11
45.7106329114
 21
-100.3331012658
 31
0.0
  0
LINE
  5
6E1
330
1F
100
AcDbEntity
  8
0
  6
Continuous
 62
     7
370
    15
100
AcDbLine
 10
51.9764556962
 20
-97.485
 30
0.0
 11
51.9764556962
 21
-100.3331012658
 31
0.0
  0
LINE
  5
6E2
330
1F
100
AcDbEntity
  8
0
  6
Continuous
 62
     7
370
    15
100
AcDbLine
 10
41.913164557
 20
-97.485
 30
0.0
 11
51.9764556962
 21
-97.485
 31
0.0
  0
LINE
  5
6E3
330
1F
100
AcDbEntity
  8
0
  6
Continuous
 62
     7
370
    15
100
AcDbLine
 10
41.913164557
 20
-112.485
 30
0.0
 11
41.913164557
 21
-97.485
 31
0.0
  0
LINE
  5
6E4
330
1F
100
AcDbEntity
  8
0
  6
Continuous
 62
     7
370
    15
100
AcDbLine
 10
51.9764556962
 20
-112.485
 30
0.0
 11
41.913164557
 21
-112.485
 31
0.0
  0
LINE
  5
6E5
330
1F
100
AcDbEntity
  8
0
  6
Continuous
 62
     7
370
    15
100
AcDbLine
 10
91.0301121475
 20
-109.4470253165
 30
0.0
 11
90.1104127804
 21
-112.485
 31
0.0
  0
LINE
  5
6E6
330
1F
100
AcDbEntity
  8
0
  6
Continuous
 62
     7
370
    15
100
AcDbLine
 10
91.8163067677
 20
-106.7887974684
 30
0.0
 11
91.0301121475
 21
-109.4470253165
 31
0.0
  0
LINE
  5
6E7
330
1F
100
AcDbEntity
  8
0
  6
Continuous
 62
     7
370
    15
100
AcDbLine
 10
93.3352941095
 20
-101.8253876582
 30
0.0
 11
91.8163067677
 21
-106.7887974684
 31
0.0
  0
LINE
  5
6E8
330
1F
100
AcDbEntity
  8
0
  6
Continuous
 62
     7
370
    15
100
AcDbLine
 10
94.8513146791
 20
-106.7887974684
 30
0.0
 11
93.3352941095
 21
-101.8253876582
 31
0.0
  0
LINE
  5
6E9
330
1F
100
AcDbEntity
  8
0
  6
Continuous
 62
     7
370
    15
100
AcDbLine
 10
92.8591266677
 20
-106.7887974684
 30
0.0
 11
94.8513146791
 21
-106.7887974684
 31
0.0
  0
LINE
  5
6EA
330
1F
100
AcDbEntity
  8
0
  6
Continuous
 62
     7
370
    15
100
AcDbLine
 10
92.0729320475
 20
-109.4470253165
 30
0.0
 11
92.8591266677
 21
-106.7887974684
 31
0.0
  0
LINE
  5
6EB
330
1F
100
AcDbEntity
  8
0
  6
Continuous
 62
     7
370
    15
100
AcDbLine
 10
95.6375092994
 20
-109.4470253165
 30
0.0
 11
92.0729320475
 21
-109.4470253165
 31
0.0
  0
LINE
  5
6EC
330
1F
100
AcDbEntity
  8
0
  6
Continuous
 62
     7
370
    15
100
AcDbLine
 10
96.5572086665
 20
-112.485
 30
0.0
 11
95.6375092994
 21
-109.4470253165
 31
0.0
  0
LINE
  5
6ED
330
1F
100
AcDbEntity
  8
0
  6
Continuous
 62
     7
370
    15
100
AcDbLine
 10
100.3606105652
 20
-112.485
 30
0.0
 11
96.5572086665
 21
-112.485
 31
0.0
  0
LINE
  5
6EE
330
1F
100
AcDbEntity
  8
0
  6
Continuous
 62
     7
370
    15
100
AcDbLine
 10
95.3615994892
 20
-97.485
 30
0.0
 11
100.3606105652
 21
-112.485
 31
0.0
  0
LINE
  5
6EF
330
1F
100
AcDbEntity
  8
0
  6
Continuous
 62
     7
370
    15
100
AcDbLine
 10
91.3089887297
 20
-97.485
 30
0.0
 11
95.3615994892
 21
-97.485
 31
0.0
  0
LINE
  5
6F0
330
1F
100
AcDbEntity
  8
0
  6
Continuous
 62
     7
370
    15
100
AcDbLine
 10
86.3099776538
 20
-112.485
 30
0.0
 11
91.3089887297
 21
-97.485
 31
0.0
  0
LINE
  5
6F1
330
1F
100
AcDbEntity
  8
0
  6
Continuous
 62
     7
370
    15
100
AcDbLine
 10
90.1104127804
 20
-112.485
 30
0.0
 11
86.3099776538
 21
-112.485
 31
0.0
  0
LINE
  5
6F2
330
1F
100
AcDbEntity
  8
0
  6
Continuous
 62
     7
370
    15
100
AcDbLine
 10
-1.7363905678
 20
155.5011169025
 30
0.0
 11
-1.7066065023
 21
156.1451973194
 31
0.0
  0
LINE
  5
6F3
330
1F
100
AcDbEntity
  8
0
  6
Continuous
 62
     7
370
    15
100
AcDbLine
 10
-3.653739786
 20
151.7669396873
 30
0.0
 11
-3.653739786
 21
154.2204020849
 31
0.0
  0
LINE
  5
6F4
330
1F
100
AcDbEntity
  8
0
  6
Continuous
 62
     7
370
    15
100
AcDbLine
 10
-5.4854598157
 20
148.0253164557
 30
0.0
 11
-4.5100316698
 21
149.0230826508
 31
0.0
  0
LINE
  5
6F5
330
1F
100
AcDbEntity
  8
0
  6
Continuous
 62
     7
370
    15
100
AcDbLine
 10
-6.0364650279
 20
146.9084139985
 30
0.0
 11
-5.4854598157
 21
148.0253164557
 31
0.0
  0
LINE
  5
6F6
330
1F
100
AcDbEntity
  8
0
  6
Continuous
 62
     7
370
    15
100
AcDbLine
 10
-6.0327420198
 20
146.6291883842
 30
0.0
 11
-6.0364650279
 21
146.9084139985
 31
0.0
  0
LINE
  5
6F7
330
1F
100
AcDbEntity
  8
0
  6
Continuous
 62
     7
370
    15
100
AcDbLine
 10
-1.6637092319
 20
146.2382725232
 30
0.0
 11
-5.7013942908
 21
146.2382725242
 31
0.0
  0
LINE
  5
6F8
330
1F
100
AcDbEntity
  8
0
  6
Continuous
 62
     7
370
    15
100
AcDbLine
 10
0.5755975186
 20
145.2851824274
 30
0.0
 11
-0.8503146184
 21
145.3410275503
 31
0.0
  0
LINE
  5
6F9
330
1F
100
AcDbEntity
  8
0
  6
Continuous
 62
     7
370
    15
100
AcDbLine
 10
1.5882557464
 20
146.2382725242
 30
0.0
 11
1.5882557464
 21
146.3015636634
 31
0.0
  0
LINE
  5
6FA
330
1F
100
AcDbEntity
  8
0
  6
Continuous
 62
     7
370
    15
100
AcDbLine
 10
5.4006161336
 20
146.2382725242
 30
0.0
 11
1.5882557464
 21
146.2382725242
 31
0.0
  0
LINE
  5
6FB
330
1F
100
AcDbEntity
  8
0
  6
Continuous
 62
     7
370
    15
100
AcDbLine
 10
5.642611666
 20
146.3387937453
 30
0.0
 11
5.4006161336
 21
146.2382725242
 31
0.0
  0
LINE
  5
6FC
330
1F
100
AcDbEntity
  8
0
  6
Continuous
 62
     7
370
    15
100
AcDbLine
 10
5.4750762974
 20
147.9396872673
 30
0.0
 11
5.9776824032
 21
146.8339538347
 31
0.0
  0
LINE
  5
6FD
330
1F
100
AcDbEntity
  8
0
  6
Continuous
 62
     7
370
    15
100
AcDbLine
 10
4.5741083153
 20
148.9076693969
 30
0.0
 11
5.4750762974
 21
147.9396872673
 31
0.0
  0
LINE
  5
6FE
330
1F
100
AcDbEntity
  8
0
  6
Continuous
 62
     7
370
    15
100
AcDbLine
 10
3.7327084642
 20
153.9970215934
 30
0.0
 11
3.7327084642
 21
151.625465376
 31
0.0
  0
LINE
  5
6FF
330
1F
100
AcDbEntity
  8
0
  6
Continuous
 62
     7
370
    15
100
AcDbLine
 10
3.6359102513
 20
154.2352941176
 30
0.0
 11
3.7327084642
 21
153.9970215934
 31
0.0
  0
LINE
  5
700
330
1F
100
AcDbEntity
  8
0
  6
Continuous
 62
     7
370
    15
100
AcDbLine
 10
1.6701619266
 20
155.4601638124
 30
0.0
 11
1.7334530659
 21
155.452717796
 31
0.0
  0
LINE
  5
701
330
1F
100
AcDbEntity
  8
0
  6
Continuous
 62
     7
370
    15
100
AcDbLine
 10
-47.8671792166
 20
-80.990443038
 30
0.0
 11
-41.4114830141
 21
-80.990443038
 31
0.0
  0
LINE
  5
702
330
1F
100
AcDbEntity
  8
0
  6
Continuous
 62
     7
370
    15
100
AcDbLine
 10
-47.8671792166
 20
-83.8385443038
 30
0.0
 11
-47.8671792166
 21
-80.990443038
 31
0.0
  0
LINE
  5
703
330
1F
100
AcDbEntity
  8
0
  6
Continuous
 62
     7
370
    15
100
AcDbLine
 10
-45.0190779508
 20
-83.8385443038
 30
0.0
 11
-47.8671792166
 21
-83.8385443038
 31
0.0
  0
LINE
  5
704
330
1F
100
AcDbEntity
  8
0
  6
Continuous
 62
     7
370
    15
100
AcDbLine
 10
-45.0190779508
 20
-86.8349841772
 30
0.0
 11
-45.0190779508
 21
-83.8385443038
 31
0.0
  0
LINE
  5
705
330
1F
100
AcDbEntity
  8
0
  6
Continuous
 62
     7
370
    15
100
AcDbLine
 10
-41.4114830141
 20
-78.5220886076
 30
0.0
 11
-41.7496950394
 21
-78.5220886076
 31
0.0
  0
LINE
  5
706
330
1F
100
AcDbEntity
  8
0
  6
Continuous
 62
     7
370
    15
100
AcDbLine
 10
-41.4114830141
 20
-75.0776661392
 30
0.0
 11
-41.4114830141
 21
-78.5220886076
 31
0.0
  0
LINE
  5
707
330
1F
100
AcDbEntity
  8
0
  6
Continuous
 62
     7
370
    15
100
AcDbLine
 10
-41.4114830141
 20
-80.990443038
 30
0.0
 11
-41.4114830141
 21
-88.3688053797
 31
0.0
  0
LINE
  5
708
330
1F
100
AcDbEntity
  8
0
  6
Continuous
 62
     7
370
    15
100
AcDbLine
 10
-91.4212658228
 20
-86.4967721519
 30
0.0
 11
-89.3326582278
 21
-86.4967721519
 31
0.0
  0
LINE
  5
709
330
1F
100
AcDbEntity
  8
0
  6
Continuous
 62
     7
370
    15
100
AcDbLine
 10
-91.4212658228
 20
-76.8132278481
 30
0.0
 11
-91.4212658228
 21
-86.4967721519
 31
0.0
  0
LINE
  5
70A
330
1F
100
AcDbEntity
  8
0
  6
Continuous
 62
     7
370
    15
100
AcDbLine
 10
-89.3326582278
 20
-76.8132278481
 30
0.0
 11
-91.4212658228
 21
-76.8132278481
 31
0.0
  0
LINE
  5
70B
330
1F
100
AcDbEntity
  8
0
  6
Continuous
 62
     7
370
    15
100
AcDbLine
 10
-89.3326582278
 20
-74.155
 30
0.0
 11
-89.3326582278
 21
-76.8132278481
 31
0.0
  0
LINE
  5
70C
330
1F
100
AcDbEntity
  8
0
  6
Continuous
 62
     7
370
    15
100
AcDbLine
 10
-97.3073417722
 20
-74.155
 30
0.0
 11
-89.3326582278
 21
-74.155
 31
0.0
  0
LINE
  5
70D
330
1F
100
AcDbEntity
  8
0
  6
Continuous
 62
     7
370
    15
100
AcDbLine
 10
-97.3073417722
 20
-76.8132278481
 30
0.0
 11
-97.3073417722
 21
-74.155
 31
0.0
  0
LINE
  5
70E
330
1F
100
AcDbEntity
  8
0
  6
Continuous
 62
     7
370
    15
100
AcDbLine
 10
-95.2187341772
 20
-76.8132278481
 30
0.0
 11
-97.3073417722
 21
-76.8132278481
 31
0.0
  0
LINE
  5
70F
330
1F
100
AcDbEntity
  8
0
  6
Continuous
 62
     7
370
    15
100
AcDbLine
 10
-95.2187341772
 20
-86.4967721519
 30
0.0
 11
-95.2187341772
 21
-76.8132278481
 31
0.0
  0
LINE
  5
710
330
1F
100
AcDbEntity
  8
0
  6
Continuous
 62
     7
370
    15
100
AcDbLine
 10
-97.3073417722
 20
-86.4967721519
 30
0.0
 11
-95.2187341772
 21
-86.4967721519
 31
0.0
  0
LINE
  5
711
330
1F
100
AcDbEntity
  8
0
  6
Continuous
 62
     7
370
    15
100
AcDbLine
 10
-97.3073417722
 20
-89.155
 30
0.0
 11
-97.3073417722
 21
-86.4967721519
 31
0.0
  0
LINE
  5
712
330
1F
100
AcDbEntity
  8
0
  6
Continuous
 62
     7
370
    15
100
AcDbLine
 10
-89.3326582278
 20
-89.155
 30
0.0
 11
-97.3073417722
 21
-89.155
 31
0.0
  0
LINE
  5
713
330
1F
100
AcDbEntity
  8
0
  6
Continuous
 62
     7
370
    15
100
AcDbLine
 10
-89.3326582278
 20
-86.4967721519
 30
0.0
 11
-89.3326582278
 21
-89.155
 31
0.0
  0
LINE
  5
714
330
1F
100
AcDbEntity
  8
0
  6
Continuous
 62
     7
370
    15
100
AcDbLine
 10
116.6707037203
 20
-56.254193038
 30
0.0
 11
119.5188049861
 21
-50.825
 31
0.0
  0
LINE
  5
715
330
1F
100
AcDbEntity
  8
0
  6
Continuous
 62
     7
370
    15
100
AcDbLine
 10
113.6594299861
 20
-50.825
 30
0.0
 11
116.6707037203
 21
-56.254193038
 31
0.0
  0
LINE
  5
716
330
1F
100
AcDbEntity
  8
0
  6
Continuous
 62
     7
370
    15
100
AcDbLine
 10
109.4614473912
 20
-50.825
 30
0.0
 11
113.6594299861
 21
-50.825
 31
0.0
  0
LINE
  5
717
330
1F
100
AcDbEntity
  8
0
  6
Continuous
 62
     7
370
    15
100
AcDbLine
 10
114.7779030874
 20
-59.7490506329
 30
0.0
 11
109.4614473912
 21
-50.825
 31
0.0
  0
LINE
  5
718
330
1F
100
AcDbEntity
  8
0
  6
Continuous
 62
     7
370
    15
100
AcDbLine
 10
114.7779030874
 20
-65.825
 30
0.0
 11
114.7779030874
 21
-59.7490506329
 31
0.0
  0
LINE
  5
719
330
1F
100
AcDbEntity
  8
0
  6
Continuous
 62
     7
370
    15
100
AcDbLine
 10
118.5753714418
 20
-65.825
 30
0.0
 11
114.7779030874
 21
-65.825
 31
0.0
  0
LINE
  5
71A
330
1F
100
AcDbEntity
  8
0
  6
Continuous
 62
     7
370
    15
100
AcDbLine
 10
118.5753714418
 20
-59.5591772152
 30
0.0
 11
118.5753714418
 21
-65.825
 31
0.0
  0
LINE
  5
71B
330
1F
100
AcDbEntity
  8
0
  6
Continuous
 62
     7
370
    15
100
AcDbLine
 10
123.7019537203
 20
-50.825
 30
0.0
 11
118.5753714418
 21
-59.5591772152
 31
0.0
  0
LINE
  5
71C
330
1F
100
AcDbEntity
  8
0
  6
Continuous
 62
     7
370
    15
100
AcDbLine
 10
119.5188049861
 20
-50.825
 30
0.0
 11
123.7019537203
 21
-50.825
 31
0.0
  0
LINE
  5
71D
330
1F
100
AcDbEntity
  8
0
  6
Continuous
 62
     7
370
    15
100
AcDbLine
 10
72.9332317867
 20
-74.155
 30
0.0
 11
76.3509533057
 21
-74.155
 31
0.0
  0
LINE
  5
71E
330
1F
100
AcDbEntity
  8
0
  6
Continuous
 62
     7
370
    15
100
AcDbLine
 10
72.9332317867
 20
-82.7467721519
 30
0.0
 11
72.9332317867
 21
-74.155
 31
0.0
  0
LINE
  5
71F
330
1F
100
AcDbEntity
  8
0
  6
Continuous
 62
     7
370
    15
100
AcDbLine
 10
68.2101305209
 20
-74.155
 30
0.0
 11
72.9332317867
 21
-82.7467721519
 31
0.0
  0
LINE
  5
720
330
1F
100
AcDbEntity
  8
0
  6
Continuous
 62
     7
370
    15
100
AcDbLine
 10
63.6294343183
 20
-74.155
 30
0.0
 11
68.2101305209
 21
-74.155
 31
0.0
  0
LINE
  5
721
330
1F
100
AcDbEntity
  8
0
  6
Continuous
 62
     7
370
    15
100
AcDbLine
 10
63.6294343183
 20
-89.155
 30
0.0
 11
63.6294343183
 21
-74.155
 31
0.0
  0
LINE
  5
722
330
1F
100
AcDbEntity
  8
0
  6
Continuous
 62
     7
370
    15
100
AcDbLine
 10
67.0471558373
 20
-89.155
 30
0.0
 11
63.6294343183
 21
-89.155
 31
0.0
  0
LINE
  5
723
330
1F
100
AcDbEntity
  8
0
  6
Continuous
 62
     7
370
    15
100
AcDbLine
 10
67.0471558373
 20
-78.6971281646
 30
0.0
 11
67.0471558373
 21
-89.155
 31
0.0
  0
LINE
  5
724
330
1F
100
AcDbEntity
  8
0
  6
Continuous
 62
     7
370
    15
100
AcDbLine
 10
72.7552254576
 20
-89.155
 30
0.0
 11
67.0471558373
 21
-78.6971281646
 31
0.0
  0
LINE
  5
725
330
1F
100
AcDbEntity
  8
0
  6
Continuous
 62
     7
370
    15
100
AcDbLine
 10
76.3509533057
 20
-89.155
 30
0.0
 11
72.7552254576
 21
-89.155
 31
0.0
  0
LINE
  5
726
330
1F
100
AcDbEntity
  8
0
  6
Continuous
 62
     7
370
    15
100
AcDbLine
 10
76.3509533057
 20
-74.155
 30
0.0
 11
76.3509533057
 21
-89.155
 31
0.0
  0
LINE
  5
727
330
1F
100
AcDbEntity
  8
0
  6
Continuous
 62
     7
370
    15
100
AcDbLine
 10
122.9932819218
 20
-74.155
 30
0.0
 11
122.9932819218
 21
-83.7673417722
 31
0.0
  0
LINE
  5
728
330
1F
100
AcDbEntity
  8
0
  6
Continuous
 62
     7
370
    15
100
AcDbLine
 10
119.1958135674
 20
-74.155
 30
0.0
 11
122.9932819218
 21
-74.155
 31
0.0
  0
LINE
  5
729
330
1F
100
AcDbEntity
  8
0
  6
Continuous
 62
     7
370
    15
100
AcDbLine
 10
119.1958135674
 20
-83.5745015823
 30
0.0
 11
119.1958135674
 21
-74.155
 31
0.0
  0
LINE
  5
72A
330
1F
100
AcDbEntity
  8
0
  6
Continuous
 62
     7
370
    15
100
AcDbLine
 10
114.2591047066
 20
-74.155
 30
0.0
 11
114.2591047066
 21
-83.5745015823
 31
0.0
  0
LINE
  5
72B
330
1F
100
AcDbEntity
  8
0
  6
Continuous
 62
     7
370
    15
100
AcDbLine
 10
110.4616363522
 20
-74.155
 30
0.0
 11
114.2591047066
 21
-74.155
 31
0.0
  0
LINE
  5
72C
330
1F
100
AcDbEntity
  8
0
  6
Continuous
 62
     7
370
    15
100
AcDbLine
 10
110.4616363522
 20
-83.7762420886
 30
0.0
 11
110.4616363522
 21
-74.155
 31
0.0
  0
LINE
  5
72D
330
1F
100
AcDbEntity
  8
0
  6
Continuous
 62
     7
370
    15
100
AcDbLine
 10
48.5587341772
 20
-86.4967721519
 30
0.0
 11
50.6473417722
 21
-86.4967721519
 31
0.0
  0
LINE
  5
72E
330
1F
100
AcDbEntity
  8
0
  6
Continuous
 62
     7
370
    15
100
AcDbLine
 10
48.5587341772
 20
-76.8132278481
 30
0.0
 11
48.5587341772
 21
-86.4967721519
 31
0.0
  0
LINE
  5
72F
330
1F
100
AcDbEntity
  8
0
  6
Continuous
 62
     7
370
    15
100
AcDbLine
 10
50.6473417722
 20
-76.8132278481
 30
0.0
 11
48.5587341772
 21
-76.8132278481
 31
0.0
  0
LINE
  5
730
330
1F
100
AcDbEntity
  8
0
  6
Continuous
 62
     7
370
    15
100
AcDbLine
 10
50.6473417722
 20
-74.155
 30
0.0
 11
50.6473417722
 21
-76.8132278481
 31
0.0
  0
LINE
  5
731
330
1F
100
AcDbEntity
  8
0
  6
Continuous
 62
     7
370
    15
100
AcDbLine
 10
42.6726582278
 20
-74.155
 30
0.0
 11
50.6473417722
 21
-74.155
 31
0.0
  0
LINE
  5
732
330
1F
100
AcDbEntity
  8
0
  6
Continuous
 62
     7
370
    15
100
AcDbLine
 10
42.6726582278
 20
-76.8132278481
 30
0.0
 11
42.6726582278
 21
-74.155
 31
0.0
  0
LINE
  5
733
330
1F
100
AcDbEntity
  8
0
  6
Continuous
 62
     7
370
    15
100
AcDbLine
 10
44.7612658228
 20
-76.8132278481
 30
0.0
 11
42.6726582278
 21
-76.8132278481
 31
0.0
  0
LINE
  5
734
330
1F
100
AcDbEntity
  8
0
  6
Continuous
 62
     7
370
    15
100
AcDbLine
 10
44.7612658228
 20
-86.4967721519
 30
0.0
 11
44.7612658228
 21
-76.8132278481
 31
0.0
  0
LINE
  5
735
330
1F
100
AcDbEntity
  8
0
  6
Continuous
 62
     7
370
    15
100
AcDbLine
 10
42.6726582278
 20
-86.4967721519
 30
0.0
 11
44.7612658228
 21
-86.4967721519
 31
0.0
  0
LINE
  5
736
330
1F
100
AcDbEntity
  8
0
  6
Continuous
 62
     7
370
    15
100
AcDbLine
 10
42.6726582278
 20
-89.155
 30
0.0
 11
42.6726582278
 21
-86.4967721519
 31
0.0
  0
LINE
  5
737
330
1F
100
AcDbEntity
  8
0
  6
Continuous
 62
     7
370
    15
100
AcDbLine
 10
50.6473417722
 20
-89.155
 30
0.0
 11
42.6726582278
 21
-89.155
 31
0.0
  0
LINE
  5
738
330
1F
100
AcDbEntity
  8
0
  6
Continuous
 62
     7
370
    15
100
AcDbLine
 10
50.6473417722
 20
-86.4967721519
 30
0.0
 11
50.6473417722
 21
-89.155
 31
0.0
  0
LINE
  5
739
330
1F
100
AcDbEntity
  8
0
  6
Continuous
 62
     7
370
    15
100
AcDbLine
 10
-3.3227848101
 20
-81.1803164557
 30
0.0
 11
3.3227848101
 21
-81.1803164557
 31
0.0
  0
LINE
  5
73A
330
1F
100
AcDbEntity
  8
0
  6
Continuous
 62
     7
370
    15
100
AcDbLine
 10
-3.3227848101
 20
-84.0284177215
 30
0.0
 11
-3.3227848101
 21
-81.1803164557
 31
0.0
  0
LINE
  5
73B
330
1F
100
AcDbEntity
  8
0
  6
Continuous
 62
     7
370
    15
100
AcDbLine
 10
3.3227848101
 20
-84.0284177215
 30
0.0
 11
-3.3227848101
 21
-84.0284177215
 31
0.0
  0
LINE
  5
73C
330
1F
100
AcDbEntity
  8
0
  6
Continuous
 62
     7
370
    15
100
AcDbLine
 10
3.3227848101
 20
-81.1803164557
 30
0.0
 11
3.3227848101
 21
-84.0284177215
 31
0.0
  0
LINE
  5
73D
330
1F
100
AcDbEntity
  8
0
  6
Continuous
 62
     7
370
    15
100
AcDbLine
 10
2.9514168252
 20
65.825
 30
0.0
 11
6.3691383442
 21
65.825
 31
0.0
  0
LINE
  5
73E
330
1F
100
AcDbEntity
  8
0
  6
Continuous
 62
     7
370
    15
100
AcDbLine
 10
2.9514168252
 20
57.2332278481
 30
0.0
 11
2.9514168252
 21
65.825
 31
0.0
  0
LINE
  5
73F
330
1F
100
AcDbEntity
  8
0
  6
Continuous
 62
     7
370
    15
100
AcDbLine
 10
-1.7716844407
 20
65.825
 30
0.0
 11
2.9514168252
 21
57.2332278481
 31
0.0
  0
LINE
  5
740
330
1F
100
AcDbEntity
  8
0
  6
Continuous
 62
     7
370
    15
100
AcDbLine
 10
-6.3523806432
 20
65.825
 30
0.0
 11
-1.7716844407
 21
65.825
 31
0.0
  0
LINE
  5
741
330
1F
100
AcDbEntity
  8
0
  6
Continuous
 62
     7
370
    15
100
AcDbLine
 10
-6.3523806432
 20
50.825
 30
0.0
 11
-6.3523806432
 21
65.825
 31
0.0
  0
LINE
  5
742
330
1F
100
AcDbEntity
  8
0
  6
Continuous
 62
     7
370
    15
100
AcDbLine
 10
-2.9346591242
 20
50.825
 30
0.0
 11
-6.3523806432
 21
50.825
 31
0.0
  0
LINE
  5
743
330
1F
100
AcDbEntity
  8
0
  6
Continuous
 62
     7
370
    15
100
AcDbLine
 10
-2.9346591242
 20
61.2828718354
 30
0.0
 11
-2.9346591242
 21
50.825
 31
0.0
  0
LINE
  5
744
330
1F
100
AcDbEntity
  8
0
  6
Continuous
 62
     7
370
    15
100
AcDbLine
 10
2.7734104961
 20
50.825
 30
0.0
 11
-2.9346591242
 21
61.2828718354
 31
0.0
  0
LINE
  5
745
330
1F
100
AcDbEntity
  8
0
  6
Continuous
 62
     7
370
    15
100
AcDbLine
 10
6.3691383442
 20
50.825
 30
0.0
 11
2.7734104961
 21
50.825
 31
0.0
  0
LINE
  5
746
330
1F
100
AcDbEntity
  8
0
  6
Continuous
 62
     7
370
    15
100
AcDbLine
 10
6.3691383442
 20
65.825
 30
0.0
 11
6.3691383442
 21
50.825
 31
0.0
  0
LINE
  5
747
330
1F
100
AcDbEntity
  8
0
  6
Continuous
 62
     7
370
    15
100
AcDbLine
 10
-51.7553909359
 20
65.825
 30
0.0
 11
-41.6920997966
 21
65.825
 31
0.0
  0
LINE
  5
748
330
1F
100
AcDbEntity
  8
0
  6
Continuous
 62
     7
370
    15
100
AcDbLine
 10
-51.7553909359
 20
50.825
 30
0.0
 11
-51.7553909359
 21
65.825
 31
0.0
  0
LINE
  5
749
330
1F
100
AcDbEntity
  8
0
  6
Continuous
 62
     7
370
    15
100
AcDbLine
 10
-47.9579225815
 20
50.825
 30
0.0
 11
-51.7553909359
 21
50.825
 31
0.0
  0
LINE
  5
74A
330
1F
100
AcDbEntity
  8
0
  6
Continuous
 62
     7
370
    15
100
AcDbLine
 10
-47.9579225815
 20
57.2806962025
 30
0.0
 11
-47.9579225815
 21
50.825
 31
0.0
  0
LINE
  5
74B
330
1F
100
AcDbEntity
  8
0
  6
Continuous
 62
     7
370
    15
100
AcDbLine
 10
-42.2617200498
 20
57.2806962025
 30
0.0
 11
-47.9579225815
 21
57.2806962025
 31
0.0
  0
LINE
  5
74C
330
1F
100
AcDbEntity
  8
0
  6
Continuous
 62
     7
370
    15
100
AcDbLine
 10
-42.2617200498
 20
60.1287974684
 30
0.0
 11
-42.2617200498
 21
57.2806962025
 31
0.0
  0
LINE
  5
74D
330
1F
100
AcDbEntity
  8
0
  6
Continuous
 62
     7
370
    15
100
AcDbLine
 10
-47.9579225815
 20
60.1287974684
 30
0.0
 11
-42.2617200498
 21
60.1287974684
 31
0.0
  0
LINE
  5
74E
330
1F
100
AcDbEntity
  8
0
  6
Continuous
 62
     7
370
    15
100
AcDbLine
 10
-47.9579225815
 20
62.9768987342
 30
0.0
 11
-47.9579225815
 21
60.1287974684
 31
0.0
  0
LINE
  5
74F
330
1F
100
AcDbEntity
  8
0
  6
Continuous
 62
     7
370
    15
100
AcDbLine
 10
-41.6920997966
 20
62.9768987342
 30
0.0
 11
-47.9579225815
 21
62.9768987342
 31
0.0
  0
LINE
  5
750
330
1F
100
AcDbEntity
  8
0
  6
Continuous
 62
     7
370
    15
100
AcDbLine
 10
-41.6920997966
 20
65.825
 30
0.0
 11
-41.6920997966
 21
62.9768987342
 31
0.0
  0
LINE
  5
751
330
1F
100
AcDbEntity
  8
0
  6
Continuous
 62
     7
370
    15
100
AcDbLine
 10
-88.3520997966
 20
53.6731012658
 30
0.0
 11
-88.3520997966
 21
50.825
 31
0.0
  0
LINE
  5
752
330
1F
100
AcDbEntity
  8
0
  6
Continuous
 62
     7
370
    15
100
AcDbLine
 10
-94.6179225815
 20
53.6731012658
 30
0.0
 11
-88.3520997966
 21
53.6731012658
 31
0.0
  0
LINE
  5
753
330
1F
100
AcDbEntity
  8
0
  6
Continuous
 62
     7
370
    15
100
AcDbLine
 10
-94.6179225815
 20
57.4705696203
 30
0.0
 11
-94.6179225815
 21
53.6731012658
 31
0.0
  0
LINE
  5
754
330
1F
100
AcDbEntity
  8
0
  6
Continuous
 62
     7
370
    15
100
AcDbLine
 10
-88.9217200498
 20
57.4705696203
 30
0.0
 11
-94.6179225815
 21
57.4705696203
 31
0.0
  0
LINE
  5
755
330
1F
100
AcDbEntity
  8
0
  6
Continuous
 62
     7
370
    15
100
AcDbLine
 10
-88.9217200498
 20
60.3186708861
 30
0.0
 11
-88.9217200498
 21
57.4705696203
 31
0.0
  0
LINE
  5
756
330
1F
100
AcDbEntity
  8
0
  6
Continuous
 62
     7
370
    15
100
AcDbLine
 10
-94.6179225815
 20
60.3186708861
 30
0.0
 11
-88.9217200498
 21
60.3186708861
 31
0.0
  0
LINE
  5
757
330
1F
100
AcDbEntity
  8
0
  6
Continuous
 62
     7
370
    15
100
AcDbLine
 10
-94.6179225815
 20
62.9768987342
 30
0.0
 11
-94.6179225815
 21
60.3186708861
 31
0.0
  0
LINE
  5
758
330
1F
100
AcDbEntity
  8
0
  6
Continuous
 62
     7
370
    15
100
AcDbLine
 10
-88.3520997966
 20
62.9768987342
 30
0.0
 11
-94.6179225815
 21
62.9768987342
 31
0.0
  0
LINE
  5
759
330
1F
100
AcDbEntity
  8
0
  6
Continuous
 62
     7
370
    15
100
AcDbLine
 10
-88.3520997966
 20
65.825
 30
0.0
 11
-88.3520997966
 21
62.9768987342
 31
0.0
  0
LINE
  5
75A
330
1F
100
AcDbEntity
  8
0
  6
Continuous
 62
     7
370
    15
100
AcDbLine
 10
-98.4153909359
 20
65.825
 30
0.0
 11
-88.3520997966
 21
65.825
 31
0.0
  0
LINE
  5
75B
330
1F
100
AcDbEntity
  8
0
  6
Continuous
 62
     7
370
    15
100
AcDbLine
 10
-98.4153909359
 20
50.825
 30
0.0
 11
-98.4153909359
 21
65.825
 31
0.0
  0
LINE
  5
75C
330
1F
100
AcDbEntity
  8
0
  6
Continuous
 62
     7
370
    15
100
AcDbLine
 10
-88.3520997966
 20
50.825
 30
0.0
 11
-98.4153909359
 21
50.825
 31
0.0
  0
LINE
  5
75D
330
1F
100
AcDbEntity
  8
0
  6
Continuous
 62
     7
370
    15
100
AcDbLine
 10
122.1563291139
 20
85.1676582278
 30
0.0
 11
121.8240506329
 21
85.1676582278
 31
0.0
  0
LINE
  5
75E
330
1F
100
AcDbEntity
  8
0
  6
Continuous
 62
     7
370
    15
100
AcDbLine
 10
122.1563291139
 20
88.5408781646
 30
0.0
 11
122.1563291139
 21
85.1676582278
 31
0.0
  0
LINE
  5
75F
330
1F
100
AcDbEntity
  8
0
  6
Continuous
 62
     7
370
    15
100
AcDbLine
 10
110.9537974684
 20
78.5220886076
 30
0.0
 11
111.2920094937
 21
78.5220886076
 31
0.0
  0
LINE
  5
760
330
1F
100
AcDbEntity
  8
0
  6
Continuous
 62
     7
370
    15
100
AcDbLine
 10
110.9537974684
 20
74.9382278481
 30
0.0
 11
110.9537974684
 21
78.5220886076
 31
0.0
  0
LINE
  5
761
330
1F
100
AcDbEntity
  8
0
  6
Continuous
 62
     7
370
    15
100
AcDbLine
 10
25.2287341772
 20
86.3068987342
 30
0.0
 11
25.2287341772
 21
74.155
 31
0.0
  0
LINE
  5
762
330
1F
100
AcDbEntity
  8
0
  6
Continuous
 62
     7
370
    15
100
AcDbLine
 10
29.5958227848
 20
86.3068987342
 30
0.0
 11
25.2287341772
 21
86.3068987342
 31
0.0
  0
LINE
  5
763
330
1F
100
AcDbEntity
  8
0
  6
Continuous
 62
     7
370
    15
100
AcDbLine
 10
29.5958227848
 20
89.155
 30
0.0
 11
29.5958227848
 21
86.3068987342
 31
0.0
  0
LINE
  5
764
330
1F
100
AcDbEntity
  8
0
  6
Continuous
 62
     7
370
    15
100
AcDbLine
 10
17.0641772152
 20
89.155
 30
0.0
 11
29.5958227848
 21
89.155
 31
0.0
  0
LINE
  5
765
330
1F
100
AcDbEntity
  8
0
  6
Continuous
 62
     7
370
    15
100
AcDbLine
 10
17.0641772152
 20
86.3068987342
 30
0.0
 11
17.0641772152
 21
89.155
 31
0.0
  0
LINE
  5
766
330
1F
100
AcDbEntity
  8
0
  6
Continuous
 62
     7
370
    15
100
AcDbLine
 10
21.4312658228
 20
86.3068987342
 30
0.0
 11
17.0641772152
 21
86.3068987342
 31
0.0
  0
LINE
  5
767
330
1F
100
AcDbEntity
  8
0
  6
Continuous
 62
     7
370
    15
100
AcDbLine
 10
21.4312658228
 20
74.155
 30
0.0
 11
21.4312658228
 21
86.3068987342
 31
0.0
  0
LINE
  5
768
330
1F
100
AcDbEntity
  8
0
  6
Continuous
 62
     7
370
    15
100
AcDbLine
 10
25.2287341772
 20
74.155
 30
0.0
 11
21.4312658228
 21
74.155
 31
0.0
  0
LINE
  5
769
330
1F
100
AcDbEntity
  8
0
  6
Continuous
 62
     7
370
    15
100
AcDbLine
 10
-29.8908324919
 20
89.155
 30
0.0
 11
-23.9038862894
 21
89.155
 31
0.0
  0
LINE
  5
76A
330
1F
100
AcDbEntity
  8
0
  6
Continuous
 62
     7
370
    15
100
AcDbLine
 10
-29.8908324919
 20
86.4967721519
 30
0.0
 11
-29.8908324919
 21
89.155
 31
0.0
  0
LINE
  5
76B
330
1F
100
AcDbEntity
  8
0
  6
Continuous
 62
     7
370
    15
100
AcDbLine
 10
-24.8562201501
 20
86.4967721519
 30
0.0
 11
-29.8908324919
 21
86.4967721519
 31
0.0
  0
LINE
  5
76C
330
1F
100
AcDbEntity
  8
0
  6
Continuous
 62
     7
370
    15
100
AcDbLine
 10
-29.8908324919
 20
82.319556962
 30
0.0
 11
-25.0342264792
 21
82.319556962
 31
0.0
  0
LINE
  5
76D
330
1F
100
AcDbEntity
  8
0
  6
Continuous
 62
     7
370
    15
100
AcDbLine
 10
-29.8908324919
 20
74.155
 30
0.0
 11
-29.8908324919
 21
82.319556962
 31
0.0
  0
LINE
  5
76E
330
1F
100
AcDbEntity
  8
0
  6
Continuous
 62
     7
370
    15
100
AcDbLine
 10
-26.0933641375
 20
74.155
 30
0.0
 11
-29.8908324919
 21
74.155
 31
0.0
  0
LINE
  5
76F
330
1F
100
AcDbEntity
  8
0
  6
Continuous
 62
     7
370
    15
100
AcDbLine
 10
-26.0933641375
 20
79.6613291139
 30
0.0
 11
-26.0933641375
 21
74.155
 31
0.0
  0
LINE
  5
770
330
1F
100
AcDbEntity
  8
0
  6
Continuous
 62
     7
370
    15
100
AcDbLine
 10
-24.9185223653
 20
79.6613291139
 30
0.0
 11
-26.0933641375
 21
79.6613291139
 31
0.0
  0
LINE
  5
771
330
1F
100
AcDbEntity
  8
0
  6
Continuous
 62
     7
370
    15
100
AcDbLine
 10
-20.7976758463
 20
74.155
 30
0.0
 11
-24.9185223653
 21
79.6613291139
 31
0.0
  0
LINE
  5
772
330
1F
100
AcDbEntity
  8
0
  6
Continuous
 62
     7
370
    15
100
AcDbLine
 10
-16.2199464159
 20
74.155
 30
0.0
 11
-20.7976758463
 21
74.155
 31
0.0
  0
LINE
  5
773
330
1F
100
AcDbEntity
  8
0
  6
Continuous
 62
     7
370
    15
100
AcDbLine
 10
-17.9823529612
 20
108.4976582278
 30
0.0
 11
-18.3146314422
 21
108.4976582278
 31
0.0
  0
LINE
  5
774
330
1F
100
AcDbEntity
  8
0
  6
Continuous
 62
     7
370
    15
100
AcDbLine
 10
-17.9823529612
 20
111.8708781646
 30
0.0
 11
-17.9823529612
 21
108.4976582278
 31
0.0
  0
LINE
  5
775
330
1F
100
AcDbEntity
  8
0
  6
Continuous
 62
     7
370
    15
100
AcDbLine
 10
-29.1848846068
 20
101.8520886076
 30
0.0
 11
-28.8466725815
 21
101.8520886076
 31
0.0
  0
LINE
  5
776
330
1F
100
AcDbEntity
  8
0
  6
Continuous
 62
     7
370
    15
100
AcDbLine
 10
-29.1848846068
 20
98.2682278481
 30
0.0
 11
-29.1848846068
 21
101.8520886076
 31
0.0
  0
LINE
  5
777
330
1F
100
AcDbEntity
  8
0
  6
Continuous
 62
     7
370
    15
100
AcDbLine
 10
19.9041484772
 20
112.485
 30
0.0
 11
27.1193383506
 21
112.485
 31
0.0
  0
LINE
  5
778
330
1F
100
AcDbEntity
  8
0
  6
Continuous
 62
     7
370
    15
100
AcDbLine
 10
19.9041484772
 20
109.8267721519
 30
0.0
 11
19.9041484772
 21
112.485
 31
0.0
  0
LINE
  5
779
330
1F
100
AcDbEntity
  8
0
  6
Continuous
 62
     7
370
    15
100
AcDbLine
 10
23.3218699962
 20
109.8267721519
 30
0.0
 11
19.9041484772
 21
109.8267721519
 31
0.0
  0
LINE
  5
77A
330
1F
100
AcDbEntity
  8
0
  6
Continuous
 62
     7
370
    15
100
AcDbLine
 10
23.3218699962
 20
103.6855537975
 30
0.0
 11
23.3218699962
 21
109.8267721519
 31
0.0
  0
LINE
  5
77B
330
1F
100
AcDbEntity
  8
0
  6
Continuous
 62
     7
370
    15
100
AcDbLine
 10
18.1952877177
 20
100.5229746835
 30
0.0
 11
18.5364665152
 21
100.5229746835
 31
0.0
  0
LINE
  5
77C
330
1F
100
AcDbEntity
  8
0
  6
Continuous
 62
     7
370
    15
100
AcDbLine
 10
18.1952877177
 20
97.4048971519
 30
0.0
 11
18.1952877177
 21
100.5229746835
 31
0.0
  0
LINE
  5
77D
330
1F
100
AcDbEntity
  8
0
  6
Continuous
 62
     7
370
    15
100
AcDbLine
 10
27.1193383506
 20
112.485
 30
0.0
 11
27.1193383506
 21
101.7838528481
 31
0.0
  0
LINE
  5
77E
330
1F
100
AcDbEntity
  8
0
  6
Continuous
 62
     7
370
    15
100
AcDbLine
 10
74.9579002034
 20
100.3331012658
 30
0.0
 11
74.9579002034
 21
97.485
 31
0.0
  0
LINE
  5
77F
330
1F
100
AcDbEntity
  8
0
  6
Continuous
 62
     7
370
    15
100
AcDbLine
 10
68.6920774185
 20
100.3331012658
 30
0.0
 11
74.9579002034
 21
100.3331012658
 31
0.0
  0
LINE
  5
780
330
1F
100
AcDbEntity
  8
0
  6
Continuous
 62
     7
370
    15
100
AcDbLine
 10
68.6920774185
 20
104.1305696203
 30
0.0
 11
68.6920774185
 21
100.3331012658
 31
0.0
  0
LINE
  5
781
330
1F
100
AcDbEntity
  8
0
  6
Continuous
 62
     7
370
    15
100
AcDbLine
 10
74.3882799502
 20
104.1305696203
 30
0.0
 11
68.6920774185
 21
104.1305696203
 31
0.0
  0
LINE
  5
782
330
1F
100
AcDbEntity
  8
0
  6
Continuous
 62
     7
370
    15
100
AcDbLine
 10
74.3882799502
 20
106.9786708861
 30
0.0
 11
74.3882799502
 21
104.1305696203
 31
0.0
  0
LINE
  5
783
330
1F
100
AcDbEntity
  8
0
  6
Continuous
 62
     7
370
    15
100
AcDbLine
 10
68.6920774185
 20
106.9786708861
 30
0.0
 11
74.3882799502
 21
106.9786708861
 31
0.0
  0
LINE
  5
784
330
1F
100
AcDbEntity
  8
0
  6
Continuous
 62
     7
370
    15
100
AcDbLine
 10
68.6920774185
 20
109.6368987342
 30
0.0
 11
68.6920774185
 21
106.9786708861
 31
0.0
  0
LINE
  5
785
330
1F
100
AcDbEntity
  8
0
  6
Continuous
 62
     7
370
    15
100
AcDbLine
 10
74.9579002034
 20
109.6368987342
 30
0.0
 11
68.6920774185
 21
109.6368987342
 31
0.0
  0
LINE
  5
786
330
1F
100
AcDbEntity
  8
0
  6
Continuous
 62
     7
370
    15
100
AcDbLine
 10
74.9579002034
 20
112.485
 30
0.0
 11
74.9579002034
 21
109.6368987342
 31
0.0
  0
LINE
  5
787
330
1F
100
AcDbEntity
  8
0
  6
Continuous
 62
     7
370
    15
100
AcDbLine
 10
64.8946090641
 20
112.485
 30
0.0
 11
74.9579002034
 21
112.485
 31
0.0
  0
LINE
  5
788
330
1F
100
AcDbEntity
  8
0
  6
Continuous
 62
     7
370
    15
100
AcDbLine
 10
64.8946090641
 20
97.485
 30
0.0
 11
64.8946090641
 21
112.485
 31
0.0
  0
LINE
  5
789
330
1F
100
AcDbEntity
  8
0
  6
Continuous
 62
     7
370
    15
100
AcDbLine
 10
74.9579002034
 20
97.485
 30
0.0
 11
64.8946090641
 21
97.485
 31
0.0
  0
LINE
  5
78A
330
1F
100
AcDbEntity
  8
0
  6
Continuous
 62
     7
370
    15
100
AcDbLine
 10
123.7503590526
 20
112.485
 30
0.0
 11
118.8462846855
 21
105.2015743671
 31
0.0
  0
LINE
  5
78B
330
1F
100
AcDbEntity
  8
0
  6
Continuous
 62
     7
370
    15
100
AcDbLine
 10
119.6057783564
 20
112.485
 30
0.0
 11
123.7503590526
 21
112.485
 31
0.0
  0
LINE
  5
78C
330
1F
100
AcDbEntity
  8
0
  6
Continuous
 62
     7
370
    15
100
AcDbLine
 10
116.7932783564
 20
107.9636392405
 30
0.0
 11
119.6057783564
 21
112.485
 31
0.0
  0
LINE
  5
78D
330
1F
100
AcDbEntity
  8
0
  6
Continuous
 62
     7
370
    15
100
AcDbLine
 10
114.0341802551
 20
112.485
 30
0.0
 11
116.7932783564
 21
107.9636392405
 31
0.0
  0
LINE
  5
78E
330
1F
100
AcDbEntity
  8
0
  6
Continuous
 62
     7
370
    15
100
AcDbLine
 10
109.6997261412
 20
112.485
 30
0.0
 11
114.0341802551
 21
112.485
 31
0.0
  0
LINE
  5
78F
330
1F
100
AcDbEntity
  8
0
  6
Continuous
 62
     7
370
    15
100
AcDbLine
 10
114.6038005083
 20
105.0532357595
 30
0.0
 11
109.6997261412
 21
112.485
 31
0.0
  0
LINE
  5
790
330
1F
100
AcDbEntity
  8
0
  6
Continuous
 62
     7
370
    15
100
AcDbLine
 10
109.5098527235
 20
97.485
 30
0.0
 11
114.6038005083
 21
105.0532357595
 31
0.0
  0
LINE
  5
791
330
1F
100
AcDbEntity
  8
0
  6
Continuous
 62
     7
370
    15
100
AcDbLine
 10
113.6544334197
 20
97.485
 30
0.0
 11
109.5098527235
 21
97.485
 31
0.0
  0
LINE
  5
792
330
1F
100
AcDbEntity
  8
0
  6
Continuous
 62
     7
370
    15
100
AcDbLine
 10
116.6568068374
 20
102.2882041139
 30
0.0
 11
113.6544334197
 21
97.485
 31
0.0
  0
LINE
  5
793
330
1F
100
AcDbEntity
  8
0
  6
Continuous
 62
     7
370
    15
100
AcDbLine
 10
119.6028115842
 20
97.485
 30
0.0
 11
116.6568068374
 21
102.2882041139
 31
0.0
  0
LINE
  5
794
330
1F
100
AcDbEntity
  8
0
  6
Continuous
 62
     7
370
    15
100
AcDbLine
 10
123.9402324703
 20
97.485
 30
0.0
 11
119.6028115842
 21
97.485
 31
0.0
  0
LINE
  5
795
330
1F
100
AcDbEntity
  8
0
  6
Continuous
 62
     7
370
    15
100
AcDbLine
 10
118.8462846855
 20
105.2015743671
 30
0.0
 11
123.9402324703
 21
97.485
 31
0.0
  0
LINE
  5
796
330
1F
100
AcDbEntity
  8
0
  6
Continuous
 62
     7
370
    15
100
AcDbLine
 10
-87.0458707152
 20
89.155
 30
0.0
 11
-87.0458707152
 21
79.5426582278
 31
0.0
  0
LINE
  5
797
330
1F
100
AcDbEntity
  8
0
  6
Continuous
 62
     7
370
    15
100
AcDbLine
 10
-90.8433390696
 20
89.155
 30
0.0
 11
-87.0458707152
 21
89.155
 31
0.0
  0
LINE
  5
798
330
1F
100
AcDbEntity
  8
0
  6
Continuous
 62
     7
370
    15
100
AcDbLine
 10
-90.8433390696
 20
79.7354984177
 30
0.0
 11
-90.8433390696
 21
89.155
 31
0.0
  0
LINE
  5
799
330
1F
100
AcDbEntity
  8
0
  6
Continuous
 62
     7
370
    15
100
AcDbLine
 10
-95.7800479304
 20
89.155
 30
0.0
 11
-95.7800479304
 21
79.7354984177
 31
0.0
  0
LINE
  5
79A
330
1F
100
AcDbEntity
  8
0
  6
Continuous
 62
     7
370
    15
100
AcDbLine
 10
-99.5775162848
 20
89.155
 30
0.0
 11
-95.7800479304
 21
89.155
 31
0.0
  0
LINE
  5
79B
330
1F
100
AcDbEntity
  8
0
  6
Continuous
 62
     7
370
    15
100
AcDbLine
 10
-99.5775162848
 20
79.5337579114
 30
0.0
 11
-99.5775162848
 21
89.155
 31
0.0
  0
LINE
  5
79C
330
1F
100
AcDbEntity
  8
0
  6
Continuous
 62
     7
370
    15
100
AcDbLine
 10
-44.7612658228
 20
86.3068987342
 30
0.0
 11
-44.7612658228
 21
74.155
 31
0.0
  0
LINE
  5
79D
330
1F
100
AcDbEntity
  8
0
  6
Continuous
 62
     7
370
    15
100
AcDbLine
 10
-40.3941772152
 20
86.3068987342
 30
0.0
 11
-44.7612658228
 21
86.3068987342
 31
0.0
  0
LINE
  5
79E
330
1F
100
AcDbEntity
  8
0
  6
Continuous
 62
     7
370
    15
100
AcDbLine
 10
-40.3941772152
 20
89.155
 30
0.0
 11
-40.3941772152
 21
86.3068987342
 31
0.0
  0
LINE
  5
79F
330
1F
100
AcDbEntity
  8
0
  6
Continuous
 62
     7
370
    15
100
AcDbLine
 10
-52.9258227848
 20
89.155
 30
0.0
 11
-40.3941772152
 21
89.155
 31
0.0
  0
LINE
  5
7A0
330
1F
100
AcDbEntity
  8
0
  6
Continuous
 62
     7
370
    15
100
AcDbLine
 10
-52.9258227848
 20
86.3068987342
 30
0.0
 11
-52.9258227848
 21
89.155
 31
0.0
  0
LINE
  5
7A1
330
1F
100
AcDbEntity
  8
0
  6
Continuous
 62
     7
370
    15
100
AcDbLine
 10
-48.5587341772
 20
86.3068987342
 30
0.0
 11
-52.9258227848
 21
86.3068987342
 31
0.0
  0
LINE
  5
7A2
330
1F
100
AcDbEntity
  8
0
  6
Continuous
 62
     7
370
    15
100
AcDbLine
 10
-48.5587341772
 20
74.155
 30
0.0
 11
-48.5587341772
 21
86.3068987342
 31
0.0
  0
LINE
  5
7A3
330
1F
100
AcDbEntity
  8
0
  6
Continuous
 62
     7
370
    15
100
AcDbLine
 10
-44.7612658228
 20
74.155
 30
0.0
 11
-48.5587341772
 21
74.155
 31
0.0
  0
LINE
  5
7A4
330
1F
100
AcDbEntity
  8
0
  6
Continuous
 62
     7
370
    15
100
AcDbLine
 10
-16.2117302625
 20
19.165
 30
0.0
 11
-21.1158046296
 21
11.8815743671
 31
0.0
  0
LINE
  5
7A5
330
1F
100
AcDbEntity
  8
0
  6
Continuous
 62
     7
370
    15
100
AcDbLine
 10
-20.3563109587
 20
19.165
 30
0.0
 11
-16.2117302625
 21
19.165
 31
0.0
  0
LINE
  5
7A6
330
1F
100
AcDbEntity
  8
0
  6
Continuous
 62
     7
370
    15
100
AcDbLine
 10
-23.1688109587
 20
14.6436392405
 30
0.0
 11
-20.3563109587
 21
19.165
 31
0.0
  0
LINE
  5
7A7
330
1F
100
AcDbEntity
  8
0
  6
Continuous
 62
     7
370
    15
100
AcDbLine
 10
-25.92790906
 20
19.165
 30
0.0
 11
-23.1688109587
 21
14.6436392405
 31
0.0
  0
LINE
  5
7A8
330
1F
100
AcDbEntity
  8
0
  6
Continuous
 62
     7
370
    15
100
AcDbLine
 10
-30.2623631739
 20
19.165
 30
0.0
 11
-25.92790906
 21
19.165
 31
0.0
  0
LINE
  5
7A9
330
1F
100
AcDbEntity
  8
0
  6
Continuous
 62
     7
370
    15
100
AcDbLine
 10
-25.3582888068
 20
11.7332357595
 30
0.0
 11
-30.2623631739
 21
19.165
 31
0.0
  0
LINE
  5
7AA
330
1F
100
AcDbEntity
  8
0
  6
Continuous
 62
     7
370
    15
100
AcDbLine
 10
-30.4522365917
 20
4.165
 30
0.0
 11
-25.3582888068
 21
11.7332357595
 31
0.0
  0
LINE
  5
7AB
330
1F
100
AcDbEntity
  8
0
  6
Continuous
 62
     7
370
    15
100
AcDbLine
 10
-26.3076558955
 20
4.165
 30
0.0
 11
-30.4522365917
 21
4.165
 31
0.0
  0
LINE
  5
7AC
330
1F
100
AcDbEntity
  8
0
  6
Continuous
 62
     7
370
    15
100
AcDbLine
 10
-23.3052824777
 20
8.9682041139
 30
0.0
 11
-26.3076558955
 21
4.165
 31
0.0
  0
LINE
  5
7AD
330
1F
100
AcDbEntity
  8
0
  6
Continuous
 62
     7
370
    15
100
AcDbLine
 10
-20.3592777309
 20
4.165
 30
0.0
 11
-23.3052824777
 21
8.9682041139
 31
0.0
  0
LINE
  5
7AE
330
1F
100
AcDbEntity
  8
0
  6
Continuous
 62
     7
370
    15
100
AcDbLine
 10
-16.0218568448
 20
4.165
 30
0.0
 11
-20.3592777309
 21
4.165
 31
0.0
  0
LINE
  5
7AF
330
1F
100
AcDbEntity
  8
0
  6
Continuous
 62
     7
370
    15
100
AcDbLine
 10
-21.1158046296
 20
11.8815743671
 30
0.0
 11
-16.0218568448
 21
4.165
 31
0.0
  0
LINE
  5
7B0
330
1F
100
AcDbEntity
  8
0
  6
Continuous
 62
     7
370
    15
100
AcDbLine
 10
-75.0853909359
 20
19.165
 30
0.0
 11
-70.4690934675
 21
19.165
 31
0.0
  0
LINE
  5
7B1
330
1F
100
AcDbEntity
  8
0
  6
Continuous
 62
     7
370
    15
100
AcDbLine
 10
-75.0853909359
 20
8.0131012658
 30
0.0
 11
-75.0853909359
 21
19.165
 31
0.0
  0
LINE
  5
7B2
330
1F
100
AcDbEntity
  8
0
  6
Continuous
 62
     7
370
    15
100
AcDbLine
 10
-71.2879225815
 20
8.0131012658
 30
0.0
 11
-75.0853909359
 21
8.0131012658
 31
0.0
  0
LINE
  5
7B3
330
1F
100
AcDbEntity
  8
0
  6
Continuous
 62
     7
370
    15
100
AcDbLine
 10
-71.2879225815
 20
16.3168987342
 30
0.0
 11
-71.2879225815
 21
8.0131012658
 31
0.0
  0
LINE
  5
7B4
330
1F
100
AcDbEntity
  8
0
  6
Continuous
 62
     7
370
    15
100
AcDbLine
 10
-71.219686822
 20
16.3168987342
 30
0.0
 11
-71.2879225815
 21
16.3168987342
 31
0.0
  0
LINE
  5
7B5
330
1F
100
AcDbEntity
  8
0
  6
Continuous
 62
     7
370
    15
100
AcDbLine
 10
-75.0853909359
 20
7.0131012658
 30
0.0
 11
-71.219686822
 21
7.0131012658
 31
0.0
  0
LINE
  5
7B6
330
1F
100
AcDbEntity
  8
0
  6
Continuous
 62
     7
370
    15
100
AcDbLine
 10
-75.0853909359
 20
4.165
 30
0.0
 11
-75.0853909359
 21
7.0131012658
 31
0.0
  0
LINE
  5
7B7
330
1F
100
AcDbEntity
  8
0
  6
Continuous
 62
     7
370
    15
100
AcDbLine
 10
-70.4275586574
 20
4.165
 30
0.0
 11
-75.0853909359
 21
4.165
 31
0.0
  0
LINE
  5
7B8
330
1F
100
AcDbEntity
  8
0
  6
Continuous
 62
     7
370
    15
100
AcDbLine
 10
-113.4626944887
 20
19.165
 30
0.0
 11
-109.0896723368
 21
19.165
 31
0.0
  0
LINE
  5
7B9
330
1F
100
AcDbEntity
  8
0
  6
Continuous
 62
     7
370
    15
100
AcDbLine
 10
-116.6757087293
 20
11.8133386076
 30
0.0
 11
-113.4626944887
 21
19.165
 31
0.0
  0
LINE
  5
7BA
330
1F
100
AcDbEntity
  8
0
  6
Continuous
 62
     7
370
    15
100
AcDbLine
 10
-119.9005900584
 20
19.165
 30
0.0
 11
-116.6757087293
 21
11.8133386076
 31
0.0
  0
LINE
  5
7BB
330
1F
100
AcDbEntity
  8
0
  6
Continuous
 62
     7
370
    15
100
AcDbLine
 10
-124.2795457546
 20
19.165
 30
0.0
 11
-119.9005900584
 21
19.165
 31
0.0
  0
LINE
  5
7BC
330
1F
100
AcDbEntity
  8
0
  6
Continuous
 62
     7
370
    15
100
AcDbLine
 10
-124.2795457546
 20
4.165
 30
0.0
 11
-124.2795457546
 21
19.165
 31
0.0
  0
LINE
  5
7BD
330
1F
100
AcDbEntity
  8
0
  6
Continuous
 62
     7
370
    15
100
AcDbLine
 10
-120.6719508179
 20
4.165
 30
0.0
 11
-124.2795457546
 21
4.165
 31
0.0
  0
LINE
  5
7BE
330
1F
100
AcDbEntity
  8
0
  6
Continuous
 62
     7
370
    15
100
AcDbLine
 10
-120.6719508179
 20
14.145221519
 30
0.0
 11
-120.6719508179
 21
4.165
 31
0.0
  0
LINE
  5
7BF
330
1F
100
AcDbEntity
  8
0
  6
Continuous
 62
     7
370
    15
100
AcDbLine
 10
-118.0255900584
 20
7.7725949367
 30
0.0
 11
-120.6719508179
 21
14.145221519
 31
0.0
  0
LINE
  5
7C0
330
1F
100
AcDbEntity
  8
0
  6
Continuous
 62
     7
370
    15
100
AcDbLine
 10
-115.5335014508
 20
7.7725949367
 30
0.0
 11
-118.0255900584
 21
7.7725949367
 31
0.0
  0
LINE
  5
7C1
330
1F
100
AcDbEntity
  8
0
  6
Continuous
 62
     7
370
    15
100
AcDbLine
 10
-112.8871406913
 20
14.145221519
 30
0.0
 11
-115.5335014508
 21
7.7725949367
 31
0.0
  0
LINE
  5
7C2
330
1F
100
AcDbEntity
  8
0
  6
Continuous
 62
     7
370
    15
100
AcDbLine
 10
-112.8871406913
 20
4.165
 30
0.0
 11
-112.8871406913
 21
14.145221519
 31
0.0
  0
LINE
  5
7C3
330
1F
100
AcDbEntity
  8
0
  6
Continuous
 62
     7
370
    15
100
AcDbLine
 10
-109.0896723368
 20
4.165
 30
0.0
 11
-112.8871406913
 21
4.165
 31
0.0
  0
LINE
  5
7C4
330
1F
100
AcDbEntity
  8
0
  6
Continuous
 62
     7
370
    15
100
AcDbLine
 10
-109.0896723368
 20
19.165
 30
0.0
 11
-109.0896723368
 21
4.165
 31
0.0
  0
LINE
  5
7C5
330
1F
100
AcDbEntity
  8
0
  6
Continuous
 62
     7
370
    15
100
AcDbLine
 10
118.5487341772
 20
16.3168987342
 30
0.0
 11
118.5487341772
 21
4.165
 31
0.0
  0
LINE
  5
7C6
330
1F
100
AcDbEntity
  8
0
  6
Continuous
 62
     7
370
    15
100
AcDbLine
 10
122.9158227848
 20
16.3168987342
 30
0.0
 11
118.5487341772
 21
16.3168987342
 31
0.0
  0
LINE
  5
7C7
330
1F
100
AcDbEntity
  8
0
  6
Continuous
 62
     7
370
    15
100
AcDbLine
 10
122.9158227848
 20
19.165
 30
0.0
 11
122.9158227848
 21
16.3168987342
 31
0.0
  0
LINE
  5
7C8
330
1F
100
AcDbEntity
  8
0
  6
Continuous
 62
     7
370
    15
100
AcDbLine
 10
110.3841772152
 20
19.165
 30
0.0
 11
122.9158227848
 21
19.165
 31
0.0
  0
LINE
  5
7C9
330
1F
100
AcDbEntity
  8
0
  6
Continuous
 62
     7
370
    15
100
AcDbLine
 10
110.3841772152
 20
16.3168987342
 30
0.0
 11
110.3841772152
 21
19.165
 31
0.0
  0
LINE
  5
7CA
330
1F
100
AcDbEntity
  8
0
  6
Continuous
 62
     7
370
    15
100
AcDbLine
 10
114.7512658228
 20
16.3168987342
 30
0.0
 11
110.3841772152
 21
16.3168987342
 31
0.0
  0
LINE
  5
7CB
330
1F
100
AcDbEntity
  8
0
  6
Continuous
 62
     7
370
    15
100
AcDbLine
 10
114.7512658228
 20
4.165
 30
0.0
 11
114.7512658228
 21
16.3168987342
 31
0.0
  0
LINE
  5
7CC
330
1F
100
AcDbEntity
  8
0
  6
Continuous
 62
     7
370
    15
100
AcDbLine
 10
118.5487341772
 20
4.165
 30
0.0
 11
114.7512658228
 21
4.165
 31
0.0
  0
LINE
  5
7CD
330
1F
100
AcDbEntity
  8
0
  6
Continuous
 62
     7
370
    15
100
AcDbLine
 10
-90.3928561301
 20
-4.165
 30
0.0
 11
-86.9751346111
 21
-4.165
 31
0.0
  0
LINE
  5
7CE
330
1F
100
AcDbEntity
  8
0
  6
Continuous
 62
     7
370
    15
100
AcDbLine
 10
-90.3928561301
 20
-12.7567721519
 30
0.0
 11
-90.3928561301
 21
-4.165
 31
0.0
  0
LINE
  5
7CF
330
1F
100
AcDbEntity
  8
0
  6
Continuous
 62
     7
370
    15
100
AcDbLine
 10
-95.115957396
 20
-4.165
 30
0.0
 11
-90.3928561301
 21
-12.7567721519
 31
0.0
  0
LINE
  5
7D0
330
1F
100
AcDbEntity
  8
0
  6
Continuous
 62
     7
370
    15
100
AcDbLine
 10
-99.6966535985
 20
-4.165
 30
0.0
 11
-95.115957396
 21
-4.165
 31
0.0
  0
LINE
  5
7D1
330
1F
100
AcDbEntity
  8
0
  6
Continuous
 62
     7
370
    15
100
AcDbLine
 10
-99.6966535985
 20
-19.165
 30
0.0
 11
-99.6966535985
 21
-4.165
 31
0.0
  0
LINE
  5
7D2
330
1F
100
AcDbEntity
  8
0
  6
Continuous
 62
     7
370
    15
100
AcDbLine
 10
-96.2789320795
 20
-19.165
 30
0.0
 11
-99.6966535985
 21
-19.165
 31
0.0
  0
LINE
  5
7D3
330
1F
100
AcDbEntity
  8
0
  6
Continuous
 62
     7
370
    15
100
AcDbLine
 10
-96.2789320795
 20
-8.7071281646
 30
0.0
 11
-96.2789320795
 21
-19.165
 31
0.0
  0
LINE
  5
7D4
330
1F
100
AcDbEntity
  8
0
  6
Continuous
 62
     7
370
    15
100
AcDbLine
 10
-90.5708624592
 20
-19.165
 30
0.0
 11
-96.2789320795
 21
-8.7071281646
 31
0.0
  0
LINE
  5
7D5
330
1F
100
AcDbEntity
  8
0
  6
Continuous
 62
     7
370
    15
100
AcDbLine
 10
-86.9751346111
 20
-19.165
 30
0.0
 11
-90.5708624592
 21
-19.165
 31
0.0
  0
LINE
  5
7D6
330
1F
100
AcDbEntity
  8
0
  6
Continuous
 62
     7
370
    15
100
AcDbLine
 10
-86.9751346111
 20
-4.165
 30
0.0
 11
-86.9751346111
 21
-19.165
 31
0.0
  0
LINE
  5
7D7
330
1F
100
AcDbEntity
  8
0
  6
Continuous
 62
     7
370
    15
100
AcDbLine
 10
95.2187341772
 20
6.8232278481
 30
0.0
 11
97.3073417722
 21
6.8232278481
 31
0.0
  0
LINE
  5
7D8
330
1F
100
AcDbEntity
  8
0
  6
Continuous
 62
     7
370
    15
100
AcDbLine
 10
95.2187341772
 20
16.5067721519
 30
0.0
 11
95.2187341772
 21
6.8232278481
 31
0.0
  0
LINE
  5
7D9
330
1F
100
AcDbEntity
  8
0
  6
Continuous
 62
     7
370
    15
100
AcDbLine
 10
97.3073417722
 20
16.5067721519
 30
0.0
 11
95.2187341772
 21
16.5067721519
 31
0.0
  0
LINE
  5
7DA
330
1F
100
AcDbEntity
  8
0
  6
Continuous
 62
     7
370
    15
100
AcDbLine
 10
97.3073417722
 20
19.165
 30
0.0
 11
97.3073417722
 21
16.5067721519
 31
0.0
  0
LINE
  5
7DB
330
1F
100
AcDbEntity
  8
0
  6
Continuous
 62
     7
370
    15
100
AcDbLine
 10
89.3326582278
 20
19.165
 30
0.0
 11
97.3073417722
 21
19.165
 31
0.0
  0
LINE
  5
7DC
330
1F
100
AcDbEntity
  8
0
  6
Continuous
 62
     7
370
    15
100
AcDbLine
 10
89.3326582278
 20
16.5067721519
 30
0.0
 11
89.3326582278
 21
19.165
 31
0.0
  0
LINE
  5
7DD
330
1F
100
AcDbEntity
  8
0
  6
Continuous
 62
     7
370
    15
100
AcDbLine
 10
91.4212658228
 20
16.5067721519
 30
0.0
 11
89.3326582278
 21
16.5067721519
 31
0.0
  0
LINE
  5
7DE
330
1F
100
AcDbEntity
  8
0
  6
Continuous
 62
     7
370
    15
100
AcDbLine
 10
91.4212658228
 20
6.8232278481
 30
0.0
 11
91.4212658228
 21
16.5067721519
 31
0.0
  0
LINE
  5
7DF
330
1F
100
AcDbEntity
  8
0
  6
Continuous
 62
     7
370
    15
100
AcDbLine
 10
89.3326582278
 20
6.8232278481
 30
0.0
 11
91.4212658228
 21
6.8232278481
 31
0.0
  0
LINE
  5
7E0
330
1F
100
AcDbEntity
  8
0
  6
Continuous
 62
     7
370
    15
100
AcDbLine
 10
89.3326582278
 20
4.165
 30
0.0
 11
89.3326582278
 21
6.8232278481
 31
0.0
  0
LINE
  5
7E1
330
1F
100
AcDbEntity
  8
0
  6
Continuous
 62
     7
370
    15
100
AcDbLine
 10
97.3073417722
 20
4.165
 30
0.0
 11
89.3326582278
 21
4.165
 31
0.0
  0
LINE
  5
7E2
330
1F
100
AcDbEntity
  8
0
  6
Continuous
 62
     7
370
    15
100
AcDbLine
 10
97.3073417722
 20
6.8232278481
 30
0.0
 11
97.3073417722
 21
4.165
 31
0.0
  0
LINE
  5
7E3
330
1F
100
AcDbEntity
  8
0
  6
Continuous
 62
     7
370
    15
100
AcDbLine
 10
49.5635428818
 20
19.165
 30
0.0
 11
52.9812644008
 21
19.165
 31
0.0
  0
LINE
  5
7E4
330
1F
100
AcDbEntity
  8
0
  6
Continuous
 62
     7
370
    15
100
AcDbLine
 10
49.5635428818
 20
10.5732278481
 30
0.0
 11
49.5635428818
 21
19.165
 31
0.0
  0
LINE
  5
7E5
330
1F
100
AcDbEntity
  8
0
  6
Continuous
 62
     7
370
    15
100
AcDbLine
 10
44.840441616
 20
19.165
 30
0.0
 11
49.5635428818
 21
10.5732278481
 31
0.0
  0
LINE
  5
7E6
330
1F
100
AcDbEntity
  8
0
  6
Continuous
 62
     7
370
    15
100
AcDbLine
 10
40.2597454135
 20
19.165
 30
0.0
 11
44.840441616
 21
19.165
 31
0.0
  0
LINE
  5
7E7
330
1F
100
AcDbEntity
  8
0
  6
Continuous
 62
     7
370
    15
100
AcDbLine
 10
40.2597454135
 20
4.165
 30
0.0
 11
40.2597454135
 21
19.165
 31
0.0
  0
LINE
  5
7E8
330
1F
100
AcDbEntity
  8
0
  6
Continuous
 62
     7
370
    15
100
AcDbLine
 10
43.6774669325
 20
4.165
 30
0.0
 11
40.2597454135
 21
4.165
 31
0.0
  0
LINE
  5
7E9
330
1F
100
AcDbEntity
  8
0
  6
Continuous
 62
     7
370
    15
100
AcDbLine
 10
43.6774669325
 20
14.6228718354
 30
0.0
 11
43.6774669325
 21
4.165
 31
0.0
  0
LINE
  5
7EA
330
1F
100
AcDbEntity
  8
0
  6
Continuous
 62
     7
370
    15
100
AcDbLine
 10
49.3855365527
 20
4.165
 30
0.0
 11
43.6774669325
 21
14.6228718354
 31
0.0
  0
LINE
  5
7EB
330
1F
100
AcDbEntity
  8
0
  6
Continuous
 62
     7
370
    15
100
AcDbLine
 10
52.9812644008
 20
4.165
 30
0.0
 11
49.3855365527
 21
4.165
 31
0.0
  0
LINE
  5
7EC
330
1F
100
AcDbEntity
  8
0
  6
Continuous
 62
     7
370
    15
100
AcDbLine
 10
52.9812644008
 20
19.165
 30
0.0
 11
52.9812644008
 21
4.165
 31
0.0
  0
LINE
  5
7ED
330
1F
100
AcDbEntity
  8
0
  6
Continuous
 62
     7
370
    15
100
AcDbLine
 10
118.5487341772
 20
62.9768987342
 30
0.0
 11
118.5487341772
 21
50.825
 31
0.0
  0
LINE
  5
7EE
330
1F
100
AcDbEntity
  8
0
  6
Continuous
 62
     7
370
    15
100
AcDbLine
 10
122.9158227848
 20
62.9768987342
 30
0.0
 11
118.5487341772
 21
62.9768987342
 31
0.0
  0
LINE
  5
7EF
330
1F
100
AcDbEntity
  8
0
  6
Continuous
 62
     7
370
    15
100
AcDbLine
 10
122.9158227848
 20
65.825
 30
0.0
 11
122.9158227848
 21
62.9768987342
 31
0.0
  0
LINE
  5
7F0
330
1F
100
AcDbEntity
  8
0
  6
Continuous
 62
     7
370
    15
100
AcDbLine
 10
110.3841772152
 20
65.825
 30
0.0
 11
122.9158227848
 21
65.825
 31
0.0
  0
LINE
  5
7F1
330
1F
100
AcDbEntity
  8
0
  6
Continuous
 62
     7
370
    15
100
AcDbLine
 10
110.3841772152
 20
62.9768987342
 30
0.0
 11
110.3841772152
 21
65.825
 31
0.0
  0
LINE
  5
7F2
330
1F
100
AcDbEntity
  8
0
  6
Continuous
 62
     7
370
    15
100
AcDbLine
 10
114.7512658228
 20
62.9768987342
 30
0.0
 11
110.3841772152
 21
62.9768987342
 31
0.0
  0
LINE
  5
7F3
330
1F
100
AcDbEntity
  8
0
  6
Continuous
 62
     7
370
    15
100
AcDbLine
 10
114.7512658228
 20
50.825
 30
0.0
 11
114.7512658228
 21
62.9768987342
 31
0.0
  0
LINE
  5
7F4
330
1F
100
AcDbEntity
  8
0
  6
Continuous
 62
     7
370
    15
100
AcDbLine
 10
118.5487341772
 20
50.825
 30
0.0
 11
114.7512658228
 21
50.825
 31
0.0
  0
LINE
  5
7F5
330
1F
100
AcDbEntity
  8
0
  6
Continuous
 62
     7
370
    15
100
AcDbLine
 10
-87.0458707152
 20
42.495
 30
0.0
 11
-87.0458707152
 21
32.8826582278
 31
0.0
  0
LINE
  5
7F6
330
1F
100
AcDbEntity
  8
0
  6
Continuous
 62
     7
370
    15
100
AcDbLine
 10
-90.8433390696
 20
42.495
 30
0.0
 11
-87.0458707152
 21
42.495
 31
0.0
  0
LINE
  5
7F7
330
1F
100
AcDbEntity
  8
0
  6
Continuous
 62
     7
370
    15
100
AcDbLine
 10
-90.8433390696
 20
33.0754984177
 30
0.0
 11
-90.8433390696
 21
42.495
 31
0.0
  0
LINE
  5
7F8
330
1F
100
AcDbEntity
  8
0
  6
Continuous
 62
     7
370
    15
100
AcDbLine
 10
-95.7800479304
 20
42.495
 30
0.0
 11
-95.7800479304
 21
33.0754984177
 31
0.0
  0
LINE
  5
7F9
330
1F
100
AcDbEntity
  8
0
  6
Continuous
 62
     7
370
    15
100
AcDbLine
 10
-99.5775162848
 20
42.495
 30
0.0
 11
-95.7800479304
 21
42.495
 31
0.0
  0
LINE
  5
7FA
330
1F
100
AcDbEntity
  8
0
  6
Continuous
 62
     7
370
    15
100
AcDbLine
 10
-99.5775162848
 20
32.8737579114
 30
0.0
 11
-99.5775162848
 21
42.495
 31
0.0
  0
LINE
  5
7FB
330
1F
100
AcDbEntity
  8
0
  6
Continuous
 62
     7
370
    15
100
AcDbLine
 10
88.2246090641
 20
65.825
 30
0.0
 11
94.0661834312
 21
65.825
 31
0.0
  0
LINE
  5
7FC
330
1F
100
AcDbEntity
  8
0
  6
Continuous
 62
     7
370
    15
100
AcDbLine
 10
88.2246090641
 20
62.9768987342
 30
0.0
 11
88.2246090641
 21
65.825
 31
0.0
  0
LINE
  5
7FD
330
1F
100
AcDbEntity
  8
0
  6
Continuous
 62
     7
370
    15
100
AcDbLine
 10
92.5679634945
 20
62.9768987342
 30
0.0
 11
88.2246090641
 21
62.9768987342
 31
0.0
  0
LINE
  5
7FE
330
1F
100
AcDbEntity
  8
0
  6
Continuous
 62
     7
370
    15
100
AcDbLine
 10
88.2246090641
 20
58.6098101266
 30
0.0
 11
92.2890869122
 21
58.6098101266
 31
0.0
  0
LINE
  5
7FF
330
1F
100
AcDbEntity
  8
0
  6
Continuous
 62
     7
370
    15
100
AcDbLine
 10
88.2246090641
 20
50.825
 30
0.0
 11
88.2246090641
 21
58.6098101266
 31
0.0
  0
LINE
  5
800
330
1F
100
AcDbEntity
  8
0
  6
Continuous
 62
     7
370
    15
100
AcDbLine
 10
92.0220774185
 20
50.825
 30
0.0
 11
88.2246090641
 21
50.825
 31
0.0
  0
LINE
  5
801
330
1F
100
AcDbEntity
  8
0
  6
Continuous
 62
     7
370
    15
100
AcDbLine
 10
92.0220774185
 20
55.7617088608
 30
0.0
 11
92.0220774185
 21
50.825
 31
0.0
  0
LINE
  5
802
330
1F
100
AcDbEntity
  8
0
  6
Continuous
 62
     7
370
    15
100
AcDbLine
 10
93.9979476717
 20
55.7617088608
 30
0.0
 11
92.0220774185
 21
55.7617088608
 31
0.0
  0
LINE
  5
803
330
1F
100
AcDbEntity
  8
0
  6
Continuous
 62
     7
370
    15
100
AcDbLine
 10
52.0076470388
 20
61.8376582278
 30
0.0
 11
51.6753685578
 21
61.8376582278
 31
0.0
  0
LINE
  5
804
330
1F
100
AcDbEntity
  8
0
  6
Continuous
 62
     7
370
    15
100
AcDbLine
 10
52.0076470388
 20
65.2108781646
 30
0.0
 11
52.0076470388
 21
61.8376582278
 31
0.0
  0
LINE
  5
805
330
1F
100
AcDbEntity
  8
0
  6
Continuous
 62
     7
370
    15
100
AcDbLine
 10
40.8051153932
 20
55.1920886076
 30
0.0
 11
41.1433274185
 21
55.1920886076
 31
0.0
  0
LINE
  5
806
330
1F
100
AcDbEntity
  8
0
  6
Continuous
 62
     7
370
    15
100
AcDbLine
 10
40.8051153932
 20
51.6082278481
 30
0.0
 11
40.8051153932
 21
55.1920886076
 31
0.0
  0
LINE
  5
807
330
1F
100
AcDbEntity
  8
0
  6
Continuous
 62
     7
370
    15
100
AcDbLine
 10
-17.8236708861
 20
38.5076582278
 30
0.0
 11
-18.1559493671
 21
38.5076582278
 31
0.0
  0
LINE
  5
808
330
1F
100
AcDbEntity
  8
0
  6
Continuous
 62
     7
370
    15
100
AcDbLine
 10
-17.8236708861
 20
41.8808781646
 30
0.0
 11
-17.8236708861
 21
38.5076582278
 31
0.0
  0
LINE
  5
809
330
1F
100
AcDbEntity
  8
0
  6
Continuous
 62
     7
370
    15
100
AcDbLine
 10
-29.0262025316
 20
31.8620886076
 30
0.0
 11
-28.6879905063
 21
31.8620886076
 31
0.0
  0
LINE
  5
80A
330
1F
100
AcDbEntity
  8
0
  6
Continuous
 62
     7
370
    15
100
AcDbLine
 10
-29.0262025316
 20
28.2782278481
 30
0.0
 11
-29.0262025316
 21
31.8620886076
 31
0.0
  0
LINE
  5
80B
330
1F
100
AcDbEntity
  8
0
  6
Continuous
 62
     7
370
    15
100
AcDbLine
 10
30.4243142084
 20
42.495
 30
0.0
 11
25.5202398413
 21
35.2115743671
 31
0.0
  0
LINE
  5
80C
330
1F
100
AcDbEntity
  8
0
  6
Continuous
 62
     7
370
    15
100
AcDbLine
 10
26.2797335122
 20
42.495
 30
0.0
 11
30.4243142084
 21
42.495
 31
0.0
  0
LINE
  5
80D
330
1F
100
AcDbEntity
  8
0
  6
Continuous
 62
     7
370
    15
100
AcDbLine
 10
23.4672335122
 20
37.9736392405
 30
0.0
 11
26.2797335122
 21
42.495
 31
0.0
  0
LINE
  5
80E
330
1F
100
AcDbEntity
  8
0
  6
Continuous
 62
     7
370
    15
100
AcDbLine
 10
20.7081354109
 20
42.495
 30
0.0
 11
23.4672335122
 21
37.9736392405
 31
0.0
  0
LINE
  5
80F
330
1F
100
AcDbEntity
  8
0
  6
Continuous
 62
     7
370
    15
100
AcDbLine
 10
16.373681297
 20
42.495
 30
0.0
 11
20.7081354109
 21
42.495
 31
0.0
  0
LINE
  5
810
330
1F
100
AcDbEntity
  8
0
  6
Continuous
 62
     7
370
    15
100
AcDbLine
 10
21.2777556641
 20
35.0632357595
 30
0.0
 11
16.373681297
 21
42.495
 31
0.0
  0
LINE
  5
811
330
1F
100
AcDbEntity
  8
0
  6
Continuous
 62
     7
370
    15
100
AcDbLine
 10
16.1838078793
 20
27.495
 30
0.0
 11
21.2777556641
 21
35.0632357595
 31
0.0
  0
LINE
  5
812
330
1F
100
AcDbEntity
  8
0
  6
Continuous
 62
     7
370
    15
100
AcDbLine
 10
20.3283885755
 20
27.495
 30
0.0
 11
16.1838078793
 21
27.495
 31
0.0
  0
LINE
  5
813
330
1F
100
AcDbEntity
  8
0
  6
Continuous
 62
     7
370
    15
100
AcDbLine
 10
23.3307619932
 20
32.2982041139
 30
0.0
 11
20.3283885755
 21
27.495
 31
0.0
  0
LINE
  5
814
330
1F
100
AcDbEntity
  8
0
  6
Continuous
 62
     7
370
    15
100
AcDbLine
 10
26.27676674
 20
27.495
 30
0.0
 11
23.3307619932
 21
32.2982041139
 31
0.0
  0
LINE
  5
815
330
1F
100
AcDbEntity
  8
0
  6
Continuous
 62
     7
370
    15
100
AcDbLine
 10
30.6141876261
 20
27.495
 30
0.0
 11
26.27676674
 21
27.495
 31
0.0
  0
LINE
  5
816
330
1F
100
AcDbEntity
  8
0
  6
Continuous
 62
     7
370
    15
100
AcDbLine
 10
25.5202398413
 20
35.2115743671
 30
0.0
 11
30.6141876261
 21
27.495
 31
0.0
  0
LINE
  5
817
330
1F
100
AcDbEntity
  8
0
  6
Continuous
 62
     7
370
    15
100
AcDbLine
 10
71.8887341772
 20
30.1532278481
 30
0.0
 11
73.9773417722
 21
30.1532278481
 31
0.0
  0
LINE
  5
818
330
1F
100
AcDbEntity
  8
0
  6
Continuous
 62
     7
370
    15
100
AcDbLine
 10
71.8887341772
 20
39.8367721519
 30
0.0
 11
71.8887341772
 21
30.1532278481
 31
0.0
  0
LINE
  5
819
330
1F
100
AcDbEntity
  8
0
  6
Continuous
 62
     7
370
    15
100
AcDbLine
 10
73.9773417722
 20
39.8367721519
 30
0.0
 11
71.8887341772
 21
39.8367721519
 31
0.0
  0
LINE
  5
81A
330
1F
100
AcDbEntity
  8
0
  6
Continuous
 62
     7
370
    15
100
AcDbLine
 10
73.9773417722
 20
42.495
 30
0.0
 11
73.9773417722
 21
39.8367721519
 31
0.0
  0
LINE
  5
81B
330
1F
100
AcDbEntity
  8
0
  6
Continuous
 62
     7
370
    15
100
AcDbLine
 10
66.0026582278
 20
42.495
 30
0.0
 11
73.9773417722
 21
42.495
 31
0.0
  0
LINE
  5
81C
330
1F
100
AcDbEntity
  8
0
  6
Continuous
 62
     7
370
    15
100
AcDbLine
 10
66.0026582278
 20
39.8367721519
 30
0.0
 11
66.0026582278
 21
42.495
 31
0.0
  0
LINE
  5
81D
330
1F
100
AcDbEntity
  8
0
  6
Continuous
 62
     7
370
    15
100
AcDbLine
 10
68.0912658228
 20
39.8367721519
 30
0.0
 11
66.0026582278
 21
39.8367721519
 31
0.0
  0
LINE
  5
81E
330
1F
100
AcDbEntity
  8
0
  6
Continuous
 62
     7
370
    15
100
AcDbLine
 10
68.0912658228
 20
30.1532278481
 30
0.0
 11
68.0912658228
 21
39.8367721519
 31
0.0
  0
LINE
  5
81F
330
1F
100
AcDbEntity
  8
0
  6
Continuous
 62
     7
370
    15
100
AcDbLine
 10
66.0026582278
 20
30.1532278481
 30
0.0
 11
68.0912658228
 21
30.1532278481
 31
0.0
  0
LINE
  5
820
330
1F
100
AcDbEntity
  8
0
  6
Continuous
 62
     7
370
    15
100
AcDbLine
 10
66.0026582278
 20
27.495
 30
0.0
 11
66.0026582278
 21
30.1532278481
 31
0.0
  0
LINE
  5
821
330
1F
100
AcDbEntity
  8
0
  6
Continuous
 62
     7
370
    15
100
AcDbLine
 10
73.9773417722
 20
27.495
 30
0.0
 11
66.0026582278
 21
27.495
 31
0.0
  0
LINE
  5
822
330
1F
100
AcDbEntity
  8
0
  6
Continuous
 62
     7
370
    15
100
AcDbLine
 10
73.9773417722
 20
30.1532278481
 30
0.0
 11
73.9773417722
 21
27.495
 31
0.0
  0
LINE
  5
823
330
1F
100
AcDbEntity
  8
0
  6
Continuous
 62
     7
370
    15
100
AcDbLine
 10
-114.7512658228
 20
100.1432278481
 30
0.0
 11
-112.6626582278
 21
100.1432278481
 31
0.0
  0
LINE
  5
824
330
1F
100
AcDbEntity
  8
0
  6
Continuous
 62
     7
370
    15
100
AcDbLine
 10
-114.7512658228
 20
109.8267721519
 30
0.0
 11
-114.7512658228
 21
100.1432278481
 31
0.0
  0
LINE
  5
825
330
1F
100
AcDbEntity
  8
0
  6
Continuous
 62
     7
370
    15
100
AcDbLine
 10
-112.6626582278
 20
109.8267721519
 30
0.0
 11
-114.7512658228
 21
109.8267721519
 31
0.0
  0
LINE
  5
826
330
1F
100
AcDbEntity
  8
0
  6
Continuous
 62
     7
370
    15
100
AcDbLine
 10
-112.6626582278
 20
112.485
 30
0.0
 11
-112.6626582278
 21
109.8267721519
 31
0.0
  0
LINE
  5
827
330
1F
100
AcDbEntity
  8
0
  6
Continuous
 62
     7
370
    15
100
AcDbLine
 10
-120.6373417722
 20
112.485
 30
0.0
 11
-112.6626582278
 21
112.485
 31
0.0
  0
LINE
  5
828
330
1F
100
AcDbEntity
  8
0
  6
Continuous
 62
     7
370
    15
100
AcDbLine
 10
-120.6373417722
 20
109.8267721519
 30
0.0
 11
-120.6373417722
 21
112.485
 31
0.0
  0
LINE
  5
829
330
1F
100
AcDbEntity
  8
0
  6
Continuous
 62
     7
370
    15
100
AcDbLine
 10
-118.5487341772
 20
109.8267721519
 30
0.0
 11
-120.6373417722
 21
109.8267721519
 31
0.0
  0
LINE
  5
82A
330
1F
100
AcDbEntity
  8
0
  6
Continuous
 62
     7
370
    15
100
AcDbLine
 10
-118.5487341772
 20
100.1432278481
 30
0.0
 11
-118.5487341772
 21
109.8267721519
 31
0.0
  0
LINE
  5
82B
330
1F
100
AcDbEntity
  8
0
  6
Continuous
 62
     7
370
    15
100
AcDbLine
 10
-120.6373417722
 20
100.1432278481
 30
0.0
 11
-118.5487341772
 21
100.1432278481
 31
0.0
  0
LINE
  5
82C
330
1F
100
AcDbEntity
  8
0
  6
Continuous
 62
     7
370
    15
100
AcDbLine
 10
-120.6373417722
 20
97.485
 30
0.0
 11
-120.6373417722
 21
100.1432278481
 31
0.0
  0
LINE
  5
82D
330
1F
100
AcDbEntity
  8
0
  6
Continuous
 62
     7
370
    15
100
AcDbLine
 10
-112.6626582278
 20
97.485
 30
0.0
 11
-120.6373417722
 21
97.485
 31
0.0
  0
LINE
  5
82E
330
1F
100
AcDbEntity
  8
0
  6
Continuous
 62
     7
370
    15
100
AcDbLine
 10
-112.6626582278
 20
100.1432278481
 30
0.0
 11
-112.6626582278
 21
97.485
 31
0.0
  0
LINE
  5
82F
330
1F
100
AcDbEntity
  8
0
  6
Continuous
 62
     7
370
    15
100
AcDbLine
 10
-195.0
 20
-185.0
 30
0.0
 11
195.0
 21
-185.0
 31
0.0
  0
LINE
  5
830
330
1F
100
AcDbEntity
  8
0
  6
Continuous
 62
     7
370
    15
100
AcDbLine
 10
-195.0
 20
185.0
 30
0.0
 11
-195.0
 21
-185.0
 31
0.0
  0
LINE
  5
831
330
1F
100
AcDbEntity
  8
0
  6
Continuous
 62
     7
370
    15
100
AcDbLine
 10
195.0
 20
185.0
 30
0.0
 11
-195.0
 21
185.0
 31
0.0
  0
LINE
  5
832
330
1F
100
AcDbEntity
  8
0
  6
Continuous
 62
     7
370
    15
100
AcDbLine
 10
195.0
 20
-185.0
 30
0.0
 11
195.0
 21
185.0
 31
0.0
  0
LINE
  5
833
330
1F
100
AcDbEntity
  8
0
  6
Continuous
 62
     7
370
    15
100
AcDbLine
 10
96.3277686663
 20
42.495
 30
0.0
 11
99.7454901853
 21
42.495
 31
0.0
  0
LINE
  5
834
330
1F
100
AcDbEntity
  8
0
  6
Continuous
 62
     7
370
    15
100
AcDbLine
 10
96.3277686663
 20
33.9032278481
 30
0.0
 11
96.3277686663
 21
42.495
 31
0.0
  0
LINE
  5
835
330
1F
100
AcDbEntity
  8
0
  6
Continuous
 62
     7
370
    15
100
AcDbLine
 10
91.6046674005
 20
42.495
 30
0.0
 11
96.3277686663
 21
33.9032278481
 31
0.0
  0
LINE
  5
836
330
1F
100
AcDbEntity
  8
0
  6
Continuous
 62
     7
370
    15
100
AcDbLine
 10
87.0239711979
 20
42.495
 30
0.0
 11
91.6046674005
 21
42.495
 31
0.0
  0
LINE
  5
837
330
1F
100
AcDbEntity
  8
0
  6
Continuous
 62
     7
370
    15
100
AcDbLine
 10
87.0239711979
 20
27.495
 30
0.0
 11
87.0239711979
 21
42.495
 31
0.0
  0
LINE
  5
838
330
1F
100
AcDbEntity
  8
0
  6
Continuous
 62
     7
370
    15
100
AcDbLine
 10
90.4416927169
 20
27.495
 30
0.0
 11
87.0239711979
 21
27.495
 31
0.0
  0
LINE
  5
839
330
1F
100
AcDbEntity
  8
0
  6
Continuous
 62
     7
370
    15
100
AcDbLine
 10
90.4416927169
 20
37.9528718354
 30
0.0
 11
90.4416927169
 21
27.495
 31
0.0
  0
LINE
  5
83A
330
1F
100
AcDbEntity
  8
0
  6
Continuous
 62
     7
370
    15
100
AcDbLine
 10
96.1497623372
 20
27.495
 30
0.0
 11
90.4416927169
 21
37.9528718354
 31
0.0
  0
LINE
  5
83B
330
1F
100
AcDbEntity
  8
0
  6
Continuous
 62
     7
370
    15
100
AcDbLine
 10
99.7454901853
 20
27.495
 30
0.0
 11
96.1497623372
 21
27.495
 31
0.0
  0
LINE
  5
83C
330
1F
100
AcDbEntity
  8
0
  6
Continuous
 62
     7
370
    15
100
AcDbLine
 10
99.7454901853
 20
42.495
 30
0.0
 11
99.7454901853
 21
27.495
 31
0.0
  0
LINE
  5
83D
330
1F
100
AcDbEntity
  8
0
  6
Continuous
 62
     7
370
    15
100
AcDbLine
 10
51.2993428965
 20
31.8620886076
 30
0.0
 11
51.2993428965
 21
28.3850316456
 31
0.0
  0
LINE
  5
83E
330
1F
100
AcDbEntity
  8
0
  6
Continuous
 62
     7
370
    15
100
AcDbLine
 10
50.958164099
 20
31.8620886076
 30
0.0
 11
51.2993428965
 21
31.8620886076
 31
0.0
  0
LINE
  5
83F
330
1F
100
AcDbEntity
  8
0
  6
Continuous
 62
     7
370
    15
100
AcDbLine
 10
51.2993428965
 20
38.1279113924
 30
0.0
 11
50.9166292889
 21
38.1279113924
 31
0.0
  0
LINE
  5
840
330
1F
100
AcDbEntity
  8
0
  6
Continuous
 62
     7
370
    15
100
AcDbLine
 10
51.2993428965
 20
41.6465031646
 30
0.0
 11
51.2993428965
 21
38.1279113924
 31
0.0
  0
LINE
  5
841
330
1F
100
AcDbEntity
  8
0
  6
Continuous
 62
     7
370
    15
100
AcDbLine
 10
1.8987341772
 20
30.1532278481
 30
0.0
 11
3.9873417722
 21
30.1532278481
 31
0.0
  0
LINE
  5
842
330
1F
100
AcDbEntity
  8
0
  6
Continuous
 62
     7
370
    15
100
AcDbLine
 10
1.8987341772
 20
39.8367721519
 30
0.0
 11
1.8987341772
 21
30.1532278481
 31
0.0
  0
LINE
  5
843
330
1F
100
AcDbEntity
  8
0
  6
Continuous
 62
     7
370
    15
100
AcDbLine
 10
3.9873417722
 20
39.8367721519
 30
0.0
 11
1.8987341772
 21
39.8367721519
 31
0.0
  0
LINE
  5
844
330
1F
100
AcDbEntity
  8
0
  6
Continuous
 62
     7
370
    15
100
AcDbLine
 10
3.9873417722
 20
42.495
 30
0.0
 11
3.9873417722
 21
39.8367721519
 31
0.0
  0
LINE
  5
845
330
1F
100
AcDbEntity
  8
0
  6
Continuous
 62
     7
370
    15
100
AcDbLine
 10
-3.9873417722
 20
42.495
 30
0.0
 11
3.9873417722
 21
42.495
 31
0.0
  0
LINE
  5
846
330
1F
100
AcDbEntity
  8
0
  6
Continuous
 62
     7
370
    15
100
AcDbLine
 10
-3.9873417722
 20
39.8367721519
 30
0.0
 11
-3.9873417722
 21
42.495
 31
0.0
  0
LINE
  5
847
330
1F
100
AcDbEntity
  8
0
  6
Continuous
 62
     7
370
    15
100
AcDbLine
 10
-1.8987341772
 20
39.8367721519
 30
0.0
 11
-3.9873417722
 21
39.8367721519
 31
0.0
  0
LINE
  5
848
330
1F
100
AcDbEntity
  8
0
  6
Continuous
 62
     7
370
    15
100
AcDbLine
 10
-1.8987341772
 20
30.1532278481
 30
0.0
 11
-1.8987341772
 21
39.8367721519
 31
0.0
  0
LINE
  5
849
330
1F
100
AcDbEntity
  8
0
  6
Continuous
 62
     7
370
    15
100
AcDbLine
 10
-3.9873417722
 20
30.1532278481
 30
0.0
 11
-1.8987341772
 21
30.1532278481
 31
0.0
  0
LINE
  5
84A
330
1F
100
AcDbEntity
  8
0
  6
Continuous
 62
     7
370
    15
100
AcDbLine
 10
-3.9873417722
 20
27.495
 30
0.0
 11
-3.9873417722
 21
30.1532278481
 31
0.0
  0
LINE
  5
84B
330
1F
100
AcDbEntity
  8
0
  6
Continuous
 62
     7
370
    15
100
AcDbLine
 10
3.9873417722
 20
27.495
 30
0.0
 11
-3.9873417722
 21
27.495
 31
0.0
  0
LINE
  5
84C
330
1F
100
AcDbEntity
  8
0
  6
Continuous
 62
     7
370
    15
100
AcDbLine
 10
3.9873417722
 20
30.1532278481
 30
0.0
 11
3.9873417722
 21
27.495
 31
0.0
  0
LINE
  5
84D
330
1F
100
AcDbEntity
  8
0
  6
Continuous
 62
     7
370
    15
100
AcDbLine
 10
-44.7612658228
 20
39.6468987342
 30
0.0
 11
-44.7612658228
 21
27.495
 31
0.0
  0
LINE
  5
84E
330
1F
100
AcDbEntity
  8
0
  6
Continuous
 62
     7
370
    15
100
AcDbLine
 10
-40.3941772152
 20
39.6468987342
 30
0.0
 11
-44.7612658228
 21
39.6468987342
 31
0.0
  0
LINE
  5
84F
330
1F
100
AcDbEntity
  8
0
  6
Continuous
 62
     7
370
    15
100
AcDbLine
 10
-40.3941772152
 20
42.495
 30
0.0
 11
-40.3941772152
 21
39.6468987342
 31
0.0
  0
LINE
  5
850
330
1F
100
AcDbEntity
  8
0
  6
Continuous
 62
     7
370
    15
100
AcDbLine
 10
-52.9258227848
 20
42.495
 30
0.0
 11
-40.3941772152
 21
42.495
 31
0.0
  0
LINE
  5
851
330
1F
100
AcDbEntity
  8
0
  6
Continuous
 62
     7
370
    15
100
AcDbLine
 10
-52.9258227848
 20
39.6468987342
 30
0.0
 11
-52.9258227848
 21
42.495
 31
0.0
  0
LINE
  5
852
330
1F
100
AcDbEntity
  8
0
  6
Continuous
 62
     7
370
    15
100
AcDbLine
 10
-48.5587341772
 20
39.6468987342
 30
0.0
 11
-52.9258227848
 21
39.6468987342
 31
0.0
  0
LINE
  5
853
330
1F
100
AcDbEntity
  8
0
  6
Continuous
 62
     7
370
    15
100
AcDbLine
 10
-48.5587341772
 20
27.495
 30
0.0
 11
-48.5587341772
 21
39.6468987342
 31
0.0
  0
LINE
  5
854
330
1F
100
AcDbEntity
  8
0
  6
Continuous
 62
     7
370
    15
100
AcDbLine
 10
-44.7612658228
 20
27.495
 30
0.0
 11
-48.5587341772
 21
27.495
 31
0.0
  0
LINE
  5
855
330
1F
100
AcDbEntity
  8
0
  6
Continuous
 62
     7
370
    15
100
AcDbLine
 10
74.9579002034
 20
53.6731012658
 30
0.0
 11
74.9579002034
 21
50.825
 31
0.0
  0
LINE
  5
856
330
1F
100
AcDbEntity
  8
0
  6
Continuous
 62
     7
370
    15
100
AcDbLine
 10
68.6920774185
 20
53.6731012658
 30
0.0
 11
74.9579002034
 21
53.6731012658
 31
0.0
  0
LINE
  5
857
330
1F
100
AcDbEntity
  8
0
  6
Continuous
 62
     7
370
    15
100
AcDbLine
 10
68.6920774185
 20
57.4705696203
 30
0.0
 11
68.6920774185
 21
53.6731012658
 31
0.0
  0
LINE
  5
858
330
1F
100
AcDbEntity
  8
0
  6
Continuous
 62
     7
370
    15
100
AcDbLine
 10
74.3882799502
 20
57.4705696203
 30
0.0
 11
68.6920774185
 21
57.4705696203
 31
0.0
  0
LINE
  5
859
330
1F
100
AcDbEntity
  8
0
  6
Continuous
 62
     7
370
    15
100
AcDbLine
 10
74.3882799502
 20
60.3186708861
 30
0.0
 11
74.3882799502
 21
57.4705696203
 31
0.0
  0
LINE
  5
85A
330
1F
100
AcDbEntity
  8
0
  6
Continuous
 62
     7
370
    15
100
AcDbLine
 10
68.6920774185
 20
60.3186708861
 30
0.0
 11
74.3882799502
 21
60.3186708861
 31
0.0
  0
LINE
  5
85B
330
1F
100
AcDbEntity
  8
0
  6
Continuous
 62
     7
370
    15
100
AcDbLine
 10
68.6920774185
 20
62.9768987342
 30
0.0
 11
68.6920774185
 21
60.3186708861
 31
0.0
  0
LINE
  5
85C
330
1F
100
AcDbEntity
  8
0
  6
Continuous
 62
     7
370
    15
100
AcDbLine
 10
74.9579002034
 20
62.9768987342
 30
0.0
 11
68.6920774185
 21
62.9768987342
 31
0.0
  0
LINE
  5
85D
330
1F
100
AcDbEntity
  8
0
  6
Continuous
 62
     7
370
    15
100
AcDbLine
 10
74.9579002034
 20
65.825
 30
0.0
 11
74.9579002034
 21
62.9768987342
 31
0.0
  0
LINE
  5
85E
330
1F
100
AcDbEntity
  8
0
  6
Continuous
 62
     7
370
    15
100
AcDbLine
 10
64.8946090641
 20
65.825
 30
0.0
 11
74.9579002034
 21
65.825
 31
0.0
  0
LINE
  5
85F
330
1F
100
AcDbEntity
  8
0
  6
Continuous
 62
     7
370
    15
100
AcDbLine
 10
64.8946090641
 20
50.825
 30
0.0
 11
64.8946090641
 21
65.825
 31
0.0
  0
LINE
  5
860
330
1F
100
AcDbEntity
  8
0
  6
Continuous
 62
     7
370
    15
100
AcDbLine
 10
74.9579002034
 20
50.825
 30
0.0
 11
64.8946090641
 21
50.825
 31
0.0
  0
LINE
  5
861
330
1F
100
AcDbEntity
  8
0
  6
Continuous
 62
     7
370
    15
100
AcDbLine
 10
-68.0912658228
 20
30.1532278481
 30
0.0
 11
-66.0026582278
 21
30.1532278481
 31
0.0
  0
LINE
  5
862
330
1F
100
AcDbEntity
  8
0
  6
Continuous
 62
     7
370
    15
100
AcDbLine
 10
-68.0912658228
 20
39.8367721519
 30
0.0
 11
-68.0912658228
 21
30.1532278481
 31
0.0
  0
LINE
  5
863
330
1F
100
AcDbEntity
  8
0
  6
Continuous
 62
     7
370
    15
100
AcDbLine
 10
-66.0026582278
 20
39.8367721519
 30
0.0
 11
-68.0912658228
 21
39.8367721519
 31
0.0
  0
LINE
  5
864
330
1F
100
AcDbEntity
  8
0
  6
Continuous
 62
     7
370
    15
100
AcDbLine
 10
-66.0026582278
 20
42.495
 30
0.0
 11
-66.0026582278
 21
39.8367721519
 31
0.0
  0
LINE
  5
865
330
1F
100
AcDbEntity
  8
0
  6
Continuous
 62
     7
370
    15
100
AcDbLine
 10
-73.9773417722
 20
42.495
 30
0.0
 11
-66.0026582278
 21
42.495
 31
0.0
  0
LINE
  5
866
330
1F
100
AcDbEntity
  8
0
  6
Continuous
 62
     7
370
    15
100
AcDbLine
 10
-73.9773417722
 20
39.8367721519
 30
0.0
 11
-73.9773417722
 21
42.495
 31
0.0
  0
LINE
  5
867
330
1F
100
AcDbEntity
  8
0
  6
Continuous
 62
     7
370
    15
100
AcDbLine
 10
-71.8887341772
 20
39.8367721519
 30
0.0
 11
-73.9773417722
 21
39.8367721519
 31
0.0
  0
LINE
  5
868
330
1F
100
AcDbEntity
  8
0
  6
Continuous
 62
     7
370
    15
100
AcDbLine
 10
-71.8887341772
 20
30.1532278481
 30
0.0
 11
-71.8887341772
 21
39.8367721519
 31
0.0
  0
LINE
  5
869
330
1F
100
AcDbEntity
  8
0
  6
Continuous
 62
     7
370
    15
100
AcDbLine
 10
-73.9773417722
 20
30.1532278481
 30
0.0
 11
-71.8887341772
 21
30.1532278481
 31
0.0
  0
LINE
  5
86A
330
1F
100
AcDbEntity
  8
0
  6
Continuous
 62
     7
370
    15
100
AcDbLine
 10
-73.9773417722
 20
27.495
 30
0.0
 11
-73.9773417722
 21
30.1532278481
 31
0.0
  0
LINE
  5
86B
330
1F
100
AcDbEntity
  8
0
  6
Continuous
 62
     7
370
    15
100
AcDbLine
 10
-66.0026582278
 20
27.495
 30
0.0
 11
-73.9773417722
 21
27.495
 31
0.0
  0
LINE
  5
86C
330
1F
100
AcDbEntity
  8
0
  6
Continuous
 62
     7
370
    15
100
AcDbLine
 10
-66.0026582278
 20
30.1532278481
 30
0.0
 11
-66.0026582278
 21
27.495
 31
0.0
  0
LINE
  5
86D
330
1F
100
AcDbEntity
  8
0
  6
Continuous
 62
     7
370
    15
100
AcDbLine
 10
-114.0373857253
 20
42.495
 30
0.0
 11
-110.2399173709
 21
42.495
 31
0.0
  0
LINE
  5
86E
330
1F
100
AcDbEntity
  8
0
  6
Continuous
 62
     7
370
    15
100
AcDbLine
 10
-114.0373857253
 20
36.9886708861
 30
0.0
 11
-114.0373857253
 21
42.495
 31
0.0
  0
LINE
  5
86F
330
1F
100
AcDbEntity
  8
0
  6
Continuous
 62
     7
370
    15
100
AcDbLine
 10
-119.1639680038
 20
36.9886708861
 30
0.0
 11
-114.0373857253
 21
36.9886708861
 31
0.0
  0
LINE
  5
870
330
1F
100
AcDbEntity
  8
0
  6
Continuous
 62
     7
370
    15
100
AcDbLine
 10
-119.1639680038
 20
42.495
 30
0.0
 11
-119.1639680038
 21
36.9886708861
 31
0.0
  0
LINE
  5
871
330
1F
100
AcDbEntity
  8
0
  6
Continuous
 62
     7
370
    15
100
AcDbLine
 10
-122.9614363583
 20
42.495
 30
0.0
 11
-119.1639680038
 21
42.495
 31
0.0
  0
LINE
  5
872
330
1F
100
AcDbEntity
  8
0
  6
Continuous
 62
     7
370
    15
100
AcDbLine
 10
-122.9614363583
 20
27.495
 30
0.0
 11
-122.9614363583
 21
42.495
 31
0.0
  0
LINE
  5
873
330
1F
100
AcDbEntity
  8
0
  6
Continuous
 62
     7
370
    15
100
AcDbLine
 10
-119.1639680038
 20
27.495
 30
0.0
 11
-122.9614363583
 21
27.495
 31
0.0
  0
LINE
  5
874
330
1F
100
AcDbEntity
  8
0
  6
Continuous
 62
     7
370
    15
100
AcDbLine
 10
-119.1639680038
 20
34.1405696203
 30
0.0
 11
-119.1639680038
 21
27.495
 31
0.0
  0
LINE
  5
875
330
1F
100
AcDbEntity
  8
0
  6
Continuous
 62
     7
370
    15
100
AcDbLine
 10
-114.0373857253
 20
34.1405696203
 30
0.0
 11
-119.1639680038
 21
34.1405696203
 31
0.0
  0
LINE
  5
876
330
1F
100
AcDbEntity
  8
0
  6
Continuous
 62
     7
370
    15
100
AcDbLine
 10
-114.0373857253
 20
27.495
 30
0.0
 11
-114.0373857253
 21
34.1405696203
 31
0.0
  0
LINE
  5
877
330
1F
100
AcDbEntity
  8
0
  6
Continuous
 62
     7
370
    15
100
AcDbLine
 10
-110.2399173709
 20
27.495
 30
0.0
 11
-114.0373857253
 21
27.495
 31
0.0
  0
LINE
  5
878
330
1F
100
AcDbEntity
  8
0
  6
Continuous
 62
     7
370
    15
100
AcDbLine
 10
-110.2399173709
 20
42.495
 30
0.0
 11
-110.2399173709
 21
27.495
 31
0.0
  0
LINE
  5
879
330
1F
100
AcDbEntity
  8
0
  6
Continuous
 62
     7
370
    15
100
AcDbLine
 10
25.2287341772
 20
6.8232278481
 30
0.0
 11
27.3173417722
 21
6.8232278481
 31
0.0
  0
LINE
  5
87A
330
1F
100
AcDbEntity
  8
0
  6
Continuous
 62
     7
370
    15
100
AcDbLine
 10
25.2287341772
 20
16.5067721519
 30
0.0
 11
25.2287341772
 21
6.8232278481
 31
0.0
  0
LINE
  5
87B
330
1F
100
AcDbEntity
  8
0
  6
Continuous
 62
     7
370
    15
100
AcDbLine
 10
27.3173417722
 20
16.5067721519
 30
0.0
 11
25.2287341772
 21
16.5067721519
 31
0.0
  0
LINE
  5
87C
330
1F
100
AcDbEntity
  8
0
  6
Continuous
 62
     7
370
    15
100
AcDbLine
 10
27.3173417722
 20
19.165
 30
0.0
 11
27.3173417722
 21
16.5067721519
 31
0.0
  0
LINE
  5
87D
330
1F
100
AcDbEntity
  8
0
  6
Continuous
 62
     7
370
    15
100
AcDbLine
 10
19.3426582278
 20
19.165
 30
0.0
 11
27.3173417722
 21
19.165
 31
0.0
  0
LINE
  5
87E
330
1F
100
AcDbEntity
  8
0
  6
Continuous
 62
     7
370
    15
100
AcDbLine
 10
19.3426582278
 20
16.5067721519
 30
0.0
 11
19.3426582278
 21
19.165
 31
0.0
  0
LINE
  5
87F
330
1F
100
AcDbEntity
  8
0
  6
Continuous
 62
     7
370
    15
100
AcDbLine
 10
21.4312658228
 20
16.5067721519
 30
0.0
 11
19.3426582278
 21
16.5067721519
 31
0.0
  0
LINE
  5
880
330
1F
100
AcDbEntity
  8
0
  6
Continuous
 62
     7
370
    15
100
AcDbLine
 10
21.4312658228
 20
6.8232278481
 30
0.0
 11
21.4312658228
 21
16.5067721519
 31
0.0
  0
LINE
  5
881
330
1F
100
AcDbEntity
  8
0
  6
Continuous
 62
     7
370
    15
100
AcDbLine
 10
19.3426582278
 20
6.8232278481
 30
0.0
 11
21.4312658228
 21
6.8232278481
 31
0.0
  0
LINE
  5
882
330
1F
100
AcDbEntity
  8
0
  6
Continuous
 62
     7
370
    15
100
AcDbLine
 10
19.3426582278
 20
4.165
 30
0.0
 11
19.3426582278
 21
6.8232278481
 31
0.0
  0
LINE
  5
883
330
1F
100
AcDbEntity
  8
0
  6
Continuous
 62
     7
370
    15
100
AcDbLine
 10
27.3173417722
 20
4.165
 30
0.0
 11
19.3426582278
 21
4.165
 31
0.0
  0
LINE
  5
884
330
1F
100
AcDbEntity
  8
0
  6
Continuous
 62
     7
370
    15
100
AcDbLine
 10
27.3173417722
 20
6.8232278481
 30
0.0
 11
27.3173417722
 21
4.165
 31
0.0
  0
LINE
  5
885
330
1F
100
AcDbEntity
  8
0
  6
Continuous
 62
     7
370
    15
100
AcDbLine
 10
76.3430740435
 20
19.165
 30
0.0
 11
76.3430740435
 21
9.5526582278
 31
0.0
  0
LINE
  5
886
330
1F
100
AcDbEntity
  8
0
  6
Continuous
 62
     7
370
    15
100
AcDbLine
 10
72.5456056891
 20
19.165
 30
0.0
 11
76.3430740435
 21
19.165
 31
0.0
  0
LINE
  5
887
330
1F
100
AcDbEntity
  8
0
  6
Continuous
 62
     7
370
    15
100
AcDbLine
 10
72.5456056891
 20
9.7454984177
 30
0.0
 11
72.5456056891
 21
19.165
 31
0.0
  0
LINE
  5
888
330
1F
100
AcDbEntity
  8
0
  6
Continuous
 62
     7
370
    15
100
AcDbLine
 10
67.6088968283
 20
19.165
 30
0.0
 11
67.6088968283
 21
9.7454984177
 31
0.0
  0
LINE
  5
889
330
1F
100
AcDbEntity
  8
0
  6
Continuous
 62
     7
370
    15
100
AcDbLine
 10
63.8114284739
 20
19.165
 30
0.0
 11
67.6088968283
 21
19.165
 31
0.0
  0
LINE
  5
88A
330
1F
100
AcDbEntity
  8
0
  6
Continuous
 62
     7
370
    15
100
AcDbLine
 10
63.8114284739
 20
9.5437579114
 30
0.0
 11
63.8114284739
 21
19.165
 31
0.0
  0
LINE
  5
88B
330
1F
100
AcDbEntity
  8
0
  6
Continuous
 62
     7
370
    15
100
AcDbLine
 10
-71.2301107595
 20
-16.3168987342
 30
0.0
 11
-64.0089873418
 21
-16.3168987342
 31
0.0
  0
LINE
  5
88C
330
1F
100
AcDbEntity
  8
0
  6
Continuous
 62
     7
370
    15
100
AcDbLine
 10
-64.3887341772
 20
-7.0131012658
 30
0.0
 11
-71.2301107595
 21
-16.3168987342
 31
0.0
  0
LINE
  5
88D
330
1F
100
AcDbEntity
  8
0
  6
Continuous
 62
     7
370
    15
100
AcDbLine
 10
-64.3887341772
 20
-4.165
 30
0.0
 11
-64.3887341772
 21
-7.0131012658
 31
0.0
  0
LINE
  5
88E
330
1F
100
AcDbEntity
  8
0
  6
Continuous
 62
     7
370
    15
100
AcDbLine
 10
-75.4013924051
 20
-4.165
 30
0.0
 11
-64.3887341772
 21
-4.165
 31
0.0
  0
LINE
  5
88F
330
1F
100
AcDbEntity
  8
0
  6
Continuous
 62
     7
370
    15
100
AcDbLine
 10
-75.4013924051
 20
-7.0131012658
 30
0.0
 11
-75.4013924051
 21
-4.165
 31
0.0
  0
LINE
  5
890
330
1F
100
AcDbEntity
  8
0
  6
Continuous
 62
     7
370
    15
100
AcDbLine
 10
-68.9041613924
 20
-7.0131012658
 30
0.0
 11
-75.4013924051
 21
-7.0131012658
 31
0.0
  0
LINE
  5
891
330
1F
100
AcDbEntity
  8
0
  6
Continuous
 62
     7
370
    15
100
AcDbLine
 10
-75.7811392405
 20
-16.3673338608
 30
0.0
 11
-68.9041613924
 21
-7.0131012658
 31
0.0
  0
LINE
  5
892
330
1F
100
AcDbEntity
  8
0
  6
Continuous
 62
     7
370
    15
100
AcDbLine
 10
-75.7811392405
 20
-19.165
 30
0.0
 11
-75.7811392405
 21
-16.3673338608
 31
0.0
  0
LINE
  5
893
330
1F
100
AcDbEntity
  8
0
  6
Continuous
 62
     7
370
    15
100
AcDbLine
 10
-64.0089873418
 20
-19.165
 30
0.0
 11
-75.7811392405
 21
-19.165
 31
0.0
  0
LINE
  5
894
330
1F
100
AcDbEntity
  8
0
  6
Continuous
 62
     7
370
    15
100
AcDbLine
 10
-64.0089873418
 20
-16.3168987342
 30
0.0
 11
-64.0089873418
 21
-19.165
 31
0.0
  0
LINE
  5
895
330
1F
100
AcDbEntity
  8
0
  6
Continuous
 62
     7
370
    15
100
AcDbLine
 10
-91.4212658228
 20
6.8232278481
 30
0.0
 11
-89.3326582278
 21
6.8232278481
 31
0.0
  0
LINE
  5
896
330
1F
100
AcDbEntity
  8
0
  6
Continuous
 62
     7
370
    15
100
AcDbLine
 10
-91.4212658228
 20
16.5067721519
 30
0.0
 11
-91.4212658228
 21
6.8232278481
 31
0.0
  0
LINE
  5
897
330
1F
100
AcDbEntity
  8
0
  6
Continuous
 62
     7
370
    15
100
AcDbLine
 10
-89.3326582278
 20
16.5067721519
 30
0.0
 11
-91.4212658228
 21
16.5067721519
 31
0.0
  0
LINE
  5
898
330
1F
100
AcDbEntity
  8
0
  6
Continuous
 62
     7
370
    15
100
AcDbLine
 10
-89.3326582278
 20
19.165
 30
0.0
 11
-89.3326582278
 21
16.5067721519
 31
0.0
  0
LINE
  5
899
330
1F
100
AcDbEntity
  8
0
  6
Continuous
 62
     7
370
    15
100
AcDbLine
 10
-97.3073417722
 20
19.165
 30
0.0
 11
-89.3326582278
 21
19.165
 31
0.0
  0
LINE
  5
89A
330
1F
100
AcDbEntity
  8
0
  6
Continuous
 62
     7
370
    15
100
AcDbLine
 10
-97.3073417722
 20
16.5067721519
 30
0.0
 11
-97.3073417722
 21
19.165
 31
0.0
  0
LINE
  5
89B
330
1F
100
AcDbEntity
  8
0
  6
Continuous
 62
     7
370
    15
100
AcDbLine
 10
-95.2187341772
 20
16.5067721519
 30
0.0
 11
-97.3073417722
 21
16.5067721519
 31
0.0
  0
LINE
  5
89C
330
1F
100
AcDbEntity
  8
0
  6
Continuous
 62
     7
370
    15
100
AcDbLine
 10
-95.2187341772
 20
6.8232278481
 30
0.0
 11
-95.2187341772
 21
16.5067721519
 31
0.0
  0
LINE
  5
89D
330
1F
100
AcDbEntity
  8
0
  6
Continuous
 62
     7
370
    15
100
AcDbLine
 10
-97.3073417722
 20
6.8232278481
 30
0.0
 11
-95.2187341772
 21
6.8232278481
 31
0.0
  0
LINE
  5
89E
330
1F
100
AcDbEntity
  8
0
  6
Continuous
 62
     7
370
    15
100
AcDbLine
 10
-97.3073417722
 20
4.165
 30
0.0
 11
-97.3073417722
 21
6.8232278481
 31
0.0
  0
LINE
  5
89F
330
1F
100
AcDbEntity
  8
0
  6
Continuous
 62
     7
370
    15
100
AcDbLine
 10
-89.3326582278
 20
4.165
 30
0.0
 11
-97.3073417722
 21
4.165
 31
0.0
  0
LINE
  5
8A0
330
1F
100
AcDbEntity
  8
0
  6
Continuous
 62
     7
370
    15
100
AcDbLine
 10
-89.3326582278
 20
6.8232278481
 30
0.0
 11
-89.3326582278
 21
4.165
 31
0.0
  0
LINE
  5
8A1
330
1F
100
AcDbEntity
  8
0
  6
Continuous
 62
     7
370
    15
100
AcDbLine
 10
-44.7612658228
 20
6.8232278481
 30
0.0
 11
-42.6726582278
 21
6.8232278481
 31
0.0
  0
LINE
  5
8A2
330
1F
100
AcDbEntity
  8
0
  6
Continuous
 62
     7
370
    15
100
AcDbLine
 10
-44.7612658228
 20
16.5067721519
 30
0.0
 11
-44.7612658228
 21
6.8232278481
 31
0.0
  0
LINE
  5
8A3
330
1F
100
AcDbEntity
  8
0
  6
Continuous
 62
     7
370
    15
100
AcDbLine
 10
-42.6726582278
 20
16.5067721519
 30
0.0
 11
-44.7612658228
 21
16.5067721519
 31
0.0
  0
LINE
  5
8A4
330
1F
100
AcDbEntity
  8
0
  6
Continuous
 62
     7
370
    15
100
AcDbLine
 10
-42.6726582278
 20
19.165
 30
0.0
 11
-42.6726582278
 21
16.5067721519
 31
0.0
  0
LINE
  5
8A5
330
1F
100
AcDbEntity
  8
0
  6
Continuous
 62
     7
370
    15
100
AcDbLine
 10
-50.6473417722
 20
19.165
 30
0.0
 11
-42.6726582278
 21
19.165
 31
0.0
  0
LINE
  5
8A6
330
1F
100
AcDbEntity
  8
0
  6
Continuous
 62
     7
370
    15
100
AcDbLine
 10
-50.6473417722
 20
16.5067721519
 30
0.0
 11
-50.6473417722
 21
19.165
 31
0.0
  0
LINE
  5
8A7
330
1F
100
AcDbEntity
  8
0
  6
Continuous
 62
     7
370
    15
100
AcDbLine
 10
-48.5587341772
 20
16.5067721519
 30
0.0
 11
-50.6473417722
 21
16.5067721519
 31
0.0
  0
LINE
  5
8A8
330
1F
100
AcDbEntity
  8
0
  6
Continuous
 62
     7
370
    15
100
AcDbLine
 10
-48.5587341772
 20
6.8232278481
 30
0.0
 11
-48.5587341772
 21
16.5067721519
 31
0.0
  0
LINE
  5
8A9
330
1F
100
AcDbEntity
  8
0
  6
Continuous
 62
     7
370
    15
100
AcDbLine
 10
-50.6473417722
 20
6.8232278481
 30
0.0
 11
-48.5587341772
 21
6.8232278481
 31
0.0
  0
LINE
  5
8AA
330
1F
100
AcDbEntity
  8
0
  6
Continuous
 62
     7
370
    15
100
AcDbLine
 10
-50.6473417722
 20
4.165
 30
0.0
 11
-50.6473417722
 21
6.8232278481
 31
0.0
  0
LINE
  5
8AB
330
1F
100
AcDbEntity
  8
0
  6
Continuous
 62
     7
370
    15
100
AcDbLine
 10
-42.6726582278
 20
4.165
 30
0.0
 11
-50.6473417722
 21
4.165
 31
0.0
  0
LINE
  5
8AC
330
1F
100
AcDbEntity
  8
0
  6
Continuous
 62
     7
370
    15
100
AcDbLine
 10
-42.6726582278
 20
6.8232278481
 30
0.0
 11
-42.6726582278
 21
4.165
 31
0.0
  0
LINE
  5
8AD
330
1F
100
AcDbEntity
  8
0
  6
Continuous
 62
     7
370
    15
100
AcDbLine
 10
3.203018237
 20
19.165
 30
0.0
 11
7.5760403889
 21
19.165
 31
0.0
  0
LINE
  5
8AE
330
1F
100
AcDbEntity
  8
0
  6
Continuous
 62
     7
370
    15
100
AcDbLine
 10
-0.0099960035
 20
11.8133386076
 30
0.0
 11
3.203018237
 21
19.165
 31
0.0
  0
LINE
  5
8AF
330
1F
100
AcDbEntity
  8
0
  6
Continuous
 62
     7
370
    15
100
AcDbLine
 10
-3.2348773326
 20
19.165
 30
0.0
 11
-0.0099960035
 21
11.8133386076
 31
0.0
  0
LINE
  5
8B0
330
1F
100
AcDbEntity
  8
0
  6
Continuous
 62
     7
370
    15
100
AcDbLine
 10
-7.6138330288
 20
19.165
 30
0.0
 11
-3.2348773326
 21
19.165
 31
0.0
  0
LINE
  5
8B1
330
1F
100
AcDbEntity
  8
0
  6
Continuous
 62
     7
370
    15
100
AcDbLine
 10
-7.6138330288
 20
4.165
 30
0.0
 11
-7.6138330288
 21
19.165
 31
0.0
  0
LINE
  5
8B2
330
1F
100
AcDbEntity
  8
0
  6
Continuous
 62
     7
370
    15
100
AcDbLine
 10
-4.0062380921
 20
4.165
 30
0.0
 11
-7.6138330288
 21
4.165
 31
0.0
  0
LINE
  5
8B3
330
1F
100
AcDbEntity
  8
0
  6
Continuous
 62
     7
370
    15
100
AcDbLine
 10
-4.0062380921
 20
14.145221519
 30
0.0
 11
-4.0062380921
 21
4.165
 31
0.0
  0
LINE
  5
8B4
330
1F
100
AcDbEntity
  8
0
  6
Continuous
 62
     7
370
    15
100
AcDbLine
 10
-1.3598773326
 20
7.7725949367
 30
0.0
 11
-4.0062380921
 21
14.145221519
 31
0.0
  0
LINE
  5
8B5
330
1F
100
AcDbEntity
  8
0
  6
Continuous
 62
     7
370
    15
100
AcDbLine
 10
1.132211275
 20
7.7725949367
 30
0.0
 11
-1.3598773326
 21
7.7725949367
 31
0.0
  0
LINE
  5
8B6
330
1F
100
AcDbEntity
  8
0
  6
Continuous
 62
     7
370
    15
100
AcDbLine
 10
3.7785720345
 20
14.145221519
 30
0.0
 11
1.132211275
 21
7.7725949367
 31
0.0
  0
LINE
  5
8B7
330
1F
100
AcDbEntity
  8
0
  6
Continuous
 62
     7
370
    15
100
AcDbLine
 10
3.7785720345
 20
4.165
 30
0.0
 11
3.7785720345
 21
14.145221519
 31
0.0
  0
LINE
  5
8B8
330
1F
100
AcDbEntity
  8
0
  6
Continuous
 62
     7
370
    15
100
AcDbLine
 10
7.5760403889
 20
4.165
 30
0.0
 11
3.7785720345
 21
4.165
 31
0.0
  0
LINE
  5
8B9
330
1F
100
AcDbEntity
  8
0
  6
Continuous
 62
     7
370
    15
100
AcDbLine
 10
7.5760403889
 20
19.165
 30
0.0
 11
7.5760403889
 21
4.165
 31
0.0
  0
LINE
  5
8BA
330
1F
100
AcDbEntity
  8
0
  6
Continuous
 62
     7
370
    15
100
AcDbLine
 10
-72.279326975
 20
77.1929746835
 30
0.0
 11
-73.199026342
 21
74.155
 31
0.0
  0
LINE
  5
8BB
330
1F
100
AcDbEntity
  8
0
  6
Continuous
 62
     7
370
    15
100
AcDbLine
 10
-71.4931323547
 20
79.8512025316
 30
0.0
 11
-72.279326975
 21
77.1929746835
 31
0.0
  0
LINE
  5
8BC
330
1F
100
AcDbEntity
  8
0
  6
Continuous
 62
     7
370
    15
100
AcDbLine
 10
-69.9741450129
 20
84.8146123418
 30
0.0
 11
-71.4931323547
 21
79.8512025316
 31
0.0
  0
LINE
  5
8BD
330
1F
100
AcDbEntity
  8
0
  6
Continuous
 62
     7
370
    15
100
AcDbLine
 10
-68.4581244433
 20
79.8512025316
 30
0.0
 11
-69.9741450129
 21
84.8146123418
 31
0.0
  0
LINE
  5
8BE
330
1F
100
AcDbEntity
  8
0
  6
Continuous
 62
     7
370
    15
100
AcDbLine
 10
-70.4503124547
 20
79.8512025316
 30
0.0
 11
-68.4581244433
 21
79.8512025316
 31
0.0
  0
LINE
  5
8BF
330
1F
100
AcDbEntity
  8
0
  6
Continuous
 62
     7
370
    15
100
AcDbLine
 10
-71.236507075
 20
77.1929746835
 30
0.0
 11
-70.4503124547
 21
79.8512025316
 31
0.0
  0
LINE
  5
8C0
330
1F
100
AcDbEntity
  8
0
  6
Continuous
 62
     7
370
    15
100
AcDbLine
 10
-67.6719298231
 20
77.1929746835
 30
0.0
 11
-71.236507075
 21
77.1929746835
 31
0.0
  0
LINE
  5
8C1
330
1F
100
AcDbEntity
  8
0
  6
Continuous
 62
     7
370
    15
100
AcDbLine
 10
-66.752230456
 20
74.155
 30
0.0
 11
-67.6719298231
 21
77.1929746835
 31
0.0
  0
LINE
  5
8C2
330
1F
100
AcDbEntity
  8
0
  6
Continuous
 62
     7
370
    15
100
AcDbLine
 10
-62.9488285572
 20
74.155
 30
0.0
 11
-66.752230456
 21
74.155
 31
0.0
  0
LINE
  5
8C3
330
1F
100
AcDbEntity
  8
0
  6
Continuous
 62
     7
370
    15
100
AcDbLine
 10
-67.9478396332
 20
89.155
 30
0.0
 11
-62.9488285572
 21
74.155
 31
0.0
  0
LINE
  5
8C4
330
1F
100
AcDbEntity
  8
0
  6
Continuous
 62
     7
370
    15
100
AcDbLine
 10
-72.0004503927
 20
89.155
 30
0.0
 11
-67.9478396332
 21
89.155
 31
0.0
  0
LINE
  5
8C5
330
1F
100
AcDbEntity
  8
0
  6
Continuous
 62
     7
370
    15
100
AcDbLine
 10
-76.9994614686
 20
74.155
 30
0.0
 11
-72.0004503927
 21
89.155
 31
0.0
  0
LINE
  5
8C6
330
1F
100
AcDbEntity
  8
0
  6
Continuous
 62
     7
370
    15
100
AcDbLine
 10
-73.199026342
 20
74.155
 30
0.0
 11
-76.9994614686
 21
74.155
 31
0.0
  0
LINE
  5
8C7
330
1F
100
AcDbEntity
  8
0
  6
Continuous
 62
     7
370
    15
100
AcDbLine
 10
99.6048629634
 20
112.485
 30
0.0
 11
99.6048629634
 21
102.8726582278
 31
0.0
  0
LINE
  5
8C8
330
1F
100
AcDbEntity
  8
0
  6
Continuous
 62
     7
370
    15
100
AcDbLine
 10
95.807394609
 20
112.485
 30
0.0
 11
99.6048629634
 21
112.485
 31
0.0
  0
LINE
  5
8C9
330
1F
100
AcDbEntity
  8
0
  6
Continuous
 62
     7
370
    15
100
AcDbLine
 10
95.807394609
 20
103.0654984177
 30
0.0
 11
95.807394609
 21
112.485
 31
0.0
  0
LINE
  5
8CA
330
1F
100
AcDbEntity
  8
0
  6
Continuous
 62
     7
370
    15
100
AcDbLine
 10
90.8706857482
 20
112.485
 30
0.0
 11
90.8706857482
 21
103.0654984177
 31
0.0
  0
LINE
  5
8CB
330
1F
100
AcDbEntity
  8
0
  6
Continuous
 62
     7
370
    15
100
AcDbLine
 10
87.0732173938
 20
112.485
 30
0.0
 11
90.8706857482
 21
112.485
 31
0.0
  0
LINE
  5
8CC
330
1F
100
AcDbEntity
  8
0
  6
Continuous
 62
     7
370
    15
100
AcDbLine
 10
87.0732173938
 20
102.8637579114
 30
0.0
 11
87.0732173938
 21
112.485
 31
0.0
  0
LINE
  5
8CD
330
1F
100
AcDbEntity
  8
0
  6
Continuous
 62
     7
370
    15
100
AcDbLine
 10
40.958476573
 20
112.485
 30
0.0
 11
45.5747740413
 21
112.485
 31
0.0
  0
LINE
  5
8CE
330
1F
100
AcDbEntity
  8
0
  6
Continuous
 62
     7
370
    15
100
AcDbLine
 10
40.958476573
 20
101.3331012658
 30
0.0
 11
40.958476573
 21
112.485
 31
0.0
  0
LINE
  5
8CF
330
1F
100
AcDbEntity
  8
0
  6
Continuous
 62
     7
370
    15
100
AcDbLine
 10
44.7559449274
 20
101.3331012658
 30
0.0
 11
40.958476573
 21
101.3331012658
 31
0.0
  0
LINE
  5
8D0
330
1F
100
AcDbEntity
  8
0
  6
Continuous
 62
     7
370
    15
100
AcDbLine
 10
44.7559449274
 20
109.6368987342
 30
0.0
 11
44.7559449274
 21
101.3331012658
 31
0.0
  0
LINE
  5
8D1
330
1F
100
AcDbEntity
  8
0
  6
Continuous
 62
     7
370
    15
100
AcDbLine
 10
44.8241806869
 20
109.6368987342
 30
0.0
 11
44.7559449274
 21
109.6368987342
 31
0.0
  0
LINE
  5
8D2
330
1F
100
AcDbEntity
  8
0
  6
Continuous
 62
     7
370
    15
100
AcDbLine
 10
40.958476573
 20
100.3331012658
 30
0.0
 11
44.8241806869
 21
100.3331012658
 31
0.0
  0
LINE
  5
8D3
330
1F
100
AcDbEntity
  8
0
  6
Continuous
 62
     7
370
    15
100
AcDbLine
 10
40.958476573
 20
97.485
 30
0.0
 11
40.958476573
 21
100.3331012658
 31
0.0
  0
LINE
  5
8D4
330
1F
100
AcDbEntity
  8
0
  6
Continuous
 62
     7
370
    15
100
AcDbLine
 10
45.6163088515
 20
97.485
 30
0.0
 11
40.958476573
 21
97.485
 31
0.0
  0
LINE
  5
8D5
330
1F
100
AcDbEntity
  8
0
  6
Continuous
 62
     7
370
    15
100
AcDbLine
 10
1.8987341772
 20
109.6368987342
 30
0.0
 11
1.8987341772
 21
97.485
 31
0.0
  0
LINE
  5
8D6
330
1F
100
AcDbEntity
  8
0
  6
Continuous
 62
     7
370
    15
100
AcDbLine
 10
6.2658227848
 20
109.6368987342
 30
0.0
 11
1.8987341772
 21
109.6368987342
 31
0.0
  0
LINE
  5
8D7
330
1F
100
AcDbEntity
  8
0
  6
Continuous
 62
     7
370
    15
100
AcDbLine
 10
6.2658227848
 20
112.485
 30
0.0
 11
6.2658227848
 21
109.6368987342
 31
0.0
  0
LINE
  5
8D8
330
1F
100
AcDbEntity
  8
0
  6
Continuous
 62
     7
370
    15
100
AcDbLine
 10
-6.2658227848
 20
112.485
 30
0.0
 11
6.2658227848
 21
112.485
 31
0.0
  0
LINE
  5
8D9
330
1F
100
AcDbEntity
  8
0
  6
Continuous
 62
     7
370
    15
100
AcDbLine
 10
-6.2658227848
 20
109.6368987342
 30
0.0
 11
-6.2658227848
 21
112.485
 31
0.0
  0
LINE
  5
8DA
330
1F
100
AcDbEntity
  8
0
  6
Continuous
 62
     7
370
    15
100
AcDbLine
 10
-1.8987341772
 20
109.6368987342
 30
0.0
 11
-6.2658227848
 21
109.6368987342
 31
0.0
  0
LINE
  5
8DB
330
1F
100
AcDbEntity
  8
0
  6
Continuous
 62
     7
370
    15
100
AcDbLine
 10
-1.8987341772
 20
97.485
 30
0.0
 11
-1.8987341772
 21
109.6368987342
 31
0.0
  0
LINE
  5
8DC
330
1F
100
AcDbEntity
  8
0
  6
Continuous
 62
     7
370
    15
100
AcDbLine
 10
1.8987341772
 20
97.485
 30
0.0
 11
-1.8987341772
 21
97.485
 31
0.0
  0
LINE
  5
8DD
330
1F
100
AcDbEntity
  8
0
  6
Continuous
 62
     7
370
    15
100
AcDbLine
 10
-41.6920997966
 20
100.3331012658
 30
0.0
 11
-41.6920997966
 21
97.485
 31
0.0
  0
LINE
  5
8DE
330
1F
100
AcDbEntity
  8
0
  6
Continuous
 62
     7
370
    15
100
AcDbLine
 10
-47.9579225815
 20
100.3331012658
 30
0.0
 11
-41.6920997966
 21
100.3331012658
 31
0.0
  0
LINE
  5
8DF
330
1F
100
AcDbEntity
  8
0
  6
Continuous
 62
     7
370
    15
100
AcDbLine
 10
-47.9579225815
 20
104.1305696203
 30
0.0
 11
-47.9579225815
 21
100.3331012658
 31
0.0
  0
LINE
  5
8E0
330
1F
100
AcDbEntity
  8
0
  6
Continuous
 62
     7
370
    15
100
AcDbLine
 10
-42.2617200498
 20
104.1305696203
 30
0.0
 11
-47.9579225815
 21
104.1305696203
 31
0.0
  0
LINE
  5
8E1
330
1F
100
AcDbEntity
  8
0
  6
Continuous
 62
     7
370
    15
100
AcDbLine
 10
-42.2617200498
 20
106.9786708861
 30
0.0
 11
-42.2617200498
 21
104.1305696203
 31
0.0
  0
LINE
  5
8E2
330
1F
100
AcDbEntity
  8
0
  6
Continuous
 62
     7
370
    15
100
AcDbLine
 10
-47.9579225815
 20
106.9786708861
 30
0.0
 11
-42.2617200498
 21
106.9786708861
 31
0.0
  0
LINE
  5
8E3
330
1F
100
AcDbEntity
  8
0
  6
Continuous
 62
     7
370
    15
100
AcDbLine
 10
-47.9579225815
 20
109.6368987342
 30
0.0
 11
-47.9579225815
 21
106.9786708861
 31
0.0
  0
LINE
  5
8E4
330
1F
100
AcDbEntity
  8
0
  6
Continuous
 62
     7
370
    15
100
AcDbLine
 10
-41.6920997966
 20
109.6368987342
 30
0.0
 11
-47.9579225815
 21
109.6368987342
 31
0.0
  0
LINE
  5
8E5
330
1F
100
AcDbEntity
  8
0
  6
Continuous
 62
     7
370
    15
100
AcDbLine
 10
-41.6920997966
 20
112.485
 30
0.0
 11
-41.6920997966
 21
109.6368987342
 31
0.0
  0
LINE
  5
8E6
330
1F
100
AcDbEntity
  8
0
  6
Continuous
 62
     7
370
    15
100
AcDbLine
 10
-51.7553909359
 20
112.485
 30
0.0
 11
-41.6920997966
 21
112.485
 31
0.0
  0
LINE
  5
8E7
330
1F
100
AcDbEntity
  8
0
  6
Continuous
 62
     7
370
    15
100
AcDbLine
 10
-51.7553909359
 20
97.485
 30
0.0
 11
-51.7553909359
 21
112.485
 31
0.0
  0
LINE
  5
8E8
330
1F
100
AcDbEntity
  8
0
  6
Continuous
 62
     7
370
    15
100
AcDbLine
 10
-41.6920997966
 20
97.485
 30
0.0
 11
-51.7553909359
 21
97.485
 31
0.0
  0
LINE
  5
8E9
330
1F
100
AcDbEntity
  8
0
  6
Continuous
 62
     7
370
    15
100
AcDbLine
 10
-94.6179225815
 20
100.3331012658
 30
0.0
 11
-88.3520997966
 21
100.3331012658
 31
0.0
  0
LINE
  5
8EA
330
1F
100
AcDbEntity
  8
0
  6
Continuous
 62
     7
370
    15
100
AcDbLine
 10
-94.6179225815
 20
112.485
 30
0.0
 11
-94.6179225815
 21
100.3331012658
 31
0.0
  0
LINE
  5
8EB
330
1F
100
AcDbEntity
  8
0
  6
Continuous
 62
     7
370
    15
100
AcDbLine
 10
-98.4153909359
 20
112.485
 30
0.0
 11
-94.6179225815
 21
112.485
 31
0.0
  0
LINE
  5
8EC
330
1F
100
AcDbEntity
  8
0
  6
Continuous
 62
     7
370
    15
100
AcDbLine
 10
-98.4153909359
 20
97.485
 30
0.0
 11
-98.4153909359
 21
112.485
 31
0.0
  0
LINE
  5
8ED
330
1F
100
AcDbEntity
  8
0
  6
Continuous
 62
     7
370
    15
100
AcDbLine
 10
-88.3520997966
 20
97.485
 30
0.0
 11
-98.4153909359
 21
97.485
 31
0.0
  0
LINE
  5
8EE
330
1F
100
AcDbEntity
  8
0
  6
Continuous
 62
     7
370
    15
100
AcDbLine
 10
-88.3520997966
 20
100.3331012658
 30
0.0
 11
-88.3520997966
 21
97.485
 31
0.0
  0
LINE
  5
8EF
330
1F
100
AcDbEntity
  8
0
  6
Continuous
 62
     7
370
    15
100
AcDbLine
 10
4.9679002034
 20
77.0031012658
 30
0.0
 11
4.9679002034
 21
74.155
 31
0.0
  0
LINE
  5
8F0
330
1F
100
AcDbEntity
  8
0
  6
Continuous
 62
     7
370
    15
100
AcDbLine
 10
-1.2979225815
 20
77.0031012658
 30
0.0
 11
4.9679002034
 21
77.0031012658
 31
0.0
  0
LINE
  5
8F1
330
1F
100
AcDbEntity
  8
0
  6
Continuous
 62
     7
370
    15
100
AcDbLine
 10
-1.2979225815
 20
80.8005696203
 30
0.0
 11
-1.2979225815
 21
77.0031012658
 31
0.0
  0
LINE
  5
8F2
330
1F
100
AcDbEntity
  8
0
  6
Continuous
 62
     7
370
    15
100
AcDbLine
 10
4.3982799502
 20
80.8005696203
 30
0.0
 11
-1.2979225815
 21
80.8005696203
 31
0.0
  0
LINE
  5
8F3
330
1F
100
AcDbEntity
  8
0
  6
Continuous
 62
     7
370
    15
100
AcDbLine
 10
4.3982799502
 20
83.6486708861
 30
0.0
 11
4.3982799502
 21
80.8005696203
 31
0.0
  0
LINE
  5
8F4
330
1F
100
AcDbEntity
  8
0
  6
Continuous
 62
     7
370
    15
100
AcDbLine
 10
-1.2979225815
 20
83.6486708861
 30
0.0
 11
4.3982799502
 21
83.6486708861
 31
0.0
  0
LINE
  5
8F5
330
1F
100
AcDbEntity
  8
0
  6
Continuous
 62
     7
370
    15
100
AcDbLine
 10
-1.2979225815
 20
86.3068987342
 30
0.0
 11
-1.2979225815
 21
83.6486708861
 31
0.0
  0
LINE
  5
8F6
330
1F
100
AcDbEntity
  8
0
  6
Continuous
 62
     7
370
    15
100
AcDbLine
 10
4.9679002034
 20
86.3068987342
 30
0.0
 11
-1.2979225815
 21
86.3068987342
 31
0.0
  0
LINE
  5
8F7
330
1F
100
AcDbEntity
  8
0
  6
Continuous
 62
     7
370
    15
100
AcDbLine
 10
4.9679002034
 20
89.155
 30
0.0
 11
4.9679002034
 21
86.3068987342
 31
0.0
  0
LINE
  5
8F8
330
1F
100
AcDbEntity
  8
0
  6
Continuous
 62
     7
370
    15
100
AcDbLine
 10
-5.0953909359
 20
89.155
 30
0.0
 11
4.9679002034
 21
89.155
 31
0.0
  0
LINE
  5
8F9
330
1F
100
AcDbEntity
  8
0
  6
Continuous
 62
     7
370
    15
100
AcDbLine
 10
-5.0953909359
 20
74.155
 30
0.0
 11
-5.0953909359
 21
89.155
 31
0.0
  0
LINE
  5
8FA
330
1F
100
AcDbEntity
  8
0
  6
Continuous
 62
     7
370
    15
100
AcDbLine
 10
4.9679002034
 20
74.155
 30
0.0
 11
-5.0953909359
 21
74.155
 31
0.0
  0
LINE
  5
8FB
330
1F
100
AcDbEntity
  8
0
  6
Continuous
 62
     7
370
    15
100
AcDbLine
 10
40.0426083052
 20
89.155
 30
0.0
 11
46.0295545077
 21
89.155
 31
0.0
  0
LINE
  5
8FC
330
1F
100
AcDbEntity
  8
0
  6
Continuous
 62
     7
370
    15
100
AcDbLine
 10
40.0426083052
 20
86.4967721519
 30
0.0
 11
40.0426083052
 21
89.155
 31
0.0
  0
LINE
  5
8FD
330
1F
100
AcDbEntity
  8
0
  6
Continuous
 62
     7
370
    15
100
AcDbLine
 10
45.0772206469
 20
86.4967721519
 30
0.0
 11
40.0426083052
 21
86.4967721519
 31
0.0
  0
LINE
  5
8FE
330
1F
100
AcDbEntity
  8
0
  6
Continuous
 62
     7
370
    15
100
AcDbLine
 10
40.0426083052
 20
82.319556962
 30
0.0
 11
44.8992143178
 21
82.319556962
 31
0.0
  0
LINE
  5
8FF
330
1F
100
AcDbEntity
  8
0
  6
Continuous
 62
     7
370
    15
100
AcDbLine
 10
40.0426083052
 20
74.155
 30
0.0
 11
40.0426083052
 21
82.319556962
 31
0.0
  0
LINE
  5
900
330
1F
100
AcDbEntity
  8
0
  6
Continuous
 62
     7
370
    15
100
AcDbLine
 10
43.8400766596
 20
74.155
 30
0.0
 11
40.0426083052
 21
74.155
 31
0.0
  0
LINE
  5
901
330
1F
100
AcDbEntity
  8
0
  6
Continuous
 62
     7
370
    15
100
AcDbLine
 10
43.8400766596
 20
79.6613291139
 30
0.0
 11
43.8400766596
 21
74.155
 31
0.0
  0
LINE
  5
902
330
1F
100
AcDbEntity
  8
0
  6
Continuous
 62
     7
370
    15
100
AcDbLine
 10
45.0149184317
 20
79.6613291139
 30
0.0
 11
43.8400766596
 21
79.6613291139
 31
0.0
  0
LINE
  5
903
330
1F
100
AcDbEntity
  8
0
  6
Continuous
 62
     7
370
    15
100
AcDbLine
 10
49.1357649507
 20
74.155
 30
0.0
 11
45.0149184317
 21
79.6613291139
 31
0.0
  0
LINE
  5
904
330
1F
100
AcDbEntity
  8
0
  6
Continuous
 62
     7
370
    15
100
AcDbLine
 10
53.7134943811
 20
74.155
 30
0.0
 11
49.1357649507
 21
74.155
 31
0.0
  0
LINE
  5
905
330
1F
100
AcDbEntity
  8
0
  6
Continuous
 62
     7
370
    15
100
AcDbLine
 10
95.2187341772
 20
76.8132278481
 30
0.0
 11
97.3073417722
 21
76.8132278481
 31
0.0
  0
LINE
  5
906
330
1F
100
AcDbEntity
  8
0
  6
Continuous
 62
     7
370
    15
100
AcDbLine
 10
95.2187341772
 20
86.4967721519
 30
0.0
 11
95.2187341772
 21
76.8132278481
 31
0.0
  0
LINE
  5
907
330
1F
100
AcDbEntity
  8
0
  6
Continuous
 62
     7
370
    15
100
AcDbLine
 10
97.3073417722
 20
86.4967721519
 30
0.0
 11
95.2187341772
 21
86.4967721519
 31
0.0
  0
LINE
  5
908
330
1F
100
AcDbEntity
  8
0
  6
Continuous
 62
     7
370
    15
100
AcDbLine
 10
97.3073417722
 20
89.155
 30
0.0
 11
97.3073417722
 21
86.4967721519
 31
0.0
  0
LINE
  5
909
330
1F
100
AcDbEntity
  8
0
  6
Continuous
 62
     7
370
    15
100
AcDbLine
 10
89.3326582278
 20
89.155
 30
0.0
 11
97.3073417722
 21
89.155
 31
0.0
  0
LINE
  5
90A
330
1F
100
AcDbEntity
  8
0
  6
Continuous
 62
     7
370
    15
100
AcDbLine
 10
89.3326582278
 20
86.4967721519
 30
0.0
 11
89.3326582278
 21
89.155
 31
0.0
  0
LINE
  5
90B
330
1F
100
AcDbEntity
  8
0
  6
Continuous
 62
     7
370
    15
100
AcDbLine
 10
91.4212658228
 20
86.4967721519
 30
0.0
 11
89.3326582278
 21
86.4967721519
 31
0.0
  0
LINE
  5
90C
330
1F
100
AcDbEntity
  8
0
  6
Continuous
 62
     7
370
    15
100
AcDbLine
 10
91.4212658228
 20
76.8132278481
 30
0.0
 11
91.4212658228
 21
86.4967721519
 31
0.0
  0
LINE
  5
90D
330
1F
100
AcDbEntity
  8
0
  6
Continuous
 62
     7
370
    15
100
AcDbLine
 10
89.3326582278
 20
76.8132278481
 30
0.0
 11
91.4212658228
 21
76.8132278481
 31
0.0
  0
LINE
  5
90E
330
1F
100
AcDbEntity
  8
0
  6
Continuous
 62
     7
370
    15
100
AcDbLine
 10
89.3326582278
 20
74.155
 30
0.0
 11
89.3326582278
 21
76.8132278481
 31
0.0
  0
LINE
  5
90F
330
1F
100
AcDbEntity
  8
0
  6
Continuous
 62
     7
370
    15
100
AcDbLine
 10
97.3073417722
 20
74.155
 30
0.0
 11
89.3326582278
 21
74.155
 31
0.0
  0
LINE
  5
910
330
1F
100
AcDbEntity
  8
0
  6
Continuous
 62
     7
370
    15
100
AcDbLine
 10
97.3073417722
 20
76.8132278481
 30
0.0
 11
97.3073417722
 21
74.155
 31
0.0
  0
LINE
  5
911
330
1F
100
AcDbEntity
  8
0
  6
Continuous
 62
     7
370
    15
100
AcDbLine
 10
-113.6576388899
 20
65.825
 30
0.0
 11
-110.2399173709
 21
65.825
 31
0.0
  0
LINE
  5
912
330
1F
100
AcDbEntity
  8
0
  6
Continuous
 62
     7
370
    15
100
AcDbLine
 10
-113.6576388899
 20
57.2332278481
 30
0.0
 11
-113.6576388899
 21
65.825
 31
0.0
  0
LINE
  5
913
330
1F
100
AcDbEntity
  8
0
  6
Continuous
 62
     7
370
    15
100
AcDbLine
 10
-118.3807401557
 20
65.825
 30
0.0
 11
-113.6576388899
 21
57.2332278481
 31
0.0
  0
LINE
  5
914
330
1F
100
AcDbEntity
  8
0
  6
Continuous
 62
     7
370
    15
100
AcDbLine
 10
-122.9614363583
 20
65.825
 30
0.0
 11
-118.3807401557
 21
65.825
 31
0.0
  0
LINE
  5
915
330
1F
100
AcDbEntity
  8
0
  6
Continuous
 62
     7
370
    15
100
AcDbLine
 10
-122.9614363583
 20
50.825
 30
0.0
 11
-122.9614363583
 21
65.825
 31
0.0
  0
LINE
  5
916
330
1F
100
AcDbEntity
  8
0
  6
Continuous
 62
     7
370
    15
100
AcDbLine
 10
-119.5437148393
 20
50.825
 30
0.0
 11
-122.9614363583
 21
50.825
 31
0.0
  0
LINE
  5
917
330
1F
100
AcDbEntity
  8
0
  6
Continuous
 62
     7
370
    15
100
AcDbLine
 10
-119.5437148393
 20
61.2828718354
 30
0.0
 11
-119.5437148393
 21
50.825
 31
0.0
  0
LINE
  5
918
330
1F
100
AcDbEntity
  8
0
  6
Continuous
 62
     7
370
    15
100
AcDbLine
 10
-113.835645219
 20
50.825
 30
0.0
 11
-119.5437148393
 21
61.2828718354
 31
0.0
  0
LINE
  5
919
330
1F
100
AcDbEntity
  8
0
  6
Continuous
 62
     7
370
    15
100
AcDbLine
 10
-110.2399173709
 20
50.825
 30
0.0
 11
-113.835645219
 21
50.825
 31
0.0
  0
LINE
  5
91A
330
1F
100
AcDbEntity
  8
0
  6
Continuous
 62
     7
370
    15
100
AcDbLine
 10
-110.2399173709
 20
65.825
 30
0.0
 11
-110.2399173709
 21
50.825
 31
0.0
  0
LINE
  5
91B
330
1F
100
AcDbEntity
  8
0
  6
Continuous
 62
     7
370
    15
100
AcDbLine
 10
-63.7323241391
 20
65.825
 30
0.0
 11
-63.7323241391
 21
56.2126582278
 31
0.0
  0
LINE
  5
91C
330
1F
100
AcDbEntity
  8
0
  6
Continuous
 62
     7
370
    15
100
AcDbLine
 10
-67.5297924935
 20
65.825
 30
0.0
 11
-63.7323241391
 21
65.825
 31
0.0
  0
LINE
  5
91D
330
1F
100
AcDbEntity
  8
0
  6
Continuous
 62
     7
370
    15
100
AcDbLine
 10
-67.5297924935
 20
56.4054984177
 30
0.0
 11
-67.5297924935
 21
65.825
 31
0.0
  0
LINE
  5
91E
330
1F
100
AcDbEntity
  8
0
  6
Continuous
 62
     7
370
    15
100
AcDbLine
 10
-72.4665013543
 20
65.825
 30
0.0
 11
-72.4665013543
 21
56.4054984177
 31
0.0
  0
LINE
  5
91F
330
1F
100
AcDbEntity
  8
0
  6
Continuous
 62
     7
370
    15
100
AcDbLine
 10
-76.2639697087
 20
65.825
 30
0.0
 11
-72.4665013543
 21
65.825
 31
0.0
  0
LINE
  5
920
330
1F
100
AcDbEntity
  8
0
  6
Continuous
 62
     7
370
    15
100
AcDbLine
 10
-76.2639697087
 20
56.2037579114
 30
0.0
 11
-76.2639697087
 21
65.825
 31
0.0
  0
LINE
  5
921
330
1F
100
AcDbEntity
  8
0
  6
Continuous
 62
     7
370
    15
100
AcDbLine
 10
-17.0564790129
 20
65.825
 30
0.0
 11
-17.0564790129
 21
56.2126582278
 31
0.0
  0
LINE
  5
922
330
1F
100
AcDbEntity
  8
0
  6
Continuous
 62
     7
370
    15
100
AcDbLine
 10
-20.8539473673
 20
65.825
 30
0.0
 11
-17.0564790129
 21
65.825
 31
0.0
  0
LINE
  5
923
330
1F
100
AcDbEntity
  8
0
  6
Continuous
 62
     7
370
    15
100
AcDbLine
 10
-20.8539473673
 20
56.4054984177
 30
0.0
 11
-20.8539473673
 21
65.825
 31
0.0
  0
LINE
  5
924
330
1F
100
AcDbEntity
  8
0
  6
Continuous
 62
     7
370
    15
100
AcDbLine
 10
-25.7906562281
 20
65.825
 30
0.0
 11
-25.7906562281
 21
56.4054984177
 31
0.0
  0
LINE
  5
925
330
1F
100
AcDbEntity
  8
0
  6
Continuous
 62
     7
370
    15
100
AcDbLine
 10
-29.5881245825
 20
65.825
 30
0.0
 11
-25.7906562281
 21
65.825
 31
0.0
  0
LINE
  5
926
330
1F
100
AcDbEntity
  8
0
  6
Continuous
 62
     7
370
    15
100
AcDbLine
 10
-29.5881245825
 20
56.2037579114
 30
0.0
 11
-29.5881245825
 21
65.825
 31
0.0
  0
LINE
  5
927
330
1F
100
AcDbEntity
  8
0
  6
Continuous
 62
     7
370
    15
100
AcDbLine
 10
28.2979002034
 20
53.6731012658
 30
0.0
 11
28.2979002034
 21
50.825
 31
0.0
  0
LINE
  5
928
330
1F
100
AcDbEntity
  8
0
  6
Continuous
 62
     7
370
    15
100
AcDbLine
 10
22.0320774185
 20
53.6731012658
 30
0.0
 11
28.2979002034
 21
53.6731012658
 31
0.0
  0
LINE
  5
929
330
1F
100
AcDbEntity
  8
0
  6
Continuous
 62
     7
370
    15
100
AcDbLine
 10
22.0320774185
 20
57.4705696203
 30
0.0
 11
22.0320774185
 21
53.6731012658
 31
0.0
  0
LINE
  5
92A
330
1F
100
AcDbEntity
  8
0
  6
Continuous
 62
     7
370
    15
100
AcDbLine
 10
27.7282799502
 20
57.4705696203
 30
0.0
 11
22.0320774185
 21
57.4705696203
 31
0.0
  0
LINE
  5
92B
330
1F
100
AcDbEntity
  8
0
  6
Continuous
 62
     7
370
    15
100
AcDbLine
 10
27.7282799502
 20
60.3186708861
 30
0.0
 11
27.7282799502
 21
57.4705696203
 31
0.0
  0
LINE
  5
92C
330
1F
100
AcDbEntity
  8
0
  6
Continuous
 62
     7
370
    15
100
AcDbLine
 10
22.0320774185
 20
60.3186708861
 30
0.0
 11
27.7282799502
 21
60.3186708861
 31
0.0
  0
LINE
  5
92D
330
1F
100
AcDbEntity
  8
0
  6
Continuous
 62
     7
370
    15
100
AcDbLine
 10
22.0320774185
 20
62.9768987342
 30
0.0
 11
22.0320774185
 21
60.3186708861
 31
0.0
  0
LINE
  5
92E
330
1F
100
AcDbEntity
  8
0
  6
Continuous
 62
     7
370
    15
100
AcDbLine
 10
28.2979002034
 20
62.9768987342
 30
0.0
 11
22.0320774185
 21
62.9768987342
 31
0.0
  0
LINE
  5
92F
330
1F
100
AcDbEntity
  8
0
  6
Continuous
 62
     7
370
    15
100
AcDbLine
 10
28.2979002034
 20
65.825
 30
0.0
 11
28.2979002034
 21
62.9768987342
 31
0.0
  0
LINE
  5
930
330
1F
100
AcDbEntity
  8
0
  6
Continuous
 62
     7
370
    15
100
AcDbLine
 10
18.2346090641
 20
65.825
 30
0.0
 11
28.2979002034
 21
65.825
 31
0.0
  0
LINE
  5
931
330
1F
100
AcDbEntity
  8
0
  6
Continuous
 62
     7
370
    15
100
AcDbLine
 10
18.2346090641
 20
50.825
 30
0.0
 11
18.2346090641
 21
65.825
 31
0.0
  0
LINE
  5
932
330
1F
100
AcDbEntity
  8
0
  6
Continuous
 62
     7
370
    15
100
AcDbLine
 10
28.2979002034
 20
50.825
 30
0.0
 11
18.2346090641
 21
50.825
 31
0.0
  0
LINE
  5
933
330
1F
100
AcDbEntity
  8
0
  6
Continuous
 62
     7
370
    15
100
AcDbLine
 10
28.520081764
 20
-84.7879113924
 30
0.0
 11
28.520081764
 21
-88.2649683544
 31
0.0
  0
LINE
  5
934
330
1F
100
AcDbEntity
  8
0
  6
Continuous
 62
     7
370
    15
100
AcDbLine
 10
28.1789029665
 20
-84.7879113924
 30
0.0
 11
28.520081764
 21
-84.7879113924
 31
0.0
  0
LINE
  5
935
330
1F
100
AcDbEntity
  8
0
  6
Continuous
 62
     7
370
    15
100
AcDbLine
 10
28.520081764
 20
-78.5220886076
 30
0.0
 11
28.1373681564
 21
-78.5220886076
 31
0.0
  0
LINE
  5
936
330
1F
100
AcDbEntity
  8
0
  6
Continuous
 62
     7
370
    15
100
AcDbLine
 10
28.520081764
 20
-75.0034968354
 30
0.0
 11
28.520081764
 21
-78.5220886076
 31
0.0
  0
LINE
  5
937
330
1F
100
AcDbEntity
  8
0
  6
Continuous
 62
     7
370
    15
100
AcDbLine
 10
-111.6820997966
 20
-109.6368987342
 30
0.0
 11
-111.6820997966
 21
-112.485
 31
0.0
  0
LINE
  5
938
330
1F
100
AcDbEntity
  8
0
  6
Continuous
 62
     7
370
    15
100
AcDbLine
 10
-117.9479225815
 20
-109.6368987342
 30
0.0
 11
-111.6820997966
 21
-109.6368987342
 31
0.0
  0
LINE
  5
939
330
1F
100
AcDbEntity
  8
0
  6
Continuous
 62
     7
370
    15
100
AcDbLine
 10
-117.9479225815
 20
-105.8394303797
 30
0.0
 11
-117.9479225815
 21
-109.6368987342
 31
0.0
  0
LINE
  5
93A
330
1F
100
AcDbEntity
  8
0
  6
Continuous
 62
     7
370
    15
100
AcDbLine
 10
-112.2517200498
 20
-105.8394303797
 30
0.0
 11
-117.9479225815
 21
-105.8394303797
 31
0.0
  0
LINE
  5
93B
330
1F
100
AcDbEntity
  8
0
  6
Continuous
 62
     7
370
    15
100
AcDbLine
 10
-112.2517200498
 20
-102.9913291139
 30
0.0
 11
-112.2517200498
 21
-105.8394303797
 31
0.0
  0
LINE
  5
93C
330
1F
100
AcDbEntity
  8
0
  6
Continuous
 62
     7
370
    15
100
AcDbLine
 10
-117.9479225815
 20
-102.9913291139
 30
0.0
 11
-112.2517200498
 21
-102.9913291139
 31
0.0
  0
LINE
  5
93D
330
1F
100
AcDbEntity
  8
0
  6
Continuous
 62
     7
370
    15
100
AcDbLine
 10
-117.9479225815
 20
-100.3331012658
 30
0.0
 11
-117.9479225815
 21
-102.9913291139
 31
0.0
  0
LINE
  5
93E
330
1F
100
AcDbEntity
  8
0
  6
Continuous
 62
     7
370
    15
100
AcDbLine
 10
-111.6820997966
 20
-100.3331012658
 30
0.0
 11
-117.9479225815
 21
-100.3331012658
 31
0.0
  0
LINE
  5
93F
330
1F
100
AcDbEntity
  8
0
  6
Continuous
 62
     7
370
    15
100
AcDbLine
 10
-111.6820997966
 20
-97.485
 30
0.0
 11
-111.6820997966
 21
-100.3331012658
 31
0.0
  0
LINE
  5
940
330
1F
100
AcDbEntity
  8
0
  6
Continuous
 62
     7
370
    15
100
AcDbLine
 10
-121.7453909359
 20
-97.485
 30
0.0
 11
-111.6820997966
 21
-97.485
 31
0.0
  0
LINE
  5
941
330
1F
100
AcDbEntity
  8
0
  6
Continuous
 62
     7
370
    15
100
AcDbLine
 10
-121.7453909359
 20
-112.485
 30
0.0
 11
-121.7453909359
 21
-97.485
 31
0.0
  0
LINE
  5
942
330
1F
100
AcDbEntity
  8
0
  6
Continuous
 62
     7
370
    15
100
AcDbLine
 10
-111.6820997966
 20
-112.485
 30
0.0
 11
-121.7453909359
 21
-112.485
 31
0.0
  0
LINE
  5
943
330
1F
100
AcDbEntity
  8
0
  6
Continuous
 62
     7
370
    15
100
AcDbLine
 10
-116.6536406403
 20
-84.4526661392
 30
0.0
 11
-113.345689691
 21
-74.155
 31
0.0
  0
LINE
  5
944
330
1F
100
AcDbEntity
  8
0
  6
Continuous
 62
     7
370
    15
100
AcDbLine
 10
-119.9556580454
 20
-74.155
 30
0.0
 11
-116.6536406403
 21
-84.4526661392
 31
0.0
  0
LINE
  5
945
330
1F
100
AcDbEntity
  8
0
  6
Continuous
 62
     7
370
    15
100
AcDbLine
 10
-123.7709270327
 20
-74.155
 30
0.0
 11
-119.9556580454
 21
-74.155
 31
0.0
  0
LINE
  5
946
330
1F
100
AcDbEntity
  8
0
  6
Continuous
 62
     7
370
    15
100
AcDbLine
 10
-118.6146770327
 20
-89.155
 30
0.0
 11
-123.7709270327
 21
-74.155
 31
0.0
  0
LINE
  5
947
330
1F
100
AcDbEntity
  8
0
  6
Continuous
 62
     7
370
    15
100
AcDbLine
 10
-114.6866707036
 20
-89.155
 30
0.0
 11
-118.6146770327
 21
-89.155
 31
0.0
  0
LINE
  5
948
330
1F
100
AcDbEntity
  8
0
  6
Continuous
 62
     7
370
    15
100
AcDbLine
 10
-109.5304207036
 20
-74.155
 30
0.0
 11
-114.6866707036
 21
-89.155
 31
0.0
  0
LINE
  5
949
330
1F
100
AcDbEntity
  8
0
  6
Continuous
 62
     7
370
    15
100
AcDbLine
 10
-113.345689691
 20
-74.155
 30
0.0
 11
-109.5304207036
 21
-74.155
 31
0.0
  0
LINE
  5
94A
330
1F
100
AcDbEntity
  8
0
  6
Continuous
 62
     7
370
    15
100
AcDbLine
 10
96.5493297026
 20
-50.825
 30
0.0
 11
100.9223518545
 21
-50.825
 31
0.0
  0
LINE
  5
94B
330
1F
100
AcDbEntity
  8
0
  6
Continuous
 62
     7
370
    15
100
AcDbLine
 10
93.3363154621
 20
-58.1766613924
 30
0.0
 11
96.5493297026
 21
-50.825
 31
0.0
  0
LINE
  5
94C
330
1F
100
AcDbEntity
  8
0
  6
Continuous
 62
     7
370
    15
100
AcDbLine
 10
90.111434133
 20
-50.825
 30
0.0
 11
93.3363154621
 21
-58.1766613924
 31
0.0
  0
LINE
  5
94D
330
1F
100
AcDbEntity
  8
0
  6
Continuous
 62
     7
370
    15
100
AcDbLine
 10
85.7324784368
 20
-50.825
 30
0.0
 11
90.111434133
 21
-50.825
 31
0.0
  0
LINE
  5
94E
330
1F
100
AcDbEntity
  8
0
  6
Continuous
 62
     7
370
    15
100
AcDbLine
 10
85.7324784368
 20
-65.825
 30
0.0
 11
85.7324784368
 21
-50.825
 31
0.0
  0
LINE
  5
94F
330
1F
100
AcDbEntity
  8
0
  6
Continuous
 62
     7
370
    15
100
AcDbLine
 10
89.3400733735
 20
-65.825
 30
0.0
 11
85.7324784368
 21
-65.825
 31
0.0
  0
LINE
  5
950
330
1F
100
AcDbEntity
  8
0
  6
Continuous
 62
     7
370
    15
100
AcDbLine
 10
89.3400733735
 20
-55.844778481
 30
0.0
 11
89.3400733735
 21
-65.825
 31
0.0
  0
LINE
  5
951
330
1F
100
AcDbEntity
  8
0
  6
Continuous
 62
     7
370
    15
100
AcDbLine
 10
91.986434133
 20
-62.2174050633
 30
0.0
 11
89.3400733735
 21
-55.844778481
 31
0.0
  0
LINE
  5
952
330
1F
100
AcDbEntity
  8
0
  6
Continuous
 62
     7
370
    15
100
AcDbLine
 10
94.4785227406
 20
-62.2174050633
 30
0.0
 11
91.986434133
 21
-62.2174050633
 31
0.0
  0
LINE
  5
953
330
1F
100
AcDbEntity
  8
0
  6
Continuous
 62
     7
370
    15
100
AcDbLine
 10
97.1248835
 20
-55.844778481
 30
0.0
 11
94.4785227406
 21
-62.2174050633
 31
0.0
  0
LINE
  5
954
330
1F
100
AcDbEntity
  8
0
  6
Continuous
 62
     7
370
    15
100
AcDbLine
 10
97.1248835
 20
-65.825
 30
0.0
 11
97.1248835
 21
-55.844778481
 31
0.0
  0
LINE
  5
955
330
1F
100
AcDbEntity
  8
0
  6
Continuous
 62
     7
370
    15
100
AcDbLine
 10
100.9223518545
 20
-65.825
 30
0.0
 11
97.1248835
 21
-65.825
 31
0.0
  0
LINE
  5
956
330
1F
100
AcDbEntity
  8
0
  6
Continuous
 62
     7
370
    15
100
AcDbLine
 10
100.9223518545
 20
-50.825
 30
0.0
 11
100.9223518545
 21
-65.825
 31
0.0
  0
LINE
  5
957
330
1F
100
AcDbEntity
  8
0
  6
Continuous
 62
     7
370
    15
100
AcDbLine
 10
-67.1538159142
 20
-74.155
 30
0.0
 11
-63.7360943952
 21
-74.155
 31
0.0
  0
LINE
  5
958
330
1F
100
AcDbEntity
  8
0
  6
Continuous
 62
     7
370
    15
100
AcDbLine
 10
-67.1538159142
 20
-82.7467721519
 30
0.0
 11
-67.1538159142
 21
-74.155
 31
0.0
  0
LINE
  5
959
330
1F
100
AcDbEntity
  8
0
  6
Continuous
 62
     7
370
    15
100
AcDbLine
 10
-71.87691718
 20
-74.155
 30
0.0
 11
-67.1538159142
 21
-82.7467721519
 31
0.0
  0
LINE
  5
95A
330
1F
100
AcDbEntity
  8
0
  6
Continuous
 62
     7
370
    15
100
AcDbLine
 10
-76.4576133826
 20
-74.155
 30
0.0
 11
-71.87691718
 21
-74.155
 31
0.0
  0
LINE
  5
95B
330
1F
100
AcDbEntity
  8
0
  6
Continuous
 62
     7
370
    15
100
AcDbLine
 10
-76.4576133826
 20
-89.155
 30
0.0
 11
-76.4576133826
 21
-74.155
 31
0.0
  0
LINE
  5
95C
330
1F
100
AcDbEntity
  8
0
  6
Continuous
 62
     7
370
    15
100
AcDbLine
 10
-73.0398918636
 20
-89.155
 30
0.0
 11
-76.4576133826
 21
-89.155
 31
0.0
  0
LINE
  5
95D
330
1F
100
AcDbEntity
  8
0
  6
Continuous
 62
     7
370
    15
100
AcDbLine
 10
-73.0398918636
 20
-78.6971281646
 30
0.0
 11
-73.0398918636
 21
-89.155
 31
0.0
  0
LINE
  5
95E
330
1F
100
AcDbEntity
  8
0
  6
Continuous
 62
     7
370
    15
100
AcDbLine
 10
-67.3318222433
 20
-89.155
 30
0.0
 11
-73.0398918636
 21
-78.6971281646
 31
0.0
  0
LINE
  5
95F
330
1F
100
AcDbEntity
  8
0
  6
Continuous
 62
     7
370
    15
100
AcDbLine
 10
-63.7360943952
 20
-89.155
 30
0.0
 11
-67.3318222433
 21
-89.155
 31
0.0
  0
LINE
  5
960
330
1F
100
AcDbEntity
  8
0
  6
Continuous
 62
     7
370
    15
100
AcDbLine
 10
-63.7360943952
 20
-74.155
 30
0.0
 11
-63.7360943952
 21
-89.155
 31
0.0
  0
LINE
  5
961
330
1F
100
AcDbEntity
  8
0
  6
Continuous
 62
     7
370
    15
100
AcDbLine
 10
-21.4312658228
 20
-77.0031012658
 30
0.0
 11
-21.4312658228
 21
-89.155
 31
0.0
  0
LINE
  5
962
330
1F
100
AcDbEntity
  8
0
  6
Continuous
 62
     7
370
    15
100
AcDbLine
 10
-17.0641772152
 20
-77.0031012658
 30
0.0
 11
-21.4312658228
 21
-77.0031012658
 31
0.0
  0
LINE
  5
963
330
1F
100
AcDbEntity
  8
0
  6
Continuous
 62
     7
370
    15
100
AcDbLine
 10
-17.0641772152
 20
-74.155
 30
0.0
 11
-17.0641772152
 21
-77.0031012658
 31
0.0
  0
LINE
  5
964
330
1F
100
AcDbEntity
  8
0
  6
Continuous
 62
     7
370
    15
100
AcDbLine
 10
-29.5958227848
 20
-74.155
 30
0.0
 11
-17.0641772152
 21
-74.155
 31
0.0
  0
LINE
  5
965
330
1F
100
AcDbEntity
  8
0
  6
Continuous
 62
     7
370
    15
100
AcDbLine
 10
-29.5958227848
 20
-77.0031012658
 30
0.0
 11
-29.5958227848
 21
-74.155
 31
0.0
  0
LINE
  5
966
330
1F
100
AcDbEntity
  8
0
  6
Continuous
 62
     7
370
    15
100
AcDbLine
 10
-25.2287341772
 20
-77.0031012658
 30
0.0
 11
-29.5958227848
 21
-77.0031012658
 31
0.0
  0
LINE
  5
967
330
1F
100
AcDbEntity
  8
0
  6
Continuous
 62
     7
370
    15
100
AcDbLine
 10
-25.2287341772
 20
-89.155
 30
0.0
 11
-25.2287341772
 21
-77.0031012658
 31
0.0
  0
LINE
  5
968
330
1F
100
AcDbEntity
  8
0
  6
Continuous
 62
     7
370
    15
100
AcDbLine
 10
-21.4312658228
 20
-89.155
 30
0.0
 11
-25.2287341772
 21
-89.155
 31
0.0
  0
LINE
  5
969
330
1F
100
AcDbEntity
  8
0
  6
Continuous
 62
     7
370
    15
100
AcDbLine
 10
119.8891589462
 20
-97.485
 30
0.0
 11
124.2621810981
 21
-97.485
 31
0.0
  0
LINE
  5
96A
330
1F
100
AcDbEntity
  8
0
  6
Continuous
 62
     7
370
    15
100
AcDbLine
 10
116.6761447057
 20
-104.8366613924
 30
0.0
 11
119.8891589462
 21
-97.485
 31
0.0
  0
LINE
  5
96B
330
1F
100
AcDbEntity
  8
0
  6
Continuous
 62
     7
370
    15
100
AcDbLine
 10
113.4512633766
 20
-97.485
 30
0.0
 11
116.6761447057
 21
-104.8366613924
 31
0.0
  0
LINE
  5
96C
330
1F
100
AcDbEntity
  8
0
  6
Continuous
 62
     7
370
    15
100
AcDbLine
 10
109.0723076804
 20
-97.485
 30
0.0
 11
113.4512633766
 21
-97.485
 31
0.0
  0
LINE
  5
96D
330
1F
100
AcDbEntity
  8
0
  6
Continuous
 62
     7
370
    15
100
AcDbLine
 10
109.0723076804
 20
-112.485
 30
0.0
 11
109.0723076804
 21
-97.485
 31
0.0
  0
LINE
  5
96E
330
1F
100
AcDbEntity
  8
0
  6
Continuous
 62
     7
370
    15
100
AcDbLine
 10
112.6799026171
 20
-112.485
 30
0.0
 11
109.0723076804
 21
-112.485
 31
0.0
  0
LINE
  5
96F
330
1F
100
AcDbEntity
  8
0
  6
Continuous
 62
     7
370
    15
100
AcDbLine
 10
112.6799026171
 20
-102.504778481
 30
0.0
 11
112.6799026171
 21
-112.485
 31
0.0
  0
LINE
  5
970
330
1F
100
AcDbEntity
  8
0
  6
Continuous
 62
     7
370
    15
100
AcDbLine
 10
115.3262633766
 20
-108.8774050633
 30
0.0
 11
112.6799026171
 21
-102.504778481
 31
0.0
  0
LINE
  5
971
330
1F
100
AcDbEntity
  8
0
  6
Continuous
 62
     7
370
    15
100
AcDbLine
 10
117.8183519842
 20
-108.8774050633
 30
0.0
 11
115.3262633766
 21
-108.8774050633
 31
0.0
  0
LINE
  5
972
330
1F
100
AcDbEntity
  8
0
  6
Continuous
 62
     7
370
    15
100
AcDbLine
 10
120.4647127437
 20
-102.504778481
 30
0.0
 11
117.8183519842
 21
-108.8774050633
 31
0.0
  0
LINE
  5
973
330
1F
100
AcDbEntity
  8
0
  6
Continuous
 62
     7
370
    15
100
AcDbLine
 10
120.4647127437
 20
-112.485
 30
0.0
 11
120.4647127437
 21
-102.504778481
 31
0.0
  0
LINE
  5
974
330
1F
100
AcDbEntity
  8
0
  6
Continuous
 62
     7
370
    15
100
AcDbLine
 10
124.2621810981
 20
-112.485
 30
0.0
 11
120.4647127437
 21
-112.485
 31
0.0
  0
LINE
  5
975
330
1F
100
AcDbEntity
  8
0
  6
Continuous
 62
     7
370
    15
100
AcDbLine
 10
124.2621810981
 20
-97.485
 30
0.0
 11
124.2621810981
 21
-112.485
 31
0.0
  0
LINE
  5
976
330
1F
100
AcDbEntity
  8
0
  6
Continuous
 62
     7
370
    15
100
AcDbLine
 10
64.8946090641
 20
-97.485
 30
0.0
 11
70.7361834312
 21
-97.485
 31
0.0
  0
LINE
  5
977
330
1F
100
AcDbEntity
  8
0
  6
Continuous
 62
     7
370
    15
100
AcDbLine
 10
64.8946090641
 20
-100.3331012658
 30
0.0
 11
64.8946090641
 21
-97.485
 31
0.0
  0
LINE
  5
978
330
1F
100
AcDbEntity
  8
0
  6
Continuous
 62
     7
370
    15
100
AcDbLine
 10
69.2379634945
 20
-100.3331012658
 30
0.0
 11
64.8946090641
 21
-100.3331012658
 31
0.0
  0
LINE
  5
979
330
1F
100
AcDbEntity
  8
0
  6
Continuous
 62
     7
370
    15
100
AcDbLine
 10
64.8946090641
 20
-104.7001898734
 30
0.0
 11
68.9590869122
 21
-104.7001898734
 31
0.0
  0
LINE
  5
97A
330
1F
100
AcDbEntity
  8
0
  6
Continuous
 62
     7
370
    15
100
AcDbLine
 10
64.8946090641
 20
-112.485
 30
0.0
 11
64.8946090641
 21
-104.7001898734
 31
0.0
  0
LINE
  5
97B
330
1F
100
AcDbEntity
  8
0
  6
Continuous
 62
     7
370
    15
100
AcDbLine
 10
68.6920774185
 20
-112.485
 30
0.0
 11
64.8946090641
 21
-112.485
 31
0.0
  0
LINE
  5
97C
330
1F
100
AcDbEntity
  8
0
  6
Continuous
 62
     7
370
    15
100
AcDbLine
 10
68.6920774185
 20
-107.5482911392
 30
0.0
 11
68.6920774185
 21
-112.485
 31
0.0
  0
LINE
  5
97D
330
1F
100
AcDbEntity
  8
0
  6
Continuous
 62
     7
370
    15
100
AcDbLine
 10
70.6679476717
 20
-107.5482911392
 30
0.0
 11
68.6920774185
 21
-107.5482911392
 31
0.0
  0
LINE
  5
97E
330
1F
100
AcDbEntity
  8
0
  6
Continuous
 62
     7
370
    15
100
AcDbLine
 10
25.2287341772
 20
-109.8267721519
 30
0.0
 11
27.3173417722
 21
-109.8267721519
 31
0.0
  0
LINE
  5
97F
330
1F
100
AcDbEntity
  8
0
  6
Continuous
 62
     7
370
    15
100
AcDbLine
 10
25.2287341772
 20
-100.1432278481
 30
0.0
 11
25.2287341772
 21
-109.8267721519
 31
0.0
  0
LINE
  5
980
330
1F
100
AcDbEntity
  8
0
  6
Continuous
 62
     7
370
    15
100
AcDbLine
 10
27.3173417722
 20
-100.1432278481
 30
0.0
 11
25.2287341772
 21
-100.1432278481
 31
0.0
  0
LINE
  5
981
330
1F
100
AcDbEntity
  8
0
  6
Continuous
 62
     7
370
    15
100
AcDbLine
 10
27.3173417722
 20
-97.485
 30
0.0
 11
27.3173417722
 21
-100.1432278481
 31
0.0
  0
LINE
  5
982
330
1F
100
AcDbEntity
  8
0
  6
Continuous
 62
     7
370
    15
100
AcDbLine
 10
19.3426582278
 20
-97.485
 30
0.0
 11
27.3173417722
 21
-97.485
 31
0.0
  0
LINE
  5
983
330
1F
100
AcDbEntity
  8
0
  6
Continuous
 62
     7
370
    15
100
AcDbLine
 10
19.3426582278
 20
-100.1432278481
 30
0.0
 11
19.3426582278
 21
-97.485
 31
0.0
  0
LINE
  5
984
330
1F
100
AcDbEntity
  8
0
  6
Continuous
 62
     7
370
    15
100
AcDbLine
 10
21.4312658228
 20
-100.1432278481
 30
0.0
 11
19.3426582278
 21
-100.1432278481
 31
0.0
  0
LINE
  5
985
330
1F
100
AcDbEntity
  8
0
  6
Continuous
 62
     7
370
    15
100
AcDbLine
 10
21.4312658228
 20
-109.8267721519
 30
0.0
 11
21.4312658228
 21
-100.1432278481
 31
0.0
  0
LINE
  5
986
330
1F
100
AcDbEntity
  8
0
  6
Continuous
 62
     7
370
    15
100
AcDbLine
 10
19.3426582278
 20
-109.8267721519
 30
0.0
 11
21.4312658228
 21
-109.8267721519
 31
0.0
  0
LINE
  5
987
330
1F
100
AcDbEntity
  8
0
  6
Continuous
 62
     7
370
    15
100
AcDbLine
 10
19.3426582278
 20
-112.485
 30
0.0
 11
19.3426582278
 21
-109.8267721519
 31
0.0
  0
LINE
  5
988
330
1F
100
AcDbEntity
  8
0
  6
Continuous
 62
     7
370
    15
100
AcDbLine
 10
27.3173417722
 20
-112.485
 30
0.0
 11
19.3426582278
 21
-112.485
 31
0.0
  0
LINE
  5
989
330
1F
100
AcDbEntity
  8
0
  6
Continuous
 62
     7
370
    15
100
AcDbLine
 10
27.3173417722
 20
-109.8267721519
 30
0.0
 11
27.3173417722
 21
-112.485
 31
0.0
  0
LINE
  5
98A
330
1F
100
AcDbEntity
  8
0
  6
Continuous
 62
     7
370
    15
100
AcDbLine
 10
-18.3620997966
 20
-109.6368987342
 30
0.0
 11
-18.3620997966
 21
-112.485
 31
0.0
  0
LINE
  5
98B
330
1F
100
AcDbEntity
  8
0
  6
Continuous
 62
     7
370
    15
100
AcDbLine
 10
-24.6279225815
 20
-109.6368987342
 30
0.0
 11
-18.3620997966
 21
-109.6368987342
 31
0.0
  0
LINE
  5
98C
330
1F
100
AcDbEntity
  8
0
  6
Continuous
 62
     7
370
    15
100
AcDbLine
 10
-24.6279225815
 20
-105.8394303797
 30
0.0
 11
-24.6279225815
 21
-109.6368987342
 31
0.0
  0
LINE
  5
98D
330
1F
100
AcDbEntity
  8
0
  6
Continuous
 62
     7
370
    15
100
AcDbLine
 10
-18.9317200498
 20
-105.8394303797
 30
0.0
 11
-24.6279225815
 21
-105.8394303797
 31
0.0
  0
LINE
  5
98E
330
1F
100
AcDbEntity
  8
0
  6
Continuous
 62
     7
370
    15
100
AcDbLine
 10
-18.9317200498
 20
-102.9913291139
 30
0.0
 11
-18.9317200498
 21
-105.8394303797
 31
0.0
  0
LINE
  5
98F
330
1F
100
AcDbEntity
  8
0
  6
Continuous
 62
     7
370
    15
100
AcDbLine
 10
-24.6279225815
 20
-102.9913291139
 30
0.0
 11
-18.9317200498
 21
-102.9913291139
 31
0.0
  0
LINE
  5
990
330
1F
100
AcDbEntity
  8
0
  6
Continuous
 62
     7
370
    15
100
AcDbLine
 10
-24.6279225815
 20
-100.3331012658
 30
0.0
 11
-24.6279225815
 21
-102.9913291139
 31
0.0
  0
LINE
  5
991
330
1F
100
AcDbEntity
  8
0
  6
Continuous
 62
     7
370
    15
100
AcDbLine
 10
-18.3620997966
 20
-100.3331012658
 30
0.0
 11
-24.6279225815
 21
-100.3331012658
 31
0.0
  0
LINE
  5
992
330
1F
100
AcDbEntity
  8
0
  6
Continuous
 62
     7
370
    15
100
AcDbLine
 10
-18.3620997966
 20
-97.485
 30
0.0
 11
-18.3620997966
 21
-100.3331012658
 31
0.0
  0
LINE
  5
993
330
1F
100
AcDbEntity
  8
0
  6
Continuous
 62
     7
370
    15
100
AcDbLine
 10
-28.4253909359
 20
-97.485
 30
0.0
 11
-18.3620997966
 21
-97.485
 31
0.0
  0
LINE
  5
994
330
1F
100
AcDbEntity
  8
0
  6
Continuous
 62
     7
370
    15
100
AcDbLine
 10
-28.4253909359
 20
-112.485
 30
0.0
 11
-28.4253909359
 21
-97.485
 31
0.0
  0
LINE
  5
995
330
1F
100
AcDbEntity
  8
0
  6
Continuous
 62
     7
370
    15
100
AcDbLine
 10
-18.3620997966
 20
-112.485
 30
0.0
 11
-28.4253909359
 21
-112.485
 31
0.0
  0
LINE
  5
996
330
1F
100
AcDbEntity
  8
0
  6
Continuous
 62
     7
370
    15
100
AcDbLine
 10
-64.4836708861
 20
-101.4723417722
 30
0.0
 11
-64.8159493671
 21
-101.4723417722
 31
0.0
  0
LINE
  5
997
330
1F
100
AcDbEntity
  8
0
  6
Continuous
 62
     7
370
    15
100
AcDbLine
 10
-64.4836708861
 20
-98.0991218354
 30
0.0
 11
-64.4836708861
 21
-101.4723417722
 31
0.0
  0
LINE
  5
998
330
1F
100
AcDbEntity
  8
0
  6
Continuous
 62
     7
370
    15
100
AcDbLine
 10
-75.6862025316
 20
-108.1179113924
 30
0.0
 11
-75.3479905063
 21
-108.1179113924
 31
0.0
  0
LINE
  5
999
330
1F
100
AcDbEntity
  8
0
  6
Continuous
 62
     7
370
    15
100
AcDbLine
 10
-75.6862025316
 20
-111.7017721519
 30
0.0
 11
-75.6862025316
 21
-108.1179113924
 31
0.0
  0
LINE
  5
99A
330
1F
100
AcDbEntity
  8
0
  6
Continuous
 62
     7
370
    15
100
AcDbLine
 10
122.1563291139
 20
-8.1523417722
 30
0.0
 11
121.8240506329
 21
-8.1523417722
 31
0.0
  0
LINE
  5
99B
330
1F
100
AcDbEntity
  8
0
  6
Continuous
 62
     7
370
    15
100
AcDbLine
 10
122.1563291139
 20
-4.7791218354
 30
0.0
 11
122.1563291139
 21
-8.1523417722
 31
0.0
  0
LINE
  5
99C
330
1F
100
AcDbEntity
  8
0
  6
Continuous
 62
     7
370
    15
100
AcDbLine
 10
110.9537974684
 20
-14.7979113924
 30
0.0
 11
111.2920094937
 21
-14.7979113924
 31
0.0
  0
LINE
  5
99D
330
1F
100
AcDbEntity
  8
0
  6
Continuous
 62
     7
370
    15
100
AcDbLine
 10
110.9537974684
 20
-18.3817721519
 30
0.0
 11
110.9537974684
 21
-14.7979113924
 31
0.0
  0
LINE
  5
99E
330
1F
100
AcDbEntity
  8
0
  6
Continuous
 62
     7
370
    15
100
AcDbLine
 10
-43.7099225701
 20
-27.495
 30
0.0
 11
-40.2922010512
 21
-27.495
 31
0.0
  0
LINE
  5
99F
330
1F
100
AcDbEntity
  8
0
  6
Continuous
 62
     7
370
    15
100
AcDbLine
 10
-43.7099225701
 20
-36.0867721519
 30
0.0
 11
-43.7099225701
 21
-27.495
 31
0.0
  0
LINE
  5
9A0
330
1F
100
AcDbEntity
  8
0
  6
Continuous
 62
     7
370
    15
100
AcDbLine
 10
-48.433023836
 20
-27.495
 30
0.0
 11
-43.7099225701
 21
-36.0867721519
 31
0.0
  0
LINE
  5
9A1
330
1F
100
AcDbEntity
  8
0
  6
Continuous
 62
     7
370
    15
100
AcDbLine
 10
-53.0137200385
 20
-27.495
 30
0.0
 11
-48.433023836
 21
-27.495
 31
0.0
  0
LINE
  5
9A2
330
1F
100
AcDbEntity
  8
0
  6
Continuous
 62
     7
370
    15
100
AcDbLine
 10
-53.0137200385
 20
-42.495
 30
0.0
 11
-53.0137200385
 21
-27.495
 31
0.0
  0
LINE
  5
9A3
330
1F
100
AcDbEntity
  8
0
  6
Continuous
 62
     7
370
    15
100
AcDbLine
 10
-49.5959985195
 20
-42.495
 30
0.0
 11
-53.0137200385
 21
-42.495
 31
0.0
  0
LINE
  5
9A4
330
1F
100
AcDbEntity
  8
0
  6
Continuous
 62
     7
370
    15
100
AcDbLine
 10
-49.5959985195
 20
-32.0371281646
 30
0.0
 11
-49.5959985195
 21
-42.495
 31
0.0
  0
LINE
  5
9A5
330
1F
100
AcDbEntity
  8
0
  6
Continuous
 62
     7
370
    15
100
AcDbLine
 10
-43.8879288993
 20
-42.495
 30
0.0
 11
-49.5959985195
 21
-32.0371281646
 31
0.0
  0
LINE
  5
9A6
330
1F
100
AcDbEntity
  8
0
  6
Continuous
 62
     7
370
    15
100
AcDbLine
 10
-40.2922010512
 20
-42.495
 30
0.0
 11
-43.8879288993
 21
-42.495
 31
0.0
  0
LINE
  5
9A7
330
1F
100
AcDbEntity
  8
0
  6
Continuous
 62
     7
370
    15
100
AcDbLine
 10
-40.2922010512
 20
-27.495
 30
0.0
 11
-40.2922010512
 21
-42.495
 31
0.0
  0
LINE
  5
9A8
330
1F
100
AcDbEntity
  8
0
  6
Continuous
 62
     7
370
    15
100
AcDbLine
 10
4.2744622434
 20
-37.6413607595
 30
0.0
 11
6.4372391421
 21
-27.495
 31
0.0
  0
LINE
  5
9A9
330
1F
100
AcDbEntity
  8
0
  6
Continuous
 62
     7
370
    15
100
AcDbLine
 10
1.9010445219
 20
-27.495
 30
0.0
 11
4.2744622434
 21
-37.6413607595
 31
0.0
  0
LINE
  5
9AA
330
1F
100
AcDbEntity
  8
0
  6
Continuous
 62
     7
370
    15
100
AcDbLine
 10
-1.7836864908
 20
-27.495
 30
0.0
 11
1.9010445219
 21
-27.495
 31
0.0
  0
LINE
  5
9AB
330
1F
100
AcDbEntity
  8
0
  6
Continuous
 62
     7
370
    15
100
AcDbLine
 10
-4.3351105414
 20
-37.8282674051
 30
0.0
 11
-1.7836864908
 21
-27.495
 31
0.0
  0
LINE
  5
9AC
330
1F
100
AcDbEntity
  8
0
  6
Continuous
 62
     7
370
    15
100
AcDbLine
 10
-6.4385519971
 20
-27.495
 30
0.0
 11
-4.3351105414
 21
-37.8282674051
 31
0.0
  0
LINE
  5
9AD
330
1F
100
AcDbEntity
  8
0
  6
Continuous
 62
     7
370
    15
100
AcDbLine
 10
-10.1588842756
 20
-27.495
 30
0.0
 11
-6.4385519971
 21
-27.495
 31
0.0
  0
LINE
  5
9AE
330
1F
100
AcDbEntity
  8
0
  6
Continuous
 62
     7
370
    15
100
AcDbLine
 10
-6.4148178199
 20
-42.495
 30
0.0
 11
-10.1588842756
 21
-27.495
 31
0.0
  0
LINE
  5
9AF
330
1F
100
AcDbEntity
  8
0
  6
Continuous
 62
     7
370
    15
100
AcDbLine
 10
-2.4779111743
 20
-42.495
 30
0.0
 11
-6.4148178199
 21
-42.495
 31
0.0
  0
LINE
  5
9B0
330
1F
100
AcDbEntity
  8
0
  6
Continuous
 62
     7
370
    15
100
AcDbLine
 10
-0.0362576933
 20
-33.217903481
 30
0.0
 11
-2.4779111743
 21
-42.495
 31
0.0
  0
LINE
  5
9B1
330
1F
100
AcDbEntity
  8
0
  6
Continuous
 62
     7
370
    15
100
AcDbLine
 10
2.3697945219
 20
-42.495
 30
0.0
 11
-0.0362576933
 21
-33.217903481
 31
0.0
  0
LINE
  5
9B2
330
1F
100
AcDbEntity
  8
0
  6
Continuous
 62
     7
370
    15
100
AcDbLine
 10
6.4135049649
 20
-42.495
 30
0.0
 11
2.3697945219
 21
-42.495
 31
0.0
  0
LINE
  5
9B3
330
1F
100
AcDbEntity
  8
0
  6
Continuous
 62
     7
370
    15
100
AcDbLine
 10
10.1575714206
 20
-27.495
 30
0.0
 11
6.4135049649
 21
-42.495
 31
0.0
  0
LINE
  5
9B4
330
1F
100
AcDbEntity
  8
0
  6
Continuous
 62
     7
370
    15
100
AcDbLine
 10
6.4372391421
 20
-27.495
 30
0.0
 11
10.1575714206
 21
-27.495
 31
0.0
  0
LINE
  5
9B5
330
1F
100
AcDbEntity
  8
0
  6
Continuous
 62
     7
370
    15
100
AcDbLine
 10
63.3291658899
 20
-4.165
 30
0.0
 11
69.3161120924
 21
-4.165
 31
0.0
  0
LINE
  5
9B6
330
1F
100
AcDbEntity
  8
0
  6
Continuous
 62
     7
370
    15
100
AcDbLine
 10
63.3291658899
 20
-6.8232278481
 30
0.0
 11
63.3291658899
 21
-4.165
 31
0.0
  0
LINE
  5
9B7
330
1F
100
AcDbEntity
  8
0
  6
Continuous
 62
     7
370
    15
100
AcDbLine
 10
68.3637782316
 20
-6.8232278481
 30
0.0
 11
63.3291658899
 21
-6.8232278481
 31
0.0
  0
LINE
  5
9B8
330
1F
100
AcDbEntity
  8
0
  6
Continuous
 62
     7
370
    15
100
AcDbLine
 10
63.3291658899
 20
-11.000443038
 30
0.0
 11
68.1857719025
 21
-11.000443038
 31
0.0
  0
LINE
  5
9B9
330
1F
100
AcDbEntity
  8
0
  6
Continuous
 62
     7
370
    15
100
AcDbLine
 10
63.3291658899
 20
-19.165
 30
0.0
 11
63.3291658899
 21
-11.000443038
 31
0.0
  0
LINE
  5
9BA
330
1F
100
AcDbEntity
  8
0
  6
Continuous
 62
     7
370
    15
100
AcDbLine
 10
67.1266342443
 20
-19.165
 30
0.0
 11
63.3291658899
 21
-19.165
 31
0.0
  0
LINE
  5
9BB
330
1F
100
AcDbEntity
  8
0
  6
Continuous
 62
     7
370
    15
100
AcDbLine
 10
67.1266342443
 20
-13.6586708861
 30
0.0
 11
67.1266342443
 21
-19.165
 31
0.0
  0
LINE
  5
9BC
330
1F
100
AcDbEntity
  8
0
  6
Continuous
 62
     7
370
    15
100
AcDbLine
 10
68.3014760164
 20
-13.6586708861
 30
0.0
 11
67.1266342443
 21
-13.6586708861
 31
0.0
  0
LINE
  5
9BD
330
1F
100
AcDbEntity
  8
0
  6
Continuous
 62
     7
370
    15
100
AcDbLine
 10
72.4223225354
 20
-19.165
 30
0.0
 11
68.3014760164
 21
-13.6586708861
 31
0.0
  0
LINE
  5
9BE
330
1F
100
AcDbEntity
  8
0
  6
Continuous
 62
     7
370
    15
100
AcDbLine
 10
77.0000519658
 20
-19.165
 30
0.0
 11
72.4223225354
 21
-19.165
 31
0.0
  0
LINE
  5
9BF
330
1F
100
AcDbEntity
  8
0
  6
Continuous
 62
     7
370
    15
100
AcDbLine
 10
28.2979002034
 20
-16.3168987342
 30
0.0
 11
28.2979002034
 21
-19.165
 31
0.0
  0
LINE
  5
9C0
330
1F
100
AcDbEntity
  8
0
  6
Continuous
 62
     7
370
    15
100
AcDbLine
 10
22.0320774185
 20
-16.3168987342
 30
0.0
 11
28.2979002034
 21
-16.3168987342
 31
0.0
  0
LINE
  5
9C1
330
1F
100
AcDbEntity
  8
0
  6
Continuous
 62
     7
370
    15
100
AcDbLine
 10
22.0320774185
 20
-12.5194303797
 30
0.0
 11
22.0320774185
 21
-16.3168987342
 31
0.0
  0
LINE
  5
9C2
330
1F
100
AcDbEntity
  8
0
  6
Continuous
 62
     7
370
    15
100
AcDbLine
 10
27.7282799502
 20
-12.5194303797
 30
0.0
 11
22.0320774185
 21
-12.5194303797
 31
0.0
  0
LINE
  5
9C3
330
1F
100
AcDbEntity
  8
0
  6
Continuous
 62
     7
370
    15
100
AcDbLine
 10
27.7282799502
 20
-9.6713291139
 30
0.0
 11
27.7282799502
 21
-12.5194303797
 31
0.0
  0
LINE
  5
9C4
330
1F
100
AcDbEntity
  8
0
  6
Continuous
 62
     7
370
    15
100
AcDbLine
 10
22.0320774185
 20
-9.6713291139
 30
0.0
 11
27.7282799502
 21
-9.6713291139
 31
0.0
  0
LINE
  5
9C5
330
1F
100
AcDbEntity
  8
0
  6
Continuous
 62
     7
370
    15
100
AcDbLine
 10
22.0320774185
 20
-7.0131012658
 30
0.0
 11
22.0320774185
 21
-9.6713291139
 31
0.0
  0
LINE
  5
9C6
330
1F
100
AcDbEntity
  8
0
  6
Continuous
 62
     7
370
    15
100
AcDbLine
 10
28.2979002034
 20
-7.0131012658
 30
0.0
 11
22.0320774185
 21
-7.0131012658
 31
0.0
  0
LINE
  5
9C7
330
1F
100
AcDbEntity
  8
0
  6
Continuous
 62
     7
370
    15
100
AcDbLine
 10
28.2979002034
 20
-4.165
 30
0.0
 11
28.2979002034
 21
-7.0131012658
 31
0.0
  0
LINE
  5
9C8
330
1F
100
AcDbEntity
  8
0
  6
Continuous
 62
     7
370
    15
100
AcDbLine
 10
18.2346090641
 20
-4.165
 30
0.0
 11
28.2979002034
 21
-4.165
 31
0.0
  0
LINE
  5
9C9
330
1F
100
AcDbEntity
  8
0
  6
Continuous
 62
     7
370
    15
100
AcDbLine
 10
18.2346090641
 20
-19.165
 30
0.0
 11
18.2346090641
 21
-4.165
 31
0.0
  0
LINE
  5
9CA
330
1F
100
AcDbEntity
  8
0
  6
Continuous
 62
     7
370
    15
100
AcDbLine
 10
28.2979002034
 20
-19.165
 30
0.0
 11
18.2346090641
 21
-19.165
 31
0.0
  0
LINE
  5
9CB
330
1F
100
AcDbEntity
  8
0
  6
Continuous
 62
     7
370
    15
100
AcDbLine
 10
-16.9794400868
 20
-4.165
 30
0.0
 11
-22.3047960995
 21
-11.1250474684
 31
0.0
  0
LINE
  5
9CC
330
1F
100
AcDbEntity
  8
0
  6
Continuous
 62
     7
370
    15
100
AcDbLine
 10
-21.2812597071
 20
-4.165
 30
0.0
 11
-16.9794400868
 21
-4.165
 31
0.0
  0
LINE
  5
9CD
330
1F
100
AcDbEntity
  8
0
  6
Continuous
 62
     7
370
    15
100
AcDbLine
 10
-26.0933641375
 20
-10.8817721519
 30
0.0
 11
-21.2812597071
 21
-4.165
 31
0.0
  0
LINE
  5
9CE
330
1F
100
AcDbEntity
  8
0
  6
Continuous
 62
     7
370
    15
100
AcDbLine
 10
-26.0933641375
 20
-4.165
 30
0.0
 11
-26.0933641375
 21
-10.8817721519
 31
0.0
  0
LINE
  5
9CF
330
1F
100
AcDbEntity
  8
0
  6
Continuous
 62
     7
370
    15
100
AcDbLine
 10
-29.8908324919
 20
-4.165
 30
0.0
 11
-26.0933641375
 21
-4.165
 31
0.0
  0
LINE
  5
9D0
330
1F
100
AcDbEntity
  8
0
  6
Continuous
 62
     7
370
    15
100
AcDbLine
 10
-29.8908324919
 20
-19.165
 30
0.0
 11
-29.8908324919
 21
-4.165
 31
0.0
  0
LINE
  5
9D1
330
1F
100
AcDbEntity
  8
0
  6
Continuous
 62
     7
370
    15
100
AcDbLine
 10
-26.0933641375
 20
-19.165
 30
0.0
 11
-29.8908324919
 21
-19.165
 31
0.0
  0
LINE
  5
9D2
330
1F
100
AcDbEntity
  8
0
  6
Continuous
 62
     7
370
    15
100
AcDbLine
 10
-26.0933641375
 20
-14.1036867089
 30
0.0
 11
-26.0933641375
 21
-19.165
 31
0.0
  0
LINE
  5
9D3
330
1F
100
AcDbEntity
  8
0
  6
Continuous
 62
     7
370
    15
100
AcDbLine
 10
-25.1617976818
 20
-12.8072072785
 30
0.0
 11
-26.0933641375
 21
-14.1036867089
 31
0.0
  0
LINE
  5
9D4
330
1F
100
AcDbEntity
  8
0
  6
Continuous
 62
     7
370
    15
100
AcDbLine
 10
-20.9341473653
 20
-19.165
 30
0.0
 11
-25.1617976818
 21
-12.8072072785
 31
0.0
  0
LINE
  5
9D5
330
1F
100
AcDbEntity
  8
0
  6
Continuous
 62
     7
370
    15
100
AcDbLine
 10
-16.7895666691
 20
-19.165
 30
0.0
 11
-20.9341473653
 21
-19.165
 31
0.0
  0
LINE
  5
9D6
330
1F
100
AcDbEntity
  8
0
  6
Continuous
 62
     7
370
    15
100
AcDbLine
 10
-22.3047960995
 20
-11.1250474684
 30
0.0
 11
-16.7895666691
 21
-19.165
 31
0.0
  0
LINE
  5
9D7
330
1F
100
AcDbEntity
  8
0
  6
Continuous
 62
     7
370
    15
100
AcDbLine
 10
-2.2946884232
 20
-62.7870253165
 30
0.0
 11
-3.2143877903
 21
-65.825
 31
0.0
  0
LINE
  5
9D8
330
1F
100
AcDbEntity
  8
0
  6
Continuous
 62
     7
370
    15
100
AcDbLine
 10
-1.508493803
 20
-60.1287974684
 30
0.0
 11
-2.2946884232
 21
-62.7870253165
 31
0.0
  0
LINE
  5
9D9
330
1F
100
AcDbEntity
  8
0
  6
Continuous
 62
     7
370
    15
100
AcDbLine
 10
0.0104935388
 20
-55.1653876582
 30
0.0
 11
-1.508493803
 21
-60.1287974684
 31
0.0
  0
LINE
  5
9DA
330
1F
100
AcDbEntity
  8
0
  6
Continuous
 62
     7
370
    15
100
AcDbLine
 10
1.5265141084
 20
-60.1287974684
 30
0.0
 11
0.0104935388
 21
-55.1653876582
 31
0.0
  0
LINE
  5
9DB
330
1F
100
AcDbEntity
  8
0
  6
Continuous
 62
     7
370
    15
100
AcDbLine
 10
-0.465673903
 20
-60.1287974684
 30
0.0
 11
1.5265141084
 21
-60.1287974684
 31
0.0
  0
LINE
  5
9DC
330
1F
100
AcDbEntity
  8
0
  6
Continuous
 62
     7
370
    15
100
AcDbLine
 10
-1.2518685232
 20
-62.7870253165
 30
0.0
 11
-0.465673903
 21
-60.1287974684
 31
0.0
  0
LINE
  5
9DD
330
1F
100
AcDbEntity
  8
0
  6
Continuous
 62
     7
370
    15
100
AcDbLine
 10
2.3127087287
 20
-62.7870253165
 30
0.0
 11
-1.2518685232
 21
-62.7870253165
 31
0.0
  0
LINE
  5
9DE
330
1F
100
AcDbEntity
  8
0
  6
Continuous
 62
     7
370
    15
100
AcDbLine
 10
3.2324080958
 20
-65.825
 30
0.0
 11
2.3127087287
 21
-62.7870253165
 31
0.0
  0
LINE
  5
9DF
330
1F
100
AcDbEntity
  8
0
  6
Continuous
 62
     7
370
    15
100
AcDbLine
 10
7.0358099945
 20
-65.825
 30
0.0
 11
3.2324080958
 21
-65.825
 31
0.0
  0
LINE
  5
9E0
330
1F
100
AcDbEntity
  8
0
  6
Continuous
 62
     7
370
    15
100
AcDbLine
 10
2.0367989186
 20
-50.825
 30
0.0
 11
7.0358099945
 21
-65.825
 31
0.0
  0
LINE
  5
9E1
330
1F
100
AcDbEntity
  8
0
  6
Continuous
 62
     7
370
    15
100
AcDbLine
 10
-2.0158118409
 20
-50.825
 30
0.0
 11
2.0367989186
 21
-50.825
 31
0.0
  0
LINE
  5
9E2
330
1F
100
AcDbEntity
  8
0
  6
Continuous
 62
     7
370
    15
100
AcDbLine
 10
-7.0148229169
 20
-65.825
 30
0.0
 11
-2.0158118409
 21
-50.825
 31
0.0
  0
LINE
  5
9E3
330
1F
100
AcDbEntity
  8
0
  6
Continuous
 62
     7
370
    15
100
AcDbLine
 10
-3.2143877903
 20
-65.825
 30
0.0
 11
-7.0148229169
 21
-65.825
 31
0.0
  0
LINE
  5
9E4
330
1F
100
AcDbEntity
  8
0
  6
Continuous
 62
     7
370
    15
100
AcDbLine
 10
16.937803283
 20
-50.825
 30
0.0
 11
22.9247494855
 21
-50.825
 31
0.0
  0
LINE
  5
9E5
330
1F
100
AcDbEntity
  8
0
  6
Continuous
 62
     7
370
    15
100
AcDbLine
 10
16.937803283
 20
-53.4832278481
 30
0.0
 11
16.937803283
 21
-50.825
 31
0.0
  0
LINE
  5
9E6
330
1F
100
AcDbEntity
  8
0
  6
Continuous
 62
     7
370
    15
100
AcDbLine
 10
21.9724156247
 20
-53.4832278481
 30
0.0
 11
16.937803283
 21
-53.4832278481
 31
0.0
  0
LINE
  5
9E7
330
1F
100
AcDbEntity
  8
0
  6
Continuous
 62
     7
370
    15
100
AcDbLine
 10
16.937803283
 20
-57.660443038
 30
0.0
 11
21.7944092956
 21
-57.660443038
 31
0.0
  0
LINE
  5
9E8
330
1F
100
AcDbEntity
  8
0
  6
Continuous
 62
     7
370
    15
100
AcDbLine
 10
16.937803283
 20
-65.825
 30
0.0
 11
16.937803283
 21
-57.660443038
 31
0.0
  0
LINE
  5
9E9
330
1F
100
AcDbEntity
  8
0
  6
Continuous
 62
     7
370
    15
100
AcDbLine
 10
20.7352716374
 20
-65.825
 30
0.0
 11
16.937803283
 21
-65.825
 31
0.0
  0
LINE
  5
9EA
330
1F
100
AcDbEntity
  8
0
  6
Continuous
 62
     7
370
    15
100
AcDbLine
 10
20.7352716374
 20
-60.3186708861
 30
0.0
 11
20.7352716374
 21
-65.825
 31
0.0
  0
LINE
  5
9EB
330
1F
100
AcDbEntity
  8
0
  6
Continuous
 62
     7
370
    15
100
AcDbLine
 10
21.9101134095
 20
-60.3186708861
 30
0.0
 11
20.7352716374
 21
-60.3186708861
 31
0.0
  0
LINE
  5
9EC
330
1F
100
AcDbEntity
  8
0
  6
Continuous
 62
     7
370
    15
100
AcDbLine
 10
26.0309599285
 20
-65.825
 30
0.0
 11
21.9101134095
 21
-60.3186708861
 31
0.0
  0
LINE
  5
9ED
330
1F
100
AcDbEntity
  8
0
  6
Continuous
 62
     7
370
    15
100
AcDbLine
 10
30.6086893589
 20
-65.825
 30
0.0
 11
26.0309599285
 21
-65.825
 31
0.0
  0
LINE
  5
9EE
330
1F
100
AcDbEntity
  8
0
  6
Continuous
 62
     7
370
    15
100
AcDbLine
 10
-17.0564790129
 20
-50.825
 30
0.0
 11
-17.0564790129
 21
-60.4373417722
 31
0.0
  0
LINE
  5
9EF
330
1F
100
AcDbEntity
  8
0
  6
Continuous
 62
     7
370
    15
100
AcDbLine
 10
-20.8539473673
 20
-50.825
 30
0.0
 11
-17.0564790129
 21
-50.825
 31
0.0
  0
LINE
  5
9F0
330
1F
100
AcDbEntity
  8
0
  6
Continuous
 62
     7
370
    15
100
AcDbLine
 10
-20.8539473673
 20
-60.2445015823
 30
0.0
 11
-20.8539473673
 21
-50.825
 31
0.0
  0
LINE
  5
9F1
330
1F
100
AcDbEntity
  8
0
  6
Continuous
 62
     7
370
    15
100
AcDbLine
 10
-25.7906562281
 20
-50.825
 30
0.0
 11
-25.7906562281
 21
-60.2445015823
 31
0.0
  0
LINE
  5
9F2
330
1F
100
AcDbEntity
  8
0
  6
Continuous
 62
     7
370
    15
100
AcDbLine
 10
-29.5881245825
 20
-50.825
 30
0.0
 11
-25.7906562281
 21
-50.825
 31
0.0
  0
LINE
  5
9F3
330
1F
100
AcDbEntity
  8
0
  6
Continuous
 62
     7
370
    15
100
AcDbLine
 10
-29.5881245825
 20
-60.4462420886
 30
0.0
 11
-29.5881245825
 21
-50.825
 31
0.0
  0
LINE
  5
9F4
330
1F
100
AcDbEntity
  8
0
  6
Continuous
 62
     7
370
    15
100
AcDbLine
 10
-76.4576133826
 20
-50.825
 30
0.0
 11
-70.47066718
 21
-50.825
 31
0.0
  0
LINE
  5
9F5
330
1F
100
AcDbEntity
  8
0
  6
Continuous
 62
     7
370
    15
100
AcDbLine
 10
-76.4576133826
 20
-53.4832278481
 30
0.0
 11
-76.4576133826
 21
-50.825
 31
0.0
  0
LINE
  5
9F6
330
1F
100
AcDbEntity
  8
0
  6
Continuous
 62
     7
370
    15
100
AcDbLine
 10
-71.4230010408
 20
-53.4832278481
 30
0.0
 11
-76.4576133826
 21
-53.4832278481
 31
0.0
  0
LINE
  5
9F7
330
1F
100
AcDbEntity
  8
0
  6
Continuous
 62
     7
370
    15
100
AcDbLine
 10
-76.4576133826
 20
-57.660443038
 30
0.0
 11
-71.6010073699
 21
-57.660443038
 31
0.0
  0
LINE
  5
9F8
330
1F
100
AcDbEntity
  8
0
  6
Continuous
 62
     7
370
    15
100
AcDbLine
 10
-76.4576133826
 20
-65.825
 30
0.0
 11
-76.4576133826
 21
-57.660443038
 31
0.0
  0
LINE
  5
9F9
330
1F
100
AcDbEntity
  8
0
  6
Continuous
 62
     7
370
    15
100
AcDbLine
 10
-72.6601450281
 20
-65.825
 30
0.0
 11
-76.4576133826
 21
-65.825
 31
0.0
  0
LINE
  5
9FA
330
1F
100
AcDbEntity
  8
0
  6
Continuous
 62
     7
370
    15
100
AcDbLine
 10
-72.6601450281
 20
-60.3186708861
 30
0.0
 11
-72.6601450281
 21
-65.825
 31
0.0
  0
LINE
  5
9FB
330
1F
100
AcDbEntity
  8
0
  6
Continuous
 62
     7
370
    15
100
AcDbLine
 10
-71.485303256
 20
-60.3186708861
 30
0.0
 11
-72.6601450281
 21
-60.3186708861
 31
0.0
  0
LINE
  5
9FC
330
1F
100
AcDbEntity
  8
0
  6
Continuous
 62
     7
370
    15
100
AcDbLine
 10
-67.364456737
 20
-65.825
 30
0.0
 11
-71.485303256
 21
-60.3186708861
 31
0.0
  0
LINE
  5
9FD
330
1F
100
AcDbEntity
  8
0
  6
Continuous
 62
     7
370
    15
100
AcDbLine
 10
-62.7867273066
 20
-65.825
 30
0.0
 11
-67.364456737
 21
-65.825
 31
0.0
  0
LINE
  5
9FE
330
1F
100
AcDbEntity
  8
0
  6
Continuous
 62
     7
370
    15
100
AcDbLine
 10
51.6279002034
 20
-39.6468987342
 30
0.0
 11
51.6279002034
 21
-42.495
 31
0.0
  0
LINE
  5
9FF
330
1F
100
AcDbEntity
  8
0
  6
Continuous
 62
     7
370
    15
100
AcDbLine
 10
45.3620774185
 20
-39.6468987342
 30
0.0
 11
51.6279002034
 21
-39.6468987342
 31
0.0
  0
LINE
  5
A00
330
1F
100
AcDbEntity
  8
0
  6
Continuous
 62
     7
370
    15
100
AcDbLine
 10
45.3620774185
 20
-35.8494303797
 30
0.0
 11
45.3620774185
 21
-39.6468987342
 31
0.0
  0
LINE
  5
A01
330
1F
100
AcDbEntity
  8
0
  6
Continuous
 62
     7
370
    15
100
AcDbLine
 10
51.0582799502
 20
-35.8494303797
 30
0.0
 11
45.3620774185
 21
-35.8494303797
 31
0.0
  0
LINE
  5
A02
330
1F
100
AcDbEntity
  8
0
  6
Continuous
 62
     7
370
    15
100
AcDbLine
 10
51.0582799502
 20
-33.0013291139
 30
0.0
 11
51.0582799502
 21
-35.8494303797
 31
0.0
  0
LINE
  5
A03
330
1F
100
AcDbEntity
  8
0
  6
Continuous
 62
     7
370
    15
100
AcDbLine
 10
45.3620774185
 20
-33.0013291139
 30
0.0
 11
51.0582799502
 21
-33.0013291139
 31
0.0
  0
LINE
  5
A04
330
1F
100
AcDbEntity
  8
0
  6
Continuous
 62
     7
370
    15
100
AcDbLine
 10
45.3620774185
 20
-30.3431012658
 30
0.0
 11
45.3620774185
 21
-33.0013291139
 31
0.0
  0
LINE
  5
A05
330
1F
100
AcDbEntity
  8
0
  6
Continuous
 62
     7
370
    15
100
AcDbLine
 10
51.6279002034
 20
-30.3431012658
 30
0.0
 11
45.3620774185
 21
-30.3431012658
 31
0.0
  0
LINE
  5
A06
330
1F
100
AcDbEntity
  8
0
  6
Continuous
 62
     7
370
    15
100
AcDbLine
 10
51.6279002034
 20
-27.495
 30
0.0
 11
51.6279002034
 21
-30.3431012658
 31
0.0
  0
LINE
  5
A07
330
1F
100
AcDbEntity
  8
0
  6
Continuous
 62
     7
370
    15
100
AcDbLine
 10
41.5646090641
 20
-27.495
 30
0.0
 11
51.6279002034
 21
-27.495
 31
0.0
  0
LINE
  5
A08
330
1F
100
AcDbEntity
  8
0
  6
Continuous
 62
     7
370
    15
100
AcDbLine
 10
41.5646090641
 20
-42.495
 30
0.0
 11
41.5646090641
 21
-27.495
 31
0.0
  0
LINE
  5
A09
330
1F
100
AcDbEntity
  8
0
  6
Continuous
 62
     7
370
    15
100
AcDbLine
 10
51.6279002034
 20
-42.495
 30
0.0
 11
41.5646090641
 21
-42.495
 31
0.0
  0
LINE
  5
A0A
330
1F
100
AcDbEntity
  8
0
  6
Continuous
 62
     7
370
    15
100
AcDbLine
 10
95.2187341772
 20
-39.8367721519
 30
0.0
 11
97.3073417722
 21
-39.8367721519
 31
0.0
  0
LINE
  5
A0B
330
1F
100
AcDbEntity
  8
0
  6
Continuous
 62
     7
370
    15
100
AcDbLine
 10
95.2187341772
 20
-30.1532278481
 30
0.0
 11
95.2187341772
 21
-39.8367721519
 31
0.0
  0
LINE
  5
A0C
330
1F
100
AcDbEntity
  8
0
  6
Continuous
 62
     7
370
    15
100
AcDbLine
 10
97.3073417722
 20
-30.1532278481
 30
0.0
 11
95.2187341772
 21
-30.1532278481
 31
0.0
  0
LINE
  5
A0D
330
1F
100
AcDbEntity
  8
0
  6
Continuous
 62
     7
370
    15
100
AcDbLine
 10
97.3073417722
 20
-27.495
 30
0.0
 11
97.3073417722
 21
-30.1532278481
 31
0.0
  0
LINE
  5
A0E
330
1F
100
AcDbEntity
  8
0
  6
Continuous
 62
     7
370
    15
100
AcDbLine
 10
89.3326582278
 20
-27.495
 30
0.0
 11
97.3073417722
 21
-27.495
 31
0.0
  0
LINE
  5
A0F
330
1F
100
AcDbEntity
  8
0
  6
Continuous
 62
     7
370
    15
100
AcDbLine
 10
89.3326582278
 20
-30.1532278481
 30
0.0
 11
89.3326582278
 21
-27.495
 31
0.0
  0
LINE
  5
A10
330
1F
100
AcDbEntity
  8
0
  6
Continuous
 62
     7
370
    15
100
AcDbLine
 10
91.4212658228
 20
-30.1532278481
 30
0.0
 11
89.3326582278
 21
-30.1532278481
 31
0.0
  0
LINE
  5
A11
330
1F
100
AcDbEntity
  8
0
  6
Continuous
 62
     7
370
    15
100
AcDbLine
 10
91.4212658228
 20
-39.8367721519
 30
0.0
 11
91.4212658228
 21
-30.1532278481
 31
0.0
  0
LINE
  5
A12
330
1F
100
AcDbEntity
  8
0
  6
Continuous
 62
     7
370
    15
100
AcDbLine
 10
89.3326582278
 20
-39.8367721519
 30
0.0
 11
91.4212658228
 21
-39.8367721519
 31
0.0
  0
LINE
  5
A13
330
1F
100
AcDbEntity
  8
0
  6
Continuous
 62
     7
370
    15
100
AcDbLine
 10
89.3326582278
 20
-42.495
 30
0.0
 11
89.3326582278
 21
-39.8367721519
 31
0.0
  0
LINE
  5
A14
330
1F
100
AcDbEntity
  8
0
  6
Continuous
 62
     7
370
    15
100
AcDbLine
 10
97.3073417722
 20
-42.495
 30
0.0
 11
89.3326582278
 21
-42.495
 31
0.0
  0
LINE
  5
A15
330
1F
100
AcDbEntity
  8
0
  6
Continuous
 62
     7
370
    15
100
AcDbLine
 10
97.3073417722
 20
-39.8367721519
 30
0.0
 11
97.3073417722
 21
-42.495
 31
0.0
  0
LINE
  5
A16
330
1F
100
AcDbEntity
  8
0
  6
Continuous
 62
     7
370
    15
100
AcDbLine
 10
-111.6820997966
 20
-62.9768987342
 30
0.0
 11
-111.6820997966
 21
-65.825
 31
0.0
  0
LINE
  5
A17
330
1F
100
AcDbEntity
  8
0
  6
Continuous
 62
     7
370
    15
100
AcDbLine
 10
-117.9479225815
 20
-62.9768987342
 30
0.0
 11
-111.6820997966
 21
-62.9768987342
 31
0.0
  0
LINE
  5
A18
330
1F
100
AcDbEntity
  8
0
  6
Continuous
 62
     7
370
    15
100
AcDbLine
 10
-117.9479225815
 20
-59.1794303797
 30
0.0
 11
-117.9479225815
 21
-62.9768987342
 31
0.0
  0
LINE
  5
A19
330
1F
100
AcDbEntity
  8
0
  6
Continuous
 62
     7
370
    15
100
AcDbLine
 10
-112.2517200498
 20
-59.1794303797
 30
0.0
 11
-117.9479225815
 21
-59.1794303797
 31
0.0
  0
LINE
  5
A1A
330
1F
100
AcDbEntity
  8
0
  6
Continuous
 62
     7
370
    15
100
AcDbLine
 10
-112.2517200498
 20
-56.3313291139
 30
0.0
 11
-112.2517200498
 21
-59.1794303797
 31
0.0
  0
LINE
  5
A1B
330
1F
100
AcDbEntity
  8
0
  6
Continuous
 62
     7
370
    15
100
AcDbLine
 10
-117.9479225815
 20
-56.3313291139
 30
0.0
 11
-112.2517200498
 21
-56.3313291139
 31
0.0
  0
LINE
  5
A1C
330
1F
100
AcDbEntity
  8
0
  6
Continuous
 62
     7
370
    15
100
AcDbLine
 10
-117.9479225815
 20
-53.6731012658
 30
0.0
 11
-117.9479225815
 21
-56.3313291139
 31
0.0
  0
LINE
  5
A1D
330
1F
100
AcDbEntity
  8
0
  6
Continuous
 62
     7
370
    15
100
AcDbLine
 10
-111.6820997966
 20
-53.6731012658
 30
0.0
 11
-117.9479225815
 21
-53.6731012658
 31
0.0
  0
LINE
  5
A1E
330
1F
100
AcDbEntity
  8
0
  6
Continuous
 62
     7
370
    15
100
AcDbLine
 10
-111.6820997966
 20
-50.825
 30
0.0
 11
-111.6820997966
 21
-53.6731012658
 31
0.0
  0
LINE
  5
A1F
330
1F
100
AcDbEntity
  8
0
  6
Continuous
 62
     7
370
    15
100
AcDbLine
 10
-121.7453909359
 20
-50.825
 30
0.0
 11
-111.6820997966
 21
-50.825
 31
0.0
  0
LINE
  5
A20
330
1F
100
AcDbEntity
  8
0
  6
Continuous
 62
     7
370
    15
100
AcDbLine
 10
-121.7453909359
 20
-65.825
 30
0.0
 11
-121.7453909359
 21
-50.825
 31
0.0
  0
LINE
  5
A21
330
1F
100
AcDbEntity
  8
0
  6
Continuous
 62
     7
370
    15
100
AcDbLine
 10
-111.6820997966
 20
-65.825
 30
0.0
 11
-121.7453909359
 21
-65.825
 31
0.0
  0
LINE
  5
A22
330
1F
100
AcDbEntity
  8
0
  6
Continuous
 62
     7
370
    15
100
AcDbLine
 10
-70.2879225815
 20
97.485
 30
0.0
 11
-70.2879225815
 21
100.1441932534
 31
0.0
  0
LINE
  5
A23
330
1F
100
AcDbEntity
  8
0
  6
Continuous
 62
     7
370
    15
100
AcDbLine
 10
-69.0984447334
 20
97.485
 30
0.0
 11
-70.2879225815
 21
97.485
 31
0.0
  0
LINE
  5
A24
330
1F
100
AcDbEntity
  8
0
  6
Continuous
 62
     7
370
    15
100
AcDbLine
 10
-66.1257390372
 20
105.8542642405
 30
0.0
 11
-66.1257390372
 21
105.7741613924
 31
0.0
  0
LINE
  5
A25
330
1F
100
AcDbEntity
  8
0
  6
Continuous
 62
     7
370
    15
100
AcDbLine
 10
-75.0853909359
 20
112.485
 30
0.0
 11
-69.7808023283
 21
112.485
 31
0.0
  0
LINE
  5
A26
330
1F
100
AcDbEntity
  8
0
  6
Continuous
 62
     7
370
    15
100
AcDbLine
 10
-75.0853909359
 20
97.485
 30
0.0
 11
-75.0853909359
 21
112.485
 31
0.0
  0
LINE
  5
A27
330
1F
100
AcDbEntity
  8
0
  6
Continuous
 62
     7
370
    15
100
AcDbLine
 10
-71.2879225815
 20
97.485
 30
0.0
 11
-75.0853909359
 21
97.485
 31
0.0
  0
LINE
  5
A28
330
1F
100
AcDbEntity
  8
0
  6
Continuous
 62
     7
370
    15
100
AcDbLine
 10
-71.2879225815
 20
109.8267721519
 30
0.0
 11
-71.2879225815
 21
97.485
 31
0.0
  0
LINE
  5
A29
330
1F
100
AcDbEntity
  8
0
  6
Continuous
 62
     7
370
    15
100
AcDbLine
 10
-71.0268466321
 20
109.8267721519
 30
0.0
 11
-71.2879225815
 21
109.8267721519
 31
0.0
  0
LINE
  5
A2A
330
1F
100
AcDbEntity
  8
0
  6
Continuous
 62
     7
370
    15
100
AcDbLine
 10
-70.2879225815
 20
104.1308282985
 30
0.0
 11
-70.2879225815
 21
106.5998045256
 31
0.0
  0
LINE
  5
A2B
330
1F
100
AcDbEntity
  8
0
  6
Continuous
 62
     7
370
    15
100
AcDbLine
 10
-109.4804237
 20
72.6360126582
 30
0.0
 11
-109.4804237
 21
70.0667879747
 31
0.0
  0
LINE
  5
A2C
330
1F
100
AcDbEntity
  8
0
  6
Continuous
 62
     7
370
    15
100
AcDbLine
 10
-109.851270219
 20
72.6360126582
 30
0.0
 11
-109.4804237
 21
72.6360126582
 31
0.0
  0
LINE
  5
A2D
330
1F
100
AcDbEntity
  8
0
  6
Continuous
 62
     7
370
    15
100
AcDbLine
 10
-114.6854577769
 20
77.3437547441
 30
0.0
 11
-112.7965035793
 21
74.725576361
 31
0.0
  0
LINE
  5
A2E
330
1F
100
AcDbEntity
  8
0
  6
Continuous
 62
     7
370
    15
100
AcDbLine
 10
-121.8942061744
 20
87.3354153136
 30
0.0
 11
-119.5920433159
 21
84.1445105133
 31
0.0
  0
LINE
  5
A2F
330
1F
100
AcDbEntity
  8
0
  6
Continuous
 62
     7
370
    15
100
AcDbLine
 10
-111.9779015968
 20
75.3000858214
 30
0.0
 11
-114.0430896364
 21
78.1625324996
 31
0.0
  0
LINE
  5
A30
330
1F
100
AcDbEntity
  8
0
  6
Continuous
 62
     7
370
    15
100
AcDbLine
 10
-119.1288290925
 20
85.2116039317
 30
0.0
 11
-121.173693112
 21
88.0458805728
 31
0.0
  0
LINE
  5
A31
330
1F
100
AcDbEntity
  8
0
  6
Continuous
 62
     7
370
    15
100
AcDbLine
 10
65.0089534602
 20
87.6766621398
 30
0.0
 11
67.186122569
 21
84.6590044907
 31
0.0
  0
LINE
  5
A32
330
1F
100
AcDbEntity
  8
0
  6
Continuous
 62
     7
370
    15
100
AcDbLine
 10
72.2189834855
 20
77.6832251746
 30
0.0
 11
74.1777239544
 21
74.9683197971
 31
0.0
  0
LINE
  5
A33
330
1F
100
AcDbEntity
  8
0
  6
Continuous
 62
     7
370
    15
100
AcDbLine
 10
74.9478447041
 20
75.6100264777
 30
0.0
 11
72.7813459416
 21
78.61289453
 31
0.0
  0
LINE
  5
A34
330
1F
100
AcDbEntity
  8
0
  6
Continuous
 62
     7
370
    15
100
AcDbLine
 10
67.7362405276
 20
85.6056452897
 30
0.0
 11
65.7751972338
 21
88.3237424895
 31
0.0
  0
LINE
  5
A35
330
1F
100
AcDbEntity
  8
0
  6
Continuous
 62
     7
370
    15
100
AcDbLine
 10
123.778863613
 20
25.9760126582
 30
0.0
 11
123.778863613
 21
23.4067879747
 31
0.0
  0
LINE
  5
A36
330
1F
100
AcDbEntity
  8
0
  6
Continuous
 62
     7
370
    15
100
AcDbLine
 10
123.408017094
 20
25.9760126582
 30
0.0
 11
123.778863613
 21
25.9760126582
 31
0.0
  0
LINE
  5
A37
330
1F
100
AcDbEntity
  8
0
  6
Continuous
 62
     7
370
    15
100
AcDbLine
 10
118.8400072185
 20
30.9654277692
 30
0.0
 11
120.7864666605
 21
28.2675444575
 31
0.0
  0
LINE
  5
A38
330
1F
100
AcDbEntity
  8
0
  6
Continuous
 62
     7
370
    15
100
AcDbLine
 10
111.6278168114
 20
40.9618591242
 30
0.0
 11
113.8220657172
 21
37.9205280817
 31
0.0
  0
LINE
  5
A39
330
1F
100
AcDbEntity
  8
0
  6
Continuous
 62
     7
370
    15
100
AcDbLine
 10
121.5663034425
 20
28.895784274
 30
0.0
 11
119.4149406809
 21
31.8776731251
 31
0.0
  0
LINE
  5
A3A
330
1F
100
AcDbEntity
  8
0
  6
Continuous
 62
     7
370
    15
100
AcDbLine
 10
114.3570300427
 20
38.8881725212
 30
0.0
 11
112.3863725348
 21
41.6195954857
 31
0.0
  0
LINE
  5
A3B
330
1F
100
AcDbEntity
  8
0
  6
Continuous
 62
     7
370
    15
100
AcDbLine
 10
-121.5965348995
 20
-5.6579852588
 30
0.0
 11
-119.4140222971
 21
-8.6830492386
 31
0.0
  0
LINE
  5
A3C
330
1F
100
AcDbEntity
  8
0
  6
Continuous
 62
     7
370
    15
100
AcDbLine
 10
-114.3852196024
 20
-15.6532036705
 30
0.0
 11
-112.429868421
 21
-18.3634113654
 31
0.0
  0
LINE
  5
A3D
330
1F
100
AcDbEntity
  8
0
  6
Continuous
 62
     7
370
    15
100
AcDbLine
 10
-111.6577909788
 20
-17.7244167241
 30
0.0
 11
-113.8192780575
 21
-14.7284950987
 31
0.0
  0
LINE
  5
A3E
330
1F
100
AcDbEntity
  8
0
  6
Continuous
 62
     7
370
    15
100
AcDbLine
 10
-118.8681081987
 20
-7.7305816938
 30
0.0
 11
-120.83228989
 21
-5.0081345291
 31
0.0
  0
LINE
  5
A3F
330
1F
100
AcDbEntity
  8
0
  6
Continuous
 62
     7
370
    15
100
AcDbLine
 10
-98.3441947394
 20
-29.0005301794
 30
0.0
 11
-96.1570958634
 21
-32.0319509479
 31
0.0
  0
LINE
  5
A40
330
1F
100
AcDbEntity
  8
0
  6
Continuous
 62
     7
370
    15
100
AcDbLine
 10
-91.1318530139
 20
-38.9971712688
 30
0.0
 11
-89.1793872189
 21
-41.7033796834
 31
0.0
  0
LINE
  5
A41
330
1F
100
AcDbEntity
  8
0
  6
Continuous
 62
     7
370
    15
100
AcDbLine
 10
-88.4056408632
 20
-41.0666982344
 30
0.0
 11
-90.5628753152
 21
-38.0766709473
 31
0.0
  0
LINE
  5
A42
330
1F
100
AcDbEntity
  8
0
  6
Continuous
 62
     7
370
    15
100
AcDbLine
 10
-95.6148163279
 20
-31.0744457298
 30
0.0
 11
-97.5816571559
 21
-28.3483128612
 31
0.0
  0
LINE
  5
A43
330
1F
100
AcDbEntity
  8
0
  6
Continuous
 62
     7
370
    15
100
AcDbLine
 10
-39.5327073803
 20
-67.3439873418
 30
0.0
 11
-39.5327073803
 21
-69.9132120253
 31
0.0
  0
LINE
  5
A44
330
1F
100
AcDbEntity
  8
0
  6
Continuous
 62
     7
370
    15
100
AcDbLine
 10
-39.9035538993
 20
-67.3439873418
 30
0.0
 11
-39.5327073803
 21
-67.3439873418
 31
0.0
  0
LINE
  5
A45
330
1F
100
AcDbEntity
  8
0
  6
Continuous
 62
     7
370
    15
100
AcDbLine
 10
-44.4992993311
 20
-62.3875145418
 30
0.0
 11
-42.5599514284
 21
-65.0755409242
 31
0.0
  0
LINE
  5
A46
330
1F
100
AcDbEntity
  8
0
  6
Continuous
 62
     7
370
    15
100
AcDbLine
 10
-51.7132333496
 20
-52.3886664603
 30
0.0
 11
-49.5078447707
 21
-55.445437608
 31
0.0
  0
LINE
  5
A47
330
1F
100
AcDbEntity
  8
0
  6
Continuous
 62
     7
370
    15
100
AcDbLine
 10
-41.7758453916
 20
-64.4532184984
 30
0.0
 11
-43.917166436
 21
-61.4852479506
 31
0.0
  0
LINE
  5
A48
330
1F
100
AcDbEntity
  8
0
  6
Continuous
 62
     7
370
    15
100
AcDbLine
 10
-48.980105135
 20
-54.4677794122
 30
0.0
 11
-50.9588795233
 21
-51.725106074
 31
0.0
  0
LINE
  5
A49
330
1F
100
AcDbEntity
  8
0
  6
Continuous
 62
     7
370
    15
100
AcDbLine
 10
100.5049838561
 20
-90.6739873418
 30
0.0
 11
100.5049838561
 21
-93.2432120253
 31
0.0
  0
LINE
  5
A4A
330
1F
100
AcDbEntity
  8
0
  6
Continuous
 62
     7
370
    15
100
AcDbLine
 10
100.1341373372
 20
-90.6739873418
 30
0.0
 11
100.5049838561
 21
-90.6739873418
 31
0.0
  0
LINE
  5
A4B
330
1F
100
AcDbEntity
  8
0
  6
Continuous
 62
     7
370
    15
100
AcDbLine
 10
95.509684274
 20
-85.7508026545
 30
0.0
 11
97.4418876117
 21
-88.4289263475
 31
0.0
  0
LINE
  5
A4C
330
1F
100
AcDbEntity
  8
0
  6
Continuous
 62
     7
370
    15
100
AcDbLine
 10
88.2944506072
 20
-75.7501532001
 30
0.0
 11
90.5114118859
 21
-78.8229646481
 31
0.0
  0
LINE
  5
A4D
330
1F
100
AcDbEntity
  8
0
  6
Continuous
 62
     7
370
    15
100
AcDbLine
 10
98.2303630333
 20
-87.8126600823
 30
0.0
 11
96.0991895515
 21
-84.8587545284
 31
0.0
  0
LINE
  5
A4E
330
1F
100
AcDbEntity
  8
0
  6
Continuous
 62
     7
370
    15
100
AcDbLine
 10
91.0315108911
 20
-77.8347161828
 30
0.0
 11
89.0445012699
 21
-75.0806284289
 31
0.0
  0
LINE
  5
A4F
330
1F
100
AcDbEntity
  8
0
  6
Continuous
 62
     7
370
    15
100
AcDbLine
 10
72.0247750671
 20
-12.7923734177
 30
0.0
 11
77.0000519658
 21
-19.165
 31
0.0
  0
LINE
  5
A50
330
1F
100
AcDbEntity
  8
0
  6
Continuous
 62
     7
370
    15
100
AcDbLine
 10
25.6334124602
 20
-59.4523734177
 30
0.0
 11
30.6086893589
 21
-65.825
 31
0.0
  0
LINE
  5
A51
330
1F
100
AcDbEntity
  8
0
  6
Continuous
 62
     7
370
    15
100
AcDbLine
 10
-67.7620042053
 20
-59.4523734177
 30
0.0
 11
-62.7867273066
 21
-65.825
 31
0.0
  0
LINE
  5
A52
330
1F
100
AcDbEntity
  8
0
  6
Continuous
 62
     7
370
    15
100
AcDbLine
 10
-0.7870234792
 20
156.956813105
 30
0.0
 11
0.6984567889
 21
156.9419210722
 31
0.0
  0
LINE
  5
A53
330
1F
100
AcDbEntity
  8
0
  6
Continuous
 62
     7
370
    15
100
AcDbLine
 10
-21.1952233147
 20
80.5276265823
 30
0.0
 11
-16.2199464159
 21
74.155
 31
0.0
  0
LINE
  5
A54
330
1F
100
AcDbEntity
  8
0
  6
Continuous
 62
     7
370
    15
100
AcDbLine
 10
48.7382174824
 20
80.5276265823
 30
0.0
 11
53.7134943811
 21
74.155
 31
0.0
  0
ENDSEC
  0
SECTION
  2
OBJECTS
  0
DICTIONARY
  5
C
330
0
100
AcDbDictionary
281
     1
  3
ACAD_DETAILVIEWSTYLE
350
A5D
  3
ACAD_GROUP
350
D
  3
ACAD_LAYOUT
350
1A
  3
ACAD_MATERIAL
350
43
  3
ACAD_MLEADERSTYLE
350
6B
  3
ACAD_MLINESTYLE
350
17
  3
ACAD_PLOTSETTINGS
350
19
  3
ACAD_PLOTSTYLENAME
350
E
  3
ACAD_SCALELIST
350
47
  3
ACAD_SECTIONVIEWSTYLE
350
A5E
  3
ACAD_TABLESTYLE
350
69
  3
ACAD_VISUALSTYLE
350
2A
  3
ACDB_RECOMPOSE_DATA
350
A5A
  3
AcDbVariableDictionary
350
A55
  0
SUN
  5
6D
330
29
100
AcDbSun
 90
        1
290
     0
 63
     7
421
 16777215
 40
1.0
291
     1
 91
  2455826
 92
 54000000
292
     0
 70
     2
 71
   256
280
     1
  0
DICTIONARY
  5
A5D
102
{ACAD_REACTORS
330
C
102
}
330
C
100
AcDbDictionary
281
     1
  0
DICTIONARY
  5
D
102
{ACAD_REACTORS
330
C
102
}
330
C
100
AcDbDictionary
281
     1
  0
DICTIONARY
  5
1A
102
{ACAD_REACTORS
330
C
102
}
330
C
100
AcDbDictionary
281
     1
  3
Layout1
350
1E
  3
Layout2
350
26
  3
Model
350
22
  0
DICTIONARY
  5
43
102
{ACAD_REACTORS
330
C
102
}
330
C
100
AcDbDictionary
281
     1
  3
ByBlock
350
45
  3
ByLayer
350
44
  3
Global
350
46
  0
DICTIONARY
  5
6B
102
{ACAD_REACTORS
330
C
102
}
330
C
100
AcDbDictionary
281
     1
  3
Standard
350
6C
  0
DICTIONARY
  5
17
102
{ACAD_REACTORS
330
C
102
}
330
C
100
AcDbDictionary
281
     1
  3
Standard
350
18
  0
DICTIONARY
  5
19
102
{ACAD_REACTORS
330
C
102
}
330
C
100
AcDbDictionary
281
     1
  0
ACDBDICTIONARYWDFLT
  5
E
102
{ACAD_REACTORS
330
C
102
}
330
C
100
AcDbDictionary
281
     1
  3
Normal
350
F
100
AcDbDictionaryWithDefault
340
F
  0
DICTIONARY
  5
47
102
{ACAD_REACTORS
330
C
102
}
330
C
100
AcDbDictionary
281
     1
  3
A0
350
48
  3
A1
350
49
  3
A2
350
4A
  3
A3
350
4B
  3
A4
350
4C
  3
A5
350
4D
  3
A6
350
4E
  3
A7
350
4F
  3
A8
350
50
  3
A9
350
51
  3
B0
350
52
  3
B1
350
53
  3
B2
350
54
  3
B3
350
55
  3
B4
350
56
  3
B5
350
57
  3
B6
350
58
  3
B7
350
59
  3
B8
350
5A
  3
B9
350
5B
  3
C0
350
5C
  3
C1
350
5D
  3
C2
350
5E
  3
C3
350
5F
  3
C4
350
60
  3
C5
350
61
  3
C6
350
62
  3
C7
350
63
  3
C8
350
64
  3
C9
350
65
  3
D0
350
66
  3
D1
350
67
  3
D2
350
68
  0
DICTIONARY
  5
A5E
102
{ACAD_REACTORS
330
C
102
}
330
C
100
AcDbDictionary
281
     1
  0
DICTIONARY
  5
69
102
{ACAD_REACTORS
330
C
102
}
330
C
100
AcDbDictionary
281
     1
  3
Standard
350
6A
  0
DICTIONARY
  5
2A
102
{ACAD_REACTORS
330
C
102
}
330
C
100
AcDbDictionary
281
     1
  3
2dWireframe
350
2F
  3
Basic
350
32
  3
Brighten
350
36
  3
ColorChange
350
3A
  3
Conceptual
350
34
  3
Dim
350
35
  3
EdgeColorOff
350
3D
  3
Facepattern
350
39
  3
Flat
350
2B
  3
FlatWithEdges
350
2C
  3
Gouraud
350
2D
  3
GouraudWithEdges
350
2E
  3
Hidden
350
31
  3
JitterOff
350
3B
  3
Linepattern
350
38
  3
OverhangOff
350
3C
  3
Realistic
350
33
  3
Shaded
350
42
  3
Shaded with edges
350
41
  3
Shades of Gray
350
3E
  3
Sketchy
350
3F
  3
Thicken
350
37
  3
Wireframe
350
30
  3
X-Ray
350
40
  0
XRECORD
  5
A5A
102
{ACAD_REACTORS
330
C
102
}
330
C
100
AcDbXrecord
280
     1
 90
        1
330
6A
  0
DICTIONARY
  5
A55
102
{ACAD_REACTORS
330
C
102
}
330
C
100
AcDbDictionary
281
     1
  3
CANNOSCALE
350
A56
  3
CMLEADERSTYLE
350
A5C
  3
CTABLESTYLE
350
A5B
  0
LAYOUT
  5
1E
102
{ACAD_REACTORS
330
1A
102
}
330
1A
100
AcDbPlotSettings
  1

  2
none_device
  4

  6

 40
0.0
 41
0.0
 42
0.0
 43
0.0
 44
0.0
 45
0.0
 46
0.0
 47
0.0
 48
0.0
 49
0.0
140
0.0
141
0.0
142
1.0
143
1.0
 70
   688
 72
     1
 73
     0
 74
     5
  7

 75
    16
 76
     0
 77
     2
 78
   300
147
1.0
148
0.0
149
0.0
100
AcDbLayout
  1
Layout1
 70
     1
 71
     1
 10
0.0
 20
0.0
 11
420.0
 21
297.0
 12
0.0
 22
0.0
 32
0.0
 14
1.0000000000E+20
 24
1.0000000000E+20
 34
1.0000000000E+20
 15
-1.0000000000E+20
 25
-1.0000000000E+20
 35
-1.0000000000E+20
146
0.0
 13
0.0
 23
0.0
 33
0.0
 16
1.0
 26
0.0
 36
0.0
 17
0.0
 27
1.0
 37
0.0
 76
     0
330
1B
  0
LAYOUT
  5
26
102
{ACAD_REACTORS
330
1A
102
}
330
1A
100
AcDbPlotSettings
  1

  2
none_device
  4

  6

 40
0.0
 41
0.0
 42
0.0
 43
0.0
 44
0.0
 45
0.0
 46
0.0
 47
0.0
 48
0.0
 49
0.0
140
0.0
141
0.0
142
1.0
143
1.0
 70
   688
 72
     1
 73
     0
 74
     5
  7

 75
    16
 76
     0
 77
     2
 78
   300
147
1.0
148
0.0
149
0.0
100
AcDbLayout
  1
Layout2
 70
     1
 71
     2
 10
0.0
 20
0.0
 11
0.0
 21
0.0
 12
0.0
 22
0.0
 32
0.0
 14
0.0
 24
0.0
 34
0.0
 15
0.0
 25
0.0
 35
0.0
146
0.0
 13
0.0
 23
0.0
 33
0.0
 16
1.0
 26
0.0
 36
0.0
 17
0.0
 27
1.0
 37
0.0
 76
     0
330
23
  0
LAYOUT
  5
22
102
{ACAD_REACTORS
330
1A
102
}
330
1A
100
AcDbPlotSettings
  1

  2
none_device
  4
ANSI_A_(11.00_x_8.50_Inches)
  6

 40
6.35
 41
19.05
 42
6.35000508
 43
19.05000254
 44
279.4
 45
215.9
 46
133.34999746
 47
88.89999873
 48
0.0
 49
0.0
140
0.0
141
0.0
142
0.0227432432
143
1.0
 70
  1696
 72
     0
 73
     0
 74
     0
  7

 75
     0
 76
     0
 77
     2
 78
   300
147
0.0179189148
148
-1300.4909072572
149
0.0
100
AcDbLayout
  1
Model
 70
     1
 71
     0
 10
0.0
 20
0.0
 11
420.0
 21
297.0
 12
0.0
 22
0.0
 32
0.0
 14
-195.0
 24
-185.0
 34
0.0
 15
195.0
 25
185.0
 35
0.0
146
0.0
 13
0.0
 23
0.0
 33
0.0
 16
1.0
 26
0.0
 36
0.0
 17
0.0
 27
1.0
 37
0.0
 76
     0
330
1F
331
29
  0
MATERIAL
  5
45
102
{ACAD_REACTORS
330
43
102
}
330
43
100
AcDbMaterial
  1
ByBlock
 72
     1
 94
      127
  0
MATERIAL
  5
44
102
{ACAD_REACTORS
330
43
102
}
330
43
100
AcDbMaterial
  1
ByLayer
 72
     1
 94
      127
  0
MATERIAL
  5
46
102
{ACAD_REACTORS
330
43
102
}
330
43
100
AcDbMaterial
  1
Global
 72
     1
 94
      127
  0
MLEADERSTYLE
  5
6C
102
{ACAD_REACTORS
330
6B
102
}
330
6B
100
AcDbMLeaderStyle
170
     2
171
     1
172
     0
 90
        2
 40
0.0
 41
0.0
173
     1
 91
-1056964608
340
14
 92
       -2
290
     1
 42
2.0
291
     1
 43
8.0
  3
Standard
341
0
 44
4.0
300

342
11
174
     1
178
     6
175
     1
176
     0
 93
-1056964608
 45
4.0
292
     0
297
     0
 46
4.0
343
0
 94
-1056964608
 47
1.0
 49
1.0
140
1.0
293
     1
141
0.0
294
     1
177
     0
142
1.0
295
     0
296
     0
143
3.75
1001
ACAD_MLEADERVER
1070
     2
  0
MLINESTYLE
  5
18
102
{ACAD_REACTORS
330
17
102
}
330
17
100
AcDbMlineStyle
  2
Standard
 70
     0
  3

 62
   256
 51
90.0
 52
90.0
 71
     2
 49
0.5
 62
   256
  6
BYLAYER
 49
-0.5
 62
   256
  6
BYLAYER
  0
ACDBPLACEHOLDER
  5
F
102
{ACAD_REACTORS
330
E
102
}
330
E
  0
SCALE
  5
48
102
{ACAD_REACTORS
330
47
102
}
330
47
100
AcDbScale
 70
     0
300
1:1
140
1.0
141
1.0
290
     1
  0
SCALE
  5
49
102
{ACAD_REACTORS
330
47
102
}
330
47
100
AcDbScale
 70
     0
300
1:2
140
1.0
141
2.0
290
     0
  0
SCALE
  5
4A
102
{ACAD_REACTORS
330
47
102
}
330
47
100
AcDbScale
 70
     0
300
1:4
140
1.0
141
4.0
290
     0
  0
SCALE
  5
4B
102
{ACAD_REACTORS
330
47
102
}
330
47
100
AcDbScale
 70
     0
300
1:5
140
1.0
141
5.0
290
     0
  0
SCALE
  5
4C
102
{ACAD_REACTORS
330
47
102
}
330
47
100
AcDbScale
 70
     0
300
1:8
140
1.0
141
8.0
290
     0
  0
SCALE
  5
4D
102
{ACAD_REACTORS
330
47
102
}
330
47
100
AcDbScale
 70
     0
300
1:10
140
1.0
141
10.0
290
     0
  0
SCALE
  5
4E
102
{ACAD_REACTORS
330
47
102
}
330
47
100
AcDbScale
 70
     0
300
1:16
140
1.0
141
16.0
290
     0
  0
SCALE
  5
4F
102
{ACAD_REACTORS
330
47
102
}
330
47
100
AcDbScale
 70
     0
300
1:20
140
1.0
141
20.0
290
     0
  0
SCALE
  5
50
102
{ACAD_REACTORS
330
47
102
}
330
47
100
AcDbScale
 70
     0
300
1:30
140
1.0
141
30.0
290
     0
  0
SCALE
  5
51
102
{ACAD_REACTORS
330
47
102
}
330
47
100
AcDbScale
 70
     0
300
1:40
140
1.0
141
40.0
290
     0
  0
SCALE
  5
52
102
{ACAD_REACTORS
330
47
102
}
330
47
100
AcDbScale
 70
     0
300
1:50
140
1.0
141
50.0
290
     0
  0
SCALE
  5
53
102
{ACAD_REACTORS
330
47
102
}
330
47
100
AcDbScale
 70
     0
300
1:100
140
1.0
141
100.0
290
     0
  0
SCALE
  5
54
102
{ACAD_REACTORS
330
47
102
}
330
47
100
AcDbScale
 70
     0
300
2:1
140
2.0
141
1.0
290
     0
  0
SCALE
  5
55
102
{ACAD_REACTORS
330
47
102
}
330
47
100
AcDbScale
 70
     0
300
4:1
140
4.0
141
1.0
290
     0
  0
SCALE
  5
56
102
{ACAD_REACTORS
330
47
102
}
330
47
100
AcDbScale
 70
     0
300
8:1
140
8.0
141
1.0
290
     0
  0
SCALE
  5
57
102
{ACAD_REACTORS
330
47
102
}
330
47
100
AcDbScale
 70
     0
300
10:1
140
10.0
141
1.0
290
     0
  0
SCALE
  5
58
102
{ACAD_REACTORS
330
47
102
}
330
47
100
AcDbScale
 70
     0
300
100:1
140
100.0
141
1.0
290
     0
  0
SCALE
  5
59
102
{ACAD_REACTORS
330
47
102
}
330
47
100
AcDbScale
 70
     0
300
1/128" = 1'-0"
140
0.0078125
141
12.0
290
     0
  0
SCALE
  5
5A
102
{ACAD_REACTORS
330
47
102
}
330
47
100
AcDbScale
 70
     0
300
1/64" = 1'-0"
140
0.015625
141
12.0
290
     0
  0
SCALE
  5
5B
102
{ACAD_REACTORS
330
47
102
}
330
47
100
AcDbScale
 70
     0
300
1/32" = 1'-0"
140
0.03125
141
12.0
290
     0
  0
SCALE
  5
5C
102
{ACAD_REACTORS
330
47
102
}
330
47
100
AcDbScale
 70
     0
300
1/16" = 1'-0"
140
0.0625
141
12.0
290
     0
  0
SCALE
  5
5D
102
{ACAD_REACTORS
330
47
102
}
330
47
100
AcDbScale
 70
     0
300
3/32" = 1'-0"
140
0.09375
141
12.0
290
     0
  0
SCALE
  5
5E
102
{ACAD_REACTORS
330
47
102
}
330
47
100
AcDbScale
 70
     0
300
1/8" = 1'-0"
140
0.125
141
12.0
290
     0
  0
SCALE
  5
5F
102
{ACAD_REACTORS
330
47
102
}
330
47
100
AcDbScale
 70
     0
300
3/16" = 1'-0"
140
0.1875
141
12.0
290
     0
  0
SCALE
  5
60
102
{ACAD_REACTORS
330
47
102
}
330
47
100
AcDbScale
 70
     0
300
1/4" = 1'-0"
140
0.25
141
12.0
290
     0
  0
SCALE
  5
61
102
{ACAD_REACTORS
330
47
102
}
330
47
100
AcDbScale
 70
     0
300
3/8" = 1'-0"
140
0.375
141
12.0
290
     0
  0
SCALE
  5
62
102
{ACAD_REACTORS
330
47
102
}
330
47
100
AcDbScale
 70
     0
300
1/2" = 1'-0"
140
0.5
141
12.0
290
     0
  0
SCALE
  5
63
102
{ACAD_REACTORS
330
47
102
}
330
47
100
AcDbScale
 70
     0
300
3/4" = 1'-0"
140
0.75
141
12.0
290
     0
  0
SCALE
  5
64
102
{ACAD_REACTORS
330
47
102
}
330
47
100
AcDbScale
 70
     0
300
1" = 1'-0"
140
1.0
141
12.0
290
     0
  0
SCALE
  5
65
102
{ACAD_REACTORS
330
47
102
}
330
47
100
AcDbScale
 70
     0
300
1-1/2" = 1'-0"
140
1.5
141
12.0
290
     0
  0
SCALE
  5
66
102
{ACAD_REACTORS
330
47
102
}
330
47
100
AcDbScale
 70
     0
300
3" = 1'-0"
140
3.0
141
12.0
290
     0
  0
SCALE
  5
67
102
{ACAD_REACTORS
330
47
102
}
330
47
100
AcDbScale
 70
     0
300
6" = 1'-0"
140
6.0
141
12.0
290
     0
  0
SCALE
  5
68
102
{ACAD_REACTORS
330
47
102
}
330
47
100
AcDbScale
 70
     0
300
1'-0" = 1'-0"
140
12.0
141
12.0
290
     0
  0
TABLESTYLE
  5
6A
102
{ACAD_REACTORS
330
69
102
}
102
{ACAD_XDICTIONARY
360
A57
102
}
330
69
100
AcDbTableStyle
  3
Standard
 70
     0
 71
     0
 40
0.06
 41
0.06
280
     0
281
     0
  7
Standard
140
4.5
170
     2
 62
     0
 63
   257
283
     0
 90
        4
 91
        0
  1

274
    -2
284
     1
 64
     0
275
    -2
285
     1
 65
     0
276
    -2
286
     1
 66
     0
277
    -2
287
     1
 67
     0
278
    -2
288
     1
 68
     0
279
    -2
289
     1
 69
     0
  7
Standard
140
6.0
170
     5
 62
     0
 63
   257
283
     0
 90
        4
 91
        0
  1

274
    -2
284
     1
 64
     0
275
    -2
285
     1
 65
     0
276
    -2
286
     1
 66
     0
277
    -2
287
     1
 67
     0
278
    -2
288
     1
 68
     0
279
    -2
289
     1
 69
     0
  7
Standard
140
4.5
170
     5
 62
     0
 63
   257
283
     0
 90
        4
 91
        0
  1

274
    -2
284
     1
 64
     0
275
    -2
285
     1
 65
     0
276
    -2
286
     1
 66
     0
277
    -2
287
     1
 67
     0
278
    -2
288
     1
 68
     0
279
    -2
289
     1
 69
     0
  0
VISUALSTYLE
  5
2F
102
{ACAD_REACTORS
330
2A
102
}
330
2A
100
AcDbVisualStyle
  2
2dWireframe
 70
     4
 71
     0
 72
     2
 73
     0
 90
        0
 40
0.6
 41
30.0
 62
     5
 63
     7
421
 16777215
 74
     1
 91
        4
 64
     7
 65
   257
 75
     1
175
     1
 42
1.0
 92
        0
 66
   257
 43
1.0
 76
     1
 77
     6
 78
     2
 67
     7
 79
     5
170
     0
171
     0
290
     0
174
     0
 93
        1
 44
0.0
173
     0
291
     0
 45
0.0
  0
VISUALSTYLE
  5
32
102
{ACAD_REACTORS
330
2A
102
}
330
2A
100
AcDbVisualStyle
  2
Basic
 70
     7
 71
     1
 72
     0
 73
     1
 90
        0
 40
0.6
 41
30.0
 62
     5
 63
     7
421
 16777215
 74
     0
 91
        4
 64
     7
 65
   257
 75
     1
175
     1
 42
1.0
 92
        8
 66
     7
 43
1.0
 76
     1
 77
     6
 78
     2
 67
     7
 79
     5
170
     0
171
     0
290
     0
174
     0
 93
        1
 44
0.0
173
     0
291
     1
 45
0.0
  0
VISUALSTYLE
  5
36
102
{ACAD_REACTORS
330
2A
102
}
330
2A
100
AcDbVisualStyle
  2
Brighten
 70
    12
 71
     2
 72
     2
 73
     0
 90
        0
 40
0.6
 41
30.0
 62
     5
 63
     7
421
 16777215
 74
     1
 91
        4
 64
     7
 65
   257
 75
     1
175
     1
 42
1.0
 92
        8
 66
     7
 43
1.0
 76
     1
 77
     6
 78
     2
 67
     7
 79
     5
170
     0
171
     0
290
     0
174
     0
 93
        1
 44
50.0
173
     0
291
     1
 45
0.0
  0
VISUALSTYLE
  5
3A
102
{ACAD_REACTORS
330
2A
102
}
330
2A
100
AcDbVisualStyle
  2
ColorChange
 70
    16
 71
     2
 72
     2
 73
     3
 90
        0
 40
0.6
 41
30.0
 62
     5
 63
     8
421
  8421504
 74
     1
 91
        4
 64
     7
 65
   257
 75
     1
175
     1
 42
1.0
 92
        8
 66
     8
424
  8421504
 43
1.0
 76
     1
 77
     6
 78
     2
 67
     7
 79
     5
170
     0
171
     0
290
     0
174
     0
 93
        1
 44
0.0
173
     0
291
     1
 45
0.0
  0
VISUALSTYLE
  5
34
102
{ACAD_REACTORS
330
2A
102
}
330
2A
100
AcDbVisualStyle
  2
Conceptual
 70
     9
 71
     3
 72
     2
 73
     0
 90
        0
 40
0.6
 41
30.0
 62
     5
 63
     7
421
 16777215
 74
     2
 91
        2
 64
     7
 65
   257
 75
     1
175
     1
 42
179.0
 92
        8
 66
     7
 43
1.0
 76
     1
 77
     6
 78
     2
 67
     7
 79
     3
170
     0
171
     0
290
     0
174
     0
 93
        1
 44
0.0
173
     0
291
     0
 45
0.0
  0
VISUALSTYLE
  5
35
102
{ACAD_REACTORS
330
2A
102
}
330
2A
100
AcDbVisualStyle
  2
Dim
 70
    11
 71
     2
 72
     2
 73
     0
 90
        0
 40
0.6
 41
30.0
 62
     5
 63
     7
421
 16777215
 74
     1
 91
        4
 64
     7
 65
   257
 75
     1
175
     1
 42
1.0
 92
        8
 66
     7
 43
1.0
 76
     1
 77
     6
 78
     2
 67
     7
 79
     5
170
     0
171
     0
290
     0
174
     0
 93
        1
 44
-50.0
173
     0
291
     1
 45
0.0
  0
VISUALSTYLE
  5
3D
102
{ACAD_REACTORS
330
2A
102
}
330
2A
100
AcDbVisualStyle
  2
EdgeColorOff
 70
    22
 71
     2
 72
     2
 73
     0
 90
        0
 40
0.6
 41
30.0
 62
     5
 63
     7
421
 16777215
 74
     1
 91
        4
 64
     7
 65
   257
 75
     1
175
     1
 42
1.0
 92
        8
 66
     7
 43
1.0
 76
     1
 77
     6
 78
     2
 67
     7
 79
     5
170
     0
171
     0
290
     0
174
     0
 93
        1
 44
0.0
173
     0
291
     1
 45
0.0
  0
VISUALSTYLE
  5
39
102
{ACAD_REACTORS
330
2A
102
}
330
2A
100
AcDbVisualStyle
  2
Facepattern
 70
    15
 71
     2
 72
     2
 73
     0
 90
        0
 40
0.6
 41
30.0
 62
     5
 63
     7
421
 16777215
 74
     1
 91
        4
 64
     7
 65
   257
 75
     1
175
     1
 42
1.0
 92
        8
 66
     7
 43
1.0
 76
     1
 77
     6
 78
     2
 67
     7
 79
     5
170
     0
171
     0
290
     0
174
     0
 93
        1
 44
0.0
173
     0
291
     1
 45
0.0
  0
VISUALSTYLE
  5
2B
102
{ACAD_REACTORS
330
2A
102
}
330
2A
100
AcDbVisualStyle
  2
Flat
 70
     0
 71
     2
 72
     1
 73
     1
 90
        2
 40
0.6
 41
30.0
 62
     5
 63
     7
421
 16777215
 74
     0
 91
        0
 64
     7
 65
   257
 75
     1
175
     1
 42
1.0
 92
        8
 66
     7
 43
1.0
 76
     1
 77
     6
 78
     2
 67
     7
 79
     5
170
     0
171
     0
290
     0
174
     0
 93
       13
 44
0.0
173
     0
291
     1
 45
0.0
  0
VISUALSTYLE
  5
2C
102
{ACAD_REACTORS
330
2A
102
}
330
2A
100
AcDbVisualStyle
  2
FlatWithEdges
 70
     1
 71
     2
 72
     1
 73
     1
 90
        2
 40
0.6
 41
30.0
 62
     5
 63
     7
421
 16777215
 74
     1
 91
        0
 64
     7
 65
   257
 75
     1
175
     1
 42
1.0
 92
        0
 66
   257
 43
1.0
 76
     1
 77
     6
 78
     2
 67
     7
 79
     5
170
     0
171
     0
290
     0
174
     0
 93
       13
 44
0.0
173
     0
291
     1
 45
0.0
  0
VISUALSTYLE
  5
2D
102
{ACAD_REACTORS
330
2A
102
}
330
2A
100
AcDbVisualStyle
  2
Gouraud
 70
     2
 71
     2
 72
     2
 73
     1
 90
        2
 40
0.6
 41
30.0
 62
     5
 63
     7
421
 16777215
 74
     0
 91
        0
 64
     7
 65
   257
 75
     1
175
     1
 42
1.0
 92
        0
 66
     7
 43
1.0
 76
     1
 77
     6
 78
     2
 67
     7
 79
     5
170
     0
171
     0
290
     0
174
     0
 93
       13
 44
0.0
173
     0
291
     1
 45
0.0
  0
VISUALSTYLE
  5
2E
102
{ACAD_REACTORS
330
2A
102
}
330
2A
100
AcDbVisualStyle
  2
GouraudWithEdges
 70
     3
 71
     2
 72
     2
 73
     1
 90
        2
 40
0.6
 41
30.0
 62
     5
 63
     7
421
 16777215
 74
     1
 91
        0
 64
     7
 65
   257
 75
     1
175
     1
 42
1.0
 92
        0
 66
   257
 43
1.0
 76
     1
 77
     6
 78
     2
 67
     7
 79
     5
170
     0
171
     0
290
     0
174
     0
 93
       13
 44
0.0
173
     0
291
     1
 45
0.0
  0
VISUALSTYLE
  5
31
102
{ACAD_REACTORS
330
2A
102
}
330
2A
100
AcDbVisualStyle
  2
Hidden
 70
     6
 71
     1
 72
     2
 73
     2
 90
        0
 40
0.6
 41
30.0
 62
     5
 63
     7
421
 16777215
 74
     2
 91
        2
 64
     7
 65
   257
 75
     2
175
     1
 42
40.0
 92
        0
 66
   257
 43
1.0
 76
     1
 77
     6
 78
     2
 67
     7
 79
     3
170
     0
171
     0
290
     0
174
     0
 93
        1
 44
0.0
173
     0
291
     0
 45
0.0
  0
VISUALSTYLE
  5
3B
102
{ACAD_REACTORS
330
2A
102
}
330
2A
100
AcDbVisualStyle
  2
JitterOff
 70
    20
 71
     2
 72
     2
 73
     0
 90
        0
 40
0.6
 41
30.0
 62
     5
 63
     7
421
 16777215
 74
     1
 91
        4
 64
     7
 65
   257
 75
     1
175
     1
 42
1.0
 92
       10
 66
     7
 43
1.0
 76
     1
 77
     6
 78
     2
 67
     7
 79
     5
170
     0
171
     0
290
     0
174
     0
 93
        1
 44
0.0
173
     0
291
     1
 45
0.0
  0
VISUALSTYLE
  5
38
102
{ACAD_REACTORS
330
2A
102
}
330
2A
100
AcDbVisualStyle
  2
Linepattern
 70
    14
 71
     2
 72
     2
 73
     0
 90
        0
 40
0.6
 41
30.0
 62
     5
 63
     7
421
 16777215
 74
     1
 91
        4
 64
     7
 65
   257
 75
     7
175
     7
 42
1.0
 92
        8
 66
     7
 43
1.0
 76
     1
 77
     6
 78
     2
 67
     7
 79
     5
170
     0
171
     0
290
     0
174
     0
 93
        1
 44
0.0
173
     0
291
     1
 45
0.0
  0
VISUALSTYLE
  5
3C
102
{ACAD_REACTORS
330
2A
102
}
330
2A
100
AcDbVisualStyle
  2
OverhangOff
 70
    21
 71
     2
 72
     2
 73
     0
 90
        0
 40
0.6
 41
30.0
 62
     5
 63
     7
421
 16777215
 74
     1
 91
        4
 64
     7
 65
   257
 75
     1
175
     1
 42
1.0
 92
        9
 66
     7
 43
1.0
 76
     1
 77
     6
 78
     2
 67
     7
 79
     5
170
     0
171
     0
290
     0
174
     0
 93
        1
 44
0.0
173
     0
291
     1
 45
0.0
  0
VISUALSTYLE
  5
33
102
{ACAD_REACTORS
330
2A
102
}
330
2A
100
AcDbVisualStyle
  2
Realistic
 70
     8
 71
     2
 72
     3
 73
     0
 90
        2
 40
0.6
 41
30.0
 62
     5
 63
     7
421
 16777215
 74
     0
 91
        0
 64
     7
 65
   257
 75
     1
175
     1
 42
1.0
 92
        8
 66
   257
 43
1.0
 76
     1
 77
     6
 78
     2
 67
     7
 79
     3
170
     0
171
     0
290
     0
174
     0
 93
       13
 44
0.0
173
     0
291
     0
 45
0.0
  0
VISUALSTYLE
  5
42
102
{ACAD_REACTORS
330
2A
102
}
330
2A
100
AcDbVisualStyle
  2
Shaded
 70
    27
 71
     2
 72
     2
 73
     1
 90
        2
 40
0.6
 41
30.0
 62
     5
 63
     7
421
 16777215
 74
     0
 91
        4
 64
     7
 65
   257
 75
     1
175
     1
 42
1.0
 92
        8
 66
   257
 43
1.0
 76
     1
 77
     6
 78
     2
 67
     8
425
  7895160
 79
     3
170
     0
171
     0
290
     0
174
     0
 93
        5
 44
0.0
173
     0
291
     0
 45
0.0
  0
VISUALSTYLE
  5
41
102
{ACAD_REACTORS
330
2A
102
}
330
2A
100
AcDbVisualStyle
  2
Shaded with edges
 70
    26
 71
     2
 72
     2
 73
     1
 90
        2
 40
0.6
 41
30.0
 62
     5
 63
     7
421
 16777215
 74
     1
 91
       10
 64
     7
 65
   257
 75
     2
175
     1
 42
1.0
 92
        8
 66
   257
 43
1.0
 76
     1
 77
     6
 78
     2
 67
     7
 79
     3
170
     0
171
     0
290
     0
174
     0
 93
        5
 44
0.0
173
     0
291
     0
 45
0.0
  0
VISUALSTYLE
  5
3E
102
{ACAD_REACTORS
330
2A
102
}
330
2A
100
AcDbVisualStyle
  2
Shades of Gray
 70
    23
 71
     2
 72
     2
 73
     3
 90
        0
 40
0.6
 41
30.0
 62
     5
 63
     7
421
 16777215
 74
     2
 91
        2
 64
     7
 65
     7
 75
     1
175
     1
 42
40.0
 92
        8
 66
     7
 43
1.0
 76
     1
 77
     6
 78
     2
 67
     7
 79
     3
170
     0
171
     0
290
     0
174
     0
 93
        1
 44
0.0
173
     0
291
     0
 45
0.0
  0
VISUALSTYLE
  5
3F
102
{ACAD_REACTORS
330
2A
102
}
330
2A
100
AcDbVisualStyle
  2
Sketchy
 70
    24
 71
     1
 72
     2
 73
     2
 90
        0
 40
0.6
 41
30.0
 62
     5
 63
     7
421
 16777215
 74
     2
 91
        2
 64
     7
 65
     7
 75
     1
175
     1
 42
40.0
 92
       11
 66
     7
 43
1.0
 76
     1
 77
     6
 78
     2
 67
     7
 79
     6
170
     0
171
     0
290
     0
174
     0
 93
        1
 44
0.0
173
     0
291
     0
 45
0.0
  0
VISUALSTYLE
  5
37
102
{ACAD_REACTORS
330
2A
102
}
330
2A
100
AcDbVisualStyle
  2
Thicken
 70
    13
 71
     2
 72
     2
 73
     0
 90
        0
 40
0.6
 41
30.0
 62
     5
 63
     7
421
 16777215
 74
     1
 91
        4
 64
     7
 65
   257
 75
     1
175
     1
 42
1.0
 92
       12
 66
     7
 43
1.0
 76
     1
 77
     6
 78
     2
 67
     7
 79
     5
170
     0
171
     0
290
     0
174
     0
 93
        1
 44
0.0
173
     0
291
     1
 45
0.0
  0
VISUALSTYLE
  5
30
102
{ACAD_REACTORS
330
2A
102
}
330
2A
100
AcDbVisualStyle
  2
Wireframe
 70
     5
 71
     0
 72
     2
 73
     0
 90
        0
 40
0.6
 41
30.0
 62
     5
 63
     7
421
 16777215
 74
     1
 91
        4
 64
     7
 65
   257
 75
     1
175
     1
 42
1.0
 92
        0
 66
   257
 43
1.0
 76
     1
 77
     6
 78
     2
 67
     7
 79
     3
170
     0
171
     0
290
     0
174
     0
 93
        1
 44
0.0
173
     0
291
     0
 45
0.0
  0
VISUALSTYLE
  5
40
102
{ACAD_REACTORS
330
2A
102
}
330
2A
100
AcDbVisualStyle
  2
X-Ray
 70
    25
 71
     2
 72
     2
 73
     1
 90
        1
 40
0.5
 41
30.0
 62
     5
 63
     7
421
 16777215
 74
     1
 91
        0
 64
     7
 65
   257
 75
     1
175
     1
 42
1.0
 92
        8
 66
     7
 43
1.0
 76
     1
 77
     6
 78
     2
 67
     7
 79
     3
170
     0
171
     0
290
     0
174
     0
 93
       13
 44
0.0
173
     0
291
     0
 45
0.0
  0
DICTIONARYVAR
  5
A56
102
{ACAD_REACTORS
330
A55
102
}
330
A55
100
DictionaryVariables
280
     0
  1
1:1
  0
DICTIONARYVAR
  5
A5C
102
{ACAD_REACTORS
330
A55
102
}
330
A55
100
DictionaryVariables
280
     0
  1
Standard
  0
DICTIONARYVAR
  5
A5B
102
{ACAD_REACTORS
330
A55
102
}
330
A55
100
DictionaryVariables
280
     0
  1
Standard
  0
DICTIONARY
  5
A57
330
6A
100
AcDbDictionary
280
     1
281
     1
  3
ACAD_ROUNDTRIP_2008_TABLESTYLE_CELLSTYLEMAP
360
A58
  0
CELLSTYLEMAP
  5
A58
102
{ACAD_REACTORS
330
A57
102
}
330
A57
100
AcDbCellStyleMap
 90
        3
300
CELLSTYLE
  1
TABLEFORMAT_BEGIN
 90
        5
170
     1
 91
        0
 92
    32768
 62
   257
 93
        1
300
CONTENTFORMAT
  1
CONTENTFORMAT_BEGIN
 90
        0
 91
        0
 92
        4
 93
        0
300

 40
0.0
140
1.0
 94
        5
 62
     0
340
11
144
6.0
309
CONTENTFORMAT_END
171
     1
301
MARGIN
  1
CELLMARGIN_BEGIN
 40
1.5
 40
1.5
 40
1.5
 40
1.5
 40
1.5
 40
1.5
309
CELLMARGIN_END
 94
        6
 95
        1
302
GRIDFORMAT
  1
GRIDFORMAT_BEGIN
 90
        0
 91
        1
 62
     0
 92
       -2
340
14
 93
        0
 40
0.045
309
GRIDFORMAT_END
 95
        2
302
GRIDFORMAT
  1
GRIDFORMAT_BEGIN
 90
        0
 91
        1
 62
     0
 92
       -2
340
14
 93
        0
 40
0.045
309
GRIDFORMAT_END
 95
        4
302
GRIDFORMAT
  1
GRIDFORMAT_BEGIN
 90
        0
 91
        1
 62
     0
 92
       -2
340
14
 93
        0
 40
0.045
309
GRIDFORMAT_END
 95
        8
302
GRIDFORMAT
  1
GRIDFORMAT_BEGIN
 90
        0
 91
        1
 62
     0
 92
       -2
340
14
 93
        0
 40
0.045
309
GRIDFORMAT_END
 95
       16
302
GRIDFORMAT
  1
GRIDFORMAT_BEGIN
 90
        0
 91
        1
 62
     0
 92
       -2
340
14
 93
        0
 40
0.045
309
GRIDFORMAT_END
 95
       32
302
GRIDFORMAT
  1
GRIDFORMAT_BEGIN
 90
        0
 91
        1
 62
     0
 92
       -2
340
14
 93
        0
 40
0.045
309
GRIDFORMAT_END
309
TABLEFORMAT_END
  1
CELLSTYLE_BEGIN
 90
        1
 91
        1
300
_TITLE
309
CELLSTYLE_END
300
CELLSTYLE
  1
TABLEFORMAT_BEGIN
 90
        5
170
     1
 91
        0
 92
        0
 62
   257
 93
        1
300
CONTENTFORMAT
  1
CONTENTFORMAT_BEGIN
 90
        0
 91
        0
 92
        4
 93
        0
300

 40
0.0
140
1.0
 94
        5
 62
     0
340
11
144
4.5
309
CONTENTFORMAT_END
171
     1
301
MARGIN
  1
CELLMARGIN_BEGIN
 40
1.5
 40
1.5
 40
1.5
 40
1.5
 40
1.5
 40
1.5
309
CELLMARGIN_END
 94
        6
 95
        1
302
GRIDFORMAT
  1
GRIDFORMAT_BEGIN
 90
        0
 91
        1
 62
     0
 92
       -2
340
14
 93
        0
 40
0.045
309
GRIDFORMAT_END
 95
        2
302
GRIDFORMAT
  1
GRIDFORMAT_BEGIN
 90
        0
 91
        1
 62
     0
 92
       -2
340
14
 93
        0
 40
0.045
309
GRIDFORMAT_END
 95
        4
302
GRIDFORMAT
  1
GRIDFORMAT_BEGIN
 90
        0
 91
        1
 62
     0
 92
       -2
340
14
 93
        0
 40
0.045
309
GRIDFORMAT_END
 95
        8
302
GRIDFORMAT
  1
GRIDFORMAT_BEGIN
 90
        0
 91
        1
 62
     0
 92
       -2
340
14
 93
        0
 40
0.045
309
GRIDFORMAT_END
 95
       16
302
GRIDFORMAT
  1
GRIDFORMAT_BEGIN
 90
        0
 91
        1
 62
     0
 92
       -2
340
14
 93
        0
 40
0.045
309
GRIDFORMAT_END
 95
       32
302
GRIDFORMAT
  1
GRIDFORMAT_BEGIN
 90
        0
 91
        1
 62
     0
 92
       -2
340
14
 93
        0
 40
0.045
309
GRIDFORMAT_END
309
TABLEFORMAT_END
  1
CELLSTYLE_BEGIN
 90
        2
 91
        1
300
_HEADER
309
CELLSTYLE_END
300
CELLSTYLE
  1
TABLEFORMAT_BEGIN
 90
        5
170
     1
 91
        0
 92
        0
 62
   257
 93
        1
300
CONTENTFORMAT
  1
CONTENTFORMAT_BEGIN
 90
        0
 91
        0
 92
        4
 93
        0
300

 40
0.0
140
1.0
 94
        2
 62
     0
340
11
144
4.5
309
CONTENTFORMAT_END
171
     1
301
MARGIN
  1
CELLMARGIN_BEGIN
 40
1.5
 40
1.5
 40
1.5
 40
1.5
 40
1.5
 40
1.5
309
CELLMARGIN_END
 94
        6
 95
        1
302
GRIDFORMAT
  1
GRIDFORMAT_BEGIN
 90
        0
 91
        1
 62
     0
 92
       -2
340
14
 93
        0
 40
0.045
309
GRIDFORMAT_END
 95
        2
302
GRIDFORMAT
  1
GRIDFORMAT_BEGIN
 90
        0
 91
        1
 62
     0
 92
       -2
340
14
 93
        0
 40
0.045
309
GRIDFORMAT_END
 95
        4
302
GRIDFORMAT
  1
GRIDFORMAT_BEGIN
 90
        0
 91
        1
 62
     0
 92
       -2
340
14
 93
        0
 40
0.045
309
GRIDFORMAT_END
 95
        8
302
GRIDFORMAT
  1
GRIDFORMAT_BEGIN
 90
        0
 91
        1
 62
     0
 92
       -2
340
14
 93
        0
 40
0.045
309
GRIDFORMAT_END
 95
       16
302
GRIDFORMAT
  1
GRIDFORMAT_BEGIN
 90
        0
 91
        1
 62
     0
 92
       -2
340
14
 93
        0
 40
0.045
309
GRIDFORMAT_END
 95
       32
302
GRIDFORMAT
  1
GRIDFORMAT_BEGIN
 90
        0
 91
        1
 62
     0
 92
       -2
340
14
 93
        0
 40
0.045
309
GRIDFORMAT_END
309
TABLEFORMAT_END
  1
CELLSTYLE_BEGIN
 90
        3
 91
        2
300
_DATA
309
CELLSTYLE_END
  0
ENDSEC
  0
EOF
