  0
SECTION
  2
HEADER
  9
$ACADVER
  1
AC1015
  9
$ACADMAINTVER
 70
     6
  9
$DWGCODEPAGE
  3
ANSI_1252
  9
$INSBASE
 10
0.0
 20
0.0
 30
0.0
  9
$EXTMIN
 10
-483.0
 20
-450.0
 30
0.0
  9
$EXTMAX
 10
483.0
 20
450.0
 30
0.0
  9
$LIMMIN
 10
0.0
 20
0.0
  9
$LIMMAX
 10
420.0
 20
297.0
  9
$ORTHOMODE
 70
     0
  9
$REGENMODE
 70
     1
  9
$FILLMODE
 70
     1
  9
$QTEXTMODE
 70
     0
  9
$MIRRTEXT
 70
     1
  9
$LTSCALE
 40
1.0
  9
$ATTMODE
 70
     1
  9
$TEXTSIZE
 40
44.0
  9
$TRACEWID
 40
1.0
  9
$TEXTSTYLE
  7
Standard
  9
$CLAYER
  8
0
  9
$CELTYPE
  6
ByLayer
  9
$CECOLOR
 62
   256
  9
$CELTSCALE
 40
1.0
  9
$DISPSILH
 70
     0
  9
$DIMSCALE
 40
1.0
  9
$DIMASZ
 40
3.302
  9
$DIMEXO
 40
1.0
  9
$DIMDLI
 40
3.75
  9
$DIMRND
 40
0.0
  9
$DIMDLE
 40
0.0
  9
$DIMEXE
 40
1.0
  9
$DIMTP
 40
0.0
  9
$DIMTM
 40
0.0
  9
$DIMTXT
 40
3.5
  9
$DIMCEN
 40
2.5
  9
$DIMTSZ
 40
0.0
  9
$DIMTOL
 70
     0
  9
$DIMLIM
 70
     0
  9
$DIMTIH
 70
     1
  9
$DIMTOH
 70
     1
  9
$DIMSE1
 70
     0
  9
$DIMSE2
 70
     0
  9
$DIMTAD
 70
     1
  9
$DIMZIN
 70
     0
  9
$DIMBLK
  1

  9
$DIMASO
 70
     1
  9
$DIMSHO
 70
     1
  9
$DIMPOST
  1

  9
$DIMAPOST
  1

  9
$DIMALT
 70
     0
  9
$DIMALTD
 70
     3
  9
$DIMALTF
 40
0.0393700787
  9
$DIMLFAC
 40
1.0
  9
$DIMTOFL
 70
     1
  9
$DIMTVP
 40
0.0
  9
$DIMTIX
 70
     0
  9
$DIMSOXD
 70
     0
  9
$DIMSAH
 70
     0
  9
$DIMBLK1
  1

  9
$DIMBLK2
  1

  9
$DIMSTYLE
  2
ISO-25
  9
$DIMCLRD
 70
     0
  9
$DIMCLRE
 70
     0
  9
$DIMCLRT
 70
     0
  9
$DIMTFAC
 40
1.0
  9
$DIMGAP
 40
1.524
  9
$DIMJUST
 70
     0
  9
$DIMSD1
 70
     0
  9
$DIMSD2
 70
     0
  9
$DIMTOLJ
 70
     0
  9
$DIMTZIN
 70
     0
  9
$DIMALTZ
 70
     0
  9
$DIMALTTZ
 70
     0
  9
$DIMUPT
 70
     0
  9
$DIMDEC
 70
     2
  9
$DIMTDEC
 70
     2
  9
$DIMALTU
 70
     2
  9
$DIMALTTD
 70
     3
  9
$DIMTXSTY
  7
Standard
  9
$DIMAUNIT
 70
     0
  9
$DIMADEC
 70
     2
  9
$DIMALTRND
 40
0.0
  9
$DIMAZIN
 70
     0
  9
$DIMDSEP
 70
    44
  9
$DIMATFIT
 70
     3
  9
$DIMFRAC
 70
     0
  9
$DIMLDRBLK
  1

  9
$DIMLUNIT
 70
     2
  9
$DIMLWD
 70
    -2
  9
$DIMLWE
 70
    -2
  9
$DIMTMOVE
 70
     0
  9
$LUNITS
 70
     2
  9
$LUPREC
 70
     2
  9
$SKETCHINC
 40
1.0
  9
$FILLETRAD
 40
10.0
  9
$AUNITS
 70
     0
  9
$AUPREC
 70
     2
  9
$MENU
  1
.
  9
$ELEVATION
 40
0.0
  9
$PELEVATION
 40
0.0
  9
$THICKNESS
 40
0.0
  9
$LIMCHECK
 70
     0
  9
$CHAMFERA
 40
0.0
  9
$CHAMFERB
 40
0.0
  9
$CHAMFERC
 40
0.0
  9
$CHAMFERD
 40
0.0
  9
$SKPOLY
 70
     0
  9
$TDCREATE
 40
2458635.554910961
  9
$TDUCREATE
 40
2458635.471577627
  9
$TDUPDATE
 40
2458635.554994271
  9
$TDUUPDATE
 40
2458635.471660938
  9
$TDINDWG
 40
0.0000000116
  9
$TDUSRTIMER
 40
0.0000000116
  9
$USRTIMER
 70
     1
  9
$ANGBASE
 50
0.0
  9
$ANGDIR
 70
     0
  9
$PDMODE
 70
     0
  9
$PDSIZE
 40
-1.0
  9
$PLINEWID
 40
0.0
  9
$SPLFRAME
 70
     0
  9
$SPLINETYPE
 70
     6
  9
$SPLINESEGS
 70
     8
  9
$HANDSEED
  5
ACA
  9
$SURFTAB1
 70
     6
  9
$SURFTAB2
 70
     6
  9
$SURFTYPE
 70
     6
  9
$SURFU
 70
     6
  9
$SURFV
 70
     6
  9
$UCSBASE
  2

  9
$UCSNAME
  2

  9
$UCSORG
 10
0.0
 20
0.0
 30
0.0
  9
$UCSXDIR
 10
1.0
 20
0.0
 30
0.0
  9
$UCSYDIR
 10
0.0
 20
1.0
 30
0.0
  9
$UCSORTHOREF
  2

  9
$UCSORTHOVIEW
 70
     0
  9
$UCSORGTOP
 10
0.0
 20
0.0
 30
0.0
  9
$UCSORGBOTTOM
 10
0.0
 20
0.0
 30
0.0
  9
$UCSORGLEFT
 10
0.0
 20
0.0
 30
0.0
  9
$UCSORGRIGHT
 10
0.0
 20
0.0
 30
0.0
  9
$UCSORGFRONT
 10
0.0
 20
0.0
 30
0.0
  9
$UCSORGBACK
 10
0.0
 20
0.0
 30
0.0
  9
$PUCSBASE
  2

  9
$PUCSNAME
  2

  9
$PUCSORG
 10
0.0
 20
0.0
 30
0.0
  9
$PUCSXDIR
 10
1.0
 20
0.0
 30
0.0
  9
$PUCSYDIR
 10
0.0
 20
1.0
 30
0.0
  9
$PUCSORTHOREF
  2

  9
$PUCSORTHOVIEW
 70
     0
  9
$PUCSORGTOP
 10
0.0
 20
0.0
 30
0.0
  9
$PUCSORGBOTTOM
 10
0.0
 20
0.0
 30
0.0
  9
$PUCSORGLEFT
 10
0.0
 20
0.0
 30
0.0
  9
$PUCSORGRIGHT
 10
0.0
 20
0.0
 30
0.0
  9
$PUCSORGFRONT
 10
0.0
 20
0.0
 30
0.0
  9
$PUCSORGBACK
 10
0.0
 20
0.0
 30
0.0
  9
$USERI1
 70
     0
  9
$USERI2
 70
     0
  9
$USERI3
 70
     0
  9
$USERI4
 70
     0
  9
$USERI5
 70
     0
  9
$USERR1
 40
0.0
  9
$USERR2
 40
0.0
  9
$USERR3
 40
0.0
  9
$USERR4
 40
0.0
  9
$USERR5
 40
0.0
  9
$WORLDVIEW
 70
     1
  9
$SHADEDGE
 70
     3
  9
$SHADEDIF
 70
    70
  9
$TILEMODE
 70
     1
  9
$MAXACTVP
 70
    64
  9
$PINSBASE
 10
0.0
 20
0.0
 30
0.0
  9
$PLIMCHECK
 70
     0
  9
$PEXTMIN
 10
1.0000000000E+20
 20
1.0000000000E+20
 30
1.0000000000E+20
  9
$PEXTMAX
 10
-1.0000000000E+20
 20
-1.0000000000E+20
 30
-1.0000000000E+20
  9
$PLIMMIN
 10
0.0
 20
0.0
  9
$PLIMMAX
 10
420.0
 20
297.0
  9
$UNITMODE
 70
     0
  9
$VISRETAIN
 70
     1
  9
$PLINEGEN
 70
     0
  9
$PSLTSCALE
 70
     1
  9
$TREEDEPTH
 70
  3020
  9
$CMLSTYLE
  2
Standard
  9
$CMLJUST
 70
     0
  9
$CMLSCALE
 40
20.0
  9
$PROXYGRAPHICS
 70
     1
  9
$MEASUREMENT
 70
     1
  9
$CELWEIGHT
370
    -1
  9
$ENDCAPS
280
     0
  9
$JOINSTYLE
280
     0
  9
$LWDISPLAY
290
     1
  9
$INSUNITS
 70
     4
  9
$HYPERLINKBASE
  1

  9
$STYLESHEET
  1

  9
$XEDIT
290
     1
  9
$CEPSNTYPE
380
     0
  9
$PSTYLEMODE
290
     1
  9
$FINGERPRINTGUID
  2
{9D21A1DE-66E1-47E7-9870-4EA7E19AD02D}
  9
$VERSIONGUID
  2
{FAEB1C32-E019-11D5-929B-00C0DF256EC4}
  9
$EXTNAMES
290
     1
  9
$PSVPSCALE
 40
0.0
  9
$OLESTARTUP
290
     0
  0
ENDSEC
  0
SECTION
  2
CLASSES
  0
CLASS
  1
ACDBDICTIONARYWDFLT
  2
AcDbDictionaryWithDefault
  3
ObjectDBX Classes
 90
        0
280
     0
281
     0
  0
CLASS
  1
VISUALSTYLE
  2
AcDbVisualStyle
  3
ObjectDBX Classes
 90
     4095
280
     0
281
     0
  0
CLASS
  1
MATERIAL
  2
AcDbMaterial
  3
ObjectDBX Classes
 90
     1153
280
     0
281
     0
  0
CLASS
  1
SCALE
  2
AcDbScale
  3
ObjectDBX Classes
 90
     1153
280
     0
281
     0
  0
CLASS
  1
TABLESTYLE
  2
AcDbTableStyle
  3
ObjectDBX Classes
 90
     4095
280
     0
281
     0
  0
CLASS
  1
MLEADERSTYLE
  2
AcDbMLeaderStyle
  3
ACDB_MLEADERSTYLE_CLASS
 90
     4095
280
     0
281
     0
  0
CLASS
  1
SUN
  2
AcDbSun
  3
SCENEOE
 90
     1153
280
     0
281
     0
  0
CLASS
  1
ACDBPLACEHOLDER
  2
AcDbPlaceHolder
  3
ObjectDBX Classes
 90
        0
280
     0
281
     0
  0
CLASS
  1
LAYOUT
  2
AcDbLayout
  3
ObjectDBX Classes
 90
        0
280
     0
281
     0
  0
ENDSEC
  0
SECTION
  2
TABLES
  0
TABLE
  2
VPORT
  5
8
330
0
100
AcDbSymbolTable
 70
     1
  0
VPORT
  5
29
330
8
100
AcDbSymbolTableRecord
100
AcDbViewportTableRecord
  2
*Active
 70
     0
 10
0.0
 20
0.0
 11
1.0
 21
1.0
 12
0.0
 22
0.0
 13
0.0
 23
0.0
 14
10.0
 24
10.0
 15
10.0
 25
10.0
 16
0.0
 26
0.0
 36
1.0
 17
0.0
 27
0.0
 37
0.0
 40
918.0
 41
1.0733333333
 42
50.0
 43
0.0
 44
0.0
 50
0.0
 51
0.0
 71
     0
 72
   100
 73
     1
 74
     3
 75
     0
 76
     0
 77
     0
 78
     0
281
     0
 65
     1
110
0.0
120
0.0
130
0.0
111
1.0
121
0.0
131
0.0
112
0.0
122
1.0
132
0.0
 79
     0
146
0.0
  0
ENDTAB
  0
TABLE
  2
LTYPE
  5
5
330
0
100
AcDbSymbolTable
 70
     6
  0
LTYPE
  5
14
330
5
100
AcDbSymbolTableRecord
100
AcDbLinetypeTableRecord
  2
ByBlock
 70
     0
  3

 72
    65
 73
     0
 40
0.0
  0
LTYPE
  5
15
330
5
100
AcDbSymbolTableRecord
100
AcDbLinetypeTableRecord
  2
ByLayer
 70
     0
  3

 72
    65
 73
     0
 40
0.0
  0
LTYPE
  5
16
330
5
100
AcDbSymbolTableRecord
100
AcDbLinetypeTableRecord
  2
Continuous
 70
     0
  3
Solid line
 72
    65
 73
     0
 40
0.0
  0
LTYPE
  5
6E
330
5
100
AcDbSymbolTableRecord
100
AcDbLinetypeTableRecord
  2
HIDDEN
 70
     0
  3
Hidden __ __ __ __ __ __ __ __ __ __ __ __ __ __
 72
    65
 73
     2
 40
1.905
 49
1.27
 74
     0
 49
-0.635
 74
     0
  0
LTYPE
  5
6F
330
5
100
AcDbSymbolTableRecord
100
AcDbLinetypeTableRecord
  2
PHANTOM
 70
     0
  3
Phantom ______  __  __  ______  __  __  ______
 72
    65
 73
     6
 40
12.7
 49
6.35
 74
     0
 49
-1.27
 74
     0
 49
1.27
 74
     0
 49
-1.27
 74
     0
 49
1.27
 74
     0
 49
-1.27
 74
     0
  0
LTYPE
  5
70
330
5
100
AcDbSymbolTableRecord
100
AcDbLinetypeTableRecord
  2
CENTER
 70
     0
  3
Center ____ _ ____ _ ____ _ ____ _ ____ _ ____
 72
    65
 73
     4
 40
10.16
 49
6.35
 74
     0
 49
-1.27
 74
     0
 49
1.27
 74
     0
 49
-1.27
 74
     0
  0
LTYPE
  5
71
330
5
100
AcDbSymbolTableRecord
100
AcDbLinetypeTableRecord
  2
CENTERX2
 70
     0
  3
Center (2x) ________  __  ________  __  _____
 72
    65
 73
     4
 40
20.32
 49
12.7
 74
     0
 49
-2.54
 74
     0
 49
2.54
 74
     0
 49
-2.54
 74
     0
  0
LTYPE
  5
72
330
5
100
AcDbSymbolTableRecord
100
AcDbLinetypeTableRecord
  2
DOT2
 70
     0
  3
Dot (.5x) ........................................
 72
    65
 73
     2
 40
0.635
 49
0.0
 74
     0
 49
-0.635
 74
     0
  0
ENDTAB
  0
TABLE
  2
LAYER
  5
2
330
0
100
AcDbSymbolTable
 70
     1
  0
LAYER
  5
10
330
2
100
AcDbSymbolTableRecord
100
AcDbLayerTableRecord
  2
0
 70
     0
 62
     7
  6
Continuous
370
    -3
390
F
  0
ENDTAB
  0
TABLE
  2
STYLE
  5
3
330
0
100
AcDbSymbolTable
 70
     1
  0
STYLE
  5
11
330
3
100
AcDbSymbolTableRecord
100
AcDbTextStyleTableRecord
  2
Standard
 70
     0
 40
0.0
 41
1.0
 50
0.0
 71
     0
 42
44.0
  3
txt
  4

  0
ENDTAB
  0
TABLE
  2
VIEW
  5
6
330
0
100
AcDbSymbolTable
 70
     0
  0
ENDTAB
  0
TABLE
  2
UCS
  5
7
330
0
100
AcDbSymbolTable
 70
     0
  0
ENDTAB
  0
TABLE
  2
APPID
  5
9
330
0
100
AcDbSymbolTable
 70
     1
  0
APPID
  5
12
330
9
100
AcDbSymbolTableRecord
100
AcDbRegAppTableRecord
  2
ACAD
 70
     0
  0
ENDTAB
  0
TABLE
  2
DIMSTYLE
  5
A
330
0
100
AcDbSymbolTable
 70
     1
100
AcDbDimStyleTable
  0
DIMSTYLE
105
27
330
A
100
AcDbSymbolTableRecord
100
AcDbDimStyleTableRecord
  2
ISO-25
 70
     0
 41
2.5
 42
0.625
 43
3.75
 44
1.25
 73
     0
 74
     0
 77
     1
 78
     8
140
2.5
141
2.5
143
0.0393700787
147
0.625
171
     3
172
     1
178
     0
271
     2
272
     2
274
     3
278
    44
283
     0
284
     8
340
11
  0
ENDTAB
  0
TABLE
  2
BLOCK_RECORD
  5
1
330
0
100
AcDbSymbolTable
 70
     1
  0
BLOCK_RECORD
  5
1F
330
1
100
AcDbSymbolTableRecord
100
AcDbBlockTableRecord
  2
*Model_Space
340
22
  0
BLOCK_RECORD
  5
1B
330
1
100
AcDbSymbolTableRecord
100
AcDbBlockTableRecord
  2
*Paper_Space
340
1E
  0
BLOCK_RECORD
  5
23
330
1
100
AcDbSymbolTableRecord
100
AcDbBlockTableRecord
  2
*Paper_Space0
340
26
  0
ENDTAB
  0
ENDSEC
  0
SECTION
  2
BLOCKS
  0
BLOCK
  5
20
330
1F
100
AcDbEntity
  8
0
100
AcDbBlockBegin
  2
*Model_Space
 70
     0
 10
0.0
 20
0.0
 30
0.0
  3
*Model_Space
  1

  0
ENDBLK
  5
21
330
1F
100
AcDbEntity
  8
0
100
AcDbBlockEnd
  0
BLOCK
  5
1C
330
1B
100
AcDbEntity
 67
     1
  8
0
100
AcDbBlockBegin
  2
*Paper_Space
 70
     0
 10
0.0
 20
0.0
 30
0.0
  3
*Paper_Space
  1

  0
ENDBLK
  5
1D
330
1B
100
AcDbEntity
 67
     1
  8
0
100
AcDbBlockEnd
  0
BLOCK
  5
24
330
23
100
AcDbEntity
  8
0
100
AcDbBlockBegin
  2
*Paper_Space0
 70
     0
 10
0.0
 20
0.0
 30
0.0
  3
*Paper_Space0
  1

  0
ENDBLK
  5
25
330
23
100
AcDbEntity
  8
0
100
AcDbBlockEnd
  0
ENDSEC
  0
SECTION
  2
ENTITIES
  0
SPLINE
  5
73
330
1F
100
AcDbEntity
  8
0
  6
Continuous
 62
     7
370
    15
100
AcDbSpline
210
0.0
220
0.0
230
1.0
 70
     8
 71
     3
 72
    13
 73
     9
 74
     0
 42
0.000000001
 43
0.00000001
 40
0.0
 40
0.0
 40
0.0
 40
0.0
 40
0.101055775302315
 40
0.206674818871235
 40
0.3187361853578853
 40
0.4368544158466541
 40
0.6992771189489688
 40
1.0
 40
1.0
 40
1.0
 40
1.0
 10
-65.768120851327
 20
244.4976265822784
 30
0.0
 10
-65.9583720360599
 20
244.5735382088141
 30
0.0
 10
-66.34746537611966
 20
244.7287893225436
 30
0.0
 10
-66.97083869674753
 20
244.9026069756459
 30
0.0
 10
-67.64153047640146
 20
245.0211649204081
 30
0.0
 10
-68.63470273481391
 20
245.1232971930479
 30
0.0
 10
-70.01401913116354
 20
245.1905994647301
 30
0.0
 10
-71.15491852119273
 20
245.1983779115883
 30
0.0
 10
-71.76416515512446
 20
245.2025316455695
 30
0.0
  0
SPLINE
  5
74
330
1F
100
AcDbEntity
  8
0
  6
Continuous
 62
     7
370
    15
100
AcDbSpline
210
0.0
220
0.0
230
1.0
 70
     8
 71
     3
 72
    15
 73
    11
 74
     0
 42
0.000000001
 43
0.00000001
 40
0.0
 40
0.0
 40
0.0
 40
0.0
 40
0.1373355136857367
 40
0.2659733770253449
 40
0.3861427644544834
 40
0.5031131528267226
 40
0.6176256600763538
 40
0.7360568516239662
 40
0.8631052743359807
 40
1.0
 40
1.0
 40
1.0
 40
1.0
 10
-62.88758287664345
 20
239.6416139240505
 30
0.0
 10
-62.89605150107004
 20
239.9176606069685
 30
0.0
 10
-62.91245242008253
 20
240.4522715499204
 30
0.0
 10
-63.03485998132611
 20
241.2208040716459
 30
0.0
 10
-63.23543351403995
 20
241.9296569068435
 30
0.0
 10
-63.52008812848143
 20
242.5795099150552
 30
0.0
 10
-63.9110519205765
 20
243.168814718158
 30
0.0
 10
-64.41886087069513
 20
243.6888823399984
 30
0.0
 10
-65.04205037350148
 20
244.1459216079209
 30
0.0
 10
-65.52015222033694
 20
244.3775117949852
 30
0.0
 10
-65.768120851327
 20
244.4976265822784
 30
0.0
  0
SPLINE
  5
75
330
1F
100
AcDbEntity
  8
0
  6
Continuous
 62
     7
370
    15
100
AcDbSpline
210
0.0
220
0.0
230
1.0
 70
     8
 71
     3
 72
    15
 73
    11
 74
     0
 42
0.000000001
 43
0.00000001
 40
0.0
 40
0.0
 40
0.0
 40
0.0
 40
0.1237647621174054
 40
0.2401914982477876
 40
0.3529633024425098
 40
0.461279223088166
 40
0.575693111275393
 40
0.7014986795992154
 40
0.8429513738258247
 40
1.0
 40
1.0
 40
1.0
 40
1.0
 10
-65.06321578803585
 20
234.4810126582278
 30
0.0
 10
-64.8830875154234
 20
234.6400882975163
 30
0.0
 10
-64.53351079475291
 20
234.9488079644212
 30
0.0
 10
-64.07255276795763
 20
235.4584565166061
 30
0.0
 10
-63.70053922817373
 20
235.9992565822008
 30
0.0
 10
-63.38902871161718
 20
236.5733547155906
 30
0.0
 10
-63.16495889312788
 20
237.2140885985006
 30
0.0
 10
-62.99793488742588
 20
237.9371435001507
 30
0.0
 10
-62.90782352419216
 20
238.7575123263379
 30
0.0
 10
-62.89456074134151
 20
239.3368242026093
 30
0.0
 10
-62.88758287664345
 20
239.6416139240505
 30
0.0
  0
SPLINE
  5
76
330
1F
100
AcDbEntity
  8
0
  6
Continuous
 62
     7
370
    15
100
AcDbSpline
210
0.0
220
0.0
230
1.0
 70
     8
 71
     3
 72
    15
 73
    11
 74
     0
 42
0.000000001
 43
0.00000001
 40
0.0
 40
0.0
 40
0.0
 40
0.0
 40
0.1635750529178688
 40
0.3147085320294121
 40
0.4500653439686312
 40
0.573491813511131
 40
0.6870077079650004
 40
0.7948015483116598
 40
0.8981466884037583
 40
1.0
 40
1.0
 40
1.0
 40
1.0
 10
-72.36463983866877
 20
232.9493670886075
 30
0.0
 10
-71.94974241301287
 20
232.9521914895601
 30
0.0
 10
-71.15150480011413
 20
232.9576254665743
 30
0.0
 10
-70.01116234148358
 20
233.0126781776357
 30
0.0
 10
-68.9738567493581
 20
233.0853359201282
 30
0.0
 10
-68.03636162323902
 20
233.2031731449975
 30
0.0
 10
-67.17882788977862
 20
233.3811086890304
 30
0.0
 10
-66.39708612574894
 20
233.6481330517824
 30
0.0
 10
-65.69079786276288
 20
234.0186600906319
 30
0.0
 10
-65.27139343184945
 20
234.3276439244647
 30
0.0
 10
-65.06321578803586
 20
234.4810126582278
 30
0.0
  0
SPLINE
  5
7F
330
1F
100
AcDbEntity
  8
0
  6
Continuous
 62
     7
370
    15
100
AcDbSpline
210
0.0
220
0.0
230
1.0
 70
     8
 71
     3
 72
    23
 73
    19
 74
     0
 42
0.000000001
 43
0.00000001
 40
0.0
 40
0.0
 40
0.0
 40
0.0
 40
0.0724200585506874
 40
0.1414025752368527
 40
0.2076874201215551
 40
0.2711336444603596
 40
0.3326313351108181
 40
0.3925842115001094
 40
0.4509585757557725
 40
0.5079780250305145
 40
0.5652588366993306
 40
0.6233166764366924
 40
0.6823497453276889
 40
0.7422467128987371
 40
0.8039755049952543
 40
0.8674371291702866
 40
0.9328634768511672
 40
1.0
 40
1.0
 40
1.0
 40
1.0
 10
-51.19138034499788
 20
240.9208860759493
 30
0.0
 10
-51.19744899008937
 20
240.523191736728
 30
0.0
 10
-51.20929822166013
 20
239.7466802998635
 30
0.0
 10
-51.3196772608148
 20
238.6108482226286
 30
0.0
 10
-51.47900464327833
 20
237.5309585659366
 30
0.0
 10
-51.71526630855216
 20
236.5067854952355
 30
0.0
 10
-52.01982409675844
 20
235.537474111776
 30
0.0
 10
-52.39200713831663
 20
234.6215665341731
 30
0.0
 10
-52.83839504597511
 20
233.7672967565418
 30
0.0
 10
-53.3465102239949
 20
232.9652773189685
 30
0.0
 10
-53.92985873760799
 20
232.2191625721051
 30
0.0
 10
-54.55342222577057
 20
231.4921028009549
 30
0.0
 10
-55.24367491149572
 20
230.8068718967288
 30
0.0
 10
-55.98803806280952
 20
230.1507725916791
 30
0.0
 10
-56.78820105166032
 20
229.5233395063345
 30
0.0
 10
-57.65233961327594
 20
228.9320290965234
 30
0.0
 10
-58.57377841703995
 20
228.3746239372672
 30
0.0
 10
-59.21902520863723
 20
228.0377158525281
 30
0.0
 10
-59.54581072474471
 20
227.8670886075949
 30
0.0
  0
SPLINE
  5
80
330
1F
100
AcDbEntity
  8
0
  6
Continuous
 62
     7
370
    15
100
AcDbSpline
210
0.0
220
0.0
230
1.0
 70
     8
 71
     3
 72
    15
 73
    11
 74
     0
 42
0.000000001
 43
0.00000001
 40
0.0
 40
0.0
 40
0.0
 40
0.0
 40
0.1200682828620173
 40
0.2378612450300309
 40
0.3545347587765232
 40
0.4719032060436469
 40
0.5924725767492954
 40
0.7184647024745329
 40
0.8537740600362898
 40
1.0
 40
1.0
 40
1.0
 40
1.0
 10
-56.48251958550421
 20
250.6416139240506
 30
0.0
 10
-56.09253046495894
 20
250.3871588427046
 30
0.0
 10
-55.31994260453567
 20
249.88307066046
 30
0.0
 10
-54.29259760199283
 20
248.9646272545307
 30
0.0
 10
-53.37731624251852
 20
247.9514699694678
 30
0.0
 10
-52.59320526108454
 20
246.8184746572015
 30
0.0
 10
-51.95830686915192
 20
245.5538610913457
 30
0.0
 10
-51.50551443064215
 20
244.1403146602877
 30
0.0
 10
-51.2344305084289
 20
242.5789807933351
 30
0.0
 10
-51.20609661674387
 20
241.4876893235314
 30
0.0
 10
-51.19138034499788
 20
240.9208860759493
 30
0.0
  0
SPLINE
  5
81
330
1F
100
AcDbEntity
  8
0
  6
Continuous
 62
     7
370
    15
100
AcDbSpline
210
0.0
220
0.0
230
1.0
 70
     8
 71
     3
 72
    15
 73
    11
 74
     0
 42
0.000000001
 43
0.00000001
 40
0.0
 40
0.0
 40
0.0
 40
0.0
 40
0.1522192726044534
 40
0.2931192395316653
 40
0.4235737522764726
 40
0.5437944673426528
 40
0.6582721377223342
 40
0.771126379392846
 40
0.8852884352717324
 40
0.9999999999999999
 40
0.9999999999999999
 40
0.9999999999999999
 40
0.9999999999999999
 10
-68.20482971208648
 20
252.9999999999999
 30
0.0
 10
-67.5897355419
 20
252.9961999322408
 30
0.0
 10
-66.40528673774674
 20
252.9888823767652
 30
0.0
 10
-64.69554467856466
 20
252.8995002013516
 30
0.0
 10
-63.11932510048951
 20
252.761052909478
 30
0.0
 10
-61.65434716350411
 20
252.579194388517
 30
0.0
 10
-60.2775443353559
 20
252.2923038097774
 30
0.0
 10
-58.95856822888611
 20
251.8802302019905
 30
0.0
 10
-57.68634703359884
 20
251.3348431670067
 30
0.0
 10
-56.88443717720408
 20
250.8730599076637
 30
0.0
 10
-56.48251958550421
 20
250.6416139240505
 30
0.0
  0
SPLINE
  5
85
330
1F
100
AcDbEntity
  8
0
  6
Continuous
 62
     7
370
    15
100
AcDbSpline
210
0.0
220
0.0
230
1.0
 70
     8
 71
     3
 72
    15
 73
    11
 74
     0
 42
0.000000001
 43
0.00000001
 40
0.0
 40
0.0
 40
0.0
 40
0.0
 40
0.1253749670434224
 40
0.2489335171934662
 40
0.3711508275575986
 40
0.494662148853213
 40
0.6190247548740859
 40
0.7429212516309606
 40
0.8695618071372236
 40
1.0
 40
1.0
 40
1.0
 40
1.0
 10
-329.9741045288948
 20
217.8917783752197
 30
0.0
 10
-329.6219946877727
 20
217.9015265851041
 30
0.0
 10
-328.922876329013
 20
217.9208817740233
 30
0.0
 10
-327.8884238901798
 20
218.0708048000566
 30
0.0
 10
-326.8851540681421
 20
218.3376810012224
 30
0.0
 10
-325.9013256885374
 20
218.677683566102
 30
0.0
 10
-324.963844809621
 20
219.1439839466932
 30
0.0
 10
-324.0825266410214
 20
219.7235834130409
 30
0.0
 10
-323.2621946306342
 20
220.4156881485581
 30
0.0
 10
-322.7771642467061
 20
220.9511727064754
 30
0.0
 10
-322.5310665542112
 20
221.2228701473716
 30
0.0
  0
SPLINE
  5
86
330
1F
100
AcDbEntity
  8
0
  6
Continuous
 62
     7
370
    15
100
AcDbSpline
210
0.0
220
0.0
230
1.0
 70
     8
 71
     3
 72
    15
 73
    11
 74
     0
 42
0.000000001
 43
0.00000001
 40
0.0
 40
0.0
 40
0.0
 40
0.0
 40
0.128798016024845
 40
0.2546301625879908
 40
0.3784376887972216
 40
0.5028174783418932
 40
0.6267791833774338
 40
0.7501587473269756
 40
0.8741678534368502
 40
1.0
 40
1.0
 40
1.0
 40
1.0
 10
-337.4171425035783
 20
221.1647214131944
 30
0.0
 10
-337.1742149523042
 20
220.897987716205
 30
0.0
 10
-336.6939538132964
 20
220.3706624768241
 30
0.0
 10
-335.8707172732329
 20
219.6993193157595
 30
0.0
 10
-334.992937318657
 20
219.1258916534503
 30
0.0
 10
-334.0527968216051
 20
218.6719915806264
 30
0.0
 10
-333.0706265159723
 20
218.3246203183622
 30
0.0
 10
-332.0607806421864
 20
218.074894100518
 30
0.0
 10
-331.025586159538
 20
217.9199131907811
 30
0.0
 10
-330.3262992568808
 20
217.9012021572666
 30
0.0
 10
-329.9741045288948
 20
217.8917783752197
 30
0.0
  0
SPLINE
  5
87
330
1F
100
AcDbEntity
  8
0
  6
Continuous
 62
     7
370
    15
100
AcDbSpline
210
0.0
220
0.0
230
1.0
 70
     8
 71
     3
 72
    15
 73
    11
 74
     0
 42
0.000000001
 43
0.00000001
 40
0.0
 40
0.0
 40
0.0
 40
0.0
 40
0.1590464524714733
 40
0.3057198213100086
 40
0.4422172368301364
 40
0.5687747758150344
 40
0.6867512355634537
 40
0.7972836117822505
 40
0.9010048964703467
 40
1.0
 40
1.0
 40
1.0
 40
1.0
 10
-340.6236298453504
 20
231.9637720461058
 30
0.0
 10
-340.6128936325092
 20
231.3541654360193
 30
0.0
 10
-340.592256434883
 20
230.1823768106899
 30
0.0
 10
-340.4237669814172
 20
228.4942941890339
 30
0.0
 10
-340.156838046434
 20
226.9452503026247
 30
0.0
 10
-339.7733032634042
 20
225.5341166533142
 30
0.0
 10
-339.2989535942021
 20
224.2566863166933
 30
0.0
 10
-338.7492210127418
 20
223.1071925964672
 30
0.0
 10
-338.1396222628076
 20
222.0690225341502
 30
0.0
 10
-337.6541966447671
 20
221.4614332904004
 30
0.0
 10
-337.4171425035783
 20
221.1647214131944
 30
0.0
  0
SPLINE
  5
88
330
1F
100
AcDbEntity
  8
0
  6
Continuous
 62
     7
370
    15
100
AcDbSpline
210
0.0
220
0.0
230
1.0
 70
     8
 71
     3
 72
    12
 73
     8
 74
     0
 42
0.000000001
 43
0.00000001
 40
0.4242454088929076
 40
0.4242454088929076
 40
0.4242454088929076
 40
0.4242454088929076
 40
0.4324617408870535
 40
0.562766750183092
 40
0.699932993490127
 40
0.8456341811763509
 40
1.0
 40
1.0
 40
1.0
 40
1.0
 10
-339.6886800055488
 20
238.5673596612732
 30
0.0
 10
-339.6985957638372
 20
238.5370776626641
 30
0.0
 10
-339.8643271225794
 20
238.0260730756896
 30
0.0
 10
-340.1458906573344
 20
236.9935814617921
 30
0.0
 10
-340.4248236590829
 20
235.414472906549
 30
0.0
 10
-340.5903702680136
 20
233.7256339096318
 30
0.0
 10
-340.6123319337491
 20
232.5622570895613
 30
0.0
 10
-340.6236298453504
 20
231.9637720461058
 30
0.0
  0
SPLINE
  5
8A
330
1F
100
AcDbEntity
  8
0
  6
Continuous
 62
     7
370
    15
100
AcDbSpline
210
0.0
220
0.0
230
1.0
 70
     8
 71
     3
 72
    14
 73
    10
 74
     0
 42
0.000000001
 43
0.00000001
 40
0.0
 40
0.0
 40
0.0
 40
0.0
 40
0.0708862314113179
 40
0.13839800015115
 40
0.2029523384574319
 40
0.2651040119084181
 40
0.3252260297882533
 40
0.3843997275268509
 40
0.436588223543361
 40
0.436588223543361
 40
0.436588223543361
 40
0.436588223543361
 10
-351.7881868073758
 20
231.9056233119285
 30
0.0
 10
-351.7717706731877
 20
232.737149288077
 30
0.0
 10
-351.7397198771924
 20
234.3606173421892
 30
0.0
 10
-351.4572291386958
 20
236.7274206151992
 30
0.0
 10
-351.0156366036771
 20
238.964108583706
 30
0.0
 10
-350.3859545130499
 20
241.0667064115777
 30
0.0
 10
-349.5656970494985
 20
243.0338588877458
 30
0.0
 10
-348.6053165298891
 20
244.8053037000316
 30
0.0
 10
-347.8600236180206
 20
245.8803000091009
 30
0.0
 10
-347.4881283633806
 20
246.3668080198213
 30
0.0
  0
SPLINE
  5
8B
330
1F
100
AcDbEntity
  8
0
  6
Continuous
 62
     7
370
    15
100
AcDbSpline
210
0.0
220
0.0
230
1.0
 70
     8
 71
     3
 72
    23
 73
    19
 74
     0
 42
0.000000001
 43
0.00000001
 40
0.0
 40
0.0
 40
0.0
 40
0.0
 40
0.0699335648107412
 40
0.1365866835151242
 40
0.2004235546532437
 40
0.2617397054435135
 40
0.3215885257951205
 40
0.3801673803510014
 40
0.4380278888230805
 40
0.4965563998722271
 40
0.5550376745240052
 40
0.6137359218595959
 40
0.6730306341950271
 40
0.733775229029381
 40
0.7961366238216978
 40
0.8610193041978078
 40
0.9288338314022657
 40
1.0
 40
1.0
 40
1.0
 40
1.0
 10
-331.5856551618061
 20
209.9170948309159
 30
0.0
 10
-332.3652341861197
 20
209.9760186196295
 30
0.0
 10
-333.887823714583
 20
210.0911021979131
 30
0.0
 10
-336.0969493611195
 20
210.4794444797397
 30
0.0
 10
-338.1731512773527
 20
211.0217635728509
 30
0.0
 10
-340.1146407066251
 20
211.7412292159945
 30
0.0
 10
-341.9248668634469
 20
212.6193495495567
 30
0.0
 10
-343.5945541573989
 20
213.6719903632496
 30
0.0
 10
-345.1303248147536
 20
214.8876761984446
 30
0.0
 10
-346.5231072449525
 20
216.2640574588539
 30
0.0
 10
-347.7615258564471
 20
217.7917076766491
 30
0.0
 10
-348.8505121591541
 20
219.4402214416175
 30
0.0
 10
-349.7543057358309
 20
221.2251825265097
 30
0.0
 10
-350.5071011780545
 20
223.1224954779038
 30
0.0
 10
-351.0756834848746
 20
225.1480518678082
 30
0.0
 10
-351.4901544673955
 20
227.2897194197388
 30
0.0
 10
-351.7432998242992
 20
229.5569942185966
 30
0.0
 10
-351.7729858448746
 20
231.1102608186223
 30
0.0
 10
-351.7881868073758
 20
231.9056233119285
 30
0.0
  0
SPLINE
  5
8C
330
1F
100
AcDbEntity
  8
0
  6
Continuous
 62
     7
370
    15
100
AcDbSpline
210
0.0
220
0.0
230
1.0
 70
     8
 71
     3
 72
    15
 73
    11
 74
     0
 42
0.000000001
 43
0.00000001
 40
0.0
 40
0.0
 40
0.0
 40
0.0
 40
0.122645590268801
 40
0.242211179407965
 40
0.362797755925428
 40
0.483348275097789
 40
0.60660909489408
 40
0.733710906593321
 40
0.8641649619167662
 40
1.0
 40
1.0
 40
1.0
 40
1.0
 10
-328.196414655477
 20
201.9257973625614
 30
0.0
 10
-328.4575619599955
 20
202.1802168743753
 30
0.0
 10
-328.9732983716185
 20
202.6826666557801
 30
0.0
 10
-329.6336249595596
 20
203.5380583159622
 30
0.0
 10
-330.2000878022382
 20
204.4491269995009
 30
0.0
 10
-330.6613716814835
 20
205.4311826051613
 30
0.0
 10
-331.0109313979588
 20
206.4772005742112
 30
0.0
 10
-331.2979679472101
 20
207.5720887393628
 30
0.0
 10
-331.4869605403333
 20
208.726798213078
 30
0.0
 10
-331.5523167306687
 20
209.5150200143281
 30
0.0
 10
-331.5856551618061
 20
209.9170948309159
 30
0.0
  0
SPLINE
  5
8D
330
1F
100
AcDbEntity
  8
0
  6
Continuous
 62
     7
370
    15
100
AcDbSpline
210
0.0
220
0.0
230
1.0
 70
     8
 71
     3
 72
    15
 73
    11
 74
     0
 42
0.000000001
 43
0.00000001
 40
0.0
 40
0.0
 40
0.0
 40
0.0
 40
0.1511827721661979
 40
0.2929419684332474
 40
0.4260097187516209
 40
0.5520528706808703
 40
0.6713930032471965
 40
0.7849551873344413
 40
0.8942818469722897
 40
1.0
 40
1.0
 40
1.0
 40
1.0
 10
-318.2695950352239
 20
198.7525378688906
 30
0.0
 10
-318.8072132293158
 20
198.7606678743595
 30
0.0
 10
-319.8489386176403
 20
198.7764211230354
 30
0.0
 10
-321.3567440871398
 20
198.9382980422091
 30
0.0
 10
-322.7602179386423
 20
199.1926543075579
 30
0.0
 10
-324.0600802165751
 20
199.5469574152293
 30
0.0
 10
-325.2544620562682
 20
200.0032764205287
 30
0.0
 10
-326.3393203370586
 20
200.5569243487148
 30
0.0
 10
-327.3311057878825
 20
201.1810688212697
 30
0.0
 10
-327.9112232055138
 20
201.6803471880931
 30
0.0
 10
-328.196414655477
 20
201.9257973625614
 30
0.0
  0
SPLINE
  5
8E
330
1F
100
AcDbEntity
  8
0
  6
Continuous
 62
     7
370
    15
100
AcDbSpline
210
0.0
220
0.0
230
1.0
 70
     8
 71
     3
 72
    13
 73
     9
 74
     0
 42
0.000000001
 43
0.00000001
 40
0.0
 40
0.0
 40
0.0
 40
0.0
 40
0.1840940554839786
 40
0.3818385684238372
 40
0.4969016067918773
 40
0.6379459313570085
 40
0.8053206210256634
 40
1.0
 40
1.0
 40
1.0
 40
1.0
 10
-309.2565412377556
 20
199.6995315397767
 30
0.0
 10
-309.8014394889989
 20
199.5805664645239
 30
0.0
 10
-310.9316398512235
 20
199.3338151291398
 30
0.0
 10
-312.4123614078997
 20
199.0575115594953
 30
0.0
 10
-313.7780541021306
 20
198.8902417724895
 30
0.0
 10
-315.0596718491446
 20
198.8206127477202
 30
0.0
 10
-316.582643907644
 20
198.7562892530186
 30
0.0
 10
-317.6796994590144
 20
198.753849658465
 30
0.0
 10
-318.2695950352239
 20
198.7525378688906
 30
0.0
  0
SPLINE
  5
91
330
1F
100
AcDbEntity
  8
0
  6
Continuous
 62
     7
370
    15
100
AcDbSpline
210
0.0
220
0.0
230
1.0
 70
     8
 71
     3
 72
    15
 73
    11
 74
     0
 42
0.000000001
 43
0.00000001
 40
0.0
 40
0.0
 40
0.0
 40
0.0
 40
0.1191157330737315
 40
0.2500263203981726
 40
0.391433336383835
 40
0.5454974132270194
 40
0.6940693096077858
 40
0.8196283168323305
 40
0.921018803285942
 40
1.0
 40
1.0
 40
1.0
 40
1.0
 10
-315.4618418706669
 20
206.1955758435741
 30
0.0
 10
-315.2539526113873
 20
206.2007124473937
 30
0.0
 10
-314.8175888733089
 20
206.2114942821624
 30
0.0
 10
-314.1388848858224
 20
206.2939786709202
 30
0.0
 10
-313.4034070989352
 20
206.4074904888093
 30
0.0
 10
-312.6466282063693
 20
206.5744945058076
 30
0.0
 10
-311.917988287377
 20
206.7417401290976
 30
0.0
 10
-311.2916326169802
 20
206.9337455659442
 30
0.0
 10
-310.776470571847
 20
207.0773945513497
 30
0.0
 10
-310.487779363847
 20
207.2036028584515
 30
0.0
 10
-310.3613671871226
 20
207.2588669828146
 30
0.0
  0
SPLINE
  5
92
330
1F
100
AcDbEntity
  8
0
  6
Continuous
 62
     7
370
    15
100
AcDbSpline
210
0.0
220
0.0
230
1.0
 70
     8
 71
     3
 72
    23
 73
    19
 74
     0
 42
0.000000001
 43
0.00000001
 40
0.0
 40
0.0
 40
0.0
 40
0.0
 40
0.0684956311317128
 40
0.1322676043067169
 40
0.1925798179921831
 40
0.2482383292642442
 40
0.3015039145172776
 40
0.3534801846025192
 40
0.4025819927997137
 40
0.4515274254144315
 40
0.5025284722537112
 40
0.5573473567821908
 40
0.616374817982175
 40
0.6809590535548218
 40
0.75136429801234
 40
0.8281446909779246
 40
0.9106754571133927
 40
1.0
 40
1.0
 40
1.0
 40
1.0
 10
-322.0160349086416
 20
211.2046739448399
 30
0.0
 10
-322.0029012889215
 20
210.9883455407318
 30
0.0
 10
-321.977539782099
 20
210.5706073684994
 30
0.0
 10
-321.8839276219252
 20
209.9680445263023
 30
0.0
 10
-321.755812286022
 20
209.4133823047547
 30
0.0
 10
-321.5780467458439
 20
208.907552303228
 30
0.0
 10
-321.3633578435276
 20
208.4449979877207
 30
0.0
 10
-321.0992528830736
 20
208.0326152885035
 30
0.0
 10
-320.7938233785745
 20
207.6681445333516
 30
0.0
 10
-320.4485532247873
 20
207.3451412877121
 30
0.0
 10
-320.0429309189744
 20
207.0675659536209
 30
0.0
 10
-319.5729791847256
 20
206.8390224872004
 30
0.0
 10
-319.0448220653644
 20
206.6387531433187
 30
0.0
 10
-318.4532262815251
 20
206.4723985608922
 30
0.0
 10
-317.7936984448254
 20
206.3520229941566
 30
0.0
 10
-317.0725433059299
 20
206.2628378784345
 30
0.0
 10
-316.2880355040632
 20
206.2017042406207
 30
0.0
 10
-315.7444033626796
 20
206.1976717796152
 30
0.0
 10
-315.4618418706669
 20
206.1955758435741
 30
0.0
  0
SPLINE
  5
93
330
1F
100
AcDbEntity
  8
0
  6
Continuous
 62
     7
370
    15
100
AcDbSpline
210
0.0
220
0.0
230
1.0
 70
     8
 71
     3
 72
    12
 73
     8
 74
     0
 42
0.000000001
 43
0.00000001
 40
0.7302767278714456
 40
0.7302767278714456
 40
0.7302767278714456
 40
0.7302767278714456
 40
0.7458265328413063
 40
0.8066905542778736
 40
0.868926628910928
 40
0.9331353667143988
 40
0.9999999999999999
 40
0.9999999999999999
 40
0.9999999999999999
 40
0.9999999999999999
 10
-315.5768393264772
 20
214.4555189829111
 30
0.0
 10
-315.6869700149828
 20
214.3701144543672
 30
0.0
 10
-316.2334467261251
 20
213.9572303618877
 30
0.0
 10
-317.2704730550207
 20
213.2699461247474
 30
0.0
 10
-318.7495499833386
 20
212.4739216277364
 30
0.0
 10
-320.3335564013363
 20
211.7675953450423
 30
0.0
 10
-321.4476836778747
 20
211.3948321366034
 30
0.0
 10
-322.0160349086416
 20
211.2046739448399
 30
0.0
  0
SPLINE
  5
95
330
1F
100
AcDbEntity
  8
0
  6
Continuous
 62
     7
370
    15
100
AcDbSpline
210
0.0
220
0.0
230
1.0
 70
     8
 71
     3
 72
     8
 73
     4
 74
     0
 42
0.000000001
 43
0.00000001
 40
0.0
 40
0.0
 40
0.0
 40
0.0
 40
0.011599476743975
 40
0.011599476743975
 40
0.011599476743975
 40
0.011599476743975
 10
-322.5310665542112
 20
221.2228701473716
 30
0.0
 10
-322.5037263757492
 20
221.2578247985352
 30
0.0
 10
-322.4763861972874
 20
221.2927794496989
 30
0.0
 10
-322.4490737169554
 20
221.3277533731905
 30
0.0
  0
SPLINE
  5
96
330
1F
100
AcDbEntity
  8
0
  6
Continuous
 62
     7
370
    15
100
AcDbSpline
210
0.0
220
0.0
230
1.0
 70
     8
 71
     3
 72
    17
 73
    13
 74
     0
 42
0.000000001
 43
0.00000001
 40
0.0
 40
0.0
 40
0.0
 40
0.0
 40
0.0692591728640447
 40
0.1359986750593674
 40
0.2010440729663538
 40
0.2647074371373308
 40
0.326699738808339
 40
0.3878362590273913
 40
0.4483918592282075
 40
0.5084659592957602
 40
0.5680490572424598
 40
0.6184765005854419
 40
0.6184765005854419
 40
0.6184765005854419
 40
0.6184765005854419
 10
-308.193250098515
 20
231.9139302739538
 30
0.0
 10
-308.2008168671337
 20
231.2932397567331
 30
0.0
 10
-308.2156751229294
 20
230.0744396401098
 30
0.0
 10
-308.3923448891674
 20
228.2801909076497
 30
0.0
 10
-308.6531366285111
 20
226.5480400060188
 30
0.0
 10
-309.0240453528156
 20
224.878463130333
 30
0.0
 10
-309.5122752081713
 20
223.2766584701158
 30
0.0
 10
-310.0874798543012
 20
221.733106540629
 30
0.0
 10
-310.791958969138
 20
220.2629415158587
 30
0.0
 10
-311.5859699762233
 20
218.8558648380638
 30
0.0
 10
-312.4440731659684
 20
217.5936322705861
 30
0.0
 10
-313.076154614396
 20
216.8358548130731
 30
0.0
 10
-313.3789723489453
 20
216.5002926925053
 30
0.0
  0
SPLINE
  5
97
330
1F
100
AcDbEntity
  8
0
  6
Continuous
 62
     7
370
    15
100
AcDbSpline
210
0.0
220
0.0
230
1.0
 70
     8
 71
     3
 72
    23
 73
    19
 74
     0
 42
0.000000001
 43
0.00000001
 40
0.0
 40
0.0
 40
0.0
 40
0.0
 40
0.0704044191067601
 40
0.1372311662549053
 40
0.2011782294368624
 40
0.2627829090849911
 40
0.3227391189506843
 40
0.3814244431513178
 40
0.4397477146520727
 40
0.498398834959839
 40
0.5571221401201656
 40
0.6157471190098668
 40
0.6749125189417744
 40
0.7351173722400579
 40
0.7972603302889064
 40
0.8616214071175418
 40
0.9291237088200295
 40
1.0
 40
1.0
 40
1.0
 40
1.0
 10
-330.007332376996
 20
254.0436771093969
 30
0.0
 10
-329.1812927333125
 20
254.0279289877552
 30
0.0
 10
-327.5711894881797
 20
253.9972330012441
 30
0.0
 10
-325.2255370797702
 20
253.7064288843464
 30
0.0
 10
-323.0142596720771
 20
253.2458062208473
 30
0.0
 10
-320.9327664506442
 20
252.5993027209265
 30
0.0
 10
-318.9885602415016
 20
251.7585201625598
 30
0.0
 10
-317.1816593090033
 20
250.7294173080145
 30
0.0
 10
-315.5076496946693
 20
249.5208632154203
 30
0.0
 10
-313.9893431918779
 20
248.1207800262349
 30
0.0
 10
-312.6273497135993
 20
246.5653809200281
 30
0.0
 10
-311.4265593980503
 20
244.8731605074707
 30
0.0
 10
-310.4350418273781
 20
243.0315268582628
 30
0.0
 10
-309.6004921301383
 20
241.0690909092145
 30
0.0
 10
-308.9788022169565
 20
238.9651777310193
 30
0.0
 10
-308.5199863609969
 20
236.7344358011424
 30
0.0
 10
-308.2427869188721
 20
234.3686931229915
 30
0.0
 10
-308.2100286130022
 20
232.745377947186
 30
0.0
 10
-308.193250098515
 20
231.9139302739538
 30
0.0
  0
SPLINE
  5
98
330
1F
100
AcDbEntity
  8
0
  6
Continuous
 62
     7
370
    15
100
AcDbSpline
210
0.0
220
0.0
230
1.0
 70
     8
 71
     3
 72
    15
 73
    11
 74
     0
 42
0.000000001
 43
0.00000001
 40
0.5220405677371994
 40
0.5220405677371994
 40
0.5220405677371994
 40
0.5220405677371994
 40
0.5601327247631467
 40
0.6182731688568421
 40
0.6769667235346858
 40
0.7367147659595601
 40
0.7983280855175604
 40
0.8625151623710736
 40
0.9295857068408283
 40
1.0
 40
1.0
 40
1.0
 40
1.0
 10
-345.4833248693773
 20
248.6046452196224
 30
0.0
 10
-345.1592535790954
 20
248.9124107854601
 30
0.0
 10
-344.3119943754466
 20
249.6599519919406
 30
0.0
 10
-342.8406597826873
 20
250.7323866316243
 30
0.0
 10
-341.0358705245623
 20
251.7558459560544
 30
0.0
 10
-339.0966790924428
 20
252.6012966277536
 30
0.0
 10
-337.0143484866614
 20
253.2466705534216
 30
0.0
 10
-334.7973641216453
 20
253.7063107350543
 30
0.0
 10
-332.4462023948293
 20
253.9969036807638
 30
0.0
 10
-330.8333642500579
 20
254.0278352061463
 30
0.0
 10
-330.007332376996
 20
254.0436771093969
 30
0.0
  0
SPLINE
  5
9A
330
1F
100
AcDbEntity
  8
0
  6
Continuous
 62
     7
370
    15
100
AcDbSpline
210
0.0
220
0.0
230
1.0
 70
     8
 71
     3
 72
     9
 73
     5
 74
     0
 42
0.000000001
 43
0.00000001
 40
0.0
 40
0.0
 40
0.0
 40
0.0
 40
0.0956017270021861
 40
0.1476024707461141
 40
0.1476024707461141
 40
0.1476024707461141
 40
0.1476024707461141
 10
-337.3589937694011
 20
242.8791201473716
 30
0.0
 10
-337.5964353751216
 20
242.5939381890167
 30
0.0
 10
-337.9630288328052
 20
242.1536369205634
 30
0.0
 10
-338.2751614458252
 20
241.6735629065747
 30
0.0
 10
-338.3795918642393
 20
241.5009122085858
 30
0.0
  0
SPLINE
  5
9B
330
1F
100
AcDbEntity
  8
0
  6
Continuous
 62
     7
370
    15
100
AcDbSpline
210
0.0
220
0.0
230
1.0
 70
     8
 71
     3
 72
    15
 73
    11
 74
     0
 42
0.000000001
 43
0.00000001
 40
0.0
 40
0.0
 40
0.0
 40
0.0
 40
0.1252558781935251
 40
0.2474183412198547
 40
0.3688033857704403
 40
0.4893976937961748
 40
0.6111782377750059
 40
0.735309353089725
 40
0.8641140351758713
 40
1.0
 40
1.0
 40
1.0
 40
1.0
 10
-329.9741045288948
 20
246.0689935650931
 30
0.0
 10
-330.3205930825742
 20
246.0581536705842
 30
0.0
 10
-331.0050130430537
 20
246.036741591909
 30
0.0
 10
-332.018842897139
 20
245.9040779120027
 30
0.0
 10
-332.9998742886722
 20
245.6687511804446
 30
0.0
 10
-333.9549898143879
 20
245.3464830014036
 30
0.0
 10
-334.874296833111
 20
244.9126891727918
 30
0.0
 10
-335.7532903466176
 20
244.3588323772639
 30
0.0
 10
-336.5919837697456
 20
243.6801677670792
 30
0.0
 10
-337.0988041058517
 20
243.1508562534881
 30
0.0
 10
-337.3589937694011
 20
242.8791201473716
 30
0.0
  0
SPLINE
  5
9C
330
1F
100
AcDbEntity
  8
0
  6
Continuous
 62
     7
370
    15
100
AcDbSpline
210
0.0
220
0.0
230
1.0
 70
     8
 71
     3
 72
    15
 73
    11
 74
     0
 42
0.000000001
 43
0.00000001
 40
0.0
 40
0.0
 40
0.0
 40
0.0
 40
0.1325888502644194
 40
0.2600073156514011
 40
0.3850508387411221
 40
0.5086064573086327
 40
0.6322304620024443
 40
0.7543655514750829
 40
0.8762072033093324
 40
1.0
 40
1.0
 40
1.0
 40
1.0
 10
-322.5892152883885
 20
242.8209714131944
 30
0.0
 10
-322.8381855195967
 20
243.0925724911336
 30
0.0
 10
-323.3264172326291
 20
243.6251833936504
 30
0.0
 10
-324.1481432048457
 20
244.3152179731592
 30
0.0
 10
-325.0343603062341
 20
244.8729216828103
 30
0.0
 10
-325.9720519243872
 20
245.3128415975683
 30
0.0
 10
-326.9417405414793
 20
245.6517661458984
 30
0.0
 10
-327.9348327220385
 20
245.8939404936282
 30
0.0
 10
-328.9480705930973
 20
246.0387790953584
 30
0.0
 10
-329.6302868704603
 20
246.0588688822023
 30
0.0
 10
-329.9741045288948
 20
246.0689935650931
 30
0.0
  0
SPLINE
  5
9D
330
1F
100
AcDbEntity
  8
0
  6
Continuous
 62
     7
370
    15
100
AcDbSpline
210
0.0
220
0.0
230
1.0
 70
     8
 71
     3
 72
    15
 73
    11
 74
     0
 42
0.000000001
 43
0.00000001
 40
0.0
 40
0.0
 40
0.0
 40
0.0
 40
0.1592970233136566
 40
0.3069713481852597
 40
0.4431935239639784
 40
0.5702628326901291
 40
0.6888184051352939
 40
0.7990244891000919
 40
0.9024395879182553
 40
1.0
 40
1.0
 40
1.0
 40
1.0
 10
-319.3578070605403
 20
231.996999894207
 30
0.0
 10
-319.3689789173033
 20
232.6093115953417
 30
0.0
 10
-319.3905075049751
 20
233.7892592459441
 30
0.0
 10
-319.5536572091366
 20
235.48694393643
 30
0.0
 10
-319.8345315832254
 20
237.0432369398327
 30
0.0
 10
-320.2241507342388
 20
238.460304342732
 30
0.0
 10
-320.7069654220086
 20
239.742054450254
 30
0.0
 10
-321.2575311102028
 20
240.8946934419631
 30
0.0
 10
-321.8621593772239
 20
241.9313084942527
 30
0.0
 10
-322.3516161626576
 20
242.5302329314769
 30
0.0
 10
-322.5892152883885
 20
242.8209714131944
 30
0.0
  0
SPLINE
  5
9E
330
1F
100
AcDbEntity
  8
0
  6
Continuous
 62
     7
370
    15
100
AcDbSpline
210
0.0
220
0.0
230
1.0
 70
     8
 71
     3
 72
    13
 73
     9
 74
     0
 42
0.000000001
 43
0.00000001
 40
0.2810140818528561
 40
0.2810140818528561
 40
0.2810140818528561
 40
0.2810140818528561
 40
0.335462134877154
 40
0.4527744955687662
 40
0.5766571203752178
 40
0.7088676702286477
 40
0.8492393702643305
 40
1.0
 40
1.0
 40
1.0
 40
1.0
 10
-320.8260689448062
 20
223.9473892747569
 30
0.0
 10
-320.7392043022417
 20
224.1365504948611
 30
0.0
 10
-320.4790943891554
 20
224.7395245306977
 30
0.0
 10
-320.1107862203548
 20
225.8099059033796
 30
0.0
 10
-319.7744601262481
 20
227.1983523330734
 30
0.0
 10
-319.5239777822869
 20
228.6941656626634
 30
0.0
 10
-319.3867879114215
 20
230.3081117373326
 30
0.0
 10
-319.3676944580087
 20
231.4208018883199
 30
0.0
 10
-319.3578070605403
 20
231.996999894207
 30
0.0
  0
SPLINE
  5
A0
330
1F
100
AcDbEntity
  8
0
  6
Continuous
 62
     7
370
    15
100
AcDbSpline
210
0.0
220
0.0
230
1.0
 70
     8
 71
     3
 72
    15
 73
    11
 74
     0
 42
0.000000001
 43
0.00000001
 40
0.0
 40
0.0
 40
0.0
 40
0.0
 40
0.1501155544261172
 40
0.2824811970413996
 40
0.4022262769315875
 40
0.510431079589425
 40
0.616688893393685
 40
0.7319710805373316
 40
0.8585575785558904
 40
1.0
 40
1.0
 40
1.0
 40
1.0
 10
-190.3839329229791
 20
288.4715189873417
 30
0.0
 10
-190.3932847486886
 20
288.8086490514822
 30
0.0
 10
-190.4108826247453
 20
289.443046362548
 30
0.0
 10
-190.5577552069225
 20
290.3368052260975
 30
0.0
 10
-190.8019750042857
 20
291.1121350673828
 30
0.0
 10
-191.1701843971343
 20
291.7719056275558
 30
0.0
 10
-191.6599476555534
 20
292.3342392400286
 30
0.0
 10
-192.2908207013606
 20
292.8034880073445
 30
0.0
 10
-193.0604452852169
 20
293.1968202356335
 30
0.0
 10
-193.6326210710758
 20
293.3849163806773
 30
0.0
 10
-193.9345658343715
 20
293.4841772151897
 30
0.0
  0
SPLINE
  5
A1
330
1F
100
AcDbEntity
  8
0
  6
Continuous
 62
     7
370
    15
100
AcDbSpline
210
0.0
220
0.0
230
1.0
 70
     8
 71
     3
 72
    15
 73
    11
 74
     0
 42
0.000000001
 43
0.00000001
 40
0.0
 40
0.0
 40
0.0
 40
0.0
 40
0.1470499667308282
 40
0.2801303852777937
 40
0.4018708190273346
 40
0.5177272005220811
 40
0.6333599042319799
 40
0.7512271805328395
 40
0.8727957280159524
 40
0.9999999999999999
 40
0.9999999999999999
 40
0.9999999999999999
 40
0.9999999999999999
 10
-193.4646291255107
 20
283.6068037974682
 30
0.0
 10
-193.1914229590729
 20
283.7365050602849
 30
0.0
 10
-192.6709648429238
 20
283.9835861411692
 30
0.0
 10
-191.9778586438458
 20
284.4417264764829
 30
0.0
 10
-191.4355962102352
 20
284.983787593818
 30
0.0
 10
-191.0244872676366
 20
285.5882156387054
 30
0.0
 10
-190.7450045714835
 20
286.2528045636749
 30
0.0
 10
-190.5313269623233
 20
286.9519447403774
 30
0.0
 10
-190.4100611420734
 20
287.6986342516228
 30
0.0
 10
-190.3927728793586
 20
288.2100290126328
 30
0.0
 10
-190.3839329229791
 20
288.4715189873417
 30
0.0
  0
SPLINE
  5
A2
330
1F
100
AcDbEntity
  8
0
  6
Continuous
 62
     7
370
    15
100
AcDbSpline
210
0.0
220
0.0
230
1.0
 70
     8
 71
     3
 72
    18
 73
    14
 74
     0
 42
0.000000001
 43
0.00000001
 40
0.204179276606883
 40
0.204179276606883
 40
0.204179276606883
 40
0.204179276606883
 40
0.2068443886494926
 40
0.2980513631721037
 40
0.3819331588658497
 40
0.4568531736522797
 40
0.5252632516819525
 40
0.5847106547190095
 40
0.636835287580171
 40
0.7314714936647704
 40
0.8230449157291116
 40
0.9121220790815237
 40
1.0
 40
1.0
 40
1.0
 40
1.0
 10
-201.8649455716405
 20
282.7975233675554
 30
0.0
 10
-201.8554519082687
 20
282.7975058886536
 30
0.0
 10
-201.5210605667235
 20
282.7968603305476
 30
0.0
 10
-200.8878549264654
 20
282.7935746271148
 30
0.0
 10
-199.997365282221
 20
282.8101549286729
 30
0.0
 10
-199.1879479960475
 20
282.8017452794776
 30
0.0
 10
-198.4657323732947
 20
282.8184033910716
 30
0.0
 10
-197.8245277939449
 20
282.8122109655797
 30
0.0
 10
-197.0902168080562
 20
282.8240895776501
 30
0.0
 10
-196.240559986579
 20
282.8627330264626
 30
0.0
 10
-195.272864630605
 20
283.0290758446595
 30
0.0
 10
-194.3402844639284
 20
283.2523940118778
 30
0.0
 10
-193.7551924959119
 20
283.4892021598303
 30
0.0
 10
-193.4646291255107
 20
283.6068037974682
 30
0.0
  0
SPLINE
  5
A5
330
1F
100
AcDbEntity
  8
0
  6
Continuous
 62
     7
370
    15
100
AcDbSpline
210
0.0
220
0.0
230
1.0
 70
     8
 71
     3
 72
    15
 73
    11
 74
     0
 42
0.000000001
 43
0.00000001
 40
0.0
 40
0.0
 40
0.0
 40
0.0
 40
0.1125096578524109
 40
0.2235250750432992
 40
0.3340604324211437
 40
0.4457244163691039
 40
0.5639987853778282
 40
0.6953184807003658
 40
0.8405160015796376
 40
1.0
 40
1.0
 40
1.0
 40
1.0
 10
-183.4654202647512
 20
278.6115506329113
 30
0.0
 10
-183.9005428038482
 20
278.3008610598491
 30
0.0
 10
-184.7650090200042
 20
277.6836081816563
 30
0.0
 10
-186.1597047501704
 20
276.9204202151758
 30
0.0
 10
-187.6119600938448
 20
276.2869985140486
 30
0.0
 10
-189.15459280171
 20
275.7941934948202
 30
0.0
 10
-190.8322084787388
 20
275.424390938819
 30
0.0
 10
-192.6931494040967
 20
275.1857213562511
 30
0.0
 10
-194.7584996103416
 20
275.0252558513919
 30
0.0
 10
-196.2055799637925
 20
275.0086777324245
 30
0.0
 10
-196.9630468470297
 20
274.9999999999998
 30
0.0
  0
SPLINE
  5
A6
330
1F
100
AcDbEntity
  8
0
  6
Continuous
 62
     7
370
    15
100
AcDbSpline
210
0.0
220
0.0
230
1.0
 70
     8
 71
     3
 72
    15
 73
    11
 74
     0
 42
0.000000001
 43
0.00000001
 40
0.0
 40
0.0
 40
0.0
 40
0.0
 40
0.1368560654571297
 40
0.2669094487171745
 40
0.3940335915333968
 40
0.5178607378435865
 40
0.6396630281623539
 40
0.7592454292206632
 40
0.8791565044702376
 40
1.0
 40
1.0
 40
1.0
 40
1.0
 10
-178.6877303913335
 20
288.4976265822784
 30
0.0
 10
-178.7008763533402
 20
287.9772676796898
 30
0.0
 10
-178.7265148331574
 20
286.9624152698895
 30
0.0
 10
-178.9827128845007
 20
285.4828695389483
 30
0.0
 10
-179.3758876986252
 20
284.08687461995
 30
0.0
 10
-179.9385427340728
 20
282.7827492170356
 30
0.0
 10
-180.6384364974342
 20
281.5816559910839
 30
0.0
 10
-181.4514178686763
 20
280.4725722184079
 30
0.0
 10
-182.3941774859437
 20
279.4733473121594
 30
0.0
 10
-183.107418566143
 20
278.8995569384186
 30
0.0
 10
-183.4654202647512
 20
278.6115506329112
 30
0.0
  0
SPLINE
  5
A7
330
1F
100
AcDbEntity
  8
0
  6
Continuous
 62
     7
370
    15
100
AcDbSpline
210
0.0
220
0.0
230
1.0
 70
     8
 71
     3
 72
    23
 73
    19
 74
     0
 42
0.000000001
 43
0.00000001
 40
0.0
 40
0.0
 40
0.0
 40
0.0
 40
0.0688731311560688
 40
0.1349809864682502
 40
0.1990108679156012
 40
0.2615029549806918
 40
0.3225771510972138
 40
0.382438822534047
 40
0.4420214790016919
 40
0.5009802721912102
 40
0.559769244295533
 40
0.6186768731615205
 40
0.6778988645678945
 40
0.7377472790736748
 40
0.799967045988527
 40
0.8637187297231049
 40
0.9301044711426955
 40
1.0
 40
1.0
 40
1.0
 40
1.0
 10
-187.9037114039917
 20
299.1582278481011
 30
0.0
 10
-187.557075168045
 20
299.0824877196535
 30
0.0
 10
-186.8777202398118
 20
298.9340484505004
 30
0.0
 10
-185.9004982168294
 20
298.622035332317
 30
0.0
 10
-184.9725755573152
 20
298.269496261628
 30
0.0
 10
-184.1024231310808
 20
297.8479138844271
 30
0.0
 10
-183.2798040072203
 20
297.3818132704317
 30
0.0
 10
-182.5188160583737
 20
296.845697843866
 30
0.0
 10
-181.8137656393066
 20
296.2551064077394
 30
0.0
 10
-181.1682688655774
 20
295.6078978079139
 30
0.0
 10
-180.5791064786825
 20
294.9129745005258
 30
0.0
 10
-180.0739118105186
 20
294.1522403636149
 30
0.0
 10
-179.6506869235919
 20
293.3383446544652
 30
0.0
 10
-179.2825947929173
 20
292.4786817749174
 30
0.0
 10
-179.0205642519674
 20
291.556120698829
 30
0.0
 10
-178.8313567438124
 20
290.5835228478177
 30
0.0
 10
-178.7013925552503
 20
289.5599165164276
 30
0.0
 10
-178.6923619705233
 20
288.857751082508
 30
0.0
 10
-178.6877303913335
 20
288.4976265822784
 30
0.0
  0
SPLINE
  5
A9
330
1F
100
AcDbEntity
  8
0
  6
Continuous
 62
     7
370
    15
100
AcDbSpline
210
0.0
220
0.0
230
1.0
 70
     8
 71
     3
 72
    15
 73
    11
 74
     0
 42
0.000000001
 43
0.00000001
 40
0.0
 40
0.0
 40
0.0
 40
0.0
 40
0.1276315938674591
 40
0.250536429604673
 40
0.371042725661177
 40
0.4916005513338543
 40
0.61339492178517
 40
0.7371391378467823
 40
0.864859916551229
 40
1.0
 40
1.0
 40
1.0
 40
1.0
 10
-181.4725405179157
 20
308.8006329113923
 30
0.0
 10
-181.4919635220922
 20
308.2856063343133
 30
0.0
 10
-181.5300902113477
 20
307.2746268748945
 30
0.0
 10
-181.8499806328522
 20
305.8043748437299
 30
0.0
 10
-182.3878942245351
 20
304.4330681871229
 30
0.0
 10
-183.1247402366261
 20
303.1629527005335
 30
0.0
 10
-184.0506859991446
 20
302.0049309165684
 30
0.0
 10
-185.1729528584853
 20
300.995190787444
 30
0.0
 10
-186.4548461291693
 20
300.0974283899159
 30
0.0
 10
-187.4117533413058
 20
299.6380638407084
 30
0.0
 10
-187.9037114039917
 20
299.4018987341771
 30
0.0
  0
SPLINE
  5
AA
330
1F
100
AcDbEntity
  8
0
  6
Continuous
 62
     7
370
    15
100
AcDbSpline
210
0.0
220
0.0
230
1.0
 70
     8
 71
     3
 72
    15
 73
    11
 74
     0
 42
0.000000001
 43
0.00000001
 40
0.0
 40
0.0
 40
0.0
 40
0.0
 40
0.1328229714673088
 40
0.2592420744861546
 40
0.3812590620174938
 40
0.5018031953795634
 40
0.6221051504289842
 40
0.7433458586079662
 40
0.8691318575556134
 40
0.9999999999999999
 40
0.9999999999999999
 40
0.9999999999999999
 40
0.9999999999999999
 10
-186.4068759609537
 20
317.0854430379745
 30
0.0
 10
-186.0109072186268
 20
316.867512615602
 30
0.0
 10
-185.2380607971191
 20
316.4421589725884
 30
0.0
 10
-184.223408995997
 20
315.6277528659125
 30
0.0
 10
-183.3535666088371
 20
314.718898225126
 30
0.0
 10
-182.6654531016508
 20
313.6889994389777
 30
0.0
 10
-182.1342572544579
 20
312.5757138284814
 30
0.0
 10
-181.7449953725525
 20
311.3864090002059
 30
0.0
 10
-181.5180174089006
 20
310.1175629342025
 30
0.0
 10
-181.487898283122
 20
309.2453665254395
 30
0.0
 10
-181.4725405179157
 20
308.8006329113923
 30
0.0
  0
SPLINE
  5
AB
330
1F
100
AcDbEntity
  8
0
  6
Continuous
 62
     7
370
    15
100
AcDbSpline
210
0.0
220
0.0
230
1.0
 70
     8
 71
     3
 72
    19
 73
    15
 74
     0
 42
0.000000001
 43
0.00000001
 40
0.0
 40
0.0
 40
0.0
 40
0.0
 40
0.0992624695437054
 40
0.1917801066541543
 40
0.2768843670725273
 40
0.3559335185036294
 40
0.4276234528047577
 40
0.4926185210589518
 40
0.5502675063483871
 40
0.6020280210057639
 40
0.6988418864328293
 40
0.7969748536363324
 40
0.8969513191606012
 40
1.0
 40
1.0
 40
1.0
 40
1.0
 10
-199.0168443153841
 20
318.9999999999998
 30
0.0
 10
-198.5904154958147
 20
318.9977641745832
 30
0.0
 10
-197.7665334699759
 20
318.9934444469074
 30
0.0
 10
-196.5771230023812
 20
318.9764558594852
 30
0.0
 10
-195.4747980078864
 20
318.9494764967606
 30
0.0
 10
-194.4619923235186
 20
318.9190459443835
 30
0.0
 10
-193.5366949090035
 20
318.8645558687249
 30
0.0
 10
-192.7040192538474
 20
318.8045896278621
 30
0.0
 10
-191.9575250642256
 20
318.7382104726512
 30
0.0
 10
-191.0793369760757
 20
318.6206989557522
 30
0.0
 10
-190.0341898297669
 20
318.4366756479204
 30
0.0
 10
-188.8139559554634
 20
318.0895323874349
 30
0.0
 10
-187.5964023351842
 20
317.6472573765743
 30
0.0
 10
-186.8073647084179
 20
317.2745942208718
 30
0.0
 10
-186.4068759609537
 20
317.0854430379745
 30
0.0
  0
SPLINE
  5
B1
330
1F
100
AcDbEntity
  8
0
  6
Continuous
 62
     7
370
    15
100
AcDbSpline
210
0.0
220
0.0
230
1.0
 70
     8
 71
     3
 72
    15
 73
    11
 74
     0
 42
0.000000001
 43
0.00000001
 40
0.0
 40
0.0
 40
0.0
 40
0.0
 40
0.083395264695386
 40
0.1729852259743356
 40
0.270855884829348
 40
0.377586185881883
 40
0.4999699799311511
 40
0.6434486184593154
 40
0.8111772085228086
 40
1.0
 40
1.0
 40
1.0
 40
1.0
 10
-195.622856973612
 20
310.6281645569619
 30
0.0
 10
-195.8389198952269
 20
310.705838924164
 30
0.0
 10
-196.2870951418282
 20
310.8669574002783
 30
0.0
 10
-197.0191604158702
 20
311.0150803751837
 30
0.0
 10
-197.821698825476
 20
311.1197700787823
 30
0.0
 10
-198.7204003509615
 20
311.1675879514535
 30
0.0
 10
-199.7449634030403
 20
311.1750148676386
 30
0.0
 10
-200.9371290241233
 20
311.1977395816616
 30
0.0
 10
-202.3121978222836
 20
311.2039939754728
 30
0.0
 10
-203.2926895749336
 20
311.2030379423985
 30
0.0
 10
-203.8119392520929
 20
311.2025316455695
 30
0.0
  0
SPLINE
  5
B2
330
1F
100
AcDbEntity
  8
0
  6
Continuous
 62
     7
370
    15
100
AcDbSpline
210
0.0
220
0.0
230
1.0
 70
     8
 71
     3
 72
    13
 73
     9
 74
     0
 42
0.000000001
 43
0.00000001
 40
0.0
 40
0.0
 40
0.0
 40
0.0
 40
0.2293886427519942
 40
0.4704214469503976
 40
0.5958899358688295
 40
0.7230638512638904
 40
0.8559035147647378
 40
1.0
 40
1.0
 40
1.0
 40
1.0
 10
-193.1687430495613
 20
306.7555379746834
 30
0.0
 10
-193.1941105769406
 20
307.1302460871366
 30
0.0
 10
-193.2461333309537
 20
307.8986831393356
 30
0.0
 10
-193.6020264639663
 20
308.8177336722911
 30
0.0
 10
-194.0128908644035
 20
309.5128426667618
 30
0.0
 10
-194.4501531243521
 20
309.9714402363199
 30
0.0
 10
-194.992948235853
 20
310.352585122399
 30
0.0
 10
-195.4072736011929
 20
310.5338487611788
 30
0.0
 10
-195.622856973612
 20
310.6281645569619
 30
0.0
  0
SPLINE
  5
B3
330
1F
100
AcDbEntity
  8
0
  6
Continuous
 62
     7
370
    15
100
AcDbSpline
210
0.0
220
0.0
230
1.0
 70
     8
 71
     3
 72
    15
 73
    11
 74
     0
 42
0.000000001
 43
0.00000001
 40
0.0
 40
0.0
 40
0.0
 40
0.0
 40
0.1481729484301788
 40
0.2796726309742246
 40
0.3997351908647935
 40
0.5122446906895652
 40
0.6268170364538398
 40
0.7443365828133145
 40
0.8693939163835349
 40
1.0
 40
1.0
 40
1.0
 40
1.0
 10
-195.622856973612
 20
302.4216772151897
 30
0.0
 10
-195.385821519493
 20
302.5383084212722
 30
0.0
 10
-194.9384231934831
 20
302.7584468244309
 30
0.0
 10
-194.3748478331479
 20
303.1969020412465
 30
0.0
 10
-193.919652309426
 20
303.664367852879
 30
0.0
 10
-193.6220405894644
 20
304.2119272369355
 30
0.0
 10
-193.4185377838135
 20
304.7908684641965
 30
0.0
 10
-193.267871574569
 20
305.4088793323493
 30
0.0
 10
-193.1813925361089
 20
306.0684462548071
 30
0.0
 10
-193.1730201149116
 20
306.5232173839255
 30
0.0
 10
-193.1687430495613
 20
306.7555379746834
 30
0.0
  0
SPLINE
  5
B4
330
1F
100
AcDbEntity
  8
0
  6
Continuous
 62
     7
370
    15
100
AcDbSpline
210
0.0
220
0.0
230
1.0
 70
     8
 71
     3
 72
    15
 73
    11
 74
     0
 42
0.000000001
 43
0.00000001
 40
0.0
 40
0.0
 40
0.0
 40
0.0
 40
0.1691716903379208
 40
0.325697575886421
 40
0.4684386812650387
 40
0.5985606637745066
 40
0.7163028681069562
 40
0.8224389361324538
 40
0.916220408184677
 40
1.0
 40
1.0
 40
1.0
 40
1.0
 10
-203.1070341888018
 20
301.7341772151897
 30
0.0
 10
-202.6806035421487
 20
301.7364119812873
 30
0.0
 10
-201.8596184965943
 20
301.7407144617981
 30
0.0
 10
-200.6789318031475
 20
301.7575552200034
 30
0.0
 10
-199.5968266111421
 20
301.7847093028717
 30
0.0
 10
-198.6128720874308
 20
301.814040617946
 30
0.0
 10
-197.7212878155731
 20
301.8729203096217
 30
0.0
 10
-196.9315052664454
 20
302.0076908709759
 30
0.0
 10
-196.2329115465128
 20
302.1704870948126
 30
0.0
 10
-195.818425944575
 20
302.341151643314
 30
0.0
 10
-195.622856973612
 20
302.4216772151897
 30
0.0
  0
SPLINE
  5
B7
330
1F
100
AcDbEntity
  8
0
  6
Continuous
 62
     7
370
    15
100
AcDbSpline
210
0.0
220
0.0
230
1.0
 70
     8
 71
     3
 72
    13
 73
     9
 74
     0
 42
0.000000001
 43
0.00000001
 40
0.0
 40
0.0
 40
0.0
 40
0.0
 40
0.0873877764540943
 40
0.1878539900930216
 40
0.3018428939580268
 40
0.4308774381763609
 40
0.7093048766232428
 40
0.936818511401763
 40
0.936818511401763
 40
0.936818511401763
 40
0.936818511401763
 10
-193.9345658343715
 20
293.4841772151897
 30
0.0
 10
-194.1744639965442
 20
293.5462822747155
 30
0.0
 10
-194.6901634319659
 20
293.6797870245822
 30
0.0
 10
-195.538208107419
 20
293.8032368242468
 30
0.0
 10
-196.5091453592234
 20
293.8784716594359
 30
0.0
 10
-197.9868923289337
 20
293.9138075315041
 30
0.0
 10
-199.7862936174853
 20
293.9290946376025
 30
0.0
 10
-201.2201554795066
 20
293.9336342067508
 30
0.0
 10
-201.8649455812069
 20
293.9353397496035
 30
0.0
  0
SPLINE
  5
C4
330
1F
100
AcDbEntity
  8
0
  6
Continuous
 62
     7
370
    15
100
AcDbSpline
210
0.0
220
0.0
230
1.0
 70
     8
 71
     3
 72
    11
 73
     7
 74
     0
 42
0.000000001
 43
0.00000001
 40
0.0
 40
0.0
 40
0.0
 40
0.0
 40
0.2489374963953379
 40
0.4882485728538358
 40
0.7335678888461676
 40
1.0
 40
1.0
 40
1.0
 40
1.0
 10
-67.04215260238819
 20
105.0917721518988
 30
0.0
 10
-66.23566664896035
 20
104.926576478213
 30
0.0
 10
-64.65388157644371
 20
104.6025732521556
 30
0.0
 10
-62.27822284262781
 20
104.1131324590092
 30
0.0
 10
-59.85602817919696
 20
103.5563745576656
 30
0.0
 10
-58.24072142805614
 20
103.0494962793505
 30
0.0
 10
-57.39974753909705
 20
102.7856012658228
 30
0.0
  0
SPLINE
  5
C5
330
1F
100
AcDbEntity
  8
0
  6
Continuous
 62
     7
370
    15
100
AcDbSpline
210
0.0
220
0.0
230
1.0
 70
     8
 71
     3
 72
    19
 73
    15
 74
     0
 42
0.000000001
 43
0.00000001
 40
0.0
 40
0.0
 40
0.0
 40
0.0
 40
0.0978180702569227
 40
0.1869214336884452
 40
0.2760247971199677
 40
0.3679312281770799
 40
0.4193883874998667
 40
0.478308382466245
 40
0.5451195731910804
 40
0.6194963793908785
 40
0.7025069208867083
 40
0.7929942971878029
 40
0.8920539882933783
 40
1.0
 40
1.0
 40
1.0
 40
1.0
 10
-73.51683614669199
 20
109.5300632911393
 30
0.0
 10
-73.50168334299507
 20
109.2492705737505
 30
0.0
 10
-73.47272771359047
 20
108.7127012347139
 30
0.0
 10
-73.20583062813743
 20
107.9577510575872
 30
0.0
 10
-72.77250397743362
 20
107.3072401225016
 30
0.0
 10
-72.26183787634952
 20
106.8694753085059
 30
0.0
 10
-71.77030078843032
 20
106.5626025529348
 30
0.0
 10
-71.31461062547879
 20
106.3379779094709
 30
0.0
 10
-70.78255063188367
 20
106.1253000060256
 30
0.0
 10
-70.17920176229205
 20
105.9064139088707
 30
0.0
 10
-69.50321784831277
 20
105.6902914827262
 30
0.0
 10
-68.75145273471782
 20
105.4810508889235
 30
0.0
 10
-67.92305725914134
 20
105.2833607118822
 30
0.0
 10
-67.34407235708956
 20
105.157436887112
 30
0.0
 10
-67.0421526023882
 20
105.0917721518988
 30
0.0
  0
SPLINE
  5
C6
330
1F
100
AcDbEntity
  8
0
  6
Continuous
 62
     7
370
    15
100
AcDbSpline
210
0.0
220
0.0
230
1.0
 70
     8
 71
     3
 72
    15
 73
    11
 74
     0
 42
0.000000001
 43
0.00000001
 40
0.0
 40
0.0
 40
0.0
 40
0.0
 40
0.1256156627216478
 40
0.2511475377700472
 40
0.3767990923909141
 40
0.5055816362533756
 40
0.6311494271506004
 40
0.7544462780102561
 40
0.8747318224882104
 40
1.0
 40
1.0
 40
1.0
 40
1.0
 10
-70.645000703654
 20
113.298259493671
 30
0.0
 10
-70.8358417055078
 20
113.2097407320312
 30
0.0
 10
-71.21739641518877
 20
113.0327622521935
 30
0.0
 10
-71.74871491616074
 20
112.6897270678143
 30
0.0
 10
-72.24194260802837
 20
112.286536056332
 30
0.0
 10
-72.67999893301653
 20
111.8233228989502
 30
0.0
 10
-73.05154986288477
 20
111.3092471183911
 30
0.0
 10
-73.32392149377131
 20
110.7515108424577
 30
0.0
 10
-73.48869825307943
 20
110.1514030533616
 30
0.0
 10
-73.50733082174597
 20
109.7399594696925
 30
0.0
 10
-73.51683614669199
 20
109.5300632911393
 30
0.0
  0
SPLINE
  5
C7
330
1F
100
AcDbEntity
  8
0
  6
Continuous
 62
     7
370
    15
100
AcDbSpline
210
0.0
220
0.0
230
1.0
 70
     8
 71
     3
 72
    11
 73
     7
 74
     0
 42
0.000000001
 43
0.00000001
 40
0.0
 40
0.0
 40
0.0
 40
0.0
 40
0.2497805743677767
 40
0.5010278970290144
 40
0.7502511118987032
 40
1.0
 40
1.0
 40
1.0
 40
1.0
 10
-64.98835513403375
 20
114.3164556962026
 30
0.0
 10
-65.47042133688375
 20
114.3068185569764
 30
0.0
 10
-66.43738450627363
 20
114.2874876878241
 30
0.0
 10
-67.87582873381986
 20
114.1181378363551
 30
0.0
 10
-69.3016390410377
 20
113.8370427019919
 30
0.0
 10
-70.19689909363257
 20
113.477979988769
 30
0.0
 10
-70.645000703654
 20
113.298259493671
 30
0.0
  0
SPLINE
  5
C8
330
1F
100
AcDbEntity
  8
0
  6
Continuous
 62
     7
370
    15
100
AcDbSpline
210
0.0
220
0.0
230
1.0
 70
     8
 71
     3
 72
    15
 73
    11
 74
     0
 42
0.000000001
 43
0.00000001
 40
0.0
 40
0.0
 40
0.0
 40
0.0
 40
0.111533222692239
 40
0.227614062398703
 40
0.3505648525628145
 40
0.4796192535198856
 40
0.6112481314763796
 40
0.7414360014793483
 40
0.8706741565115046
 40
1.0
 40
1.0
 40
1.0
 40
1.0
 10
-50.25496905808439
 20
109.3037974683545
 30
0.0
 10
-50.72731060101602
 20
109.6554840599534
 30
0.0
 10
-51.69125277744723
 20
110.373196790499
 30
0.0
 10
-53.29707839461429
 20
111.2979605960654
 30
0.0
 10
-55.04283127413002
 20
112.1516007046546
 30
0.0
 10
-56.92674699819081
 20
112.8959297806708
 30
0.0
 10
-58.88905041720013
 20
113.5374528669115
 30
0.0
 10
-60.90546411655679
 20
113.9860585261999
 30
0.0
 10
-62.940999019943
 20
114.2684098068445
 30
0.0
 10
-64.30574881723861
 20
114.3004367792462
 30
0.0
 10
-64.98835513403375
 20
114.3164556962026
 30
0.0
  0
SPLINE
  5
CB
330
1F
100
AcDbEntity
  8
0
  6
Continuous
 62
     7
370
    15
100
AcDbSpline
210
0.0
220
0.0
230
1.0
 70
     8
 71
     3
 72
    15
 73
    11
 74
     0
 42
0.000000001
 43
0.00000001
 40
0.0
 40
0.0
 40
0.0
 40
0.0
 40
0.1331759454835408
 40
0.2661260833233347
 40
0.3985680531728525
 40
0.5309336818606054
 40
0.6599428009481295
 40
0.7809377642088426
 40
0.8942992585681705
 40
1.0
 40
1.0
 40
1.0
 40
1.0
 10
-65.205918425173
 20
122.113924050633
 30
0.0
 10
-64.47169306184915
 20
122.1041768465546
 30
0.0
 10
-63.0044872574633
 20
122.0846989653554
 30
0.0
 10
-60.81269791178455
 20
121.9181338483706
 30
0.0
 10
-58.63274933770263
 20
121.6751166266558
 30
0.0
 10
-56.49328267471282
 20
121.3014509023644
 30
0.0
 10
-54.42873102056581
 20
120.8754288373347
 30
0.0
 10
-52.48432063477813
 20
120.3917486561196
 30
0.0
 10
-50.68931751944332
 20
119.8472458575845
 30
0.0
 10
-49.5569101809423
 20
119.4273091596495
 30
0.0
 10
-49.01050703276793
 20
119.2246835443039
 30
0.0
  0
SPLINE
  5
CC
330
1F
100
AcDbEntity
  8
0
  6
Continuous
 62
     7
370
    15
100
AcDbSpline
210
0.0
220
0.0
230
1.0
 70
     8
 71
     3
 72
    23
 73
    19
 74
     0
 42
0.000000001
 43
0.00000001
 40
0.0
 40
0.0
 40
0.0
 40
0.0
 40
0.0559369371291684
 40
0.1100828932057504
 40
0.1630653063905679
 40
0.215888909132752
 40
0.2697103977911618
 40
0.3250350035445035
 40
0.3828175868436135
 40
0.443776844331492
 40
0.5068987224101745
 40
0.5708404983751904
 40
0.636383543670707
 40
0.7036995128061201
 40
0.7731363286474252
 40
0.8455362773607125
 40
0.9211459463430387
 40
1.0
 40
1.0
 40
1.0
 40
1.0
 10
-85.21303867833754
 20
108.0071202531646
 30
0.0
 10
-85.1966258442303
 20
108.5158239302965
 30
0.0
 10
-85.16432567984945
 20
109.5169436811645
 30
0.0
 10
-84.89969703928685
 20
110.9817232283434
 30
0.0
 10
-84.44799753699375
 20
112.3671673320243
 30
0.0
 10
-83.8381295555007
 20
113.6886910520791
 30
0.0
 10
-83.03353323506859
 20
114.9264489160029
 30
0.0
 10
-82.07222370950313
 20
116.1050097960917
 30
0.0
 10
-80.91764266820502
 20
117.1925100605628
 30
0.0
 10
-79.60770937812181
 20
118.2046568895547
 30
0.0
 10
-78.16126020632846
 20
119.119592212255
 30
0.0
 10
-76.60410744113341
 20
119.9250370347969
 30
0.0
 10
-74.94562028726955
 20
120.6011636775844
 30
0.0
 10
-73.19197969001999
 20
121.161677057398
 30
0.0
 10
-71.33585339049165
 20
121.5817322404143
 30
0.0
 10
-69.38347094928079
 20
121.8980621493915
 30
0.0
 10
-67.32700390772045
 20
122.0798621050165
 30
0.0
 10
-65.9227784566154
 20
122.1024121867282
 30
0.0
 10
-65.205918425173
 20
122.113924050633
 30
0.0
  0
SPLINE
  5
CD
330
1F
100
AcDbEntity
  8
0
  6
Continuous
 62
     7
370
    15
100
AcDbSpline
210
0.0
220
0.0
230
1.0
 70
     8
 71
     3
 72
    23
 73
    19
 74
     0
 42
0.000000001
 43
0.00000001
 40
0.0
 40
0.0
 40
0.0
 40
0.0
 40
0.0804404900741065
 40
0.1565849499744037
 40
0.2283912801048026
 40
0.2965868449823138
 40
0.3610946314577034
 40
0.4224193793850767
 40
0.4812652874287225
 40
0.5374442158989722
 40
0.5928689180964304
 40
0.6479338669840257
 40
0.7030879143562616
 40
0.7596856456693042
 40
0.816811772369884
 40
0.8758045126610512
 40
0.9366258135335421
 40
1.0
 40
1.0
 40
1.0
 40
1.0
 10
-74.57854500745148
 20
95.27531645569627
 30
0.0
 10
-75.0354930108076
 20
95.4306320670038
 30
0.0
 10
-75.92498510838807
 20
95.73296845511413
 30
0.0
 10
-77.19725004584487
 20
96.2440989209803
 30
0.0
 10
-78.3681902408394
 20
96.80282384553716
 30
0.0
 10
-79.44166412335458
 20
97.39926797986993
 30
0.0
 10
-80.40996728973394
 20
98.04718564116541
 30
0.0
 10
-81.2874450762026
 20
98.72539177575283
 30
0.0
 10
-82.06321623144828
 20
99.44700920360744
 30
0.0
 10
-82.74381045049326
 20
100.2125064480669
 30
0.0
 10
-83.32676758874878
 20
101.0268156117691
 30
0.0
 10
-83.83381690938234
 20
101.8827025263376
 30
0.0
 10
-84.26616981320406
 20
102.7870872180011
 30
0.0
 10
-84.60850653531163
 20
103.7419852860374
 30
0.0
 10
-84.88334791356117
 20
104.7423936175234
 30
0.0
 10
-85.06769991351273
 20
105.7885870228495
 30
0.0
 10
-85.19926751127609
 20
106.8811636298315
 30
0.0
 10
-85.20838581259699
 20
107.6266931641125
 30
0.0
 10
-85.21303867833754
 20
108.0071202531646
 30
0.0
  0
SPLINE
  5
CE
330
1F
100
AcDbEntity
  8
0
  6
Continuous
 62
     7
370
    15
100
AcDbSpline
210
0.0
220
0.0
230
1.0
 70
     8
 71
     3
 72
    11
 73
     7
 74
     0
 42
0.000000001
 43
0.00000001
 40
0.0
 40
0.0
 40
0.0
 40
0.0
 40
0.2440252494738074
 40
0.5006640355602662
 40
0.7560997141221817
 40
1.0
 40
1.0
 40
1.0
 40
1.0
 10
-63.9440513365654
 20
92.82120253164564
 30
0.0
 10
-64.81024692659086
 20
93.0184283079088
 30
0.0
 10
-66.58741130044879
 20
93.4230743569277
 30
0.0
 10
-69.29333408963956
 20
93.92412616343861
 30
0.0
 10
-71.98980843021937
 20
94.48506457874905
 30
0.0
 10
-73.72902563729224
 20
95.0159875295028
 30
0.0
 10
-74.57854500745148
 20
95.27531645569627
 30
0.0
  0
SPLINE
  5
CF
330
1F
100
AcDbEntity
  8
0
  6
Continuous
 62
     7
370
    15
100
AcDbSpline
210
0.0
220
0.0
230
1.0
 70
     8
 71
     3
 72
    15
 73
    11
 74
     0
 42
0.000000001
 43
0.00000001
 40
0.0
 40
0.0
 40
0.0
 40
0.0
 40
0.1031969424780783
 40
0.2029155879580822
 40
0.3070184463566188
 40
0.4193637574781955
 40
0.5429774702557387
 40
0.6783848851538129
 40
0.831251185885162
 40
0.9999999999999999
 40
0.9999999999999999
 40
0.9999999999999999
 40
0.9999999999999999
 10
-59.03582348846413
 20
88.65268987341778
 30
0.0
 10
-59.04983512562444
 20
88.89277031268689
 30
0.0
 10
-59.07738613173341
 20
89.36483917753598
 30
0.0
 10
-59.33135112039464
 20
90.04028961456102
 30
0.0
 10
-59.7315038890203
 20
90.66032357657541
 30
0.0
 10
-60.29540354564662
 20
91.21858442640634
 30
0.0
 10
-60.99640080200334
 20
91.72437926293576
 30
0.0
 10
-61.85104959757437
 20
92.15659365675101
 30
0.0
 10
-62.84110292317268
 20
92.54079613506086
 30
0.0
 10
-63.56449397967699
 20
92.72470634972998
 30
0.0
 10
-63.9440513365654
 20
92.82120253164564
 30
0.0
  0
SPLINE
  5
D0
330
1F
100
AcDbEntity
  8
0
  6
Continuous
 62
     7
370
    15
100
AcDbSpline
210
0.0
220
0.0
230
1.0
 70
     8
 71
     3
 72
    15
 73
    11
 74
     0
 42
0.000000001
 43
0.00000001
 40
0.0
 40
0.0
 40
0.0
 40
0.0
 40
0.1280933840398417
 40
0.2517307614395237
 40
0.367575718013518
 40
0.4812695932276
 40
0.5961598126188732
 40
0.7165283887067132
 40
0.8501178332222699
 40
1.0
 40
1.0
 40
1.0
 40
1.0
 10
-62.04689943783122
 20
84.53639240506335
 30
0.0
 10
-61.83589172701614
 20
84.63677483423064
 30
0.0
 10
-61.42121666701014
 20
84.83404767169094
 30
0.0
 10
-60.85203296561627
 20
85.19058779594987
 30
0.0
 10
-60.33825375813583
 20
85.57931238315048
 30
0.0
 10
-59.87301027845767
 20
86.0038818985927
 30
0.0
 10
-59.4883267426074
 20
86.516811916909
 30
0.0
 10
-59.21382530494319
 20
87.13662792661724
 30
0.0
 10
-59.06207250687493
 20
87.86219577056603
 30
0.0
 10
-59.04490212110629
 20
88.3792851520194
 30
0.0
 10
-59.03582348846413
 20
88.65268987341778
 30
0.0
  0
SPLINE
  5
D1
330
1F
100
AcDbEntity
  8
0
  6
Continuous
 62
     7
370
    15
100
AcDbSpline
210
0.0
220
0.0
230
1.0
 70
     8
 71
     3
 72
    15
 73
    11
 74
     0
 42
0.000000001
 43
0.00000001
 40
0.0
 40
0.0
 40
0.0
 40
0.0
 40
0.1008003475984519
 40
0.2158057139703975
 40
0.3448406088168929
 40
0.4898768352221097
 40
0.63548386090276
 40
0.7702069387532544
 40
0.8905651733688402
 40
0.9999999999999999
 40
0.9999999999999999
 40
0.9999999999999999
 40
0.9999999999999999
 10
-67.56430450112236
 20
83.68354430379756
 30
0.0
 10
-67.37564295791672
 20
83.68395066736836
 30
0.0
 10
-66.97173324926726
 20
83.68482066020684
 30
0.0
 10
-66.32866146729083
 20
83.74102069114797
 30
0.0
 10
-65.60186461887955
 20
83.78307446875858
 30
0.0
 10
-64.82196082650489
 20
83.8742354517161
 30
0.0
 10
-64.0314010628956
 20
83.97185409962387
 30
0.0
 10
-63.29994474984299
 20
84.13682113569402
 30
0.0
 10
-62.63572290359541
 20
84.29736279387541
 30
0.0
 10
-62.23685373166998
 20
84.45928151590947
 30
0.0
 10
-62.04689943783122
 20
84.53639240506335
 30
0.0
  0
SPLINE
  5
D2
330
1F
100
AcDbEntity
  8
0
  6
Continuous
 62
     7
370
    15
100
AcDbSpline
210
0.0
220
0.0
230
1.0
 70
     8
 71
     3
 72
    15
 73
    11
 74
     0
 42
0.000000001
 43
0.00000001
 40
0.0
 40
0.0
 40
0.0
 40
0.0
 40
0.1288278085587782
 40
0.25689928293801
 40
0.3858804107098009
 40
0.5156446856433318
 40
0.643731033030903
 40
0.7663669630340444
 40
0.8852014640197008
 40
1.0
 40
1.0
 40
1.0
 40
1.0
 10
-83.95987412137552
 20
89.81012658227854
 30
0.0
 10
-83.35913590734256
 20
89.33428637677414
 30
0.0
 10
-82.1611863485863
 20
88.38539957232786
 30
0.0
 10
-80.21056382190604
 20
87.1698533292695
 30
0.0
 10
-78.16559965171186
 20
86.1129016186357
 30
0.0
 10
-76.03359249606488
 20
85.24434083851764
 30
0.0
 10
-73.87898091527883
 20
84.54635820331173
 30
0.0
 10
-71.73381478490431
 20
84.06520608289797
 30
0.0
 10
-69.63695625475025
 20
83.7363725868325
 30
0.0
 10
-68.2471857477945
 20
83.70094975732599
 30
0.0
 10
-67.56430450112235
 20
83.68354430379755
 30
0.0
  0
SPLINE
  5
D5
330
1F
100
AcDbEntity
  8
0
  6
Continuous
 62
     7
370
    15
100
AcDbSpline
210
0.0
220
0.0
230
1.0
 70
     8
 71
     3
 72
    15
 73
    11
 74
     0
 42
0.000000001
 43
0.00000001
 40
0.0
 40
0.0
 40
0.0
 40
0.0
 40
0.1504019785163204
 40
0.2913153312907989
 40
0.4230861373318154
 40
0.5457632648394167
 40
0.6629162054031794
 40
0.7776639694815087
 40
0.8898582485132768
 40
1.0
 40
1.0
 40
1.0
 40
1.0
 10
-67.955918425173
 20
75.88607594936715
 30
0.0
 10
-68.84395080145485
 20
75.89666748188932
 30
0.0
 10
-70.56399097941983
 20
75.9171823437017
 30
0.0
 10
-73.05594201386826
 20
76.10576596910678
 30
0.0
 10
-75.3738784342812
 20
76.39006734202802
 30
0.0
 10
-77.52799292208582
 20
76.8153457033724
 30
0.0
 10
-79.55401660644858
 20
77.34368236915468
 30
0.0
 10
-81.50465434364021
 20
77.91185065630118
 30
0.0
 10
-83.38843157867825
 20
78.55619352494911
 30
0.0
 10
-84.608591005114
 20
79.04026295496159
 30
0.0
 10
-85.21303867833754
 20
79.2800632911393
 30
0.0
  0
SPLINE
  5
D6
330
1F
100
AcDbEntity
  8
0
  6
Continuous
 62
     7
370
    15
100
AcDbSpline
210
0.0
220
0.0
230
1.0
 70
     8
 71
     3
 72
    23
 73
    19
 74
     0
 42
0.000000001
 43
0.00000001
 40
0.0
 40
0.0
 40
0.0
 40
0.0
 40
0.0567095152170413
 40
0.1113585594434201
 40
0.1647177049705318
 40
0.2174906818934104
 40
0.271034751307194
 40
0.3255327172132306
 40
0.3820270466869614
 40
0.4414031920540237
 40
0.5025272108958997
 40
0.565240035278055
 40
0.6298723809134861
 40
0.69705222397064
 40
0.7673712767105745
 40
0.8410960293404544
 40
0.9185515872417753
 40
1.0
 40
1.0
 40
1.0
 40
1.0
 10
-47.33962095681857
 20
90.71518987341778
 30
0.0
 10
-47.35567614972
 20
90.1774476426881
 30
0.0
 10
-47.38720318969288
 20
89.12150138857594
 30
0.0
 10
-47.65547879915462
 20
87.57816682654573
 30
0.0
 10
-48.09261271348461
 20
86.11529661599891
 30
0.0
 10
-48.69722452121917
 20
84.72372590585896
 30
0.0
 10
-49.4842978063498
 20
83.4131337844382
 30
0.0
 10
-50.45651729902797
 20
82.18981187484023
 30
0.0
 10
-51.58485904165701
 20
81.03049986527343
 30
0.0
 10
-52.88999138381163
 20
79.97180256704642
 30
0.0
 10
-54.33323961938748
 20
79.00187691524506
 30
0.0
 10
-55.91617295118019
 20
78.16719725307776
 30
0.0
 10
-57.62280282677867
 20
77.46474477001544
 30
0.0
 10
-59.44818076166798
 20
76.87578205179064
 30
0.0
 10
-61.40461399862992
 20
76.44080671633427
 30
0.0
 10
-63.48032695208867
 20
76.12227077503805
 30
0.0
 10
-65.67743120660464
 20
75.91400566957479
 30
0.0
 10
-67.18380555987333
 20
75.89554051696304
 30
0.0
 10
-67.955918425173
 20
75.88607594936715
 30
0.0
  0
SPLINE
  5
D7
330
1F
100
AcDbEntity
  8
0
  6
Continuous
 62
     7
370
    15
100
AcDbSpline
210
0.0
220
0.0
230
1.0
 70
     8
 71
     3
 72
    23
 73
    19
 74
     0
 42
0.000000001
 43
0.00000001
 40
0.0
 40
0.0
 40
0.0
 40
0.0
 40
0.0773366854144166
 40
0.1512830390763387
 40
0.2209259408319452
 40
0.2878669311323317
 40
0.351301693844921
 40
0.4121551752060507
 40
0.4707059424528822
 40
0.5270611766009398
 40
0.5824037771841388
 40
0.637654471918286
 40
0.6940466906374443
 40
0.7509312664121632
 40
0.8096309586534813
 40
0.8704073017677946
 40
0.9341126463547662
 40
1.0
 40
1.0
 40
1.0
 40
1.0
 10
-57.39974753909705
 20
102.7856012658228
 30
0.0
 10
-56.98329266345119
 20
102.6450833539136
 30
0.0
 10
-56.16863970944553
 20
102.3702076381473
 30
0.0
 10
-55.00635892267939
 20
101.8929466159749
 30
0.0
 10
-53.92877559897192
 20
101.372827204521
 30
0.0
 10
-52.92633630130177
 20
100.8349333910379
 30
0.0
 10
-52.01902067991222
 20
100.2351181748783
 30
0.0
 10
-51.18600230921729
 20
99.61267319098802
 30
0.0
 10
-50.44547411271664
 20
98.94030541388003
 30
0.0
 10
-49.78637628775006
 20
98.2306478180568
 30
0.0
 10
-49.2062797886507
 20
97.47805759686037
 30
0.0
 10
-48.70689572544081
 20
96.66929253113511
 30
0.0
 10
-48.28311150027211
 20
95.80929976170435
 30
0.0
 10
-47.92753371103484
 20
94.89714824258196
 30
0.0
 10
-47.67320655785826
 20
93.92603825698086
 30
0.0
 10
-47.48222100981467
 20
92.9024660588251
 30
0.0
 10
-47.35425937026483
 20
91.82652727310587
 30
0.0
 10
-47.34455489413993
 20
91.08977070439857
 30
0.0
 10
-47.33962095681857
 20
90.71518987341778
 30
0.0
  0
SPLINE
  5
108
330
1F
100
AcDbEntity
  8
0
  6
Continuous
 62
     7
370
    15
100
AcDbSpline
210
0.0
220
0.0
230
1.0
 70
     8
 71
     3
 72
    15
 73
    11
 74
     0
 42
0.000000001
 43
0.00000001
 40
0.0
 40
0.0
 40
0.0
 40
0.0
 40
0.1588825987531435
 40
0.305077377067253
 40
0.4396727269225075
 40
0.5618565446079796
 40
0.6765280013640729
 40
0.7872725901002197
 40
0.8949166321156998
 40
1.0
 40
1.0
 40
1.0
 40
1.0
 10
264.8031561120861
 20
186.9999999999999
 30
0.0
 10
265.4735328781458
 20
186.9932721895413
 30
0.0
 10
266.7607524166053
 20
186.9803538285362
 30
0.0
 10
268.6113804448382
 20
186.8377744796078
 30
0.0
 10
270.2978723639479
 20
186.6183338770231
 30
0.0
 10
271.8358651132659
 20
186.3076306998396
 30
0.0
 10
273.2416791911024
 20
185.886412175381
 30
0.0
 10
274.5644442760538
 20
185.4086880717897
 30
0.0
 10
275.7952068495022
 20
184.8127455062599
 30
0.0
 10
276.5636106365249
 20
184.3486945377694
 30
0.0
 10
276.9431877576558
 20
184.1194620253165
 30
0.0
  0
SPLINE
  5
10C
330
1F
100
AcDbEntity
  8
0
  6
Continuous
 62
     7
370
    15
100
AcDbSpline
210
0.0
220
0.0
230
1.0
 70
     8
 71
     3
 72
    15
 73
    11
 74
     0
 42
0.000000001
 43
0.00000001
 40
0.0
 40
0.0
 40
0.0
 40
0.0
 40
0.1154358688662656
 40
0.2270769812612347
 40
0.3358430893782521
 40
0.4421638648813256
 40
0.5557131626278814
 40
0.6863485043469015
 40
0.8340755727213959
 40
1.0
 40
1.0
 40
1.0
 40
1.0
 10
267.3268902893013
 20
177.8101265822784
 30
0.0
 10
267.0326366611154
 20
177.9169380157842
 30
0.0
 10
266.4538024887747
 20
178.1270496398649
 30
0.0
 10
265.569688578778
 20
178.3471154634288
 30
0.0
 10
264.6989177493037
 20
178.5148800041889
 30
0.0
 10
263.8088560713856
 20
178.5730318508001
 30
0.0
 10
262.8598316374732
 20
178.6043342612599
 30
0.0
 10
261.7980324451244
 20
178.6337573835791
 30
0.0
 10
260.59401980644
 20
178.6358809850974
 30
0.0
 10
259.7440795342237
 20
178.6422175311209
 30
0.0
 10
259.2944535804406
 20
178.6455696202532
 30
0.0
  0
SPLINE
  5
10D
330
1F
100
AcDbEntity
  8
0
  6
Continuous
 62
     7
370
    15
100
AcDbSpline
210
0.0
220
0.0
230
1.0
 70
     8
 71
     3
 72
    15
 73
    11
 74
     0
 42
0.000000001
 43
0.00000001
 40
0.0
 40
0.0
 40
0.0
 40
0.0
 40
0.137480915851926
 40
0.2698812099102851
 40
0.3970201738893521
 40
0.5259805374384204
 40
0.6513841666323199
 40
0.7708581296993144
 40
0.8864920502551673
 40
1.0
 40
1.0
 40
1.0
 40
1.0
 10
270.6947700361368
 20
172.8757911392405
 30
0.0
 10
270.6839808307013
 20
173.1668786297112
 30
0.0
 10
270.662801136059
 20
173.7382964416396
 30
0.0
 10
270.4697955643862
 20
174.5618452712146
 30
0.0
 10
270.1380464229726
 20
175.3178116830008
 30
0.0
 10
269.6962277197111
 20
175.9968791545377
 30
0.0
 10
269.1744612980231
 20
176.5941895940269
 30
0.0
 10
268.605259082098
 20
177.1034508601927
 30
0.0
 10
267.9948986453934
 20
177.5249573164534
 30
0.0
 10
267.5481781887152
 20
177.7156599379074
 30
0.0
 10
267.3268902893013
 20
177.8101265822784
 30
0.0
  0
SPLINE
  5
10E
330
1F
100
AcDbEntity
  8
0
  6
Continuous
 62
     7
370
    15
100
AcDbSpline
210
0.0
220
0.0
230
1.0
 70
     8
 71
     3
 72
    15
 73
    11
 74
     0
 42
0.000000001
 43
0.00000001
 40
0.0
 40
0.0
 40
0.0
 40
0.0
 40
0.1196165307774607
 40
0.2344650903501765
 40
0.3495017721776839
 40
0.462681373574466
 40
0.5831265829977696
 40
0.710889655640401
 40
0.849895229569602
 40
1.0
 40
1.0
 40
1.0
 40
1.0
 10
268.6061624412001
 20
167.5585443037975
 30
0.0
 10
268.7814665162704
 20
167.7168918133989
 30
0.0
 10
269.1250869634859
 20
168.0272750263553
 30
0.0
 10
269.5659217414462
 20
168.5603836610271
 30
0.0
 10
269.9331897775065
 20
169.1311554495931
 30
0.0
 10
270.2166589912003
 20
169.7603026571645
 30
0.0
 10
270.4312096808611
 20
170.441349998134
 30
0.0
 10
270.5910255260221
 20
171.1897531565144
 30
0.0
 10
270.6714447809709
 20
172.0095926245554
 30
0.0
 10
270.6867984706008
 20
172.57976187063
 30
0.0
 10
270.6947700361367
 20
172.8757911392404
 30
0.0
  0
SPLINE
  5
10F
330
1F
100
AcDbEntity
  8
0
  6
Continuous
 62
     7
370
    15
100
AcDbSpline
210
0.0
220
0.0
230
1.0
 70
     8
 71
     3
 72
    15
 73
    11
 74
     0
 42
0.000000001
 43
0.00000001
 40
0.0
 40
0.0
 40
0.0
 40
0.0
 40
0.1680484249066422
 40
0.3206569918442613
 40
0.4579539342173283
 40
0.580316179033569
 40
0.6929679507425894
 40
0.7986343714055221
 40
0.9003882855947924
 40
1.0
 40
1.0
 40
1.0
 40
1.0
 10
260.6085358589216
 20
165.8354430379746
 30
0.0
 10
261.0756995966682
 20
165.8366613461692
 30
0.0
 10
261.9671052669551
 20
165.8389860275282
 30
0.0
 10
263.2381927746396
 20
165.9138051964348
 30
0.0
 10
264.3800199195252
 20
166.0127809408766
 30
0.0
 10
265.4053418590679
 20
166.1561787131774
 30
0.0
 10
266.3310126832257
 20
166.3671937486876
 30
0.0
 10
267.1649601765568
 20
166.6804416982094
 30
0.0
 10
267.9369292881826
 20
167.0534958551783
 30
0.0
 10
268.3846724743991
 20
167.3913930447584
 30
0.0
 10
268.6061624412001
 20
167.5585443037975
 30
0.0
  0
SPLINE
  5
115
330
1F
100
AcDbEntity
  8
0
  6
Continuous
 62
     7
370
    15
100
AcDbSpline
210
0.0
220
0.0
230
1.0
 70
     8
 71
     3
 72
    19
 73
    15
 74
     0
 42
0.000000001
 43
0.00000001
 40
0.0
 40
0.0
 40
0.0
 40
0.0
 40
0.1184915744528726
 40
0.2348634381979712
 40
0.3490438710283842
 40
0.463471898602475
 40
0.521615670506977
 40
0.581910018090217
 40
0.6444918844254933
 40
0.7096715209992085
 40
0.7778417023519754
 40
0.8490032933634105
 40
0.9228659047132807
 40
0.9999999999999999
 40
0.9999999999999999
 40
0.9999999999999999
 40
0.9999999999999999
 10
278.3878080108203
 20
162.7112341772151
 30
0.0
 10
277.9427240177403
 20
162.2992360202253
 30
0.0
 10
277.0605181952225
 20
161.4826099931964
 30
0.0
 10
275.6189669797557
 20
160.4227836657384
 30
0.0
 10
274.1024543312352
 20
159.514745300039
 30
0.0
 10
272.7675645360832
 20
158.9013439019743
 30
0.0
 10
271.6548114132137
 20
158.4733506176109
 30
0.0
 10
270.7623019063007
 20
158.2243784800475
 30
0.0
 10
269.8320032800736
 20
157.9778423210199
 30
0.0
 10
268.8440013061144
 20
157.8054400064786
 30
0.0
 10
267.8092335033758
 20
157.6488380568072
 30
0.0
 10
266.7213626374682
 20
157.5663638337786
 30
0.0
 10
265.587579372365
 20
157.4844253861654
 30
0.0
 10
264.8149362807176
 20
157.4821665474865
 30
0.0
 10
264.4202447196811
 20
157.4810126582278
 30
0.0
  0
SPLINE
  5
116
330
1F
100
AcDbEntity
  8
0
  6
Continuous
 62
     7
370
    15
100
AcDbSpline
210
0.0
220
0.0
230
1.0
 70
     8
 71
     3
 72
    15
 73
    11
 74
     0
 42
0.000000001
 43
0.00000001
 40
0.0
 40
0.0
 40
0.0
 40
0.0
 40
0.1273892090829377
 40
0.2543541774335414
 40
0.3824645077773507
 40
0.5115989784506356
 40
0.6392312625705371
 40
0.7613102330459863
 40
0.8819680787488343
 40
0.9999999999999999
 40
0.9999999999999999
 40
0.9999999999999999
 40
0.9999999999999999
 10
282.3909725677823
 20
173.1803797468354
 30
0.0
 10
282.3810370337786
 20
172.6922454055858
 30
0.0
 10
282.3611990538032
 20
171.7176023432776
 30
0.0
 10
282.1448686380097
 20
170.2663152750962
 30
0.0
 10
281.8325898674714
 20
168.8270865257073
 30
0.0
 10
281.3658223268577
 20
167.4269437170641
 30
0.0
 10
280.8052675673007
 20
166.0868189310461
 30
0.0
 10
280.1167445029296
 20
164.844463378914
 30
0.0
 10
279.3250322489578
 20
163.7069418563383
 30
0.0
 10
278.697916370161
 20
163.0406935127627
 30
0.0
 10
278.3878080108203
 20
162.7112341772151
 30
0.0
  0
SPLINE
  5
117
330
1F
100
AcDbEntity
  8
0
  6
Continuous
 62
     7
370
    15
100
AcDbSpline
210
0.0
220
0.0
230
1.0
 70
     8
 71
     3
 72
    15
 73
    11
 74
     0
 42
0.000000001
 43
0.00000001
 40
0.0
 40
0.0
 40
0.0
 40
0.0
 40
0.1211986492982744
 40
0.2396522967034726
 40
0.3568349834472625
 40
0.4750065046624917
 40
0.5957913354808378
 40
0.722519283493122
 40
0.8568530632656502
 40
0.9999999999999999
 40
0.9999999999999999
 40
0.9999999999999999
 40
0.9999999999999999
 10
276.9431877576558
 20
184.1194620253165
 30
0.0
 10
277.3673547832866
 20
183.8235020876525
 30
0.0
 10
278.2060819676806
 20
183.2382853446935
 30
0.0
 10
279.2916849303991
 20
182.1655496082867
 30
0.0
 10
280.2487367228925
 20
180.9964993547378
 30
0.0
 10
281.0245656186236
 20
179.6859555142839
 30
0.0
 10
281.6396733378547
 20
178.2501708660278
 30
0.0
 10
282.0835080714681
 20
176.6806577142604
 30
0.0
 10
282.3444153517883
 20
174.973135844588
 30
0.0
 10
282.3751283340496
 20
173.790485957703
 30
0.0
 10
282.3909725677824
 20
173.1803797468354
 30
0.0
  0
SPLINE
  5
178
330
1F
100
AcDbEntity
  8
0
  6
Continuous
 62
     7
370
    15
100
AcDbSpline
210
0.0
220
0.0
230
1.0
 70
     8
 71
     3
 72
    23
 73
    19
 74
     0
 42
0.000000001
 43
0.00000001
 40
0.0
 40
0.0
 40
0.0
 40
0.0
 40
0.0793312065392734
 40
0.1539082713549668
 40
0.2240992548901067
 40
0.2903354525026899
 40
0.3534086107010364
 40
0.4135036140046832
 40
0.4714032128460354
 40
0.5276897006454453
 40
0.5831330970818266
 40
0.6381230454875653
 40
0.6934842730808142
 40
0.7497559831345663
 40
0.8080473803115104
 40
0.8687028150623951
 40
0.9324867841460762
 40
1.0
 40
1.0
 40
1.0
 40
1.0
 10
-264.1570457571128
 20
207.886075949367
 30
0.0
 10
-263.3791861535338
 20
207.899405661639
 30
0.0
 10
-261.870082332146
 20
207.9252662663484
 30
0.0
 10
-259.6798671264111
 20
208.1253119039112
 30
0.0
 10
-257.6364827904745
 20
208.4599124753135
 30
0.0
 10
-255.736849254383
 20
208.9368603643645
 30
0.0
 10
-253.9828053406408
 20
209.5541887887273
 30
0.0
 10
-252.3685059697004
 20
210.3006209823326
 30
0.0
 10
-250.9068592934172
 20
211.1928559160819
 30
0.0
 10
-249.5908943638986
 20
212.2157399563177
 30
0.0
 10
-248.4272008881529
 20
213.3693646300896
 30
0.0
 10
-247.4185155506553
 20
214.649268915063
 30
0.0
 10
-246.5714631639637
 20
216.0507666173079
 30
0.0
 10
-245.8806020052477
 20
217.5706734222647
 30
0.0
 10
-245.3439808626837
 20
219.205658287852
 30
0.0
 10
-244.9491415783864
 20
220.9559360302319
 30
0.0
 10
-244.7256902872716
 20
222.8283143955616
 30
0.0
 10
-244.6960308585266
 20
224.1157093789724
 30
0.0
 10
-244.6807799343281
 20
224.7776898734176
 30
0.0
  0
SPLINE
  5
17C
330
1F
100
AcDbEntity
  8
0
  6
Continuous
 62
     7
370
    15
100
AcDbSpline
210
0.0
220
0.0
230
1.0
 70
     8
 71
     3
 72
    23
 73
    19
 74
     0
 42
0.000000001
 43
0.00000001
 40
0.0
 40
0.0
 40
0.0
 40
0.0
 40
0.0780882486071464
 40
0.1515138917953674
 40
0.2206841321067308
 40
0.2845788458010227
 40
0.3457047338235375
 40
0.4032849302018516
 40
0.4581944200256506
 40
0.511247633934254
 40
0.5638504011536677
 40
0.6170226235428072
 40
0.671932113366608
 40
0.7293441731431948
 40
0.7904943874577951
 40
0.8556710116848089
 40
0.9255684792131605
 40
1.0
 40
1.0
 40
1.0
 40
1.0
 10
-255.8200204406571
 20
225.3694620253164
 30
0.0
 10
-255.8280452640115
 20
224.9980393890076
 30
0.0
 10
-255.8436157530295
 20
224.2773715531703
 30
0.0
 10
-255.9251628030458
 20
223.229584639582
 30
0.0
 10
-256.0840463367011
 20
222.2593116659025
 30
0.0
 10
-256.2896113814769
 20
221.3577863536059
 30
0.0
 10
-256.5657775762337
 20
220.532212514076
 30
0.0
 10
-256.9094545302726
 20
219.7801929812003
 30
0.0
 10
-257.2961300456371
 20
219.091838194263
 30
0.0
 10
-257.7654134738033
 20
218.4863741173154
 30
0.0
 10
-258.2973491316069
 20
217.9458087143013
 30
0.0
 10
-258.918439987097
 20
217.4963490695426
 30
0.0
 10
-259.5985892115403
 20
217.0958637402365
 30
0.0
 10
-260.3672009665739
 20
216.7894377598273
 30
0.0
 10
-261.2037835917304
 20
216.5318251804468
 30
0.0
 10
-262.1239389777923
 20
216.3649403118881
 30
0.0
 10
-263.1160124315919
 20
216.2586497815177
 30
0.0
 10
-263.8028424599713
 20
216.246679494281
 30
0.0
 10
-264.1570457571128
 20
216.2405063291138
 30
0.0
  0
SPLINE
  5
17D
330
1F
100
AcDbEntity
  8
0
  6
Continuous
 62
     7
370
    15
100
AcDbSpline
210
0.0
220
0.0
230
1.0
 70
     8
 71
     3
 72
    23
 73
    19
 74
     0
 42
0.000000001
 43
0.00000001
 40
0.0
 40
0.0
 40
0.0
 40
0.0
 40
0.0735612348692825
 40
0.1420032916408374
 40
0.206240859969968
 40
0.2668347536998108
 40
0.3238143932808507
 40
0.3784657223426058
 40
0.4310899881659636
 40
0.4826762260099379
 40
0.5349626570239957
 40
0.5897758763314399
 40
0.6474062174969424
 40
0.7083161180307735
 40
0.774042232198181
 40
0.8441681534380862
 40
0.9191510409313733
 40
1.0
 40
1.0
 40
1.0
 40
1.0
 10
-264.1570457571129
 20
216.2405063291139
 30
0.0
 10
-264.5083682474983
 20
216.2464076985356
 30
0.0
 10
-265.1865644489466
 20
216.2577997569284
 30
0.0
 10
-266.1663521576358
 20
216.3669266654365
 30
0.0
 10
-267.0758275471877
 20
216.5271953139023
 30
0.0
 10
-267.9139053629262
 20
216.7597895655876
 30
0.0
 10
-268.6784340461827
 20
217.0664298431844
 30
0.0
 10
-269.3713974168838
 20
217.4383794863099
 30
0.0
 10
-269.9840521416123
 20
217.8887877492241
 30
0.0
 10
-270.5344915208682
 20
218.3970296116909
 30
0.0
 10
-271.009429748562
 20
218.9909269336797
 30
0.0
 10
-271.416408463979
 20
219.6657579745267
 30
0.0
 10
-271.767510531191
 20
220.417333076301
 30
0.0
 10
-272.0406508287021
 20
221.2550531172925
 30
0.0
 10
-272.2693336052663
 20
222.1670570725666
 30
0.0
 10
-272.4227429270808
 20
223.163263633306
 30
0.0
 10
-272.5060583711439
 20
224.2395923808966
 30
0.0
 10
-272.5210850378752
 20
224.9835043030954
 30
0.0
 10
-272.5288812001509
 20
225.3694620253164
 30
0.0
  0
SPLINE
  5
181
330
1F
100
AcDbEntity
  8
0
  6
Continuous
 62
     7
370
    15
100
AcDbSpline
210
0.0
220
0.0
230
1.0
 70
     8
 71
     3
 72
    23
 73
    19
 74
     0
 42
0.000000001
 43
0.00000001
 40
0.0
 40
0.0
 40
0.0
 40
0.0
 40
0.067397913959079
 40
0.1313661786951355
 40
0.1922062286947052
 40
0.25039807338459
 40
0.3069652497083633
 40
0.3622319290807689
 40
0.4173112216947601
 40
0.4726599295789095
 40
0.5288502889593802
 40
0.586903283905492
 40
0.6468956544480751
 40
0.7095826608235689
 40
0.7759920984775112
 40
0.846354579630502
 40
0.9208042786145383
 40
1.0
 40
1.0
 40
1.0
 40
1.0
 10
-283.66812170648
 20
224.8037974683543
 30
0.0
 10
-283.6527770211876
 20
224.1418239134962
 30
0.0
 10
-283.6228684891319
 20
222.851562372883
 30
0.0
 10
-283.3996312120073
 20
220.9734287399187
 30
0.0
 10
-283.005877459888
 20
219.2171478014134
 30
0.0
 10
-282.4684668413306
 20
217.5750072911661
 30
0.0
 10
-281.7687265405843
 20
216.0551670640853
 30
0.0
 10
-280.9230371114959
 20
214.6460510741771
 30
0.0
 10
-279.9035001289628
 20
213.3722037182301
 30
0.0
 10
-278.74098536034
 20
212.2156074724831
 30
0.0
 10
-277.4232747658093
 20
211.190232838834
 30
0.0
 10
-275.9557314321613
 20
210.302925578527
 30
0.0
 10
-274.3423880798866
 20
209.5559118071722
 30
0.0
 10
-272.5898062359948
 20
208.933704825185
 30
0.0
 10
-270.6860580320986
 20
208.4604452712341
 30
0.0
 10
-268.6370681304282
 20
208.1258456556271
 30
0.0
 10
-266.4440116112797
 20
207.9251911544735
 30
0.0
 10
-264.9349061869302
 20
207.8993801140099
 30
0.0
 10
-264.1570457571128
 20
207.886075949367
 30
0.0
  0
SPLINE
  5
1B4
330
1F
100
AcDbEntity
  8
0
  6
Continuous
 62
     7
370
    15
100
AcDbSpline
210
0.0
220
0.0
230
1.0
 70
     8
 71
     3
 72
    23
 73
    19
 74
     0
 42
0.000000001
 43
0.00000001
 40
0.0
 40
0.0
 40
0.0
 40
0.0
 40
0.0735612348692825
 40
0.1420032916408374
 40
0.2062408599699662
 40
0.2668347536998107
 40
0.3238143932808506
 40
0.3784657223426058
 40
0.4310899881659619
 40
0.4826762260099378
 40
0.5349626570239955
 40
0.5897758763314398
 40
0.6474062174969415
 40
0.7083161180307732
 40
0.7740422321981811
 40
0.8441681534380863
 40
0.9191510409313733
 40
1.0
 40
1.0
 40
1.0
 40
1.0
 10
-197.876495847849
 20
150.2405063291139
 30
0.0
 10
-197.5251733574636
 20
150.2464076985356
 30
0.0
 10
-196.8469771560154
 20
150.2577997569285
 30
0.0
 10
-195.8671894473261
 20
150.3669266654365
 30
0.0
 10
-194.9577140577744
 20
150.5271953139024
 30
0.0
 10
-194.1196362420359
 20
150.7597895655876
 30
0.0
 10
-193.3551075587792
 20
151.0664298431844
 30
0.0
 10
-192.6621441880781
 20
151.4383794863099
 30
0.0
 10
-192.0494894633497
 20
151.8887877492242
 30
0.0
 10
-191.4990500840938
 20
152.3970296116909
 30
0.0
 10
-191.0241118563999
 20
152.9909269336798
 30
0.0
 10
-190.6171331409829
 20
153.6657579745268
 30
0.0
 10
-190.266031073771
 20
154.417333076301
 30
0.0
 10
-189.9928907762598
 20
155.2550531172926
 30
0.0
 10
-189.7642079996956
 20
156.1670570725666
 30
0.0
 10
-189.6107986778811
 20
157.163263633306
 30
0.0
 10
-189.527483233818
 20
158.2395923808967
 30
0.0
 10
-189.5124565670866
 20
158.9835043030955
 30
0.0
 10
-189.5046604048111
 20
159.3694620253164
 30
0.0
  0
SPLINE
  5
1B5
330
1F
100
AcDbEntity
  8
0
  6
Continuous
 62
     7
370
    15
100
AcDbSpline
210
0.0
220
0.0
230
1.0
 70
     8
 71
     3
 72
    23
 73
    19
 74
     0
 42
0.000000001
 43
0.00000001
 40
0.0
 40
0.0
 40
0.0
 40
0.0
 40
0.0780882486071463
 40
0.1515138917953677
 40
0.2206841321067311
 40
0.2845788458010229
 40
0.3457047338235372
 40
0.4032849302018514
 40
0.4581944200256503
 40
0.5112476339342527
 40
0.563850401153669
 40
0.617022623542807
 40
0.671932113366606
 40
0.7293441731431928
 40
0.790494387457795
 40
0.8556710116848087
 40
0.9255684792131624
 40
0.9999999999999999
 40
0.9999999999999999
 40
0.9999999999999999
 40
0.9999999999999999
 10
-206.2135211643048
 20
159.3694620253164
 30
0.0
 10
-206.2054963409505
 20
158.9980393890076
 30
0.0
 10
-206.1899258519325
 20
158.2773715531704
 30
0.0
 10
-206.1083788019161
 20
157.2295846395821
 30
0.0
 10
-205.9494952682608
 20
156.2593116659025
 30
0.0
 10
-205.743930223485
 20
155.3577863536059
 30
0.0
 10
-205.4677640287282
 20
154.5322125140761
 30
0.0
 10
-205.1240870746893
 20
153.7801929812004
 30
0.0
 10
-204.737411559325
 20
153.091838194263
 30
0.0
 10
-204.2681281311587
 20
152.4863741173154
 30
0.0
 10
-203.7361924733549
 20
151.9458087143014
 30
0.0
 10
-203.1151016178649
 20
151.4963490695427
 30
0.0
 10
-202.4349523934216
 20
151.0958637402366
 30
0.0
 10
-201.666340638388
 20
150.7894377598273
 30
0.0
 10
-200.8297580132317
 20
150.5318251804468
 30
0.0
 10
-199.9096026271696
 20
150.3649403118882
 30
0.0
 10
-198.9175291733701
 20
150.2586497815177
 30
0.0
 10
-198.2306991449906
 20
150.246679494281
 30
0.0
 10
-197.876495847849
 20
150.2405063291139
 30
0.0
  0
SPLINE
  5
1B9
330
1F
100
AcDbEntity
  8
0
  6
Continuous
 62
     7
370
    15
100
AcDbSpline
210
0.0
220
0.0
230
1.0
 70
     8
 71
     3
 72
    23
 73
    19
 74
     0
 42
0.000000001
 43
0.00000001
 40
0.0
 40
0.0
 40
0.0
 40
0.0
 40
0.0793312065392724
 40
0.1539082713549668
 40
0.2240992548901066
 40
0.2903354525026899
 40
0.3534086107010354
 40
0.4135036140046839
 40
0.4714032128460361
 40
0.5276897006454453
 40
0.5831330970818266
 40
0.6381230454875653
 40
0.6934842730808142
 40
0.7497559831345663
 40
0.8080473803115104
 40
0.868702815062395
 40
0.9324867841460762
 40
0.9999999999999999
 40
0.9999999999999999
 40
0.9999999999999999
 40
0.9999999999999999
 10
-197.876495847849
 20
141.8860759493671
 30
0.0
 10
-198.6543554514281
 20
141.8994056616391
 30
0.0
 10
-200.1634592728158
 20
141.9252662663485
 30
0.0
 10
-202.3536744785507
 20
142.1253119039113
 30
0.0
 10
-204.3970588144875
 20
142.4599124753136
 30
0.0
 10
-206.2966923505789
 20
142.9368603643645
 30
0.0
 10
-208.0507362643212
 20
143.5541887887273
 30
0.0
 10
-209.6650356352616
 20
144.3006209823327
 30
0.0
 10
-211.1266823115448
 20
145.192855916082
 30
0.0
 10
-212.4426472410635
 20
146.2157399563177
 30
0.0
 10
-213.6063407168089
 20
147.3693646300897
 30
0.0
 10
-214.6150260543066
 20
148.6492689150631
 30
0.0
 10
-215.4620784409983
 20
150.0507666173079
 30
0.0
 10
-216.1529395997142
 20
151.5706734222647
 30
0.0
 10
-216.6895607422782
 20
153.2056582878519
 30
0.0
 10
-217.0844000265756
 20
154.955936030232
 30
0.0
 10
-217.3078513176903
 20
156.8283143955616
 30
0.0
 10
-217.3375107464353
 20
158.1157093789724
 30
0.0
 10
-217.3527616706339
 20
158.7776898734177
 30
0.0
  0
SPLINE
  5
1BA
330
1F
100
AcDbEntity
  8
0
  6
Continuous
 62
     7
370
    15
100
AcDbSpline
210
0.0
220
0.0
230
1.0
 70
     8
 71
     3
 72
    23
 73
    19
 74
     0
 42
0.000000001
 43
0.00000001
 40
0.0
 40
0.0
 40
0.0
 40
0.0
 40
0.067397913959079
 40
0.1313661786951355
 40
0.1922062286947052
 40
0.25039807338459
 40
0.3069652497083633
 40
0.3622319290807689
 40
0.4173112216947601
 40
0.4726599295789095
 40
0.5288502889593802
 40
0.5869032839054927
 40
0.6468956544480751
 40
0.7095826608235679
 40
0.7759920984775103
 40
0.8463545796305029
 40
0.9208042786145393
 40
1.0
 40
1.0
 40
1.0
 40
1.0
 10
-178.365419898482
 20
158.8037974683544
 30
0.0
 10
-178.3807645837743
 20
158.1418239134962
 30
0.0
 10
-178.41067311583
 20
156.851562372883
 30
0.0
 10
-178.6339103929548
 20
154.9734287399188
 30
0.0
 10
-179.0276641450739
 20
153.2171478014135
 30
0.0
 10
-179.5650747636314
 20
151.5750072911662
 30
0.0
 10
-180.2648150643775
 20
150.0551670640853
 30
0.0
 10
-181.110504493466
 20
148.6460510741771
 30
0.0
 10
-182.1300414759991
 20
147.3722037182302
 30
0.0
 10
-183.2925562446221
 20
146.2156074724832
 30
0.0
 10
-184.6102668391525
 20
145.1902328388341
 30
0.0
 10
-186.0778101728008
 20
144.302925578527
 30
0.0
 10
-187.6911535250753
 20
143.5559118071722
 30
0.0
 10
-189.4437353689671
 20
142.9337048251851
 30
0.0
 10
-191.3474835728633
 20
142.4604452712342
 30
0.0
 10
-193.3964734745337
 20
142.1258456556272
 30
0.0
 10
-195.5895299936822
 20
141.9251911544735
 30
0.0
 10
-197.0986354180318
 20
141.8993801140099
 30
0.0
 10
-197.876495847849
 20
141.8860759493671
 30
0.0
  0
SPLINE
  5
1BE
330
1F
100
AcDbEntity
  8
0
  6
Continuous
 62
     7
370
    15
100
AcDbSpline
210
0.0
220
0.0
230
1.0
 70
     8
 71
     3
 72
    23
 73
    19
 74
     0
 42
0.000000001
 43
0.00000001
 40
0.0
 40
0.0
 40
0.0
 40
0.0
 40
0.0735612348692825
 40
0.1420032916408374
 40
0.2062408599699661
 40
0.2668347536998098
 40
0.3238143932808505
 40
0.3784657223426049
 40
0.4310899881659626
 40
0.4826762260099384
 40
0.5349626570239961
 40
0.5897758763314394
 40
0.6474062174969415
 40
0.7083161180307731
 40
0.774042232198181
 40
0.8441681534380862
 40
0.9191510409313732
 40
1.0
 40
1.0
 40
1.0
 40
1.0
 10
-66.08031758880331
 20
150.2405063291139
 30
0.0
 10
-65.72899509841784
 20
150.2464076985356
 30
0.0
 10
-65.05079889696955
 20
150.2577997569284
 30
0.0
 10
-64.07101118828037
 20
150.3669266654366
 30
0.0
 10
-63.16153579872857
 20
150.5271953139024
 30
0.0
 10
-62.32345798299003
 20
150.7597895655875
 30
0.0
 10
-61.55892929973345
 20
151.0664298431845
 30
0.0
 10
-60.86596592903233
 20
151.4383794863099
 30
0.0
 10
-60.25331120430388
 20
151.8887877492242
 30
0.0
 10
-59.70287182504797
 20
152.3970296116909
 30
0.0
 10
-59.22793359735414
 20
152.9909269336797
 30
0.0
 10
-58.82095488193714
 20
153.6657579745269
 30
0.0
 10
-58.46985281472525
 20
154.417333076301
 30
0.0
 10
-58.19671251721406
 20
155.2550531172927
 30
0.0
 10
-57.96802974064983
 20
156.1670570725665
 30
0.0
 10
-57.81462041883536
 20
157.163263633306
 30
0.0
 10
-57.73130497477227
 20
158.2395923808967
 30
0.0
 10
-57.71627830804091
 20
158.9835043030955
 30
0.0
 10
-57.70848214576533
 20
159.3694620253164
 30
0.0
  0
SPLINE
  5
1BF
330
1F
100
AcDbEntity
  8
0
  6
Continuous
 62
     7
370
    15
100
AcDbSpline
210
0.0
220
0.0
230
1.0
 70
     8
 71
     3
 72
    23
 73
    19
 74
     0
 42
0.000000001
 43
0.00000001
 40
0.0
 40
0.0
 40
0.0
 40
0.0
 40
0.0780882486071464
 40
0.1515138917953675
 40
0.2206841321067309
 40
0.284578845801023
 40
0.3457047338235369
 40
0.4032849302018515
 40
0.4581944200256504
 40
0.5112476339342527
 40
0.5638504011536684
 40
0.6170226235428079
 40
0.6719321133666053
 40
0.7293441731431929
 40
0.7904943874577941
 40
0.8556710116848089
 40
0.9255684792131614
 40
1.0
 40
1.0
 40
1.0
 40
1.0
 10
-74.41734290525899
 20
159.3694620253164
 30
0.0
 10
-74.40931808190473
 20
158.9980393890076
 30
0.0
 10
-74.39374759288668
 20
158.2773715531703
 30
0.0
 10
-74.31220054287033
 20
157.229584639582
 30
0.0
 10
-74.1533170092151
 20
156.2593116659025
 30
0.0
 10
-73.94775196443923
 20
155.3577863536059
 30
0.0
 10
-73.6715857696825
 20
154.532212514076
 30
0.0
 10
-73.32790881564347
 20
153.7801929812005
 30
0.0
 10
-72.94123330027917
 20
153.091838194263
 30
0.0
 10
-72.471949872113
 20
152.4863741173155
 30
0.0
 10
-71.9400142143091
 20
151.9458087143014
 30
0.0
 10
-71.31892335881916
 20
151.4963490695427
 30
0.0
 10
-70.63877413437588
 20
151.0958637402366
 30
0.0
 10
-69.8701623793422
 20
150.7894377598273
 30
0.0
 10
-69.03357975418591
 20
150.5318251804468
 30
0.0
 10
-68.11342436812377
 20
150.3649403118882
 30
0.0
 10
-67.1213509143244
 20
150.2586497815178
 30
0.0
 10
-66.43452088594489
 20
150.2466794942811
 30
0.0
 10
-66.0803175888033
 20
150.2405063291139
 30
0.0
  0
SPLINE
  5
1C3
330
1F
100
AcDbEntity
  8
0
  6
Continuous
 62
     7
370
    15
100
AcDbSpline
210
0.0
220
0.0
230
1.0
 70
     8
 71
     3
 72
    23
 73
    19
 74
     0
 42
0.000000001
 43
0.00000001
 40
0.0
 40
0.0
 40
0.0
 40
0.0
 40
0.0793312065392719
 40
0.1539082713549673
 40
0.2240992548901062
 40
0.2903354525026899
 40
0.3534086107010354
 40
0.4135036140046843
 40
0.4714032128460361
 40
0.5276897006454448
 40
0.5831330970818263
 40
0.6381230454875648
 40
0.6934842730808143
 40
0.7497559831345663
 40
0.8080473803115104
 40
0.8687028150623951
 40
0.9324867841460762
 40
0.9999999999999999
 40
0.9999999999999999
 40
0.9999999999999999
 40
0.9999999999999999
 10
-66.08031758880331
 20
141.8860759493671
 30
0.0
 10
-66.85817719238239
 20
141.8994056616391
 30
0.0
 10
-68.3672810137701
 20
141.9252662663485
 30
0.0
 10
-70.557496219505
 20
142.1253119039112
 30
0.0
 10
-72.6008805554417
 20
142.4599124753136
 30
0.0
 10
-74.50051409153313
 20
142.9368603643645
 30
0.0
 10
-76.25455800527541
 20
143.5541887887273
 30
0.0
 10
-77.86885737621586
 20
144.3006209823326
 30
0.0
 10
-79.33050405249898
 20
145.1928559160819
 30
0.0
 10
-80.64646898201774
 20
146.2157399563177
 30
0.0
 10
-81.81016245776321
 20
147.3693646300897
 30
0.0
 10
-82.81884779526087
 20
148.6492689150631
 30
0.0
 10
-83.66590018195254
 20
150.0507666173079
 30
0.0
 10
-84.35676134066844
 20
151.5706734222648
 30
0.0
 10
-84.89338248323253
 20
153.205658287852
 30
0.0
 10
-85.28822176752975
 20
154.955936030232
 30
0.0
 10
-85.51167305864459
 20
156.8283143955616
 30
0.0
 10
-85.54133248738957
 20
158.1157093789724
 30
0.0
 10
-85.55658341158811
 20
158.7776898734177
 30
0.0
  0
SPLINE
  5
1C4
330
1F
100
AcDbEntity
  8
0
  6
Continuous
 62
     7
370
    15
100
AcDbSpline
210
0.0
220
0.0
230
1.0
 70
     8
 71
     3
 72
    23
 73
    19
 74
     0
 42
0.000000001
 43
0.00000001
 40
0.0
 40
0.0
 40
0.0
 40
0.0
 40
0.067397913959079
 40
0.1313661786951356
 40
0.1922062286947054
 40
0.2503980733845899
 40
0.3069652497083635
 40
0.3622319290807691
 40
0.4173112216947599
 40
0.4726599295789092
 40
0.5288502889593806
 40
0.5869032839054928
 40
0.6468956544480744
 40
0.709582660823568
 40
0.7759920984775103
 40
0.8463545796305033
 40
0.9208042786145397
 40
1.0
 40
1.0
 40
1.0
 40
1.0
 10
-46.56924163943621
 20
158.8037974683544
 30
0.0
 10
-46.58458632472853
 20
158.1418239134962
 30
0.0
 10
-46.61449485678421
 20
156.851562372883
 30
0.0
 10
-46.83773213390904
 20
154.9734287399188
 30
0.0
 10
-47.23148588602817
 20
153.2171478014134
 30
0.0
 10
-47.76889650458558
 20
151.5750072911662
 30
0.0
 10
-48.46863680533179
 20
150.0551670640853
 30
0.0
 10
-49.31432623442026
 20
148.646051074177
 30
0.0
 10
-50.33386321695335
 20
147.3722037182302
 30
0.0
 10
-51.49637798557625
 20
146.2156074724831
 30
0.0
 10
-52.8140885801068
 20
145.1902328388342
 30
0.0
 10
-54.28163191375498
 20
144.3029255785269
 30
0.0
 10
-55.89497526602953
 20
143.5559118071722
 30
0.0
 10
-57.64755710992132
 20
142.9337048251851
 30
0.0
 10
-59.55130531381754
 20
142.4604452712342
 30
0.0
 10
-61.60029521548793
 20
142.1258456556272
 30
0.0
 10
-63.79335173463649
 20
141.9251911544735
 30
0.0
 10
-65.30245715898603
 20
141.8993801140099
 30
0.0
 10
-66.0803175888033
 20
141.8860759493671
 30
0.0
  0
SPLINE
  5
1D8
330
1F
100
AcDbEntity
  8
0
  6
Continuous
 62
     7
370
    15
100
AcDbSpline
210
0.0
220
0.0
230
1.0
 70
     8
 71
     3
 72
    23
 73
    19
 74
     0
 42
0.000000001
 43
0.00000001
 40
0.0
 40
0.0
 40
0.0
 40
0.0
 40
0.0724200585506873
 40
0.1414025752368525
 40
0.2076874201215551
 40
0.2711336444603594
 40
0.3326313351108174
 40
0.3925842115001089
 40
0.4509585757557719
 40
0.5079780250305139
 40
0.5652588366993299
 40
0.6233166764366923
 40
0.6823497453276879
 40
0.7422467128987362
 40
0.8039755049952534
 40
0.8674371291702863
 40
0.9328634768511672
 40
1.0
 40
1.0
 40
1.0
 40
1.0
 10
146.8760877415178
 20
240.9208860759493
 30
0.0
 10
146.8700190964263
 20
240.523191736728
 30
0.0
 10
146.8581698648555
 20
239.7466802998634
 30
0.0
 10
146.7477908257009
 20
238.6108482226287
 30
0.0
 10
146.5884634432373
 20
237.5309585659365
 30
0.0
 10
146.3522017779635
 20
236.5067854952354
 30
0.0
 10
146.0476439897572
 20
235.5374741117759
 30
0.0
 10
145.675460948199
 20
234.6215665341732
 30
0.0
 10
145.2290730405406
 20
233.7672967565417
 30
0.0
 10
144.7209578625207
 20
232.9652773189684
 30
0.0
 10
144.1376093489077
 20
232.2191625721052
 30
0.0
 10
143.514045860745
 20
231.4921028009549
 30
0.0
 10
142.82379317502
 20
230.806871896729
 30
0.0
 10
142.0794300237061
 20
230.1507725916789
 30
0.0
 10
141.2792670348554
 20
229.5233395063347
 30
0.0
 10
140.4151284732397
 20
228.9320290965233
 30
0.0
 10
139.4936896694757
 20
228.3746239372672
 30
0.0
 10
138.8484428778784
 20
228.0377158525281
 30
0.0
 10
138.5216573617709
 20
227.8670886075949
 30
0.0
  0
SPLINE
  5
1D9
330
1F
100
AcDbEntity
  8
0
  6
Continuous
 62
     7
370
    15
100
AcDbSpline
210
0.0
220
0.0
230
1.0
 70
     8
 71
     3
 72
    15
 73
    11
 74
     0
 42
0.000000001
 43
0.00000001
 40
0.0
 40
0.0
 40
0.0
 40
0.0
 40
0.1200682828620161
 40
0.2378612450300298
 40
0.3545347587765224
 40
0.4719032060436458
 40
0.5924725767492954
 40
0.7184647024745323
 40
0.8537740600362895
 40
1.0
 40
1.0
 40
1.0
 40
1.0
 10
141.5849485010114
 20
250.6416139240505
 30
0.0
 10
141.9749376215566
 20
250.3871588427046
 30
0.0
 10
142.7475254819799
 20
249.8830706604599
 30
0.0
 10
143.7748704845229
 20
248.9646272545309
 30
0.0
 10
144.6901518439971
 20
247.9514699694677
 30
0.0
 10
145.4742628254311
 20
246.8184746572016
 30
0.0
 10
146.1091612173637
 20
245.5538610913457
 30
0.0
 10
146.5619536558735
 20
244.1403146602876
 30
0.0
 10
146.8330375780867
 20
242.5789807933352
 30
0.0
 10
146.8613714697718
 20
241.4876893235314
 30
0.0
 10
146.8760877415178
 20
240.9208860759493
 30
0.0
  0
SPLINE
  5
1DA
330
1F
100
AcDbEntity
  8
0
  6
Continuous
 62
     7
370
    15
100
AcDbSpline
210
0.0
220
0.0
230
1.0
 70
     8
 71
     3
 72
    15
 73
    11
 74
     0
 42
0.000000001
 43
0.00000001
 40
0.0
 40
0.0
 40
0.0
 40
0.0
 40
0.1522192726044545
 40
0.293119239531665
 40
0.4235737522764723
 40
0.5437944673426517
 40
0.6582721377223336
 40
0.771126379392846
 40
0.8852884352717312
 40
1.0
 40
1.0
 40
1.0
 40
1.0
 10
129.8626383744292
 20
252.9999999999999
 30
0.0
 10
130.4777325446156
 20
252.9961999322408
 30
0.0
 10
131.6621813487689
 20
252.9888823767652
 30
0.0
 10
133.371923407951
 20
252.8995002013516
 30
0.0
 10
134.9481429860261
 20
252.761052909478
 30
0.0
 10
136.4131209230116
 20
252.5791943885168
 30
0.0
 10
137.7899237511598
 20
252.2923038097775
 30
0.0
 10
139.1088998576295
 20
251.8802302019904
 30
0.0
 10
140.3811210529168
 20
251.3348431670067
 30
0.0
 10
141.1830309093115
 20
250.8730599076638
 30
0.0
 10
141.5849485010114
 20
250.6416139240505
 30
0.0
  0
SPLINE
  5
1DE
330
1F
100
AcDbEntity
  8
0
  6
Continuous
 62
     7
370
    15
100
AcDbSpline
210
0.0
220
0.0
230
1.0
 70
     8
 71
     3
 72
    13
 73
     9
 74
     0
 42
0.000000001
 43
0.00000001
 40
0.0
 40
0.0
 40
0.0
 40
0.0
 40
0.1010557753023193
 40
0.2066748188712393
 40
0.3187361853578896
 40
0.436854415846654
 40
0.6992771189489734
 40
1.0
 40
1.0
 40
1.0
 40
1.0
 10
132.2993472351887
 20
244.4976265822784
 30
0.0
 10
132.1090960504557
 20
244.5735382088141
 30
0.0
 10
131.7200027103959
 20
244.7287893225435
 30
0.0
 10
131.0966293897681
 20
244.9026069756459
 30
0.0
 10
130.4259376101142
 20
245.0211649204082
 30
0.0
 10
129.4327653517017
 20
245.1232971930479
 30
0.0
 10
128.0534489553521
 20
245.19059946473
 30
0.0
 10
126.9125495653229
 20
245.1983779115882
 30
0.0
 10
126.3033029313912
 20
245.2025316455695
 30
0.0
  0
SPLINE
  5
1DF
330
1F
100
AcDbEntity
  8
0
  6
Continuous
 62
     7
370
    15
100
AcDbSpline
210
0.0
220
0.0
230
1.0
 70
     8
 71
     3
 72
    15
 73
    11
 74
     0
 42
0.000000001
 43
0.00000001
 40
0.0
 40
0.0
 40
0.0
 40
0.0
 40
0.1373355136857373
 40
0.2659733770253458
 40
0.3861427644544853
 40
0.503113152826725
 40
0.6176256600763564
 40
0.7360568516239674
 40
0.8631052743359824
 40
1.0
 40
1.0
 40
1.0
 40
1.0
 10
135.1798852098722
 20
239.6416139240505
 30
0.0
 10
135.1714165854456
 20
239.9176606069684
 30
0.0
 10
135.1550156664331
 20
240.4522715499204
 30
0.0
 10
135.0326081051895
 20
241.2208040716459
 30
0.0
 10
134.8320345724757
 20
241.9296569068435
 30
0.0
 10
134.5473799580342
 20
242.5795099150552
 30
0.0
 10
134.1564161659392
 20
243.168814718158
 30
0.0
 10
133.6486072158206
 20
243.6888823399985
 30
0.0
 10
133.0254177130141
 20
244.1459216079208
 30
0.0
 10
132.5473158661787
 20
244.3775117949853
 30
0.0
 10
132.2993472351887
 20
244.4976265822784
 30
0.0
  0
SPLINE
  5
1E0
330
1F
100
AcDbEntity
  8
0
  6
Continuous
 62
     7
370
    15
100
AcDbSpline
210
0.0
220
0.0
230
1.0
 70
     8
 71
     3
 72
    15
 73
    11
 74
     0
 42
0.000000001
 43
0.00000001
 40
0.0
 40
0.0
 40
0.0
 40
0.0
 40
0.1237647621174073
 40
0.2401914982477863
 40
0.3529633024425112
 40
0.4612792230881653
 40
0.5756931112753931
 40
0.7014986795992151
 40
0.8429513738258245
 40
1.0
 40
1.0
 40
1.0
 40
1.0
 10
133.0042522984798
 20
234.4810126582278
 30
0.0
 10
133.1843805710922
 20
234.6400882975163
 30
0.0
 10
133.5339572917627
 20
234.9488079644212
 30
0.0
 10
133.994915318558
 20
235.458456516606
 30
0.0
 10
134.3669288583419
 20
235.9992565822009
 30
0.0
 10
134.6784393748984
 20
236.5733547155906
 30
0.0
 10
134.9025091933878
 20
237.2140885985006
 30
0.0
 10
135.0695331990897
 20
237.9371435001507
 30
0.0
 10
135.1596445623235
 20
238.757512326338
 30
0.0
 10
135.1729073451741
 20
239.3368242026093
 30
0.0
 10
135.1798852098722
 20
239.6416139240506
 30
0.0
  0
SPLINE
  5
1E1
330
1F
100
AcDbEntity
  8
0
  6
Continuous
 62
     7
370
    15
100
AcDbSpline
210
0.0
220
0.0
230
1.0
 70
     8
 71
     3
 72
    15
 73
    11
 74
     0
 42
0.000000001
 43
0.00000001
 40
0.0
 40
0.0
 40
0.0
 40
0.0
 40
0.163575052917867
 40
0.3147085320294122
 40
0.4500653439686313
 40
0.5734918135111293
 40
0.6870077079650005
 40
0.7948015483116583
 40
0.8981466884037569
 40
1.0
 40
1.0
 40
1.0
 40
1.0
 10
125.7028282478469
 20
232.9493670886075
 30
0.0
 10
126.1177256735028
 20
232.9521914895601
 30
0.0
 10
126.9159632864015
 20
232.9576254665744
 30
0.0
 10
128.0563057450319
 20
233.0126781776356
 30
0.0
 10
129.0936113371576
 20
233.0853359201282
 30
0.0
 10
130.0311064632766
 20
233.2031731449974
 30
0.0
 10
130.8886401967371
 20
233.3811086890306
 30
0.0
 10
131.6703819607667
 20
233.6481330517822
 30
0.0
 10
132.3766702237527
 20
234.018660090632
 30
0.0
 10
132.7960746546662
 20
234.3276439244647
 30
0.0
 10
133.0042522984798
 20
234.4810126582278
 30
0.0
  0
SPLINE
  5
1F8
330
1F
100
AcDbEntity
  8
0
  6
Continuous
 62
     7
370
    15
100
AcDbSpline
210
0.0
220
0.0
230
1.0
 70
     8
 71
     3
 72
    11
 73
     7
 74
     0
 42
0.000000001
 43
0.00000001
 40
0.0
 40
0.0
 40
0.0
 40
0.0
 40
0.2594761271942244
 40
0.5075169361124335
 40
0.7499012714839622
 40
1.0
 40
1.0
 40
1.0
 40
1.0
 10
84.6582278481003
 20
-250.2848101265818
 30
0.0
 10
84.1212441309189
 20
-250.5248844908393
 30
0.0
 10
83.07094199394362
 20
-250.9944529521258
 30
0.0
 10
81.52458296963762
 20
-251.7000794687506
 30
0.0
 10
79.96800240283213
 20
-252.3332387691361
 30
0.0
 10
78.89997405748696
 20
-252.660006308243
 30
0.0
 10
78.35759493670791
 20
-252.8259493670881
 30
0.0
  0
SPLINE
  5
1FB
330
1F
100
AcDbEntity
  8
0
  6
Continuous
 62
     7
370
    15
100
AcDbSpline
210
0.0
220
0.0
230
1.0
 70
     8
 71
     3
 72
    13
 73
     9
 74
     0
 42
0.000000001
 43
0.00000001
 40
0.0
 40
0.0
 40
0.0
 40
0.0
 40
0.2790463714383067
 40
0.5498789146270796
 40
0.6785136508041157
 40
0.7967624927258491
 40
0.9035518638846806
 40
1.0
 40
1.0
 40
1.0
 40
1.0
 10
78.76661392404966
 20
-243.3314873417717
 30
0.0
 10
79.235432124537
 20
-243.0278184449812
 30
0.0
 10
80.15926869661867
 20
-242.4294192523582
 30
0.0
 10
81.23190240186264
 20
-241.5944177809132
 30
0.0
 10
82.02297975071416
 20
-240.925730403923
 30
0.0
 10
82.56295511269614
 20
-240.4682245376539
 30
0.0
 10
83.0427776178175
 20
-240.0396713813202
 30
0.0
 10
83.34158460670636
 20
-239.7638193742934
 30
0.0
 10
83.48338607594842
 20
-239.6329113924046
 30
0.0
  0
SPLINE
  5
1FC
330
1F
100
AcDbEntity
  8
0
  6
Continuous
 62
     7
370
    15
100
AcDbSpline
210
0.0
220
0.0
230
1.0
 70
     8
 71
     3
 72
    15
 73
    11
 74
     0
 42
0.000000001
 43
0.00000001
 40
0.0
 40
0.0
 40
0.0
 40
0.0
 40
0.1239191289004388
 40
0.2485955029010112
 40
0.3737037875823
 40
0.5002425776445003
 40
0.627354258558911
 40
0.7523172706355815
 40
0.8762008595255659
 40
1.0
 40
1.0
 40
1.0
 40
1.0
 10
70.95174050632816
 20
-245.7594936708856
 30
0.0
 10
71.29440633208142
 20
-245.7504998379923
 30
0.0
 10
71.98183194615721
 20
-245.7324572126852
 30
0.0
 10
73.00856446165281
 20
-245.6053235371124
 30
0.0
 10
74.03136840955901
 20
-245.4088140101296
 30
0.0
 10
75.03797821091949
 20
-245.1161968736692
 30
0.0
 10
76.02484246508513
 20
-244.7647005969391
 30
0.0
 10
76.97471652323783
 20
-244.3411445683332
 30
0.0
 10
77.89513234248366
 20
-243.8758921453954
 30
0.0
 10
78.47618610106069
 20
-243.5129143567375
 30
0.0
 10
78.76661392404966
 20
-243.3314873417717
 30
0.0
  0
SPLINE
  5
1FD
330
1F
100
AcDbEntity
  8
0
  6
Continuous
 62
     7
370
    15
100
AcDbSpline
210
0.0
220
0.0
230
1.0
 70
     8
 71
     3
 72
    15
 73
    11
 74
     0
 42
0.000000001
 43
0.00000001
 40
0.0
 40
0.0
 40
0.0
 40
0.0
 40
0.1318123096584129
 40
0.2601805928016179
 40
0.3871243923734121
 40
0.5137534429439542
 40
0.6394659865305294
 40
0.7618000361695175
 40
0.8818138240550578
 40
1.0
 40
1.0
 40
1.0
 40
1.0
 10
62.57990506329017
 20
-242.6613924050628
 30
0.0
 10
62.88158169796625
 20
-242.9269953096722
 30
0.0
 10
63.47705268127442
 20
-243.4512613767048
 30
0.0
 10
64.46415089159083
 20
-244.1021403727702
 30
0.0
 10
65.49291274381356
 20
-244.6500489325035
 30
0.0
 10
66.57536852268257
 20
-245.0608418785057
 30
0.0
 10
67.67465355758111
 20
-245.3726057516018
 30
0.0
 10
68.77604976965772
 20
-245.5850496762661
 30
0.0
 10
69.86553286970909
 20
-245.7368184568114
 30
0.0
 10
70.59152804987548
 20
-245.7519740270469
 30
0.0
 10
70.95174050632818
 20
-245.7594936708856
 30
0.0
  0
SPLINE
  5
1FE
330
1F
100
AcDbEntity
  8
0
  6
Continuous
 62
     7
370
    15
100
AcDbSpline
210
0.0
220
0.0
230
1.0
 70
     8
 71
     3
 72
    15
 73
    11
 74
     0
 42
0.000000001
 43
0.00000001
 40
0.0
 40
0.0
 40
0.0
 40
0.0
 40
0.1612791295364947
 40
0.3097715672647301
 40
0.4463552572060461
 40
0.5729135410391023
 40
0.6903495517226436
 40
0.7996297905707289
 40
0.9025416627318699
 40
1.0
 40
1.0
 40
1.0
 40
1.0
 10
58.48101265822689
 20
-231.0783227848096
 30
0.0
 10
58.49102624993869
 20
-231.757981254446
 30
0.0
 10
58.51025952585871
 20
-233.0634128372497
 30
0.0
 10
58.7483683375819
 20
-234.9307013421027
 30
0.0
 10
59.08598177435226
 20
-236.6343054231571
 30
0.0
 10
59.61016095963395
 20
-238.1532860859966
 30
0.0
 10
60.22818853879684
 20
-239.5089016732274
 30
0.0
 10
60.92717924954709
 20
-240.7102886103725
 30
0.0
 10
61.69687469805378
 20
-241.7685957816116
 30
0.0
 10
62.29095132763418
 20
-242.369242859947
 30
0.0
 10
62.57990506329017
 20
-242.6613924050628
 30
0.0
  0
SPLINE
  5
1FF
330
1F
100
AcDbEntity
  8
0
  6
Continuous
 62
     7
370
    15
100
AcDbSpline
210
0.0
220
0.0
230
1.0
 70
     8
 71
     3
 72
    15
 73
    11
 74
     0
 42
0.000000001
 43
0.00000001
 40
0.0
 40
0.0
 40
0.0
 40
0.0
 40
0.1004861438109658
 40
0.2053362393120189
 40
0.3166241562249058
 40
0.4352340968572616
 40
0.5618449874446785
 40
0.6972100851743761
 40
0.8427128322248851
 40
1.0
 40
1.0
 40
1.0
 40
1.0
 10
62.37104430379651
 20
-219.5735759493666
 30
0.0
 10
62.08816199160467
 20
-219.8808031682877
 30
0.0
 10
61.51011224314749
 20
-220.5085999903671
 30
0.0
 10
60.75982034543642
 20
-221.5937805153922
 30
0.0
 10
60.1035397834699
 20
-222.821006647531
 30
0.0
 10
59.51444378043866
 20
-224.1812961610185
 30
0.0
 10
59.04318022247116
 20
-225.6934395989245
 30
0.0
 10
58.72152664333189
 20
-227.3569884679051
 30
0.0
 10
58.51845603431792
 20
-229.1674541850113
 30
0.0
 10
58.49381347530737
 20
-230.425051580007
 30
0.0
 10
58.48101265822689
 20
-231.0783227848096
 30
0.0
  0
SPLINE
  5
200
330
1F
100
AcDbEntity
  8
0
  6
Continuous
 62
     7
370
    15
100
AcDbSpline
210
0.0
220
0.0
230
1.0
 70
     8
 71
     3
 72
    15
 73
    11
 74
     0
 42
0.000000001
 43
0.00000001
 40
0.0
 40
0.0
 40
0.0
 40
0.0
 40
0.1251997649041055
 40
0.2483917250502925
 40
0.37069205494786
 40
0.4928940839558176
 40
0.6149133440652294
 40
0.7393704443948135
 40
0.8674308155350422
 40
1.0
 40
1.0
 40
1.0
 40
1.0
 10
70.89082278480917
 20
-216.2405063291134
 30
0.0
 10
70.49887265265941
 20
-216.2520098494272
 30
0.0
 10
69.72125801789603
 20
-216.2748324102928
 30
0.0
 10
68.56669500418515
 20
-216.4128913366535
 30
0.0
 10
67.44126867920257
 20
-216.6612882733958
 30
0.0
 10
66.3413149572268
 20
-216.9944393981542
 30
0.0
 10
65.27911316186112
 20
-217.452708245539
 30
0.0
 10
64.25557577289105
 20
-218.0291532653623
 30
0.0
 10
63.27525143168064
 20
-218.7368636462691
 30
0.0
 10
62.67590286338807
 20
-219.2914736526155
 30
0.0
 10
62.37104430379651
 20
-219.5735759493666
 30
0.0
  0
SPLINE
  5
201
330
1F
100
AcDbEntity
  8
0
  6
Continuous
 62
     7
370
    15
100
AcDbSpline
210
0.0
220
0.0
230
1.0
 70
     8
 71
     3
 72
    13
 73
     9
 74
     0
 42
0.000000001
 43
0.00000001
 40
0.0
 40
0.0
 40
0.0
 40
0.0
 40
0.2398393014749123
 40
0.4859762265163224
 40
0.611156554050282
 40
0.7380485802788048
 40
0.8672440199376584
 40
0.9999999999999999
 40
0.9999999999999999
 40
0.9999999999999999
 40
0.9999999999999999
 10
78.43591772151804
 20
-218.5901898734172
 30
0.0
 10
77.87907460906307
 20
-218.274105497887
 30
0.0
 10
76.75076697604246
 20
-217.633637104524
 30
0.0
 10
75.24011450065292
 20
-217.0062615390099
 30
0.0
 10
73.97097168879107
 20
-216.608449262629
 30
0.0
 10
72.97634039137193
 20
-216.3874340758707
 30
0.0
 10
71.94389378141658
 20
-216.2676877316051
 30
0.0
 10
71.24501293251481
 20
-216.249648528447
 30
0.0
 10
70.89082278480917
 20
-216.2405063291134
 30
0.0
  0
SPLINE
  5
202
330
1F
100
AcDbEntity
  8
0
  6
Continuous
 62
     7
370
    15
100
AcDbSpline
210
0.0
220
0.0
230
1.0
 70
     8
 71
     3
 72
    13
 73
     9
 74
     0
 42
0.000000001
 43
0.00000001
 40
0.0
 40
0.0
 40
0.0
 40
0.0
 40
0.0952448339624691
 40
0.198530026795801
 40
0.3138194315970798
 40
0.4382622056749865
 40
0.7090963680692192
 40
1.0
 40
1.0
 40
1.0
 40
1.0
 10
83.36155063291042
 20
-222.3670886075944
 30
0.0
 10
83.21403838893443
 20
-222.2360553214379
 30
0.0
 10
82.90656124260643
 20
-221.9629272080322
 30
0.0
 10
82.4116515086509
 20
-221.5413946772906
 30
0.0
 10
81.86926813372223
 20
-221.0822873591299
 30
0.0
 10
81.04702408371767
 20
-220.4171633245251
 30
0.0
 10
79.92207799134825
 20
-219.5461580876656
 30
0.0
 10
78.94296488907513
 20
-218.9163464698149
 30
0.0
 10
78.43591772151804
 20
-218.5901898734172
 30
0.0
  0
SPLINE
  5
205
330
1F
100
AcDbEntity
  8
0
  6
Continuous
 62
     7
370
    15
100
AcDbSpline
210
0.0
220
0.0
230
1.0
 70
     8
 71
     3
 72
    11
 73
     7
 74
     0
 42
0.000000001
 43
0.00000001
 40
0.0
 40
0.0
 40
0.0
 40
0.0
 40
0.2866809414710784
 40
0.5513836690642329
 40
0.7904686229794675
 40
0.9999999999999999
 40
0.9999999999999999
 40
0.9999999999999999
 40
0.9999999999999999
 10
78.27056962025219
 20
-209.0174050632907
 30
0.0
 10
78.9003233986713
 20
-209.2113703502806
 30
0.0
 10
80.11155127859234
 20
-209.5844306976576
 30
0.0
 10
81.79752090926645
 20
-210.2639328298686
 30
0.0
 10
83.29406435571903
 20
-210.9321109063783
 30
0.0
 10
84.22392556065881
 20
-211.3769055052757
 30
0.0
 10
84.65822784810031
 20
-211.5846518987337
 30
0.0
  0
SPLINE
  5
206
330
1F
100
AcDbEntity
  8
0
  6
Continuous
 62
     7
370
    15
100
AcDbSpline
210
0.0
220
0.0
230
1.0
 70
     8
 71
     3
 72
    13
 73
     9
 74
     0
 42
0.000000001
 43
0.00000001
 40
0.0
 40
0.0
 40
0.0
 40
0.0
 40
0.146777353498563
 40
0.2861252376405392
 40
0.4190958505654734
 40
0.5440578254146008
 40
0.780201285717045
 40
1.0
 40
1.0
 40
1.0
 40
1.0
 10
69.17642405063195
 20
-207.8860759493666
 30
0.0
 10
69.62615306746518
 20
-207.8882890847229
 30
0.0
 10
70.50284704475855
 20
-207.8926033325594
 30
0.0
 10
71.78532585668042
 20
-207.9588453174581
 30
0.0
 10
72.99964103696566
 20
-208.0469641276021
 30
0.0
 10
74.50133560163762
 20
-208.2386187487431
 30
0.0
 10
76.26107920866441
 20
-208.5160246701367
 30
0.0
 10
77.61694126046686
 20
-208.8543207101054
 30
0.0
 10
78.2705696202522
 20
-209.0174050632907
 30
0.0
  0
SPLINE
  5
207
330
1F
100
AcDbEntity
  8
0
  6
Continuous
 62
     7
370
    15
100
AcDbSpline
210
0.0
220
0.0
230
1.0
 70
     8
 71
     3
 72
    15
 73
    11
 74
     0
 42
0.000000001
 43
0.00000001
 40
0.0
 40
0.0
 40
0.0
 40
0.0
 40
0.1149096607124998
 40
0.2311015999245732
 40
0.350427089711133
 40
0.4740709436833772
 40
0.600896218605417
 40
0.7305008891753355
 40
0.8627899744068869
 40
1.0
 40
1.0
 40
1.0
 40
1.0
 10
52.87658227848005
 20
-214.0735759493666
 30
0.0
 10
53.37068936572634
 20
-213.5970676813017
 30
0.0
 10
54.36441728806688
 20
-212.6387337827916
 30
0.0
 10
56.06700748829929
 20
-211.4132430331773
 30
0.0
 10
57.92875267835399
 20
-210.3446261251506
 30
0.0
 10
59.95719804013195
 20
-209.4647911591161
 30
0.0
 10
62.11671198873252
 20
-208.7621678964157
 30
0.0
 10
64.38142114841993
 20
-208.2451919589726
 30
0.0
 10
66.74922654750974
 20
-207.9485620594404
 30
0.0
 10
68.35756899746974
 20
-207.9071566677344
 30
0.0
 10
69.17642405063195
 20
-207.8860759493666
 30
0.0
  0
SPLINE
  5
208
330
1F
100
AcDbEntity
  8
0
  6
Continuous
 62
     7
370
    15
100
AcDbSpline
210
0.0
220
0.0
230
1.0
 70
     8
 71
     3
 72
    15
 73
    11
 74
     0
 42
0.000000001
 43
0.00000001
 40
0.0
 40
0.0
 40
0.0
 40
0.0
 40
0.1399178156560077
 40
0.2741069102988046
 40
0.4030012037452546
 40
0.5280908175748884
 40
0.6500594376562407
 40
0.7684503222583835
 40
0.8845424663036103
 40
1.0
 40
1.0
 40
1.0
 40
1.0
 10
46.78481012658132
 20
-231.0435126582273
 30
0.0
 10
46.80159755633606
 20
-230.1810564255039
 30
0.0
 10
46.83448508020391
 20
-228.4914559117209
 30
0.0
 10
47.13881773403919
 20
-226.0226782269186
 30
0.0
 10
47.6225536629118
 20
-223.6776424254592
 30
0.0
 10
48.30067318695933
 20
-221.4587820768616
 30
0.0
 10
49.1690751069691
 20
-219.3766972351546
 30
0.0
 10
50.21905096312533
 20
-217.4443803091077
 30
0.0
 10
51.43307323183004
 20
-215.6541370056677
 30
0.0
 10
52.3962925643154
 20
-214.5994661193745
 30
0.0
 10
52.87658227848005
 20
-214.0735759493666
 30
0.0
  0
SPLINE
  5
209
330
1F
100
AcDbEntity
  8
0
  6
Continuous
 62
     7
370
    15
100
AcDbSpline
210
0.0
220
0.0
230
1.0
 70
     8
 71
     3
 72
    19
 73
    15
 74
     0
 42
0.000000001
 43
0.00000001
 40
0.0
 40
0.0
 40
0.0
 40
0.0
 40
0.1105463567297867
 40
0.2227438875286452
 40
0.3383890908873738
 40
0.4583887070942577
 40
0.5204864294970944
 40
0.5839492869266256
 40
0.6484993387528112
 40
0.715196222948777
 40
0.7833447062165089
 40
0.8534082792439239
 40
0.9256025676767287
 40
1.0
 40
1.0
 40
1.0
 40
1.0
 10
53.02452531645473
 20
-248.2832278481008
 30
0.0
 10
52.54486508318356
 20
-247.7805366462361
 30
0.0
 10
51.57838017845824
 20
-246.7676458025923
 30
0.0
 10
50.34370651249768
 20
-245.0298135901656
 30
0.0
 10
49.27205445079152
 20
-243.123570835146
 30
0.0
 10
48.52146101608634
 20
-241.4073962088069
 30
0.0
 10
48.01635014187761
 20
-239.9499970447366
 30
0.0
 10
47.68790555229964
 20
-238.8019189056189
 30
0.0
 10
47.40592728962964
 20
-237.6117482383506
 30
0.0
 10
47.18661962090441
 20
-236.3788409720659
 30
0.0
 10
46.9961117108093
 20
-235.1059449790815
 30
0.0
 10
46.88304541130341
 20
-233.7892305998717
 30
0.0
 10
46.79832859650706
 20
-232.4312171894723
 30
0.0
 10
46.78936120719953
 20
-231.5106923931121
 30
0.0
 10
46.78481012658132
 20
-231.0435126582273
 30
0.0
  0
SPLINE
  5
20A
330
1F
100
AcDbEntity
  8
0
  6
Continuous
 62
     7
370
    15
100
AcDbSpline
210
0.0
220
0.0
230
1.0
 70
     8
 71
     3
 72
    15
 73
    11
 74
     0
 42
0.000000001
 43
0.00000001
 40
0.0
 40
0.0
 40
0.0
 40
0.0
 40
0.1362250629574857
 40
0.2682860261985254
 40
0.3967156902637999
 40
0.5223030429373487
 40
0.6450171923216775
 40
0.7643948255674917
 40
0.882475571896933
 40
1.0
 40
1.0
 40
1.0
 40
1.0
 10
69.15031645569525
 20
-254.1139240506324
 30
0.0
 10
68.35190002247087
 20
-254.0943823039233
 30
0.0
 10
66.77947298539748
 20
-254.0558961586005
 30
0.0
 10
64.46609374941038
 20
-253.7861883887592
 30
0.0
 10
62.24952422586149
 20
-253.3201413708201
 30
0.0
 10
60.12897331850687
 20
-252.6940683451128
 30
0.0
 10
58.1345688310489
 20
-251.8665836667135
 30
0.0
 10
56.27607999118861
 20
-250.8596067963371
 30
0.0
 10
54.55430848952305
 20
-249.6801460548782
 30
0.0
 10
53.53364970377776
 20
-248.7481336848799
 30
0.0
 10
53.02452531645473
 20
-248.2832278481008
 30
0.0
  0
SPLINE
  5
20B
330
1F
100
AcDbEntity
  8
0
  6
Continuous
 62
     7
370
    15
100
AcDbSpline
210
0.0
220
0.0
230
1.0
 70
     8
 71
     3
 72
    13
 73
     9
 74
     0
 42
0.000000001
 43
0.00000001
 40
0.0
 40
0.0
 40
0.0
 40
0.0
 40
0.2303684900232449
 40
0.4436933588424989
 40
0.5548104569836549
 40
0.6847700918595678
 40
0.8331530964791944
 40
1.0
 40
1.0
 40
1.0
 40
1.0
 10
78.35759493670791
 20
-252.8259493670881
 30
0.0
 10
77.66601368195747
 20
-253.0153956035543
 30
0.0
 10
76.33401723660256
 20
-253.3802720541891
 30
0.0
 10
74.64449910639469
 20
-253.7433886883365
 30
0.0
 10
73.24477152937628
 20
-253.9531424615892
 30
0.0
 10
72.03452266764828
 20
-254.0319817306704
 30
0.0
 10
70.65108375537544
 20
-254.1121720650359
 30
0.0
 10
69.66973238859202
 20
-254.113317687985
 30
0.0
 10
69.15031645569526
 20
-254.1139240506325
 30
0.0
  0
SPLINE
  5
22F
330
1F
100
AcDbEntity
  8
0
  6
Continuous
 62
     7
370
    15
100
AcDbSpline
210
0.0
220
0.0
230
1.0
 70
     8
 71
     3
 72
    15
 73
    11
 74
     0
 42
0.000000001
 43
0.00000001
 40
0.0
 40
0.0
 40
0.0
 40
0.0
 40
0.1588825987531415
 40
0.3050773770672509
 40
0.4396727269225101
 40
0.5618565446079785
 40
0.6765280013640728
 40
0.787272590100221
 40
0.8949166321157013
 40
1.0
 40
1.0
 40
1.0
 40
1.0
 10
198.6504530916079
 20
-142.9999999999996
 30
0.0
 10
199.3208298576675
 20
-143.0067278104582
 30
0.0
 10
200.6080493961271
 20
-143.0196461714634
 30
0.0
 10
202.45867742436
 20
-143.1622255203916
 30
0.0
 10
204.1451693434696
 20
-143.3816661229764
 30
0.0
 10
205.6831620927876
 20
-143.69236930016
 30
0.0
 10
207.0889761706242
 20
-144.1135878246186
 30
0.0
 10
208.4117412555757
 20
-144.5913119282098
 30
0.0
 10
209.6425038290238
 20
-145.1872544937397
 30
0.0
 10
210.4109076160466
 20
-145.6513054622301
 30
0.0
 10
210.7904847371775
 20
-145.8805379746831
 30
0.0
  0
SPLINE
  5
233
330
1F
100
AcDbEntity
  8
0
  6
Continuous
 62
     7
370
    15
100
AcDbSpline
210
0.0
220
0.0
230
1.0
 70
     8
 71
     3
 72
    15
 73
    11
 74
     0
 42
0.000000001
 43
0.00000001
 40
0.0
 40
0.0
 40
0.0
 40
0.0
 40
0.1154358688662652
 40
0.2270769812612305
 40
0.3358430893782476
 40
0.4421638648813241
 40
0.5557131626278794
 40
0.6863485043469025
 40
0.8340755727213897
 40
1.0
 40
1.0
 40
1.0
 40
1.0
 10
201.1741872688231
 20
-152.1898734177211
 30
0.0
 10
200.8799336406372
 20
-152.0830619842153
 30
0.0
 10
200.3010994682966
 20
-151.8729503601346
 30
0.0
 10
199.4169855582997
 20
-151.6528845365708
 30
0.0
 10
198.5462147288255
 20
-151.4851199958107
 30
0.0
 10
197.6561530509073
 20
-151.4269681491995
 30
0.0
 10
196.7071286169951
 20
-151.3956657387397
 30
0.0
 10
195.6453294246461
 20
-151.3662426164205
 30
0.0
 10
194.4413167859618
 20
-151.3641190149021
 30
0.0
 10
193.5913765137454
 20
-151.3577824688786
 30
0.0
 10
193.1417505599623
 20
-151.3544303797464
 30
0.0
  0
SPLINE
  5
234
330
1F
100
AcDbEntity
  8
0
  6
Continuous
 62
     7
370
    15
100
AcDbSpline
210
0.0
220
0.0
230
1.0
 70
     8
 71
     3
 72
    15
 73
    11
 74
     0
 42
0.000000001
 43
0.00000001
 40
0.0
 40
0.0
 40
0.0
 40
0.0
 40
0.1374809158519219
 40
0.2698812099102837
 40
0.3970201738893496
 40
0.5259805374384148
 40
0.6513841666323209
 40
0.7708581296993098
 40
0.8864920502551646
 40
1.0
 40
1.0
 40
1.0
 40
1.0
 10
204.5420670156585
 20
-157.1242088607591
 30
0.0
 10
204.5312778102231
 20
-156.8331213702883
 30
0.0
 10
204.5100981155807
 20
-156.26170355836
 30
0.0
 10
204.3170925439079
 20
-155.4381547287849
 30
0.0
 10
203.9853434024944
 20
-154.6821883169988
 30
0.0
 10
203.5435246992328
 20
-154.0031208454619
 30
0.0
 10
203.0217582775449
 20
-153.4058104059727
 30
0.0
 10
202.4525560616198
 20
-152.8965491398068
 30
0.0
 10
201.8421956249152
 20
-152.4750426835461
 30
0.0
 10
201.395475168237
 20
-152.2843400620921
 30
0.0
 10
201.1741872688231
 20
-152.1898734177211
 30
0.0
  0
SPLINE
  5
235
330
1F
100
AcDbEntity
  8
0
  6
Continuous
 62
     7
370
    15
100
AcDbSpline
210
0.0
220
0.0
230
1.0
 70
     8
 71
     3
 72
    15
 73
    11
 74
     0
 42
0.000000001
 43
0.00000001
 40
0.0
 40
0.0
 40
0.0
 40
0.0
 40
0.1196165307774632
 40
0.2344650903501813
 40
0.3495017721776827
 40
0.462681373574466
 40
0.5831265829977674
 40
0.7108896556403976
 40
0.8498952295695985
 40
1.0
 40
1.0
 40
1.0
 40
1.0
 10
202.4534594207218
 20
-162.4414556962021
 30
0.0
 10
202.6287634957921
 20
-162.2831081866007
 30
0.0
 10
202.9723839430076
 20
-161.9727249736442
 30
0.0
 10
203.413218720968
 20
-161.4396163389725
 30
0.0
 10
203.7804867570281
 20
-160.8688445504065
 30
0.0
 10
204.0639559707221
 20
-160.2396973428351
 30
0.0
 10
204.2785066603828
 20
-159.5586500018655
 30
0.0
 10
204.4383225055437
 20
-158.8102468434851
 30
0.0
 10
204.5187417604926
 20
-157.9904073754441
 30
0.0
 10
204.5340954501226
 20
-157.4202381293695
 30
0.0
 10
204.5420670156585
 20
-157.1242088607591
 30
0.0
  0
SPLINE
  5
236
330
1F
100
AcDbEntity
  8
0
  6
Continuous
 62
     7
370
    15
100
AcDbSpline
210
0.0
220
0.0
230
1.0
 70
     8
 71
     3
 72
    15
 73
    11
 74
     0
 42
0.000000001
 43
0.00000001
 40
0.0
 40
0.0
 40
0.0
 40
0.0
 40
0.1680484249066487
 40
0.3206569918442644
 40
0.4579539342173279
 40
0.5803161790335751
 40
0.692967950742589
 40
0.7986343714055246
 40
0.9003882855947979
 40
1.0
 40
1.0
 40
1.0
 40
1.0
 10
194.4558328384433
 20
-164.1645569620249
 30
0.0
 10
194.92299657619
 20
-164.1633386538304
 30
0.0
 10
195.814402246477
 20
-164.1610139724714
 30
0.0
 10
197.0854897541612
 20
-164.0861948035647
 30
0.0
 10
198.2273168990471
 20
-163.9872190591229
 30
0.0
 10
199.2526388385895
 20
-163.8438212868222
 30
0.0
 10
200.1783096627475
 20
-163.6328062513119
 30
0.0
 10
201.0122571560784
 20
-163.3195583017902
 30
0.0
 10
201.7842262677044
 20
-162.9465041448211
 30
0.0
 10
202.2319694539208
 20
-162.6086069552412
 30
0.0
 10
202.4534594207218
 20
-162.4414556962021
 30
0.0
  0
SPLINE
  5
23C
330
1F
100
AcDbEntity
  8
0
  6
Continuous
 62
     7
370
    15
100
AcDbSpline
210
0.0
220
0.0
230
1.0
 70
     8
 71
     3
 72
    19
 73
    15
 74
     0
 42
0.000000001
 43
0.00000001
 40
0.0
 40
0.0
 40
0.0
 40
0.0
 40
0.1184915744528699
 40
0.2348634381979699
 40
0.3490438710283828
 40
0.4634718986024752
 40
0.5216156705069739
 40
0.5819100180902157
 40
0.6444918844254937
 40
0.7096715209992069
 40
0.7778417023519719
 40
0.8490032933634107
 40
0.9228659047132809
 40
1.0
 40
1.0
 40
1.0
 40
1.0
 10
212.2351049903421
 20
-167.2887658227844
 30
0.0
 10
211.7900209972621
 20
-167.7007639797742
 30
0.0
 10
210.9078151747442
 20
-168.5173900068032
 30
0.0
 10
209.4662639592775
 20
-169.5772163342611
 30
0.0
 10
207.9497513107569
 20
-170.4852546999607
 30
0.0
 10
206.6148615156049
 20
-171.0986560980252
 30
0.0
 10
205.5021083927356
 20
-171.5266493823887
 30
0.0
 10
204.6095988858225
 20
-171.775621519952
 30
0.0
 10
203.6793002595954
 20
-172.0221576789796
 30
0.0
 10
202.6912982856361
 20
-172.1945599935209
 30
0.0
 10
201.6565304828975
 20
-172.3511619431923
 30
0.0
 10
200.5686596169901
 20
-172.433636166221
 30
0.0
 10
199.4348763518867
 20
-172.5155746138341
 30
0.0
 10
198.6622332602393
 20
-172.517833452513
 30
0.0
 10
198.2675416992028
 20
-172.5189873417717
 30
0.0
  0
SPLINE
  5
23D
330
1F
100
AcDbEntity
  8
0
  6
Continuous
 62
     7
370
    15
100
AcDbSpline
210
0.0
220
0.0
230
1.0
 70
     8
 71
     3
 72
    15
 73
    11
 74
     0
 42
0.000000001
 43
0.00000001
 40
0.0
 40
0.0
 40
0.0
 40
0.0
 40
0.1273892090829351
 40
0.2543541774335404
 40
0.382464507777353
 40
0.5115989784506348
 40
0.6392312625705361
 40
0.7613102330459843
 40
0.8819680787488294
 40
1.0
 40
1.0
 40
1.0
 40
1.0
 10
216.2382695473041
 20
-156.8196202531641
 30
0.0
 10
216.2283340133004
 20
-157.3077545944138
 30
0.0
 10
216.2084960333249
 20
-158.2823976567219
 30
0.0
 10
215.9921656175315
 20
-159.7336847249034
 30
0.0
 10
215.6798868469931
 20
-161.1729134742922
 30
0.0
 10
215.2131193063794
 20
-162.5730562829355
 30
0.0
 10
214.6525645468224
 20
-163.9131810689534
 30
0.0
 10
213.9640414824513
 20
-165.1555366210855
 30
0.0
 10
213.1723292284796
 20
-166.2930581436612
 30
0.0
 10
212.5452133496827
 20
-166.9593064872369
 30
0.0
 10
212.2351049903421
 20
-167.2887658227844
 30
0.0
  0
SPLINE
  5
23E
330
1F
100
AcDbEntity
  8
0
  6
Continuous
 62
     7
370
    15
100
AcDbSpline
210
0.0
220
0.0
230
1.0
 70
     8
 71
     3
 72
    15
 73
    11
 74
     0
 42
0.000000001
 43
0.00000001
 40
0.0
 40
0.0
 40
0.0
 40
0.0
 40
0.1211986492982767
 40
0.2396522967034734
 40
0.3568349834472616
 40
0.4750065046624916
 40
0.5957913354808378
 40
0.722519283493122
 40
0.8568530632656502
 40
1.0
 40
1.0
 40
1.0
 40
1.0
 10
210.7904847371775
 20
-145.8805379746832
 30
0.0
 10
211.2146517628083
 20
-146.1764979123471
 30
0.0
 10
212.0533789472024
 20
-146.7617146553061
 30
0.0
 10
213.138981909921
 20
-147.8344503917129
 30
0.0
 10
214.0960337024144
 20
-149.0035006452618
 30
0.0
 10
214.8718625981452
 20
-150.3140444857156
 30
0.0
 10
215.4869703173765
 20
-151.7498291339717
 30
0.0
 10
215.9308050509898
 20
-153.3193422857391
 30
0.0
 10
216.1917123313101
 20
-155.0268641554115
 30
0.0
 10
216.2224253135713
 20
-156.2095140422966
 30
0.0
 10
216.2382695473041
 20
-156.8196202531641
 30
0.0
  0
SPLINE
  5
265
330
1F
100
AcDbEntity
  8
0
  6
Continuous
 62
     7
370
    15
100
AcDbSpline
210
0.0
220
0.0
230
1.0
 70
     8
 71
     3
 72
    15
 73
    11
 74
     0
 42
0.000000001
 43
0.00000001
 40
0.0
 40
0.0
 40
0.0
 40
0.0
 40
0.1583990342547755
 40
0.3055320792271574
 40
0.442247750433067
 40
0.5691745794062217
 40
0.6876129465582219
 40
0.7981277001354316
 40
0.9021704916628668
 40
1.0
 40
1.0
 40
1.0
 40
1.0
 10
-136.6610210308715
 20
-274.9999999999995
 30
0.0
 10
-135.7903825186776
 20
-275.0073459958039
 30
0.0
 10
-134.1110288778088
 20
-275.0215155100479
 30
0.0
 10
-131.6864448313596
 20
-275.2045415114935
 30
0.0
 10
-129.4431579716061
 20
-275.4683302646897
 30
0.0
 10
-127.3819431600871
 20
-275.8760747518857
 30
0.0
 10
-125.4862443843866
 20
-276.3638812166388
 30
0.0
 10
-123.7565945746114
 20
-276.9636169470893
 30
0.0
 10
-122.1673633989169
 20
-277.6228565576333
 30
0.0
 10
-121.2086793500773
 20
-278.1833054466265
 30
0.0
 10
-120.7440906511247
 20
-278.4549050632906
 30
0.0
  0
SPLINE
  5
26B
330
1F
100
AcDbEntity
  8
0
  6
Continuous
 62
     7
370
    15
100
AcDbSpline
210
0.0
220
0.0
230
1.0
 70
     8
 71
     3
 72
    15
 73
    11
 74
     0
 42
0.000000001
 43
0.00000001
 40
0.0
 40
0.0
 40
0.0
 40
0.0
 40
0.1033709503903144
 40
0.2048884329788727
 40
0.3059550214108347
 40
0.4053338133286323
 40
0.5175815213124868
 40
0.6531497544952266
 40
0.8142192429980867
 40
1.0
 40
1.0
 40
1.0
 40
1.0
 10
-129.3595969802386
 20
-284.816455696202
 30
0.0
 10
-129.6565519478161
 20
-284.6815024073492
 30
0.0
 10
-130.2451374038122
 20
-284.4140155769199
 30
0.0
 10
-131.1562994236492
 20
-284.0922909889777
 30
0.0
 10
-132.0756282332881
 20
-283.8402432784533
 30
0.0
 10
-133.0443319617268
 20
-283.6506656358073
 30
0.0
 10
-134.131026219801
 20
-283.5090160654341
 30
0.0
 10
-135.418282280831
 20
-283.4222223852319
 30
0.0
 10
-136.9388823549485
 20
-283.3596678200266
 30
0.0
 10
-138.0330369521934
 20
-283.3562571897057
 30
0.0
 10
-138.6190906511247
 20
-283.3544303797463
 30
0.0
  0
SPLINE
  5
26C
330
1F
100
AcDbEntity
  8
0
  6
Continuous
 62
     7
370
    15
100
AcDbSpline
210
0.0
220
0.0
230
1.0
 70
     8
 71
     3
 72
    23
 73
    19
 74
     0
 42
0.000000001
 43
0.00000001
 40
0.0
 40
0.0
 40
0.0
 40
0.0
 40
0.0720032671737771
 40
0.1412386469088477
 40
0.207834290810174
 40
0.2726390308263708
 40
0.3360344790858577
 40
0.3974212884206521
 40
0.4570242188761621
 40
0.5161315615195913
 40
0.5748251890506637
 40
0.6327817038766163
 40
0.6910258161175367
 40
0.7502743389206301
 40
0.8101104357645883
 40
0.8717095344108062
 40
0.9350637855805383
 40
1.0
 40
1.0
 40
1.0
 40
1.0
 10
-122.6151349549222
 20
-296.9738924050627
 30
0.0
 10
-122.6197420931264
 20
-296.6198186535482
 30
0.0
 10
-122.6287792659053
 20
-295.9252821480152
 30
0.0
 10
-122.7116413587301
 20
-294.9061648546577
 30
0.0
 10
-122.8306999671252
 20
-293.9267031089967
 30
0.0
 10
-123.0019187590308
 20
-292.9835046565991
 30
0.0
 10
-123.2397091004368
 20
-292.0814397200705
 30
0.0
 10
-123.5178689777455
 20
-291.2183490613899
 30
0.0
 10
-123.8377886870147
 20
-290.3916228616358
 30
0.0
 10
-124.2253978871445
 20
-289.6094527008888
 30
0.0
 10
-124.6538805769505
 20
-288.8577842591483
 30
0.0
 10
-125.1587557503696
 20
-288.1601522937511
 30
0.0
 10
-125.7080302332794
 20
-287.4944838154589
 30
0.0
 10
-126.3144748279339
 20
-286.8661701912044
 30
0.0
 10
-126.9933688926667
 20
-286.2915760590701
 30
0.0
 10
-127.7238138225039
 20
-285.7503425115798
 30
0.0
 10
-128.5159714627028
 20
-285.2538791037744
 30
0.0
 10
-129.0760861964587
 20
-284.9634572395962
 30
0.0
 10
-129.3595969802386
 20
-284.816455696202
 30
0.0
  0
SPLINE
  5
26D
330
1F
100
AcDbEntity
  8
0
  6
Continuous
 62
     7
370
    15
100
AcDbSpline
210
0.0
220
0.0
230
1.0
 70
     8
 71
     3
 72
    19
 73
    15
 74
     0
 42
0.000000001
 43
0.00000001
 40
0.0
 40
0.0
 40
0.0
 40
0.0
 40
0.0629364661573943
 40
0.1241189767907913
 40
0.1838235507761352
 40
0.2423471222194196
 40
0.3004555477482495
 40
0.3580579396163714
 40
0.4151530998649093
 40
0.4727554917330344
 40
0.5916574851906102
 40
0.7178252825095983
 40
0.8534209898741341
 40
0.9999999999999999
 40
0.9999999999999999
 40
0.9999999999999999
 40
0.9999999999999999
 10
-128.7591222966943
 20
-308.9485759493666
 30
0.0
 10
-128.5016723333502
 20
-308.7983081568943
 30
0.0
 10
-127.9939471943953
 20
-308.5019603352736
 30
0.0
 10
-127.279589753311
 20
-308.002978134945
 30
0.0
 10
-126.6162501806692
 20
-307.4715416898547
 30
0.0
 10
-126.0018000943003
 20
-306.9047598933215
 30
0.0
 10
-125.4467022291306
 20
-306.2934301590281
 30
0.0
 10
-124.9380237269544
 20
-305.6512651996154
 30
0.0
 10
-124.4956533892167
 20
-304.9647239527509
 30
0.0
 10
-123.9503817028873
 20
-304.0016403544406
 30
0.0
 10
-123.4016621334371
 20
-302.6707471965601
 30
0.0
 10
-122.9474063518292
 20
-300.9227355024285
 30
0.0
 10
-122.6661814538618
 20
-299.004814247415
 30
0.0
 10
-122.6325863373895
 20
-297.6682082654752
 30
0.0
 10
-122.6151349549222
 20
-296.9738924050627
 30
0.0
  0
SPLINE
  5
26E
330
1F
100
AcDbEntity
  8
0
  6
Continuous
 62
     7
370
    15
100
AcDbSpline
210
0.0
220
0.0
230
1.0
 70
     8
 71
     3
 72
    19
 73
    15
 74
     0
 42
0.000000001
 43
0.00000001
 40
0.0
 40
0.0
 40
0.0
 40
0.0
 40
0.0989004893836056
 40
0.1909335387206429
 40
0.276109821934169
 40
0.3553439801254273
 40
0.42685103132454
 40
0.4917147955360192
 40
0.5505961759333862
 40
0.6020581381875156
 40
0.6999061448542712
 40
0.7980974458230796
 40
0.8980652308929136
 40
1.0
 40
1.0
 40
1.0
 40
1.0
 10
-138.6190906511247
 20
-310.6455696202526
 30
0.0
 10
-138.2854794187811
 20
-310.6434814345707
 30
0.0
 10
-137.6414222099108
 20
-310.6394500623878
 30
0.0
 10
-136.71027765014
 20
-310.6204802470251
 30
0.0
 10
-135.8453185883152
 20
-310.5999260626395
 30
0.0
 10
-135.0512042606395
 20
-310.5484294907496
 30
0.0
 10
-134.324173122787
 20
-310.5174096962007
 30
0.0
 10
-133.6702683485751
 20
-310.4365944463281
 30
0.0
 10
-133.0820104488506
 20
-310.377425394428
 30
0.0
 10
-132.3901188537924
 20
-310.255227685154
 30
0.0
 10
-131.5738367527844
 20
-310.0765984973858
 30
0.0
 10
-130.6204494736216
 20
-309.7760090763464
 30
0.0
 10
-129.6785418597946
 20
-309.402196419308
 30
0.0
 10
-129.0675795325079
 20
-309.1007616563954
 30
0.0
 10
-128.7591222966943
 20
-308.9485759493666
 30
0.0
  0
SPLINE
  5
272
330
1F
100
AcDbEntity
  8
0
  6
Continuous
 62
     7
370
    15
100
AcDbSpline
210
0.0
220
0.0
230
1.0
 70
     8
 71
     3
 72
    15
 73
    11
 74
     0
 42
0.000000001
 43
0.00000001
 40
0.0
 40
0.0
 40
0.0
 40
0.0
 40
0.1120373721998483
 40
0.2246464159682855
 40
0.3381641462522936
 40
0.4542097876987737
 40
0.5758113906074027
 40
0.7069611151488517
 40
0.8484133046661627
 40
1.0
 40
1.0
 40
1.0
 40
1.0
 10
-120.8659260941627
 20
-315.5102848101261
 30
0.0
 10
-121.411183283376
 20
-315.8236394897742
 30
0.0
 10
-122.5044798408785
 20
-316.4519477437764
 30
0.0
 10
-124.2574162416327
 20
-317.1859254052532
 30
0.0
 10
-126.0751084462374
 20
-317.8054261995661
 30
0.0
 10
-127.9928722570306
 20
-318.2666297081905
 30
0.0
 10
-130.0372656394134
 20
-318.5872722694997
 30
0.0
 10
-132.2349147981551
 20
-318.8350144826136
 30
0.0
 10
-134.6114107828022
 20
-318.9671747930946
 30
0.0
 10
-136.2547590799885
 20
-318.9888088655705
 30
0.0
 10
-137.1048501447956
 20
-318.9999999999994
 30
0.0
  0
SPLINE
  5
273
330
1F
100
AcDbEntity
  8
0
  6
Continuous
 62
     7
370
    15
100
AcDbSpline
210
0.0
220
0.0
230
1.0
 70
     8
 71
     3
 72
    23
 73
    19
 74
     0
 42
0.000000001
 43
0.00000001
 40
0.0
 40
0.0
 40
0.0
 40
0.0
 40
0.0690981498669946
 40
0.1368421606418325
 40
0.2031473963016033
 40
0.2681615335463722
 40
0.3327220796621302
 40
0.3965141227622535
 40
0.4604776053987417
 40
0.5244102874928578
 40
0.5878630285690772
 40
0.6494225845609908
 40
0.7099313960045462
 40
0.7692368673785127
 40
0.8276225485099625
 40
0.8853172986932738
 40
0.9426380397628225
 40
1.0
 40
1.0
 40
1.0
 40
1.0
 10
-110.9189324232766
 20
-297.0435126582273
 30
0.0
 10
-110.92743116314
 20
-297.5484957625374
 30
0.0
 10
-110.9442620902759
 20
-298.5485656517372
 30
0.0
 10
-111.0741462625359
 20
-300.0290805489594
 30
0.0
 10
-111.3055974725803
 20
-301.4659777643943
 30
0.0
 10
-111.6044371971936
 20
-302.8670470966053
 30
0.0
 10
-112.0103398089069
 20
-304.2217752920618
 30
0.0
 10
-112.4862938374791
 20
-305.5451091971481
 30
0.0
 10
-113.0625380456193
 20
-306.823526438322
 30
0.0
 10
-113.7246731088817
 20
-308.0561575234359
 30
0.0
 10
-114.4504409017625
 20
-309.2318827541798
 30
0.0
 10
-115.2313305118267
 20
-310.3407746509686
 30
0.0
 10
-116.0434733638336
 20
-311.389390516298
 30
0.0
 10
-116.9187709244489
 20
-312.3551438346784
 30
0.0
 10
-117.8336108818186
 20
-313.2536323628229
 30
0.0
 10
-118.7908433241558
 20
-314.0855906771964
 30
0.0
 10
-119.8050717477642
 20
-314.8351001551009
 30
0.0
 10
-120.512223257414
 20
-315.2851693372788
 30
0.0
 10
-120.8659260941627
 20
-315.5102848101261
 30
0.0
  0
SPLINE
  5
274
330
1F
100
AcDbEntity
  8
0
  6
Continuous
 62
     7
370
    15
100
AcDbSpline
210
0.0
220
0.0
230
1.0
 70
     8
 71
     3
 72
    23
 73
    19
 74
     0
 42
0.000000001
 43
0.00000001
 40
0.0
 40
0.0
 40
0.0
 40
0.0
 40
0.0602527173798484
 40
0.1198127919169413
 40
0.1788889936437527
 40
0.2378224351648791
 40
0.2968299436106362
 40
0.3561696091684114
 40
0.416095230534593
 40
0.476853263878489
 40
0.538148084554517
 40
0.6002783140465688
 40
0.6629808619952053
 40
0.7272728716665696
 40
0.7925700033180312
 40
0.8595418131935757
 40
0.9288802132310753
 40
0.9999999999999999
 40
0.9999999999999999
 40
0.9999999999999999
 40
0.9999999999999999
 10
-120.7440906511247
 20
-278.4549050632906
 30
0.0
 10
-120.3696711623131
 20
-278.6909829504435
 30
0.0
 10
-119.6251363719596
 20
-279.16042486111
 30
0.0
 10
-118.5686019034215
 20
-279.9444399170818
 30
0.0
 10
-117.5876539608141
 20
-280.8051138071588
 30
0.0
 10
-116.6511123788959
 20
-281.7079139145837
 30
0.0
 10
-115.7799941583775
 20
-282.6771845119599
 30
0.0
 10
-114.9689804312575
 20
-283.7062141522053
 30
0.0
 10
-114.2193231810602
 20
-284.7965812686698
 30
0.0
 10
-113.53373458761
 20
-285.9447258857175
 30
0.0
 10
-112.9088971778085
 20
-287.1460313987459
 30
0.0
 10
-112.3843822435292
 20
-288.409863319698
 30
0.0
 10
-111.9270628742552
 20
-289.7223275989668
 30
0.0
 10
-111.5547867416653
 20
-291.0858608921731
 30
0.0
 10
-111.2660016761861
 20
-292.5015123817706
 30
0.0
 10
-111.0697247069653
 20
-293.9700036187558
 30
0.0
 10
-110.9450143097871
 20
-295.4894066041473
 30
0.0
 10
-110.9276995845071
 20
-296.5211156935778
 30
0.0
 10
-110.9189324232766
 20
-297.0435126582273
 30
0.0
  0
SPLINE
  5
27F
330
1F
100
AcDbEntity
  8
0
  6
Continuous
 62
     7
370
    15
100
AcDbSpline
210
0.0
220
0.0
230
1.0
 70
     8
 71
     3
 72
    23
 73
    19
 74
     0
 42
0.000000001
 43
0.00000001
 40
0.0
 40
0.0
 40
0.0
 40
0.0
 40
0.0735612348692825
 40
0.1420032916408375
 40
0.2062408599699644
 40
0.2668347536998109
 40
0.3238143932808507
 40
0.3784657223426059
 40
0.4310899881659637
 40
0.482676226009938
 40
0.5349626570239959
 40
0.5897758763314402
 40
0.647406217496941
 40
0.7083161180307734
 40
0.7740422321981808
 40
0.844168153438086
 40
0.9191510409313733
 40
1.0
 40
1.0
 40
1.0
 40
1.0
 10
329.8035542374807
 20
-245.7594936708856
 30
0.0
 10
330.1548767278662
 20
-245.7535923014638
 30
0.0
 10
330.8330729293144
 20
-245.742200243071
 30
0.0
 10
331.8128606380037
 20
-245.6330733345629
 30
0.0
 10
332.7223360275554
 20
-245.4728046860971
 30
0.0
 10
333.5604138432939
 20
-245.2402104344119
 30
0.0
 10
334.3249425265507
 20
-244.933570156815
 30
0.0
 10
335.0179058972517
 20
-244.5616205136895
 30
0.0
 10
335.6305606219802
 20
-244.1112122507753
 30
0.0
 10
336.181000001236
 20
-243.6029703883085
 30
0.0
 10
336.6559382289299
 20
-243.0090730663198
 30
0.0
 10
337.0629169443469
 20
-242.3342420254727
 30
0.0
 10
337.4140190115587
 20
-241.5826669236984
 30
0.0
 10
337.6871593090701
 20
-240.744946882707
 30
0.0
 10
337.915842085634
 20
-239.8329429274328
 30
0.0
 10
338.0692514074486
 20
-238.8367363666935
 30
0.0
 10
338.1525668515118
 20
-237.7604076191029
 30
0.0
 10
338.1675935182431
 20
-237.016495696904
 30
0.0
 10
338.1753896805187
 20
-236.6305379746831
 30
0.0
  0
SPLINE
  5
280
330
1F
100
AcDbEntity
  8
0
  6
Continuous
 62
     7
370
    15
100
AcDbSpline
210
0.0
220
0.0
230
1.0
 70
     8
 71
     3
 72
    23
 73
    19
 74
     0
 42
0.000000001
 43
0.00000001
 40
0.0
 40
0.0
 40
0.0
 40
0.0
 40
0.0780882486071463
 40
0.1515138917953673
 40
0.2206841321067306
 40
0.2845788458010224
 40
0.3457047338235372
 40
0.4032849302018513
 40
0.4581944200256502
 40
0.5112476339342512
 40
0.5638504011536676
 40
0.6170226235428071
 40
0.6719321133666043
 40
0.7293441731431948
 40
0.7904943874577951
 40
0.8556710116848087
 40
0.9255684792131604
 40
0.9999999999999999
 40
0.9999999999999999
 40
0.9999999999999999
 40
0.9999999999999999
 10
321.466528921025
 20
-236.6305379746831
 30
0.0
 10
321.4745537443793
 20
-237.0019606109918
 30
0.0
 10
321.4901242333974
 20
-237.7226284468292
 30
0.0
 10
321.5716712834137
 20
-238.7704153604174
 30
0.0
 10
321.7305548170689
 20
-239.7406883340969
 30
0.0
 10
321.9361198618447
 20
-240.6422136463935
 30
0.0
 10
322.2122860566016
 20
-241.4677874859235
 30
0.0
 10
322.5559630106405
 20
-242.219807018799
 30
0.0
 10
322.9426385260048
 20
-242.9081618057365
 30
0.0
 10
323.411921954171
 20
-243.5136258826841
 30
0.0
 10
323.9438576119749
 20
-244.054191285698
 30
0.0
 10
324.5649484674649
 20
-244.5036509304568
 30
0.0
 10
325.2450976919081
 20
-244.9041362597629
 30
0.0
 10
326.0137094469417
 20
-245.2105622401721
 30
0.0
 10
326.8502920720982
 20
-245.4681748195528
 30
0.0
 10
327.7704474581602
 20
-245.6350596881112
 30
0.0
 10
328.7625209119597
 20
-245.7413502184818
 30
0.0
 10
329.4493509403391
 20
-245.7533205057185
 30
0.0
 10
329.8035542374807
 20
-245.7594936708856
 30
0.0
  0
SPLINE
  5
284
330
1F
100
AcDbEntity
  8
0
  6
Continuous
 62
     7
370
    15
100
AcDbSpline
210
0.0
220
0.0
230
1.0
 70
     8
 71
     3
 72
    23
 73
    19
 74
     0
 42
0.000000001
 43
0.00000001
 40
0.0
 40
0.0
 40
0.0
 40
0.0
 40
0.0793312065392715
 40
0.1539082713549668
 40
0.2240992548901066
 40
0.2903354525026899
 40
0.3534086107010366
 40
0.4135036140046847
 40
0.4714032128460348
 40
0.5276897006454452
 40
0.5831330970818266
 40
0.6381230454875653
 40
0.6934842730808146
 40
0.7497559831345667
 40
0.8080473803115105
 40
0.8687028150623951
 40
0.9324867841460763
 40
1.0
 40
1.0
 40
1.0
 40
1.0
 10
329.8035542374807
 20
-254.1139240506324
 30
0.0
 10
329.0256946339017
 20
-254.1005943383605
 30
0.0
 10
327.5165908125139
 20
-254.0747337336509
 30
0.0
 10
325.326375606779
 20
-253.8746880960882
 30
0.0
 10
323.2829912708423
 20
-253.5400875246858
 30
0.0
 10
321.3833577347509
 20
-253.0631396356349
 30
0.0
 10
319.6293138210087
 20
-252.4458112112721
 30
0.0
 10
318.0150144500681
 20
-251.6993790176668
 30
0.0
 10
316.553367773785
 20
-250.8071440839175
 30
0.0
 10
315.2374028442663
 20
-249.7842600436818
 30
0.0
 10
314.0737093685208
 20
-248.6306353699098
 30
0.0
 10
313.0650240310231
 20
-247.3507310849364
 30
0.0
 10
312.2179716443315
 20
-245.9492333826915
 30
0.0
 10
311.5271104856156
 20
-244.4293265777348
 30
0.0
 10
310.9904893430514
 20
-242.7943417121474
 30
0.0
 10
310.5956500587544
 20
-241.0440639697676
 30
0.0
 10
310.3721987676393
 20
-239.1716856044378
 30
0.0
 10
310.3425393388944
 20
-237.884290621027
 30
0.0
 10
310.3272884146959
 20
-237.2223101265818
 30
0.0
  0
SPLINE
  5
285
330
1F
100
AcDbEntity
  8
0
  6
Continuous
 62
     7
370
    15
100
AcDbSpline
210
0.0
220
0.0
230
1.0
 70
     8
 71
     3
 72
    23
 73
    19
 74
     0
 42
0.000000001
 43
0.00000001
 40
0.0
 40
0.0
 40
0.0
 40
0.0
 40
0.067397913959079
 40
0.1313661786951355
 40
0.1922062286947053
 40
0.25039807338459
 40
0.3069652497083634
 40
0.362231929080769
 40
0.4173112216947603
 40
0.4726599295789096
 40
0.528850288959381
 40
0.5869032839054938
 40
0.6468956544480748
 40
0.7095826608235689
 40
0.7759920984775095
 40
0.8463545796305039
 40
0.9208042786145402
 40
1.0
 40
1.0
 40
1.0
 40
1.0
 10
349.3146301868478
 20
-237.1962025316451
 30
0.0
 10
349.2992855015554
 20
-237.8581760865032
 30
0.0
 10
349.2693769694998
 20
-239.1484376271164
 30
0.0
 10
349.046139692375
 20
-241.0265712600807
 30
0.0
 10
348.6523859402559
 20
-242.782852198586
 30
0.0
 10
348.1149753216984
 20
-244.4249927088333
 30
0.0
 10
347.4152350209522
 20
-245.9448329359141
 30
0.0
 10
346.5695455918637
 20
-247.3539489258224
 30
0.0
 10
345.5500086093307
 20
-248.6277962817694
 30
0.0
 10
344.3874938407077
 20
-249.7843925275164
 30
0.0
 10
343.0697832461773
 20
-250.8097671611653
 30
0.0
 10
341.6022399125289
 20
-251.6970744214725
 30
0.0
 10
339.9888965602544
 20
-252.4440881928273
 30
0.0
 10
338.2363147163626
 20
-253.0662951748144
 30
0.0
 10
336.3325665124665
 20
-253.5395547287653
 30
0.0
 10
334.2835766107961
 20
-253.8741543443722
 30
0.0
 10
332.0905200916476
 20
-254.074808845526
 30
0.0
 10
330.581414667298
 20
-254.1006198859896
 30
0.0
 10
329.8035542374807
 20
-254.1139240506324
 30
0.0
  0
SPLINE
  5
293
330
1F
100
AcDbEntity
  8
0
  6
Continuous
 62
     7
370
    15
100
AcDbSpline
210
0.0
220
0.0
230
1.0
 70
     8
 71
     3
 72
    23
 73
    19
 74
     0
 42
0.000000001
 43
0.00000001
 40
0.0
 40
0.0
 40
0.0
 40
0.0
 40
0.0735612348692824
 40
0.1420032916408372
 40
0.2062408599699679
 40
0.2668347536998107
 40
0.3238143932808502
 40
0.3784657223426049
 40
0.4310899881659631
 40
0.4826762260099382
 40
0.5349626570239967
 40
0.5897758763314404
 40
0.6474062174969409
 40
0.7083161180307724
 40
0.7740422321981812
 40
0.8441681534380854
 40
0.9191510409313735
 40
1.0
 40
1.0
 40
1.0
 40
1.0
 10
131.8823145866903
 20
-47.75949367088585
 30
0.0
 10
132.2336370770758
 20
-47.75359230146411
 30
0.0
 10
132.9118332785241
 20
-47.74220024307131
 30
0.0
 10
133.8916209872132
 20
-47.63307333456317
 30
0.0
 10
134.8010963767651
 20
-47.47280468609742
 30
0.0
 10
135.6391741925036
 20
-47.24021043441218
 30
0.0
 10
136.4037028757602
 20
-46.93357015681527
 30
0.0
 10
137.0966662464613
 20
-46.56162051368983
 30
0.0
 10
137.7093209711897
 20
-46.11121225077552
 30
0.0
 10
138.2597603504457
 20
-45.60297038830887
 30
0.0
 10
138.7346985781395
 20
-45.00907306631996
 30
0.0
 10
139.1416772935564
 20
-44.33424202547291
 30
0.0
 10
139.4927793607684
 20
-43.58266692369872
 30
0.0
 10
139.7659196582795
 20
-42.7449468827071
 30
0.0
 10
139.9946024348438
 20
-41.83294292743314
 30
0.0
 10
140.1480117566583
 20
-40.83673636669377
 30
0.0
 10
140.2313272007214
 20
-39.76040761910309
 30
0.0
 10
140.2463538674527
 20
-39.01649569690425
 30
0.0
 10
140.2541500297283
 20
-38.63053797468333
 30
0.0
  0
SPLINE
  5
294
330
1F
100
AcDbEntity
  8
0
  6
Continuous
 62
     7
370
    15
100
AcDbSpline
210
0.0
220
0.0
230
1.0
 70
     8
 71
     3
 72
    23
 73
    19
 74
     0
 42
0.000000001
 43
0.00000001
 40
0.0
 40
0.0
 40
0.0
 40
0.0
 40
0.0780882486071469
 40
0.1515138917953691
 40
0.2206841321067325
 40
0.2845788458010237
 40
0.3457047338235377
 40
0.4032849302018527
 40
0.458194420025651
 40
0.5112476339342537
 40
0.5638504011536684
 40
0.6170226235428088
 40
0.6719321133666062
 40
0.7293441731431942
 40
0.790494387457795
 40
0.8556710116848106
 40
0.9255684792131624
 40
1.0
 40
1.0
 40
1.0
 40
1.0
 10
123.5452892702346
 20
-38.63053797468333
 30
0.0
 10
123.5533140935889
 20
-39.0019606109921
 30
0.0
 10
123.5688845826069
 20
-39.72262844682941
 30
0.0
 10
123.6504316326233
 20
-40.77041536041769
 30
0.0
 10
123.8093151662785
 20
-41.74068833409725
 30
0.0
 10
124.0148802110544
 20
-42.64221364639378
 30
0.0
 10
124.2910464058111
 20
-43.46778748592372
 30
0.0
 10
124.6347233598501
 20
-44.21980701879932
 30
0.0
 10
125.0213988752145
 20
-44.90816180573669
 30
0.0
 10
125.4906823033807
 20
-45.5136258826843
 30
0.0
 10
126.0226179611845
 20
-46.05419128569828
 30
0.0
 10
126.6437088166744
 20
-46.50365093045704
 30
0.0
 10
127.3238580411178
 20
-46.90413625976323
 30
0.0
 10
128.0924697961514
 20
-47.21056224017233
 30
0.0
 10
128.9290524213077
 20
-47.46817481955302
 30
0.0
 10
129.8492078073698
 20
-47.63505968811151
 30
0.0
 10
130.8412812611693
 20
-47.74135021848204
 30
0.0
 10
131.5281112895487
 20
-47.75332050571868
 30
0.0
 10
131.8823145866903
 20
-47.75949367088585
 30
0.0
  0
SPLINE
  5
298
330
1F
100
AcDbEntity
  8
0
  6
Continuous
 62
     7
370
    15
100
AcDbSpline
210
0.0
220
0.0
230
1.0
 70
     8
 71
     3
 72
    23
 73
    19
 74
     0
 42
0.000000001
 43
0.00000001
 40
0.0
 40
0.0
 40
0.0
 40
0.0
 40
0.0793312065392716
 40
0.1539082713549669
 40
0.2240992548901058
 40
0.2903354525026894
 40
0.353408610701035
 40
0.413503614004684
 40
0.4714032128460356
 40
0.5276897006454447
 40
0.5831330970818258
 40
0.6381230454875648
 40
0.6934842730808142
 40
0.7497559831345658
 40
0.8080473803115102
 40
0.8687028150623946
 40
0.9324867841460762
 40
1.0
 40
1.0
 40
1.0
 40
1.0
 10
131.8823145866903
 20
-56.11392405063269
 30
0.0
 10
131.1044549831113
 20
-56.1005943383607
 30
0.0
 10
129.5953511617236
 20
-56.07473373365121
 30
0.0
 10
127.4051359559886
 20
-55.87468809608848
 30
0.0
 10
125.3617516200519
 20
-55.54008752468611
 30
0.0
 10
123.4621180839605
 20
-55.06313963563522
 30
0.0
 10
121.7080741702182
 20
-54.44581121127244
 30
0.0
 10
120.0937747992778
 20
-53.69937901766706
 30
0.0
 10
118.6321281229946
 20
-52.80714408391783
 30
0.0
 10
117.316163193476
 20
-51.78426004368202
 30
0.0
 10
116.1524697177304
 20
-50.63063536991002
 30
0.0
 10
115.1437843802328
 20
-49.35073108493663
 30
0.0
 10
114.296731993541
 20
-47.94923338269182
 30
0.0
 10
113.6058708348252
 20
-46.429326577735
 30
0.0
 10
113.0692496922611
 20
-44.79434171214773
 30
0.0
 10
112.6744104079639
 20
-43.04406396976781
 30
0.0
 10
112.450959116849
 20
-41.1716856044381
 30
0.0
 10
112.421299688104
 20
-39.88429062102734
 30
0.0
 10
112.4060487639055
 20
-39.22231012658206
 30
0.0
  0
SPLINE
  5
299
330
1F
100
AcDbEntity
  8
0
  6
Continuous
 62
     7
370
    15
100
AcDbSpline
210
0.0
220
0.0
230
1.0
 70
     8
 71
     3
 72
    23
 73
    19
 74
     0
 42
0.000000001
 43
0.00000001
 40
0.0
 40
0.0
 40
0.0
 40
0.0
 40
0.0673979139590789
 40
0.1313661786951362
 40
0.1922062286947051
 40
0.2503980733845896
 40
0.3069652497083633
 40
0.3622319290807689
 40
0.4173112216947599
 40
0.4726599295789088
 40
0.5288502889593808
 40
0.586903283905493
 40
0.6468956544480744
 40
0.7095826608235682
 40
0.7759920984775095
 40
0.8463545796305031
 40
0.9208042786145394
 40
1.0
 40
1.0
 40
1.0
 40
1.0
 10
151.3933905360574
 20
-39.19620253164535
 30
0.0
 10
151.3780458507651
 20
-39.85817608650353
 30
0.0
 10
151.3481373187094
 20
-41.14843762711669
 30
0.0
 10
151.1249000415845
 20
-43.02657126008101
 30
0.0
 10
150.7311462894655
 20
-44.78285219858627
 30
0.0
 10
150.193735670908
 20
-46.42499270883354
 30
0.0
 10
149.4939953701618
 20
-47.94483293591437
 30
0.0
 10
148.6483059410734
 20
-49.35394892582269
 30
0.0
 10
147.6287689585403
 20
-50.62779628176958
 30
0.0
 10
146.4662541899173
 20
-51.7843925275166
 30
0.0
 10
145.1485435953869
 20
-52.8097671611656
 30
0.0
 10
143.6810002617386
 20
-53.69707442147278
 30
0.0
 10
142.0676569094641
 20
-54.44408819282759
 30
0.0
 10
140.3150750655723
 20
-55.06629517481468
 30
0.0
 10
138.411326861676
 20
-55.53955472876554
 30
0.0
 10
136.3623369600057
 20
-55.87415434437249
 30
0.0
 10
134.1692804408571
 20
-56.07480884552624
 30
0.0
 10
132.6601750165076
 20
-56.1006198859898
 30
0.0
 10
131.8823145866903
 20
-56.11392405063269
 30
0.0
  0
SPLINE
  5
2EE
330
1F
100
AcDbEntity
  8
0
  6
Continuous
 62
     7
370
    15
100
AcDbSpline
210
0.0
220
0.0
230
1.0
 70
     8
 71
     3
 72
    23
 73
    19
 74
     0
 42
0.000000001
 43
0.00000001
 40
0.0
 40
0.0
 40
0.0
 40
0.0
 40
0.0724200585506872
 40
0.1414025752368524
 40
0.207687420121555
 40
0.2711336444603593
 40
0.3326313351108156
 40
0.3925842115001086
 40
0.4509585757557716
 40
0.5079780250305137
 40
0.5652588366993295
 40
0.6233166764366919
 40
0.6823497453276874
 40
0.7422467128987358
 40
0.8039755049952528
 40
0.8674371291702858
 40
0.9328634768511667
 40
1.0
 40
1.0
 40
1.0
 40
1.0
 10
-183.2747774109913
 20
-155.0791139240502
 30
0.0
 10
-183.2808460560828
 20
-155.4768082632715
 30
0.0
 10
-183.2926952876535
 20
-156.253319700136
 30
0.0
 10
-183.4030743268082
 20
-157.3891517773709
 30
0.0
 10
-183.5624017092717
 20
-158.4690414340629
 30
0.0
 10
-183.7986633745456
 20
-159.493214504764
 30
0.0
 10
-184.1032211627518
 20
-160.4625258882235
 30
0.0
 10
-184.4754042043101
 20
-161.3784334658264
 30
0.0
 10
-184.9217921119685
 20
-162.2327032434578
 30
0.0
 10
-185.4299072899883
 20
-163.034722681031
 30
0.0
 10
-186.0132558036013
 20
-163.7808374278944
 30
0.0
 10
-186.636819291764
 20
-164.5078971990446
 30
0.0
 10
-187.3270719774891
 20
-165.1931281032706
 30
0.0
 10
-188.0714351288028
 20
-165.8492274083204
 30
0.0
 10
-188.8715981176537
 20
-166.476660493665
 30
0.0
 10
-189.7357366792693
 20
-167.0679709034761
 30
0.0
 10
-190.6571754830333
 20
-167.6253760627323
 30
0.0
 10
-191.3024222746306
 20
-167.9622841474715
 30
0.0
 10
-191.6292077907381
 20
-168.1329113924047
 30
0.0
  0
SPLINE
  5
2EF
330
1F
100
AcDbEntity
  8
0
  6
Continuous
 62
     7
370
    15
100
AcDbSpline
210
0.0
220
0.0
230
1.0
 70
     8
 71
     3
 72
    15
 73
    11
 74
     0
 42
0.000000001
 43
0.00000001
 40
0.0
 40
0.0
 40
0.0
 40
0.0
 40
0.1200682828620161
 40
0.2378612450300298
 40
0.3545347587765224
 40
0.4719032060436458
 40
0.5924725767492954
 40
0.7184647024745323
 40
0.8537740600362895
 40
1.0
 40
1.0
 40
1.0
 40
1.0
 10
-188.5659166514976
 20
-145.3583860759489
 30
0.0
 10
-188.1759275309523
 20
-145.6128411572948
 30
0.0
 10
-187.403339670529
 20
-146.1169293395395
 30
0.0
 10
-186.3759946679864
 20
-147.0353727454689
 30
0.0
 10
-185.4607133085119
 20
-148.0485300305317
 30
0.0
 10
-184.676602327078
 20
-149.181525342798
 30
0.0
 10
-184.0417039351453
 20
-150.4461389086538
 30
0.0
 10
-183.5889114966355
 20
-151.8596853397118
 30
0.0
 10
-183.3178275744223
 20
-153.4210192066644
 30
0.0
 10
-183.2894936827372
 20
-154.5123106764681
 30
0.0
 10
-183.2747774109913
 20
-155.0791139240502
 30
0.0
  0
SPLINE
  5
2F0
330
1F
100
AcDbEntity
  8
0
  6
Continuous
 62
     7
370
    15
100
AcDbSpline
210
0.0
220
0.0
230
1.0
 70
     8
 71
     3
 72
    15
 73
    11
 74
     0
 42
0.000000001
 43
0.00000001
 40
0.0
 40
0.0
 40
0.0
 40
0.0
 40
0.1522192726044545
 40
0.2931192395316654
 40
0.4235737522764724
 40
0.5437944673426519
 40
0.6582721377223338
 40
0.7711263793928469
 40
0.8852884352717322
 40
1.0
 40
1.0
 40
1.0
 40
1.0
 10
-200.2882267780799
 20
-142.9999999999996
 30
0.0
 10
-199.6731326078934
 20
-143.0038000677587
 30
0.0
 10
-198.4886838037401
 20
-143.0111176232342
 30
0.0
 10
-196.778941744558
 20
-143.100499798648
 30
0.0
 10
-195.2027221664829
 20
-143.2389470905214
 30
0.0
 10
-193.7377442294975
 20
-143.4208056114826
 30
0.0
 10
-192.3609414013493
 20
-143.7076961902221
 30
0.0
 10
-191.0419652948795
 20
-144.1197697980091
 30
0.0
 10
-189.7697440995923
 20
-144.6651568329929
 30
0.0
 10
-188.9678342431975
 20
-145.1269400923357
 30
0.0
 10
-188.5659166514976
 20
-145.358386075949
 30
0.0
  0
SPLINE
  5
2F6
330
1F
100
AcDbEntity
  8
0
  6
Continuous
 62
     7
370
    15
100
AcDbSpline
210
0.0
220
0.0
230
1.0
 70
     8
 71
     3
 72
    13
 73
     9
 74
     0
 42
0.000000001
 43
0.00000001
 40
0.0
 40
0.0
 40
0.0
 40
0.0
 40
0.1010557753023209
 40
0.2066748188712397
 40
0.3187361853578901
 40
0.4368544158466544
 40
0.6992771189489734
 40
1.0
 40
1.0
 40
1.0
 40
1.0
 10
-197.8515179173204
 20
-151.5023734177211
 30
0.0
 10
-198.0417691020533
 20
-151.4264617911854
 30
0.0
 10
-198.4308624421131
 20
-151.2712106774559
 30
0.0
 10
-199.0542357627409
 20
-151.0973930243535
 30
0.0
 10
-199.7249275423948
 20
-150.9788350795913
 30
0.0
 10
-200.7180998008073
 20
-150.8767028069516
 30
0.0
 10
-202.0974161971569
 20
-150.8094005352696
 30
0.0
 10
-203.2383155871861
 20
-150.8016220884113
 30
0.0
 10
-203.8475622211178
 20
-150.79746835443
 30
0.0
  0
SPLINE
  5
2F7
330
1F
100
AcDbEntity
  8
0
  6
Continuous
 62
     7
370
    15
100
AcDbSpline
210
0.0
220
0.0
230
1.0
 70
     8
 71
     3
 72
    15
 73
    11
 74
     0
 42
0.000000001
 43
0.00000001
 40
0.0
 40
0.0
 40
0.0
 40
0.0
 40
0.1373355136857373
 40
0.2659733770253458
 40
0.3861427644544853
 40
0.5031131528267249
 40
0.6176256600763524
 40
0.7360568516239702
 40
0.8631052743359824
 40
1.0
 40
1.0
 40
1.0
 40
1.0
 10
-194.9709799426368
 20
-156.358386075949
 30
0.0
 10
-194.9794485670634
 20
-156.0823393930311
 30
0.0
 10
-194.995849486076
 20
-155.5477284500791
 30
0.0
 10
-195.1182570473194
 20
-154.7791959283536
 30
0.0
 10
-195.3188305800334
 20
-154.070343093156
 30
0.0
 10
-195.6034851944749
 20
-153.4204900849444
 30
0.0
 10
-195.9944489865699
 20
-152.8311852818416
 30
0.0
 10
-196.5022579366885
 20
-152.3111176600011
 30
0.0
 10
-197.1254474394949
 20
-151.8540783920786
 30
0.0
 10
-197.6035492863303
 20
-151.6224882050142
 30
0.0
 10
-197.8515179173204
 20
-151.5023734177211
 30
0.0
  0
SPLINE
  5
2F8
330
1F
100
AcDbEntity
  8
0
  6
Continuous
 62
     7
370
    15
100
AcDbSpline
210
0.0
220
0.0
230
1.0
 70
     8
 71
     3
 72
    15
 73
    11
 74
     0
 42
0.000000001
 43
0.00000001
 40
0.0
 40
0.0
 40
0.0
 40
0.0
 40
0.123764762117404
 40
0.2401914982477865
 40
0.3529633024425114
 40
0.4612792230881654
 40
0.5756931112753932
 40
0.7014986795992152
 40
0.8429513738258246
 40
1.0
 40
1.0
 40
1.0
 40
1.0
 10
-197.1466128540292
 20
-161.5189873417717
 30
0.0
 10
-196.9664845814168
 20
-161.3599117024831
 30
0.0
 10
-196.6169078607463
 20
-161.0511920355783
 30
0.0
 10
-196.155949833951
 20
-160.5415434833934
 30
0.0
 10
-195.7839362941671
 20
-160.0007434177986
 30
0.0
 10
-195.4724257776106
 20
-159.4266452844088
 30
0.0
 10
-195.2483559591213
 20
-158.7859114014989
 30
0.0
 10
-195.0813319534193
 20
-158.0628564998487
 30
0.0
 10
-194.9912205901855
 20
-157.2424876736616
 30
0.0
 10
-194.9779578073349
 20
-156.6631757973902
 30
0.0
 10
-194.9709799426368
 20
-156.358386075949
 30
0.0
  0
SPLINE
  5
2F9
330
1F
100
AcDbEntity
  8
0
  6
Continuous
 62
     7
370
    15
100
AcDbSpline
210
0.0
220
0.0
230
1.0
 70
     8
 71
     3
 72
    15
 73
    11
 74
     0
 42
0.000000001
 43
0.00000001
 40
0.0
 40
0.0
 40
0.0
 40
0.0
 40
0.1635750529178671
 40
0.3147085320294123
 40
0.4500653439686315
 40
0.57349181351113
 40
0.6870077079650005
 40
0.7948015483116583
 40
0.8981466884037569
 40
1.0
 40
1.0
 40
1.0
 40
1.0
 10
-204.4480369046622
 20
-163.050632911392
 30
0.0
 10
-204.0331394790063
 20
-163.0478085104394
 30
0.0
 10
-203.2349018661075
 20
-163.0423745334251
 30
0.0
 10
-202.094559407477
 20
-162.9873218223638
 30
0.0
 10
-201.0572538153515
 20
-162.9146640798713
 30
0.0
 10
-200.1197586892324
 20
-162.796826855002
 30
0.0
 10
-199.2622249557721
 20
-162.6188913109691
 30
0.0
 10
-198.4804831917423
 20
-162.3518669482172
 30
0.0
 10
-197.7741949287563
 20
-161.9813399093676
 30
0.0
 10
-197.3547904978428
 20
-161.6723560755348
 30
0.0
 10
-197.1466128540292
 20
-161.5189873417717
 30
0.0
  0
SPLINE
  5
302
330
1F
100
AcDbEntity
  8
0
  6
Continuous
 62
     7
370
    15
100
AcDbSpline
210
0.0
220
0.0
230
1.0
 70
     8
 71
     3
 72
    15
 73
    11
 74
     0
 42
0.000000001
 43
0.00000001
 40
0.0
 40
0.0
 40
0.0
 40
0.0
 40
0.1583990342547755
 40
0.3055320792271576
 40
0.4422477504330671
 40
0.5691745794062223
 40
0.6876129465582211
 40
0.7981277001354328
 40
0.9021704916628677
 40
1.0
 40
1.0
 40
1.0
 40
1.0
 10
193.1658241109198
 20
-76.99999999999967
 30
0.0
 10
194.0364626231138
 20
-77.00734599580404
 30
0.0
 10
195.7158162639826
 20
-77.02151551004802
 30
0.0
 10
198.1404003104317
 20
-77.20454151149377
 30
0.0
 10
200.3836871701852
 20
-77.46833026468988
 30
0.0
 10
202.4449019817042
 20
-77.87607475188592
 30
0.0
 10
204.3406007574047
 20
-78.36388121663894
 30
0.0
 10
206.07025056718
 20
-78.96361694708963
 30
0.0
 10
207.6594817428744
 20
-79.6228565576335
 30
0.0
 10
208.6181657917141
 20
-80.18330544662676
 30
0.0
 10
209.0827544906666
 20
-80.45490506329081
 30
0.0
  0
SPLINE
  5
308
330
1F
100
AcDbEntity
  8
0
  6
Continuous
 62
     7
370
    15
100
AcDbSpline
210
0.0
220
0.0
230
1.0
 70
     8
 71
     3
 72
    15
 73
    11
 74
     0
 42
0.000000001
 43
0.00000001
 40
0.0
 40
0.0
 40
0.0
 40
0.0
 40
0.1033709503903152
 40
0.2048884329788772
 40
0.3059550214108356
 40
0.4053338133286329
 40
0.5175815213124872
 40
0.653149754495227
 40
0.8142192429980868
 40
1.0
 40
1.0
 40
1.0
 40
1.0
 10
200.4672481615527
 20
-86.81645569620221
 30
0.0
 10
200.1702931939752
 20
-86.68150240734951
 30
0.0
 10
199.5817077379791
 20
-86.41401557692012
 30
0.0
 10
198.6705457181422
 20
-86.09229098897794
 30
0.0
 10
197.7512169085032
 20
-85.84024327845358
 30
0.0
 10
196.7825131800644
 20
-85.65066563580743
 30
0.0
 10
195.6958189219903
 20
-85.50901606543454
 30
0.0
 10
194.4085628609603
 20
-85.42222238523196
 30
0.0
 10
192.8879627868428
 20
-85.35966782002704
 30
0.0
 10
191.7938081895979
 20
-85.35625718970593
 30
0.0
 10
191.2077544906666
 20
-85.35443037974652
 30
0.0
  0
SPLINE
  5
309
330
1F
100
AcDbEntity
  8
0
  6
Continuous
 62
     7
370
    15
100
AcDbSpline
210
0.0
220
0.0
230
1.0
 70
     8
 71
     3
 72
    23
 73
    19
 74
     0
 42
0.000000001
 43
0.00000001
 40
0.0
 40
0.0
 40
0.0
 40
0.0
 40
0.072003267173779
 40
0.1412386469088469
 40
0.2078342908101769
 40
0.2726390308263709
 40
0.3360344790858596
 40
0.3974212884206522
 40
0.4570242188761614
 40
0.5161315615195914
 40
0.5748251890506655
 40
0.6327817038766176
 40
0.6910258161175369
 40
0.7502743389206303
 40
0.8101104357645876
 40
0.8717095344108059
 40
0.9350637855805385
 40
1.0
 40
1.0
 40
1.0
 40
1.0
 10
207.2117101868691
 20
-98.97389240506297
 30
0.0
 10
207.2071030486649
 20
-98.6198186535485
 30
0.0
 10
207.198065875886
 20
-97.92528214801537
 30
0.0
 10
207.1152037830612
 20
-96.906164854658
 30
0.0
 10
206.9961451746661
 20
-95.92670310899688
 30
0.0
 10
206.8249263827605
 20
-94.98350465659935
 30
0.0
 10
206.5871360413546
 20
-94.08143972007075
 30
0.0
 10
206.3089761640458
 20
-93.21834906139011
 30
0.0
 10
205.9890564547767
 20
-92.39162286163608
 30
0.0
 10
205.6014472546467
 20
-91.60945270088905
 30
0.0
 10
205.1729645648409
 20
-90.85778425914849
 30
0.0
 10
204.6680893914215
 20
-90.16015229375142
 30
0.0
 10
204.1188149085121
 20
-89.49448381545902
 30
0.0
 10
203.5123703138574
 20
-88.86617019120466
 30
0.0
 10
202.8334762491247
 20
-88.29157605907035
 30
0.0
 10
202.1030313192874
 20
-87.75034251158006
 30
0.0
 10
201.3108736790886
 20
-87.25387910377458
 30
0.0
 10
200.7507589453326
 20
-86.96345723959641
 30
0.0
 10
200.4672481615527
 20
-86.81645569620221
 30
0.0
  0
SPLINE
  5
30A
330
1F
100
AcDbEntity
  8
0
  6
Continuous
 62
     7
370
    15
100
AcDbSpline
210
0.0
220
0.0
230
1.0
 70
     8
 71
     3
 72
    19
 73
    15
 74
     0
 42
0.000000001
 43
0.00000001
 40
0.0
 40
0.0
 40
0.0
 40
0.0
 40
0.0629364661573953
 40
0.124118976790793
 40
0.1838235507761363
 40
0.2423471222194194
 40
0.300455547748248
 40
0.3580579396163728
 40
0.4151530998649107
 40
0.4727554917330359
 40
0.5916574851906108
 40
0.7178252825096001
 40
0.8534209898741338
 40
1.0
 40
1.0
 40
1.0
 40
1.0
 10
201.067722845097
 20
-110.9485759493668
 30
0.0
 10
201.3251728084411
 20
-110.7983081568945
 30
0.0
 10
201.832897947396
 20
-110.5019603352736
 30
0.0
 10
202.5472553884803
 20
-110.0029781349453
 30
0.0
 10
203.2105949611222
 20
-109.4715416898548
 30
0.0
 10
203.825045047491
 20
-108.9047598933217
 30
0.0
 10
204.3801429126607
 20
-108.2934301590283
 30
0.0
 10
204.888821414837
 20
-107.6512651996156
 30
0.0
 10
205.3311917525747
 20
-106.9647239527511
 30
0.0
 10
205.876463438904
 20
-106.0016403544407
 30
0.0
 10
206.4251830083542
 20
-104.6707471965604
 30
0.0
 10
206.8794387899621
 20
-102.9227355024287
 30
0.0
 10
207.1606636879296
 20
-101.0048142474152
 30
0.0
 10
207.1942588044018
 20
-99.66820826547557
 30
0.0
 10
207.2117101868691
 20
-98.97389240506297
 30
0.0
  0
SPLINE
  5
30B
330
1F
100
AcDbEntity
  8
0
  6
Continuous
 62
     7
370
    15
100
AcDbSpline
210
0.0
220
0.0
230
1.0
 70
     8
 71
     3
 72
    19
 73
    15
 74
     0
 42
0.000000001
 43
0.00000001
 40
0.0
 40
0.0
 40
0.0
 40
0.0
 40
0.0989004893836084
 40
0.1909335387206431
 40
0.2761098219341692
 40
0.3553439801254274
 40
0.4268510313245402
 40
0.4917147955360198
 40
0.5505961759333863
 40
0.6020581381875165
 40
0.6999061448542718
 40
0.7980974458230801
 40
0.8980652308929135
 40
1.0
 40
1.0
 40
1.0
 40
1.0
 10
191.2077544906666
 20
-112.6455696202528
 30
0.0
 10
191.5413657230102
 20
-112.6434814345709
 30
0.0
 10
192.1854229318807
 20
-112.6394500623881
 30
0.0
 10
193.1165674916513
 20
-112.6204802470253
 30
0.0
 10
193.9815265534762
 20
-112.5999260626397
 30
0.0
 10
194.7756408811517
 20
-112.5484294907499
 30
0.0
 10
195.5026720190043
 20
-112.517409696201
 30
0.0
 10
196.1565767932162
 20
-112.4365944463283
 30
0.0
 10
196.7448346929408
 20
-112.3774253944284
 30
0.0
 10
197.4367262879989
 20
-112.2552276851542
 30
0.0
 10
198.2530083890069
 20
-112.0765984973859
 30
0.0
 10
199.2063956681696
 20
-111.7760090763467
 30
0.0
 10
200.1483032819967
 20
-111.4021964193084
 30
0.0
 10
200.7592656092834
 20
-111.1007616563956
 30
0.0
 10
201.067722845097
 20
-110.9485759493668
 30
0.0
  0
SPLINE
  5
30F
330
1F
100
AcDbEntity
  8
0
  6
Continuous
 62
     7
370
    15
100
AcDbSpline
210
0.0
220
0.0
230
1.0
 70
     8
 71
     3
 72
    15
 73
    11
 74
     0
 42
0.000000001
 43
0.00000001
 40
0.0
 40
0.0
 40
0.0
 40
0.0
 40
0.1120373721998481
 40
0.2246464159682852
 40
0.3381641462522915
 40
0.4542097876987731
 40
0.5758113906074017
 40
0.7069611151488507
 40
0.8484133046661613
 40
1.0
 40
1.0
 40
1.0
 40
1.0
 10
208.9609190476286
 20
-117.5102848101263
 30
0.0
 10
208.4156618584153
 20
-117.8236394897745
 30
0.0
 10
207.3223653009128
 20
-118.4519477437767
 30
0.0
 10
205.5694289001586
 20
-119.1859254052533
 30
0.0
 10
203.7517366955539
 20
-119.8054261995663
 30
0.0
 10
201.8339728847607
 20
-120.2666297081907
 30
0.0
 10
199.789579502378
 20
-120.5872722694999
 30
0.0
 10
197.5919303436362
 20
-120.8350144826139
 30
0.0
 10
195.2154343589891
 20
-120.9671747930948
 30
0.0
 10
193.5720860618027
 20
-120.9888088655708
 30
0.0
 10
192.7219949969957
 20
-120.9999999999997
 30
0.0
  0
SPLINE
  5
310
330
1F
100
AcDbEntity
  8
0
  6
Continuous
 62
     7
370
    15
100
AcDbSpline
210
0.0
220
0.0
230
1.0
 70
     8
 71
     3
 72
    23
 73
    19
 74
     0
 42
0.000000001
 43
0.00000001
 40
0.0
 40
0.0
 40
0.0
 40
0.0
 40
0.0690981498669959
 40
0.1368421606418325
 40
0.2031473963016044
 40
0.2681615335463733
 40
0.3327220796621299
 40
0.3965141227622533
 40
0.4604776053987424
 40
0.5244102874928589
 40
0.5878630285690779
 40
0.6494225845609918
 40
0.7099313960045481
 40
0.7692368673785127
 40
0.8276225485099624
 40
0.8853172986932745
 40
0.9426380397628226
 40
1.0
 40
1.0
 40
1.0
 40
1.0
 10
218.9079127185147
 20
-99.04351265822753
 30
0.0
 10
218.8994139786514
 20
-99.5484957625376
 30
0.0
 10
218.8825830515154
 20
-100.5485656517375
 30
0.0
 10
218.7526988792554
 20
-102.0290805489596
 30
0.0
 10
218.521247669211
 20
-103.4659777643947
 30
0.0
 10
218.2224079445976
 20
-104.8670470966055
 30
0.0
 10
217.8165053328844
 20
-106.221775292062
 30
0.0
 10
217.3405513043122
 20
-107.5451091971484
 30
0.0
 10
216.764307096172
 20
-108.8235264383223
 30
0.0
 10
216.1021720329096
 20
-110.0561575234361
 30
0.0
 10
215.3764042400288
 20
-111.23188275418
 30
0.0
 10
214.5955146299647
 20
-112.3407746509688
 30
0.0
 10
213.7833717779577
 20
-113.3893905162982
 30
0.0
 10
212.9080742173424
 20
-114.3551438346786
 30
0.0
 10
211.9932342599727
 20
-115.2536323628232
 30
0.0
 10
211.0360018176355
 20
-116.0855906771967
 30
0.0
 10
210.0217733940271
 20
-116.8351001551011
 30
0.0
 10
209.3146218843773
 20
-117.285169337279
 30
0.0
 10
208.9609190476286
 20
-117.5102848101263
 30
0.0
  0
SPLINE
  5
311
330
1F
100
AcDbEntity
  8
0
  6
Continuous
 62
     7
370
    15
100
AcDbSpline
210
0.0
220
0.0
230
1.0
 70
     8
 71
     3
 72
    23
 73
    19
 74
     0
 42
0.000000001
 43
0.00000001
 40
0.0
 40
0.0
 40
0.0
 40
0.0
 40
0.0602527173798483
 40
0.119812791916942
 40
0.1788889936437525
 40
0.2378224351648799
 40
0.2968299436106361
 40
0.3561696091684124
 40
0.4160952305345942
 40
0.4768532638784905
 40
0.5381480845545168
 40
0.6002783140465693
 40
0.6629808619952066
 40
0.7272728716665707
 40
0.7925700033180311
 40
0.8595418131935769
 40
0.9288802132310765
 40
0.9999999999999999
 40
0.9999999999999999
 40
0.9999999999999999
 40
0.9999999999999999
 10
209.0827544906666
 20
-80.45490506329081
 30
0.0
 10
209.4571739794782
 20
-80.69098295044374
 30
0.0
 10
210.2017087698316
 20
-81.16042486111023
 30
0.0
 10
211.2582432383699
 20
-81.94443991708198
 30
0.0
 10
212.2391911809772
 20
-82.80511380715886
 30
0.0
 10
213.1757327628954
 20
-83.70791391458387
 30
0.0
 10
214.0468509834139
 20
-84.67718451196016
 30
0.0
 10
214.8578647105337
 20
-85.7062141522057
 30
0.0
 10
215.6075219607312
 20
-86.79658126866988
 30
0.0
 10
216.2931105541812
 20
-87.94472588571784
 30
0.0
 10
216.9179479639829
 20
-89.14603139874603
 30
0.0
 10
217.4424628982619
 20
-90.40986331969832
 30
0.0
 10
217.8997822675362
 20
-91.72232759896707
 30
0.0
 10
218.2720584001259
 20
-93.08586089217336
 30
0.0
 10
218.5608434656053
 20
-94.50151238177072
 30
0.0
 10
218.757120434826
 20
-95.97000361875604
 30
0.0
 10
218.8818308320042
 20
-97.48940660414755
 30
0.0
 10
218.8991455572843
 20
-98.52111569357803
 30
0.0
 10
218.9079127185147
 20
-99.04351265822753
 30
0.0
  0
CIRCLE
  5
327
330
1F
100
AcDbEntity
  8
0
  6
Continuous
 62
     7
370
    15
100
AcDbCircle
 10
-417.1506475871
 20
-388.649671665
 30
0.0
 40
7.5
  0
CIRCLE
  5
328
330
1F
100
AcDbEntity
  8
0
  6
Continuous
 62
     7
370
    15
100
AcDbCircle
 10
417.1506475871
 20
-388.649671665
 30
0.0
 40
7.500000000000057
  0
CIRCLE
  5
329
330
1F
100
AcDbEntity
  8
0
  6
Continuous
 62
     7
370
    15
100
AcDbCircle
 10
417.1506475871
 20
388.649671665
 30
0.0
 40
7.500000000000057
  0
CIRCLE
  5
32A
330
1F
100
AcDbEntity
  8
0
  6
Continuous
 62
     7
370
    15
100
AcDbCircle
 10
-417.1506475871
 20
388.649671665
 30
0.0
 40
7.5
  0
SPLINE
  5
35B
330
1F
100
AcDbEntity
  8
0
  6
Continuous
 62
     7
370
    15
100
AcDbSpline
210
0.0
220
0.0
230
1.0
 70
     8
 71
     3
 72
    11
 73
     7
 74
     0
 42
0.000000001
 43
0.00000001
 40
0.0
 40
0.0
 40
0.0
 40
0.0
 40
0.2489374963953395
 40
0.4882485728538358
 40
0.7335678888461676
 40
1.0
 40
1.0
 40
1.0
 40
1.0
 10
-67.04430379746877
 20
-92.90822784810095
 30
0.0
 10
-66.2378178440409
 20
-93.07342352178675
 30
0.0
 10
-64.6560327715243
 20
-93.39742674784414
 30
0.0
 10
-62.28037403770838
 20
-93.88686754099055
 30
0.0
 10
-59.85817937427754
 20
-94.44362544233422
 30
0.0
 10
-58.24287262313673
 20
-94.95050372064928
 30
0.0
 10
-57.40189873417763
 20
-95.2143987341769
 30
0.0
  0
SPLINE
  5
35C
330
1F
100
AcDbEntity
  8
0
  6
Continuous
 62
     7
370
    15
100
AcDbSpline
210
0.0
220
0.0
230
1.0
 70
     8
 71
     3
 72
    19
 73
    15
 74
     0
 42
0.000000001
 43
0.00000001
 40
0.0
 40
0.0
 40
0.0
 40
0.0
 40
0.0978180702569198
 40
0.186921433688444
 40
0.2760247971199675
 40
0.36793122817708
 40
0.4193883874998641
 40
0.478308382466244
 40
0.5451195731910801
 40
0.6194963793908773
 40
0.7025069208867067
 40
0.7929942971878027
 40
0.8920539882933783
 40
1.0
 40
1.0
 40
1.0
 40
1.0
 10
-73.51898734177257
 20
-88.46993670886046
 30
0.0
 10
-73.50383453807564
 20
-88.75072942624925
 30
0.0
 10
-73.47487890867106
 20
-89.2872987652858
 30
0.0
 10
-73.20798182321803
 20
-90.04224894241251
 30
0.0
 10
-72.77465517251416
 20
-90.69275987749815
 30
0.0
 10
-72.26398907143007
 20
-91.13052469149382
 30
0.0
 10
-71.7724519835109
 20
-91.43739744706497
 30
0.0
 10
-71.31676182055935
 20
-91.66202209052886
 30
0.0
 10
-70.78470182696428
 20
-91.87469999397419
 30
0.0
 10
-70.1813529573726
 20
-92.09358609112893
 30
0.0
 10
-69.50536904339334
 20
-92.30970851727363
 30
0.0
 10
-68.75360392979843
 20
-92.51894911107627
 30
0.0
 10
-67.92520845422192
 20
-92.71663928811749
 30
0.0
 10
-67.34622355217014
 20
-92.84256311288773
 30
0.0
 10
-67.04430379746879
 20
-92.90822784810096
 30
0.0
  0
SPLINE
  5
35D
330
1F
100
AcDbEntity
  8
0
  6
Continuous
 62
     7
370
    15
100
AcDbSpline
210
0.0
220
0.0
230
1.0
 70
     8
 71
     3
 72
    15
 73
    11
 74
     0
 42
0.000000001
 43
0.00000001
 40
0.0
 40
0.0
 40
0.0
 40
0.0
 40
0.1256156627216462
 40
0.2511475377700467
 40
0.3767990923909133
 40
0.5055816362533705
 40
0.6311494271505965
 40
0.7544462780102569
 40
0.874731822488208
 40
1.0
 40
1.0
 40
1.0
 40
1.0
 10
-70.64715189873459
 20
-84.70174050632879
 30
0.0
 10
-70.83799290058838
 20
-84.79025926796852
 30
0.0
 10
-71.21954761026939
 20
-84.96723774780615
 30
0.0
 10
-71.75086611124131
 20
-85.3102729321855
 30
0.0
 10
-72.24409380310894
 20
-85.7134639436677
 30
0.0
 10
-72.68215012809709
 20
-86.17667710104958
 30
0.0
 10
-73.0537010579654
 20
-86.69075288160869
 30
0.0
 10
-73.32607268885185
 20
-87.24848915754211
 30
0.0
 10
-73.49084944816005
 20
-87.84859694663817
 30
0.0
 10
-73.50948201682657
 20
-88.2600405303073
 30
0.0
 10
-73.51898734177256
 20
-88.46993670886044
 30
0.0
  0
SPLINE
  5
35E
330
1F
100
AcDbEntity
  8
0
  6
Continuous
 62
     7
370
    15
100
AcDbSpline
210
0.0
220
0.0
230
1.0
 70
     8
 71
     3
 72
    11
 73
     7
 74
     0
 42
0.000000001
 43
0.00000001
 40
0.0
 40
0.0
 40
0.0
 40
0.0
 40
0.2497805743677767
 40
0.5010278970290163
 40
0.7502511118987032
 40
1.0
 40
1.0
 40
1.0
 40
1.0
 10
-64.99050632911434
 20
-83.68354430379715
 30
0.0
 10
-65.47257253196433
 20
-83.6931814430234
 30
0.0
 10
-66.43953570135422
 20
-83.71251231217572
 30
0.0
 10
-67.87797992890044
 20
-83.88186216364457
 30
0.0
 10
-69.30379023611829
 20
-84.16295729800781
 30
0.0
 10
-70.19905028871317
 20
-84.52202001123074
 30
0.0
 10
-70.64715189873459
 20
-84.70174050632879
 30
0.0
  0
SPLINE
  5
35F
330
1F
100
AcDbEntity
  8
0
  6
Continuous
 62
     7
370
    15
100
AcDbSpline
210
0.0
220
0.0
230
1.0
 70
     8
 71
     3
 72
    15
 73
    11
 74
     0
 42
0.000000001
 43
0.00000001
 40
0.0
 40
0.0
 40
0.0
 40
0.0
 40
0.111533222692239
 40
0.2276140623987034
 40
0.3505648525628148
 40
0.4796192535198859
 40
0.6112481314763801
 40
0.7414360014793484
 40
0.8706741565115048
 40
1.0
 40
1.0
 40
1.0
 40
1.0
 10
-50.25712025316497
 20
-88.69620253164526
 30
0.0
 10
-50.72946179609661
 20
-88.34451594004632
 30
0.0
 10
-51.6934039725278
 20
-87.62680320950076
 30
0.0
 10
-53.29922958969489
 20
-86.7020394039344
 30
0.0
 10
-55.0449824692106
 20
-85.84839929534509
 30
0.0
 10
-56.92889819327141
 20
-85.1040702193289
 30
0.0
 10
-58.89120161228071
 20
-84.46254713308822
 30
0.0
 10
-60.90761531163739
 20
-84.0139414737999
 30
0.0
 10
-62.94315021502357
 20
-83.73159019315518
 30
0.0
 10
-64.3079000123192
 20
-83.69956322075356
 30
0.0
 10
-64.99050632911434
 20
-83.68354430379715
 30
0.0
  0
SPLINE
  5
362
330
1F
100
AcDbEntity
  8
0
  6
Continuous
 62
     7
370
    15
100
AcDbSpline
210
0.0
220
0.0
230
1.0
 70
     8
 71
     3
 72
    15
 73
    11
 74
     0
 42
0.000000001
 43
0.00000001
 40
0.0
 40
0.0
 40
0.0
 40
0.0
 40
0.1331759454835408
 40
0.2661260833233347
 40
0.3985680531728525
 40
0.5309336818606056
 40
0.6599428009481297
 40
0.7809377642088429
 40
0.8942992585681705
 40
1.0
 40
1.0
 40
1.0
 40
1.0
 10
-65.20806962025358
 20
-75.88607594936677
 30
0.0
 10
-64.47384425692974
 20
-75.89582315344512
 30
0.0
 10
-63.00663845254388
 20
-75.9153010346444
 30
0.0
 10
-60.81484910686515
 20
-76.0818661516292
 30
0.0
 10
-58.6349005327832
 20
-76.32488337334397
 30
0.0
 10
-56.49543386979341
 20
-76.69854909763532
 30
0.0
 10
-54.43088221564639
 20
-77.124571162665
 30
0.0
 10
-52.48647182985869
 20
-77.60825134388024
 30
0.0
 10
-50.69146871452389
 20
-78.15275414241518
 30
0.0
 10
-49.55906137602287
 20
-78.57269084035028
 30
0.0
 10
-49.01265822784851
 20
-78.77531645569589
 30
0.0
  0
SPLINE
  5
363
330
1F
100
AcDbEntity
  8
0
  6
Continuous
 62
     7
370
    15
100
AcDbSpline
210
0.0
220
0.0
230
1.0
 70
     8
 71
     3
 72
    23
 73
    19
 74
     0
 42
0.000000001
 43
0.00000001
 40
0.0
 40
0.0
 40
0.0
 40
0.0
 40
0.0559369371291679
 40
0.1100828932057509
 40
0.1630653063905679
 40
0.2158889091327525
 40
0.2697103977911622
 40
0.3250350035445032
 40
0.3828175868436136
 40
0.4437768443314921
 40
0.5068987224101746
 40
0.5708404983751904
 40
0.636383543670707
 40
0.7036995128061201
 40
0.7731363286474253
 40
0.8455362773607127
 40
0.9211459463430388
 40
1.0
 40
1.0
 40
1.0
 40
1.0
 10
-85.21518987341813
 20
-89.99287974683511
 30
0.0
 10
-85.19877703931088
 20
-89.48417606970325
 30
0.0
 10
-85.16647687493007
 20
-88.48305631883517
 30
0.0
 10
-84.90184823436743
 20
-87.01827677165635
 30
0.0
 10
-84.45014873207433
 20
-85.63283266797549
 30
0.0
 10
-83.84028075058129
 20
-84.31130894792068
 30
0.0
 10
-83.03568443014923
 20
-83.07355108399686
 30
0.0
 10
-82.07437490458366
 20
-81.89499020390814
 30
0.0
 10
-80.91979386328556
 20
-80.80748993943693
 30
0.0
 10
-79.60986057320245
 20
-79.79534311044512
 30
0.0
 10
-78.16341140140902
 20
-78.8804077877447
 30
0.0
 10
-76.60625863621404
 20
-78.07496296520284
 30
0.0
 10
-74.94777148235012
 20
-77.3988363224154
 30
0.0
 10
-73.19413088510058
 20
-76.83832294260182
 30
0.0
 10
-71.33800458557222
 20
-76.41826775958542
 30
0.0
 10
-69.38562214436138
 20
-76.10193785060828
 30
0.0
 10
-67.32915510280105
 20
-75.92013789498318
 30
0.0
 10
-65.92492965169598
 20
-75.8975878132716
 30
0.0
 10
-65.20806962025358
 20
-75.88607594936677
 30
0.0
  0
SPLINE
  5
364
330
1F
100
AcDbEntity
  8
0
  6
Continuous
 62
     7
370
    15
100
AcDbSpline
210
0.0
220
0.0
230
1.0
 70
     8
 71
     3
 72
    23
 73
    19
 74
     0
 42
0.000000001
 43
0.00000001
 40
0.0
 40
0.0
 40
0.0
 40
0.0
 40
0.0804404900741065
 40
0.1565849499744037
 40
0.2283912801048023
 40
0.2965868449823145
 40
0.3610946314577035
 40
0.4224193793850768
 40
0.4812652874287226
 40
0.5374442158989722
 40
0.5928689180964305
 40
0.6479338669840258
 40
0.7030879143562617
 40
0.7596856456693042
 40
0.8168117723698849
 40
0.8758045126610512
 40
0.9366258135335421
 40
1.0
 40
1.0
 40
1.0
 40
1.0
 10
-74.58069620253207
 20
-102.7246835443035
 30
0.0
 10
-75.03764420588818
 20
-102.569367932996
 30
0.0
 10
-75.92713630346866
 20
-102.2670315448856
 30
0.0
 10
-77.19940124092543
 20
-101.7559010790194
 30
0.0
 10
-78.37034143592001
 20
-101.1971761544626
 30
0.0
 10
-79.44381531843517
 20
-100.6007320201298
 30
0.0
 10
-80.41211848481453
 20
-99.95281435883433
 30
0.0
 10
-81.2895962712832
 20
-99.27460822424696
 30
0.0
 10
-82.06536742652891
 20
-98.55299079639232
 30
0.0
 10
-82.74596164557384
 20
-97.78749355193287
 30
0.0
 10
-83.32891878382935
 20
-96.9731843882306
 30
0.0
 10
-83.83596810446292
 20
-96.11729747366213
 30
0.0
 10
-84.26832100828466
 20
-95.21291278199871
 30
0.0
 10
-84.61065773039219
 20
-94.25801471396234
 30
0.0
 10
-84.88549910864178
 20
-93.25760638247633
 30
0.0
 10
-85.0698511085933
 20
-92.21141297715033
 30
0.0
 10
-85.20141870635666
 20
-91.11883637016818
 30
0.0
 10
-85.21053700767756
 20
-90.37330683588726
 30
0.0
 10
-85.21518987341813
 20
-89.99287974683511
 30
0.0
  0
SPLINE
  5
365
330
1F
100
AcDbEntity
  8
0
  6
Continuous
 62
     7
370
    15
100
AcDbSpline
210
0.0
220
0.0
230
1.0
 70
     8
 71
     3
 72
    11
 73
     7
 74
     0
 42
0.000000001
 43
0.00000001
 40
0.0
 40
0.0
 40
0.0
 40
0.0
 40
0.2440252494738074
 40
0.5006640355602662
 40
0.7560997141221814
 40
1.0
 40
1.0
 40
1.0
 40
1.0
 10
-63.94620253164599
 20
-105.1787974683541
 30
0.0
 10
-64.81239812167144
 20
-104.981571692091
 30
0.0
 10
-66.58956249552936
 20
-104.5769256430721
 30
0.0
 10
-69.29548528472014
 20
-104.0758738365611
 30
0.0
 10
-71.99195962529994
 20
-103.5149354212507
 30
0.0
 10
-73.73117683237282
 20
-102.9840124704969
 30
0.0
 10
-74.58069620253207
 20
-102.7246835443035
 30
0.0
  0
SPLINE
  5
366
330
1F
100
AcDbEntity
  8
0
  6
Continuous
 62
     7
370
    15
100
AcDbSpline
210
0.0
220
0.0
230
1.0
 70
     8
 71
     3
 72
    15
 73
    11
 74
     0
 42
0.000000001
 43
0.00000001
 40
0.0
 40
0.0
 40
0.0
 40
0.0
 40
0.1031969424780763
 40
0.2029155879580821
 40
0.3070184463566187
 40
0.4193637574781954
 40
0.5429774702557386
 40
0.6783848851538129
 40
0.831251185885162
 40
0.9999999999999999
 40
0.9999999999999999
 40
0.9999999999999999
 40
0.9999999999999999
 10
-59.03797468354471
 20
-109.347310126582
 30
0.0
 10
-59.05198632070503
 20
-109.1072296873129
 30
0.0
 10
-59.07953732681401
 20
-108.6351608224638
 30
0.0
 10
-59.33350231547521
 20
-107.9597103854387
 30
0.0
 10
-59.73365508410087
 20
-107.3396764234243
 30
0.0
 10
-60.2975547407272
 20
-106.7814155735934
 30
0.0
 10
-60.99855199708396
 20
-106.275620737064
 30
0.0
 10
-61.85320079265495
 20
-105.8434063432487
 30
0.0
 10
-62.8432541182533
 20
-105.4592038649389
 30
0.0
 10
-63.56664517475759
 20
-105.2752936502698
 30
0.0
 10
-63.94620253164599
 20
-105.1787974683541
 30
0.0
  0
SPLINE
  5
367
330
1F
100
AcDbEntity
  8
0
  6
Continuous
 62
     7
370
    15
100
AcDbSpline
210
0.0
220
0.0
230
1.0
 70
     8
 71
     3
 72
    15
 73
    11
 74
     0
 42
0.000000001
 43
0.00000001
 40
0.0
 40
0.0
 40
0.0
 40
0.0
 40
0.1280933840398417
 40
0.2517307614395237
 40
0.367575718013518
 40
0.4812695932276
 40
0.5961598126188732
 40
0.7165283887067132
 40
0.8501178332222699
 40
1.0
 40
1.0
 40
1.0
 40
1.0
 10
-62.0490506329118
 20
-113.4636075949364
 30
0.0
 10
-61.83804292209672
 20
-113.3632251657691
 30
0.0
 10
-61.42336786209072
 20
-113.1659523283088
 30
0.0
 10
-60.85418416069684
 20
-112.8094122040498
 30
0.0
 10
-60.34040495321641
 20
-112.4206876168493
 30
0.0
 10
-59.87516147353825
 20
-111.996118101407
 30
0.0
 10
-59.49047793768798
 20
-111.4831880830908
 30
0.0
 10
-59.21597650002378
 20
-110.8633720733825
 30
0.0
 10
-59.06422370195551
 20
-110.1378042294337
 30
0.0
 10
-59.04705331618688
 20
-109.6207148479803
 30
0.0
 10
-59.03797468354471
 20
-109.347310126582
 30
0.0
  0
SPLINE
  5
368
330
1F
100
AcDbEntity
  8
0
  6
Continuous
 62
     7
370
    15
100
AcDbSpline
210
0.0
220
0.0
230
1.0
 70
     8
 71
     3
 72
    15
 73
    11
 74
     0
 42
0.000000001
 43
0.00000001
 40
0.0
 40
0.0
 40
0.0
 40
0.0
 40
0.1008003475984519
 40
0.2158057139703975
 40
0.3448406088168929
 40
0.4898768352221097
 40
0.63548386090276
 40
0.770206938753254
 40
0.8905651733688402
 40
0.9999999999999999
 40
0.9999999999999999
 40
0.9999999999999999
 40
0.9999999999999999
 10
-67.56645569620295
 20
-114.3164556962022
 30
0.0
 10
-67.37779415299731
 20
-114.3160493326314
 30
0.0
 10
-66.97388444434786
 20
-114.3151793397929
 30
0.0
 10
-66.33081266237141
 20
-114.2589793088518
 30
0.0
 10
-65.60401581396013
 20
-114.2169255312412
 30
0.0
 10
-64.82411202158549
 20
-114.1257645482836
 30
0.0
 10
-64.03355225797618
 20
-114.0281459003759
 30
0.0
 10
-63.30209594492356
 20
-113.8631788643058
 30
0.0
 10
-62.63787409867601
 20
-113.7026372061244
 30
0.0
 10
-62.23900492675058
 20
-113.5407184840903
 30
0.0
 10
-62.0490506329118
 20
-113.4636075949364
 30
0.0
  0
SPLINE
  5
369
330
1F
100
AcDbEntity
  8
0
  6
Continuous
 62
     7
370
    15
100
AcDbSpline
210
0.0
220
0.0
230
1.0
 70
     8
 71
     3
 72
    15
 73
    11
 74
     0
 42
0.000000001
 43
0.00000001
 40
0.0
 40
0.0
 40
0.0
 40
0.0
 40
0.1288278085587782
 40
0.25689928293801
 40
0.3858804107098009
 40
0.5156446856433318
 40
0.643731033030903
 40
0.7663669630340444
 40
0.8852014640197008
 40
1.0
 40
1.0
 40
1.0
 40
1.0
 10
-83.9620253164561
 20
-108.1898734177212
 30
0.0
 10
-83.36128710242316
 20
-108.6657136232256
 30
0.0
 10
-82.1633375436669
 20
-109.6146004276718
 30
0.0
 10
-80.2127150169866
 20
-110.8301466707303
 30
0.0
 10
-78.16775084679243
 20
-111.887098381364
 30
0.0
 10
-76.03574369114547
 20
-112.7556591614821
 30
0.0
 10
-73.8811321103594
 20
-113.453641796688
 30
0.0
 10
-71.7359659799849
 20
-113.9347939171018
 30
0.0
 10
-69.6391074498308
 20
-114.2636274131672
 30
0.0
 10
-68.24933694287509
 20
-114.2990502426737
 30
0.0
 10
-67.56645569620294
 20
-114.3164556962022
 30
0.0
  0
SPLINE
  5
36C
330
1F
100
AcDbEntity
  8
0
  6
Continuous
 62
     7
370
    15
100
AcDbSpline
210
0.0
220
0.0
230
1.0
 70
     8
 71
     3
 72
    15
 73
    11
 74
     0
 42
0.000000001
 43
0.00000001
 40
0.0
 40
0.0
 40
0.0
 40
0.0
 40
0.1504019785163204
 40
0.2913153312907989
 40
0.4230861373318154
 40
0.5457632648394167
 40
0.6629162054031794
 40
0.7776639694815087
 40
0.8898582485132768
 40
1.0
 40
1.0
 40
1.0
 40
1.0
 10
-67.95806962025358
 20
-122.1139240506326
 30
0.0
 10
-68.84610199653542
 20
-122.1033325181104
 30
0.0
 10
-70.56614217450043
 20
-122.082817656298
 30
0.0
 10
-73.05809320894885
 20
-121.8942340308929
 30
0.0
 10
-75.37602962936178
 20
-121.6099326579718
 30
0.0
 10
-77.53014411716642
 20
-121.1846542966273
 30
0.0
 10
-79.55616780152918
 20
-120.6563176308451
 30
0.0
 10
-81.50680553872077
 20
-120.0881493436985
 30
0.0
 10
-83.39058277375887
 20
-119.4438064750507
 30
0.0
 10
-84.61074220019457
 20
-118.9597370450382
 30
0.0
 10
-85.21518987341813
 20
-118.7199367088604
 30
0.0
  0
SPLINE
  5
36D
330
1F
100
AcDbEntity
  8
0
  6
Continuous
 62
     7
370
    15
100
AcDbSpline
210
0.0
220
0.0
230
1.0
 70
     8
 71
     3
 72
    23
 73
    19
 74
     0
 42
0.000000001
 43
0.00000001
 40
0.0
 40
0.0
 40
0.0
 40
0.0
 40
0.0567095152170413
 40
0.1113585594434201
 40
0.1647177049705318
 40
0.2174906818934104
 40
0.271034751307194
 40
0.3255327172132306
 40
0.3820270466869614
 40
0.4414031920540237
 40
0.5025272108958997
 40
0.565240035278055
 40
0.6298723809134861
 40
0.69705222397064
 40
0.7673712767105745
 40
0.8410960293404544
 40
0.9185515872417753
 40
1.0
 40
1.0
 40
1.0
 40
1.0
 10
-47.34177215189915
 20
-107.284810126582
 30
0.0
 10
-47.35782734480058
 20
-107.8225523573117
 30
0.0
 10
-47.38935438477345
 20
-108.8784986114238
 30
0.0
 10
-47.6576299942352
 20
-110.421833173454
 30
0.0
 10
-48.09476390856518
 20
-111.8847033840008
 30
0.0
 10
-48.69937571629975
 20
-113.2762740941408
 30
0.0
 10
-49.48644900143039
 20
-114.5868662155616
 30
0.0
 10
-50.45866849410856
 20
-115.8101881251595
 30
0.0
 10
-51.5870102367376
 20
-116.9695001347263
 30
0.0
 10
-52.8921425788922
 20
-118.0281974329533
 30
0.0
 10
-54.33539081446806
 20
-118.9981230847547
 30
0.0
 10
-55.91832414626078
 20
-119.832802746922
 30
0.0
 10
-57.62495402185925
 20
-120.5352552299843
 30
0.0
 10
-59.45033195674856
 20
-121.1242179482091
 30
0.0
 10
-61.40676519371051
 20
-121.5591932836655
 30
0.0
 10
-63.48247814716926
 20
-121.8777292249617
 30
0.0
 10
-65.67958240168522
 20
-122.0859943304249
 30
0.0
 10
-67.18595675495392
 20
-122.1044594830367
 30
0.0
 10
-67.95806962025358
 20
-122.1139240506326
 30
0.0
  0
SPLINE
  5
36E
330
1F
100
AcDbEntity
  8
0
  6
Continuous
 62
     7
370
    15
100
AcDbSpline
210
0.0
220
0.0
230
1.0
 70
     8
 71
     3
 72
    23
 73
    19
 74
     0
 42
0.000000001
 43
0.00000001
 40
0.0
 40
0.0
 40
0.0
 40
0.0
 40
0.0773366854144165
 40
0.1512830390763386
 40
0.2209259408319452
 40
0.2878669311323316
 40
0.3513016938449209
 40
0.4121551752060501
 40
0.4707059424528816
 40
0.5270611766009397
 40
0.5824037771841394
 40
0.6376544719182857
 40
0.6940466906374442
 40
0.750931266412163
 40
0.8096309586534811
 40
0.8704073017677951
 40
0.9341126463547661
 40
1.0
 40
1.0
 40
1.0
 40
1.0
 10
-57.40189873417763
 20
-95.2143987341769
 30
0.0
 10
-56.98544385853177
 20
-95.35491664608608
 30
0.0
 10
-56.17079090452609
 20
-95.62979236185244
 30
0.0
 10
-55.00851011775999
 20
-96.10705338402481
 30
0.0
 10
-53.93092679405252
 20
-96.62717279547876
 30
0.0
 10
-52.92848749638235
 20
-97.16506660896178
 30
0.0
 10
-52.02117187499282
 20
-97.76488182512142
 30
0.0
 10
-51.18815350429784
 20
-98.38732680901175
 30
0.0
 10
-50.44762530779722
 20
-99.05969458611975
 30
0.0
 10
-49.78852748283064
 20
-99.76935218194293
 30
0.0
 10
-49.20843098373128
 20
-100.5219424031394
 30
0.0
 10
-48.70904692052139
 20
-101.3307074688646
 30
0.0
 10
-48.2852626953527
 20
-102.1907002382954
 30
0.0
 10
-47.92968490611543
 20
-103.1028517574178
 30
0.0
 10
-47.67535775293885
 20
-104.0739617430189
 30
0.0
 10
-47.48437220489527
 20
-105.0975339411746
 30
0.0
 10
-47.35641056534543
 20
-106.1734727268939
 30
0.0
 10
-47.3467060892205
 20
-106.9102292956011
 30
0.0
 10
-47.34177215189915
 20
-107.284810126582
 30
0.0
  0
SPLINE
  5
37B
330
1F
100
AcDbEntity
  8
0
  6
Continuous
 62
     7
370
    15
100
AcDbSpline
210
0.0
220
0.0
230
1.0
 70
     8
 71
     3
 72
    23
 73
    19
 74
     0
 42
0.000000001
 43
0.00000001
 40
0.0
 40
0.0
 40
0.0
 40
0.0
 40
0.0793312065392719
 40
0.1539082713549673
 40
0.2240992548901064
 40
0.2903354525026899
 40
0.3534086107010354
 40
0.4135036140046843
 40
0.4714032128460361
 40
0.5276897006454448
 40
0.5831330970818263
 40
0.6381230454875648
 40
0.6934842730808143
 40
0.7497559831345663
 40
0.8080473803115104
 40
0.8687028150623951
 40
0.9324867841460762
 40
0.9999999999999999
 40
0.9999999999999999
 40
0.9999999999999999
 40
0.9999999999999999
 10
-66.04550746222104
 20
-188.1139240506325
 30
0.0
 10
-65.26764785864198
 20
-188.1005943383605
 30
0.0
 10
-63.75854403725421
 20
-188.074733733651
 30
0.0
 10
-61.56832883151933
 20
-187.8746880960883
 30
0.0
 10
-59.52494449558262
 20
-187.5400875246859
 30
0.0
 10
-57.62531095949121
 20
-187.0631396356351
 30
0.0
 10
-55.87126704574889
 20
-186.4458112112722
 30
0.0
 10
-54.25696767480848
 20
-185.6993790176669
 30
0.0
 10
-52.79532099852533
 20
-184.8071440839176
 30
0.0
 10
-51.47935606900663
 20
-183.7842600436819
 30
0.0
 10
-50.31566259326109
 20
-182.6306353699098
 30
0.0
 10
-49.30697725576348
 20
-181.3507310849365
 30
0.0
 10
-48.45992486907179
 20
-179.9492333826917
 30
0.0
 10
-47.76906371035587
 20
-178.4293265777348
 30
0.0
 10
-47.23244256779183
 20
-176.7943417121476
 30
0.0
 10
-46.83760328349461
 20
-175.0440639697676
 30
0.0
 10
-46.61415199237976
 20
-173.171685604438
 30
0.0
 10
-46.58449256363476
 20
-171.8842906210271
 30
0.0
 10
-46.56924163943622
 20
-171.2223101265819
 30
0.0
  0
SPLINE
  5
37C
330
1F
100
AcDbEntity
  8
0
  6
Continuous
 62
     7
370
    15
100
AcDbSpline
210
0.0
220
0.0
230
1.0
 70
     8
 71
     3
 72
    23
 73
    19
 74
     0
 42
0.000000001
 43
0.00000001
 40
0.0
 40
0.0
 40
0.0
 40
0.0
 40
0.0780882486071463
 40
0.1515138917953695
 40
0.220684132106731
 40
0.2845788458010229
 40
0.345704733823537
 40
0.4032849302018514
 40
0.4581944200256503
 40
0.5112476339342525
 40
0.5638504011536682
 40
0.6170226235428078
 40
0.6719321133666055
 40
0.7293441731431928
 40
0.7904943874577941
 40
0.8556710116848089
 40
0.9255684792131614
 40
1.0
 40
1.0
 40
1.0
 40
1.0
 10
-57.70848214576534
 20
-170.6305379746831
 30
0.0
 10
-57.7165069691196
 20
-171.0019606109919
 30
0.0
 10
-57.73207745813762
 20
-171.7226284468292
 30
0.0
 10
-57.81362450815398
 20
-172.7704153604174
 30
0.0
 10
-57.97250804180926
 20
-173.7406883340971
 30
0.0
 10
-58.17807308658508
 20
-174.6422136463936
 30
0.0
 10
-58.45423928134184
 20
-175.4677874859235
 30
0.0
 10
-58.79791623538086
 20
-176.2198070187991
 30
0.0
 10
-59.18459175074515
 20
-176.9081618057365
 30
0.0
 10
-59.65387517891137
 20
-177.5136258826842
 30
0.0
 10
-60.18581083671521
 20
-178.0541912856981
 30
0.0
 10
-60.80690169220516
 20
-178.5036509304568
 30
0.0
 10
-61.48705091664848
 20
-178.9041362597631
 30
0.0
 10
-62.25566267168207
 20
-179.2105622401722
 30
0.0
 10
-63.09224529683843
 20
-179.4681748195527
 30
0.0
 10
-64.01240068290053
 20
-179.6350596881114
 30
0.0
 10
-65.00447413669995
 20
-179.7413502184819
 30
0.0
 10
-65.69130416507943
 20
-179.7533205057185
 30
0.0
 10
-66.04550746222102
 20
-179.7594936708857
 30
0.0
  0
SPLINE
  5
37D
330
1F
100
AcDbEntity
  8
0
  6
Continuous
 62
     7
370
    15
100
AcDbSpline
210
0.0
220
0.0
230
1.0
 70
     8
 71
     3
 72
    23
 73
    19
 74
     0
 42
0.000000001
 43
0.00000001
 40
0.0
 40
0.0
 40
0.0
 40
0.0
 40
0.0735612348692825
 40
0.1420032916408374
 40
0.2062408599699661
 40
0.2668347536998098
 40
0.3238143932808505
 40
0.3784657223426049
 40
0.4310899881659626
 40
0.4826762260099384
 40
0.5349626570239961
 40
0.5897758763314394
 40
0.6474062174969415
 40
0.708316118030773
 40
0.7740422321981808
 40
0.844168153438086
 40
0.9191510409313732
 40
1.0
 40
1.0
 40
1.0
 40
1.0
 10
-66.04550746222104
 20
-179.7594936708857
 30
0.0
 10
-66.39682995260648
 20
-179.7535923014639
 30
0.0
 10
-67.07502615405477
 20
-179.7422002430711
 30
0.0
 10
-68.05481386274398
 20
-179.633073334563
 30
0.0
 10
-68.96428925229576
 20
-179.4728046860972
 30
0.0
 10
-69.80236706803426
 20
-179.240210434412
 30
0.0
 10
-70.56689575129089
 20
-178.9335701568151
 30
0.0
 10
-71.25985912199202
 20
-178.5616205136896
 30
0.0
 10
-71.87251384672042
 20
-178.1112122507753
 30
0.0
 10
-72.42295322597639
 20
-177.6029703883087
 30
0.0
 10
-72.89789145367017
 20
-177.0090730663198
 30
0.0
 10
-73.30487016908722
 20
-176.3342420254727
 30
0.0
 10
-73.65597223629909
 20
-175.5826669236985
 30
0.0
 10
-73.9291125338103
 20
-174.7449468827069
 30
0.0
 10
-74.15779531037447
 20
-173.832942927433
 30
0.0
 10
-74.31120463218896
 20
-172.8367363666936
 30
0.0
 10
-74.39452007625208
 20
-171.7604076191029
 30
0.0
 10
-74.40954674298344
 20
-171.0164956969041
 30
0.0
 10
-74.41734290525902
 20
-170.6305379746832
 30
0.0
  0
SPLINE
  5
37E
330
1F
100
AcDbEntity
  8
0
  6
Continuous
 62
     7
370
    15
100
AcDbSpline
210
0.0
220
0.0
230
1.0
 70
     8
 71
     3
 72
    23
 73
    19
 74
     0
 42
0.000000001
 43
0.00000001
 40
0.0
 40
0.0
 40
0.0
 40
0.0
 40
0.0673979139590789
 40
0.1313661786951365
 40
0.1922062286947044
 40
0.2503980733845897
 40
0.3069652497083635
 40
0.362231929080769
 40
0.4173112216947597
 40
0.472659929578909
 40
0.5288502889593806
 40
0.5869032839054931
 40
0.6468956544480745
 40
0.7095826608235684
 40
0.7759920984775104
 40
0.8463545796305034
 40
0.9208042786145397
 40
1.0
 40
1.0
 40
1.0
 40
1.0
 10
-85.55658341158812
 20
-171.1962025316452
 30
0.0
 10
-85.54123872629579
 20
-171.8581760865033
 30
0.0
 10
-85.51133019424009
 20
-173.1484376271165
 30
0.0
 10
-85.28809291711529
 20
-175.0265712600808
 30
0.0
 10
-84.89433916499615
 20
-176.7828521985861
 30
0.0
 10
-84.35692854643874
 20
-178.4249927088333
 30
0.0
 10
-83.65718824569255
 20
-179.9448329359143
 30
0.0
 10
-82.81149881660403
 20
-181.3539489258224
 30
0.0
 10
-81.79196183407099
 20
-182.6277962817695
 30
0.0
 10
-80.62944706544809
 20
-183.7843925275164
 30
0.0
 10
-79.31173647091757
 20
-184.8097671611654
 30
0.0
 10
-77.8441931372693
 20
-185.6970744214725
 30
0.0
 10
-76.23084978499483
 20
-186.4440881928275
 30
0.0
 10
-74.47826794110298
 20
-187.0662951748145
 30
0.0
 10
-72.57451973720678
 20
-187.5395547287654
 30
0.0
 10
-70.5255298355364
 20
-187.8741543443722
 30
0.0
 10
-68.33247331638783
 20
-188.0748088455261
 30
0.0
 10
-66.82336789203832
 20
-188.1006198859896
 30
0.0
 10
-66.04550746222102
 20
-188.1139240506325
 30
0.0
  0
SPLINE
  5
3A9
330
1F
100
AcDbEntity
  8
0
  6
Continuous
 62
     7
370
    15
100
AcDbSpline
210
0.0
220
0.0
230
1.0
 70
     8
 71
     3
 72
    11
 73
     7
 74
     0
 42
0.000000001
 43
0.00000001
 40
0.0
 40
0.0
 40
0.0
 40
0.0
 40
0.2489374963953373
 40
0.4882485728538359
 40
0.733567888846167
 40
1.0
 40
1.0
 40
1.0
 40
1.0
 10
329.5126582278446
 20
-26.90822784810105
 30
0.0
 10
330.3191441812723
 20
-27.07342352178687
 30
0.0
 10
331.900929253789
 20
-27.39742674784423
 30
0.0
 10
334.276587987605
 20
-27.88686754099067
 30
0.0
 10
336.6987826510357
 20
-28.44362544233429
 30
0.0
 10
338.3140894021765
 20
-28.95050372064938
 30
0.0
 10
339.1550632911357
 20
-29.214398734177
 30
0.0
  0
SPLINE
  5
3AA
330
1F
100
AcDbEntity
  8
0
  6
Continuous
 62
     7
370
    15
100
AcDbSpline
210
0.0
220
0.0
230
1.0
 70
     8
 71
     3
 72
    19
 73
    15
 74
     0
 42
0.000000001
 43
0.00000001
 40
0.0
 40
0.0
 40
0.0
 40
0.0
 40
0.0978180702569216
 40
0.1869214336884463
 40
0.2760247971199669
 40
0.3679312281770813
 40
0.4193883874998684
 40
0.4783083824662424
 40
0.5451195731910798
 40
0.619496379390876
 40
0.7025069208867111
 40
0.7929942971878026
 40
0.8920539882933816
 40
1.0
 40
1.0
 40
1.0
 40
1.0
 10
323.0379746835407
 20
-22.46993670886054
 30
0.0
 10
323.0531274872377
 20
-22.75072942624934
 30
0.0
 10
323.0820831166422
 20
-23.2872987652859
 30
0.0
 10
323.3489802020953
 20
-24.04224894241257
 30
0.0
 10
323.7823068527991
 20
-24.69275987749828
 30
0.0
 10
324.2929729538833
 20
-25.13052469149396
 30
0.0
 10
324.7845100418024
 20
-25.43739744706505
 30
0.0
 10
325.240200204754
 20
-25.66202209052901
 30
0.0
 10
325.772260198349
 20
-25.87469999397422
 30
0.0
 10
326.3756090679407
 20
-26.09358609112908
 30
0.0
 10
327.0515929819201
 20
-26.3097085172737
 30
0.0
 10
327.8033580955148
 20
-26.51894911107634
 30
0.0
 10
328.6317535710914
 20
-26.71663928811761
 30
0.0
 10
329.2107384731431
 20
-26.84256311288783
 30
0.0
 10
329.5126582278446
 20
-26.90822784810105
 30
0.0
  0
SPLINE
  5
3AB
330
1F
100
AcDbEntity
  8
0
  6
Continuous
 62
     7
370
    15
100
AcDbSpline
210
0.0
220
0.0
230
1.0
 70
     8
 71
     3
 72
    15
 73
    11
 74
     0
 42
0.000000001
 43
0.00000001
 40
0.0
 40
0.0
 40
0.0
 40
0.0
 40
0.1256156627216424
 40
0.2511475377700451
 40
0.3767990923909164
 40
0.5055816362533752
 40
0.6311494271506001
 40
0.7544462780102548
 40
0.8747318224882078
 40
0.9999999999999999
 40
0.9999999999999999
 40
0.9999999999999999
 40
0.9999999999999999
 10
325.9098101265787
 20
-18.7017405063289
 30
0.0
 10
325.7189691247249
 20
-18.79025926796864
 30
0.0
 10
325.3374144150438
 20
-18.96723774780628
 30
0.0
 10
324.8060959140722
 20
-19.31027293218562
 30
0.0
 10
324.3128682222043
 20
-19.71346394366779
 30
0.0
 10
323.8748118972163
 20
-20.1766771010497
 30
0.0
 10
323.5032609673479
 20
-20.69075288160877
 30
0.0
 10
323.2308893364615
 20
-21.24848915754222
 30
0.0
 10
323.0661125771532
 20
-21.84859694663827
 30
0.0
 10
323.0474800084868
 20
-22.26004053030738
 30
0.0
 10
323.0379746835407
 20
-22.46993670886054
 30
0.0
  0
SPLINE
  5
3AC
330
1F
100
AcDbEntity
  8
0
  6
Continuous
 62
     7
370
    15
100
AcDbSpline
210
0.0
220
0.0
230
1.0
 70
     8
 71
     3
 72
    11
 73
     7
 74
     0
 42
0.000000001
 43
0.00000001
 40
0.0
 40
0.0
 40
0.0
 40
0.0
 40
0.2497805743677768
 40
0.5010278970290143
 40
0.7502511118986988
 40
1.0
 40
1.0
 40
1.0
 40
1.0
 10
331.5664556961989
 20
-17.68354430379725
 30
0.0
 10
331.0843894933491
 20
-17.69318144302348
 30
0.0
 10
330.1174263239593
 20
-17.7125123121758
 30
0.0
 10
328.6789820964128
 20
-17.88186216364471
 30
0.0
 10
327.253171789195
 20
-18.1629572980079
 30
0.0
 10
326.3579117366001
 20
-18.52202001123084
 30
0.0
 10
325.9098101265787
 20
-18.7017405063289
 30
0.0
  0
SPLINE
  5
3AD
330
1F
100
AcDbEntity
  8
0
  6
Continuous
 62
     7
370
    15
100
AcDbSpline
210
0.0
220
0.0
230
1.0
 70
     8
 71
     3
 72
    15
 73
    11
 74
     0
 42
0.000000001
 43
0.00000001
 40
0.0
 40
0.0
 40
0.0
 40
0.0
 40
0.1115332226922379
 40
0.2276140623987027
 40
0.3505648525628125
 40
0.4796192535198835
 40
0.6112481314763792
 40
0.7414360014793494
 40
0.8706741565115057
 40
1.0
 40
1.0
 40
1.0
 40
1.0
 10
346.2998417721484
 20
-22.69620253164535
 30
0.0
 10
345.8275002292168
 20
-22.3445159400464
 30
0.0
 10
344.8635580527856
 20
-21.62680320950086
 30
0.0
 10
343.2577324356184
 20
-20.70203940393445
 30
0.0
 10
341.5119795561027
 20
-19.84839929534522
 30
0.0
 10
339.6280638320421
 20
-19.10407021932897
 30
0.0
 10
337.6657604130326
 20
-18.46254713308834
 30
0.0
 10
335.649346713676
 20
-18.01394147379997
 30
0.0
 10
333.6138118102898
 20
-17.73159019315531
 30
0.0
 10
332.2490620129941
 20
-17.69956322075367
 30
0.0
 10
331.5664556961989
 20
-17.68354430379725
 30
0.0
  0
SPLINE
  5
3B0
330
1F
100
AcDbEntity
  8
0
  6
Continuous
 62
     7
370
    15
100
AcDbSpline
210
0.0
220
0.0
230
1.0
 70
     8
 71
     3
 72
    15
 73
    11
 74
     0
 42
0.000000001
 43
0.00000001
 40
0.0
 40
0.0
 40
0.0
 40
0.0
 40
0.133175945483543
 40
0.2661260833233342
 40
0.3985680531728543
 40
0.530933681860607
 40
0.6599428009481292
 40
0.7809377642088445
 40
0.8942992585681692
 40
1.0
 40
1.0
 40
1.0
 40
1.0
 10
331.3488924050597
 20
-9.886075949366871
 30
0.0
 10
332.0831177683835
 20
-9.895823153445232
 30
0.0
 10
333.5503235727695
 20
-9.915301034644491
 30
0.0
 10
335.7421129184481
 20
-10.08186615162926
 30
0.0
 10
337.9220614925301
 20
-10.32488337334407
 30
0.0
 10
340.0615281555199
 20
-10.6985490976354
 30
0.0
 10
342.126079809667
 20
-11.12457116266514
 30
0.0
 10
344.0704901954547
 20
-11.6082513438803
 30
0.0
 10
345.8654933107895
 20
-12.15275414241533
 30
0.0
 10
346.9979006492904
 20
-12.57269084035037
 30
0.0
 10
347.5443037974648
 20
-12.77531645569598
 30
0.0
  0
SPLINE
  5
3B1
330
1F
100
AcDbEntity
  8
0
  6
Continuous
 62
     7
370
    15
100
AcDbSpline
210
0.0
220
0.0
230
1.0
 70
     8
 71
     3
 72
    23
 73
    19
 74
     0
 42
0.000000001
 43
0.00000001
 40
0.0
 40
0.0
 40
0.0
 40
0.0
 40
0.0559369371291684
 40
0.1100828932057509
 40
0.1630653063905682
 40
0.2158889091327528
 40
0.2697103977911626
 40
0.3250350035445033
 40
0.3828175868436139
 40
0.4437768443314925
 40
0.5068987224101755
 40
0.5708404983751909
 40
0.6363835436707076
 40
0.7036995128061216
 40
0.773136328647425
 40
0.8455362773607128
 40
0.921145946343039
 40
0.9999999999999999
 40
0.9999999999999999
 40
0.9999999999999999
 40
0.9999999999999999
 10
311.3417721518952
 20
-23.99287974683523
 30
0.0
 10
311.3581849860025
 20
-23.48417606970339
 30
0.0
 10
311.3904851503834
 20
-22.48305631883529
 30
0.0
 10
311.655113790946
 20
-21.01827677165643
 30
0.0
 10
312.106813293239
 20
-19.6328326679756
 30
0.0
 10
312.7166812747321
 20
-18.31130894792076
 30
0.0
 10
313.5212775951641
 20
-17.07355108399694
 30
0.0
 10
314.4825871207296
 20
-15.89499020390822
 30
0.0
 10
315.6371681620278
 20
-14.80748993943707
 30
0.0
 10
316.9471014521109
 20
-13.79534311044517
 30
0.0
 10
318.3935506239043
 20
-12.88040778774482
 30
0.0
 10
319.9507033890993
 20
-12.07496296520292
 30
0.0
 10
321.6091905429631
 20
-11.3988363224155
 30
0.0
 10
323.3628311402127
 20
-10.83832294260192
 30
0.0
 10
325.2189574397411
 20
-10.41826775958551
 30
0.0
 10
327.1713398809518
 20
-10.10193785060839
 30
0.0
 10
329.2278069225122
 20
-9.920137894983275
 30
0.0
 10
330.6320323736174
 20
-9.897587813271688
 30
0.0
 10
331.3488924050597
 20
-9.886075949366871
 30
0.0
  0
SPLINE
  5
3B2
330
1F
100
AcDbEntity
  8
0
  6
Continuous
 62
     7
370
    15
100
AcDbSpline
210
0.0
220
0.0
230
1.0
 70
     8
 71
     3
 72
    23
 73
    19
 74
     0
 42
0.000000001
 43
0.00000001
 40
0.0
 40
0.0
 40
0.0
 40
0.0
 40
0.0804404900741065
 40
0.1565849499744042
 40
0.2283912801048043
 40
0.296586844982315
 40
0.3610946314577034
 40
0.4224193793850771
 40
0.4812652874287233
 40
0.5374442158989718
 40
0.5928689180964304
 40
0.6479338669840263
 40
0.7030879143562622
 40
0.7596856456693042
 40
0.8168117723698844
 40
0.8758045126610511
 40
0.9366258135335424
 40
1.0
 40
1.0
 40
1.0
 40
1.0
 10
321.9762658227813
 20
-36.72468354430358
 30
0.0
 10
321.5193178194253
 20
-36.56936793299607
 30
0.0
 10
320.6298257218447
 20
-36.26703154488571
 30
0.0
 10
319.3575607843878
 20
-35.75590107901953
 30
0.0
 10
318.1866205893933
 20
-35.1971761544627
 30
0.0
 10
317.1131467068782
 20
-34.6007320201299
 30
0.0
 10
316.1448435404987
 20
-33.95281435883443
 30
0.0
 10
315.2673657540303
 20
-33.27460822424702
 30
0.0
 10
314.4915945987843
 20
-32.55299079639242
 30
0.0
 10
313.8110003797395
 20
-31.78749355193293
 30
0.0
 10
313.2280432414839
 20
-30.97318438823073
 30
0.0
 10
312.7209939208505
 20
-30.11729747366223
 30
0.0
 10
312.2886410170286
 20
-29.21291278199881
 30
0.0
 10
311.9463042949212
 20
-28.25801471396245
 30
0.0
 10
311.6714629166717
 20
-27.25760638247642
 30
0.0
 10
311.48711091672
 20
-26.21141297715043
 30
0.0
 10
311.3555433189566
 20
-25.11883637016827
 30
0.0
 10
311.3464250176357
 20
-24.37330683588737
 30
0.0
 10
311.3417721518952
 20
-23.99287974683523
 30
0.0
  0
SPLINE
  5
3B3
330
1F
100
AcDbEntity
  8
0
  6
Continuous
 62
     7
370
    15
100
AcDbSpline
210
0.0
220
0.0
230
1.0
 70
     8
 71
     3
 72
    11
 73
     7
 74
     0
 42
0.000000001
 43
0.00000001
 40
0.0
 40
0.0
 40
0.0
 40
0.0
 40
0.2440252494738069
 40
0.5006640355602677
 40
0.7560997141221805
 40
1.0
 40
1.0
 40
1.0
 40
1.0
 10
332.6107594936674
 20
-39.17879746835422
 30
0.0
 10
331.744563903642
 20
-38.98157169209106
 30
0.0
 10
329.967399529784
 20
-38.57692564307219
 30
0.0
 10
327.2614767405932
 20
-38.07587383656124
 30
0.0
 10
324.5650024000133
 20
-37.51493542125078
 30
0.0
 10
322.8257851929405
 20
-36.98401247049704
 30
0.0
 10
321.9762658227813
 20
-36.72468354430357
 30
0.0
  0
SPLINE
  5
3B4
330
1F
100
AcDbEntity
  8
0
  6
Continuous
 62
     7
370
    15
100
AcDbSpline
210
0.0
220
0.0
230
1.0
 70
     8
 71
     3
 72
    15
 73
    11
 74
     0
 42
0.000000001
 43
0.00000001
 40
0.0
 40
0.0
 40
0.0
 40
0.0
 40
0.1031969424780776
 40
0.2029155879580833
 40
0.3070184463566181
 40
0.4193637574781952
 40
0.5429774702557411
 40
0.678384885153814
 40
0.8312511858851613
 40
1.0
 40
1.0
 40
1.0
 40
1.0
 10
337.5189873417686
 20
-43.34731012658206
 30
0.0
 10
337.5049757046082
 20
-43.10722968731295
 30
0.0
 10
337.4774246984993
 20
-42.63516082246385
 30
0.0
 10
337.2234597098382
 20
-41.95971038543885
 30
0.0
 10
336.8233069412124
 20
-41.33967642342442
 30
0.0
 10
336.2594072845861
 20
-40.78141557359352
 30
0.0
 10
335.5584100282294
 20
-40.2756207370641
 30
0.0
 10
334.7037612326585
 20
-39.84340634324882
 30
0.0
 10
333.71370790706
 20
-39.45920386493901
 30
0.0
 10
332.9903168505558
 20
-39.27529365026987
 30
0.0
 10
332.6107594936674
 20
-39.17879746835421
 30
0.0
  0
SPLINE
  5
3B5
330
1F
100
AcDbEntity
  8
0
  6
Continuous
 62
     7
370
    15
100
AcDbSpline
210
0.0
220
0.0
230
1.0
 70
     8
 71
     3
 72
    15
 73
    11
 74
     0
 42
0.000000001
 43
0.00000001
 40
0.0
 40
0.0
 40
0.0
 40
0.0
 40
0.1280933840398497
 40
0.2517307614395293
 40
0.3675757180135251
 40
0.4812695932276003
 40
0.5961598126188746
 40
0.7165283887067146
 40
0.8501178332222716
 40
1.0
 40
1.0
 40
1.0
 40
1.0
 10
334.5079113924015
 20
-47.46360759493648
 30
0.0
 10
334.7189191032166
 20
-47.3632251657692
 30
0.0
 10
335.1335941632227
 20
-47.16595232830892
 30
0.0
 10
335.7027778646163
 20
-46.80941220404993
 30
0.0
 10
336.2165570720971
 20
-46.42068761684942
 30
0.0
 10
336.6818005517749
 20
-45.99611810140711
 30
0.0
 10
337.0664840876254
 20
-45.48318808309087
 30
0.0
 10
337.3409855252895
 20
-44.86337207338259
 30
0.0
 10
337.4927383233578
 20
-44.13780422943382
 30
0.0
 10
337.5099087091264
 20
-43.62071484798043
 30
0.0
 10
337.5189873417686
 20
-43.34731012658206
 30
0.0
  0
SPLINE
  5
3B6
330
1F
100
AcDbEntity
  8
0
  6
Continuous
 62
     7
370
    15
100
AcDbSpline
210
0.0
220
0.0
230
1.0
 70
     8
 71
     3
 72
    15
 73
    11
 74
     0
 42
0.000000001
 43
0.00000001
 40
0.0
 40
0.0
 40
0.0
 40
0.0
 40
0.1008003475984571
 40
0.2158057139703979
 40
0.3448406088168986
 40
0.4898768352221132
 40
0.6354838609027617
 40
0.7702069387532584
 40
0.8905651733688423
 40
1.0
 40
1.0
 40
1.0
 40
1.0
 10
328.9905063291104
 20
-48.31645569620232
 30
0.0
 10
329.1791678723161
 20
-48.31604933263151
 30
0.0
 10
329.5830775809655
 20
-48.31517933979299
 30
0.0
 10
330.2261493629419
 20
-48.25897930885192
 30
0.0
 10
330.9529462113533
 20
-48.21692553124127
 30
0.0
 10
331.7328500037279
 20
-48.12576454828375
 30
0.0
 10
332.5234097673371
 20
-48.02814590037595
 30
0.0
 10
333.2548660803897
 20
-47.86317886430585
 30
0.0
 10
333.9190879266374
 20
-47.70263720612441
 30
0.0
 10
334.3179570985628
 20
-47.54071848409039
 30
0.0
 10
334.5079113924015
 20
-47.46360759493648
 30
0.0
  0
SPLINE
  5
3B7
330
1F
100
AcDbEntity
  8
0
  6
Continuous
 62
     7
370
    15
100
AcDbSpline
210
0.0
220
0.0
230
1.0
 70
     8
 71
     3
 72
    15
 73
    11
 74
     0
 42
0.000000001
 43
0.00000001
 40
0.0
 40
0.0
 40
0.0
 40
0.0
 40
0.1288278085587796
 40
0.2568992829380126
 40
0.3858804107098028
 40
0.5156446856433315
 40
0.6437310330309048
 40
0.7663669630340462
 40
0.8852014640197017
 40
1.0
 40
1.0
 40
1.0
 40
1.0
 10
312.5949367088572
 20
-42.18987341772129
 30
0.0
 10
313.1956749228901
 20
-42.66571362322571
 30
0.0
 10
314.3936244816465
 20
-43.61460042767199
 30
0.0
 10
316.3442470083268
 20
-44.83014667073036
 30
0.0
 10
318.3892111785209
 20
-45.8870983813641
 30
0.0
 10
320.5212183341679
 20
-46.75565916148226
 30
0.0
 10
322.6758299149539
 20
-47.45364179668812
 30
0.0
 10
324.8209960453285
 20
-47.93479391710189
 30
0.0
 10
326.9178545754825
 20
-48.26362741316735
 30
0.0
 10
328.3076250824382
 20
-48.29905024267384
 30
0.0
 10
328.9905063291104
 20
-48.31645569620231
 30
0.0
  0
SPLINE
  5
3BA
330
1F
100
AcDbEntity
  8
0
  6
Continuous
 62
     7
370
    15
100
AcDbSpline
210
0.0
220
0.0
230
1.0
 70
     8
 71
     3
 72
    15
 73
    11
 74
     0
 42
0.000000001
 43
0.00000001
 40
0.0
 40
0.0
 40
0.0
 40
0.0
 40
0.1504019785163211
 40
0.2913153312907987
 40
0.4230861373318152
 40
0.5457632648394163
 40
0.6629162054031803
 40
0.7776639694815066
 40
0.889858248513276
 40
1.0
 40
1.0
 40
1.0
 40
1.0
 10
328.5988924050598
 20
-56.1139240506327
 30
0.0
 10
327.710860028778
 20
-56.10333251811055
 30
0.0
 10
325.9908198508128
 20
-56.08281765629817
 30
0.0
 10
323.4988688163645
 20
-55.89423403089305
 30
0.0
 10
321.1809323959516
 20
-55.60993265797183
 30
0.0
 10
319.0268179081469
 20
-55.18465429662744
 30
0.0
 10
317.0007942237842
 20
-54.65631763084522
 30
0.0
 10
315.0501564865925
 20
-54.08814934369859
 30
0.0
 10
313.1663792515545
 20
-53.44380647505077
 30
0.0
 10
311.9462198251188
 20
-52.95973704503826
 30
0.0
 10
311.3417721518952
 20
-52.71993670886054
 30
0.0
  0
SPLINE
  5
3BB
330
1F
100
AcDbEntity
  8
0
  6
Continuous
 62
     7
370
    15
100
AcDbSpline
210
0.0
220
0.0
230
1.0
 70
     8
 71
     3
 72
    23
 73
    19
 74
     0
 42
0.000000001
 43
0.00000001
 40
0.0
 40
0.0
 40
0.0
 40
0.0
 40
0.0567095152170412
 40
0.1113585594434201
 40
0.1647177049705323
 40
0.2174906818934106
 40
0.2710347513071942
 40
0.3255327172132311
 40
0.3820270466869616
 40
0.4414031920540245
 40
0.5025272108959002
 40
0.5652400352780554
 40
0.6298723809134859
 40
0.6970522239706399
 40
0.7673712767105746
 40
0.841096029340454
 40
0.9185515872417754
 40
1.0
 40
1.0
 40
1.0
 40
1.0
 10
349.2151898734141
 20
-41.28481012658206
 30
0.0
 10
349.1991346805127
 20
-41.82255235731175
 30
0.0
 10
349.1676076405399
 20
-42.87849861142389
 30
0.0
 10
348.899332031078
 20
-44.42183317345413
 30
0.0
 10
348.4621981167481
 20
-45.88470338400091
 30
0.0
 10
347.8575863090135
 20
-47.27627409414087
 30
0.0
 10
347.070513023883
 20
-48.58686621556171
 30
0.0
 10
346.0982935312048
 20
-49.81018812515957
 30
0.0
 10
344.9699517885758
 20
-50.96950013472644
 30
0.0
 10
343.6648194464211
 20
-52.02819743295341
 30
0.0
 10
342.2215712108453
 20
-52.99812308475479
 30
0.0
 10
340.6386378790524
 20
-53.83280274692203
 30
0.0
 10
338.9320080034541
 20
-54.53525522998442
 30
0.0
 10
337.1066300685648
 20
-55.12421794820921
 30
0.0
 10
335.1501968316028
 20
-55.55919328366559
 30
0.0
 10
333.0744838781441
 20
-55.87772922496181
 30
0.0
 10
330.8773796236281
 20
-56.08599433042506
 30
0.0
 10
329.3710052703594
 20
-56.10445948303681
 30
0.0
 10
328.5988924050598
 20
-56.11392405063269
 30
0.0
  0
SPLINE
  5
3BC
330
1F
100
AcDbEntity
  8
0
  6
Continuous
 62
     7
370
    15
100
AcDbSpline
210
0.0
220
0.0
230
1.0
 70
     8
 71
     3
 72
    23
 73
    19
 74
     0
 42
0.000000001
 43
0.00000001
 40
0.0
 40
0.0
 40
0.0
 40
0.0
 40
0.0773366854144142
 40
0.1512830390763375
 40
0.2209259408319433
 40
0.2878669311323298
 40
0.3513016938449199
 40
0.4121551752060484
 40
0.4707059424528802
 40
0.5270611766009401
 40
0.582403777184139
 40
0.6376544719182853
 40
0.6940466906374438
 40
0.7509312664121639
 40
0.8096309586534821
 40
0.8704073017677949
 40
0.9341126463547669
 40
1.0
 40
1.0
 40
1.0
 40
1.0
 10
339.1550632911357
 20
-29.214398734177
 30
0.0
 10
339.5715181667815
 20
-29.3549166460862
 30
0.0
 10
340.3861711207872
 20
-29.62979236185255
 30
0.0
 10
341.5484519075534
 20
-30.1070533840249
 30
0.0
 10
342.6260352312607
 20
-30.62717279547885
 30
0.0
 10
343.6284745289309
 20
-31.1650666089619
 30
0.0
 10
344.5357901503205
 20
-31.76488182512148
 30
0.0
 10
345.3688085210154
 20
-32.38732680901185
 30
0.0
 10
346.1093367175162
 20
-33.05969458611986
 30
0.0
 10
346.7684345424826
 20
-33.76935218194302
 30
0.0
 10
347.3485310415821
 20
-34.52194240313951
 30
0.0
 10
347.8479151047919
 20
-35.33070746886473
 30
0.0
 10
348.2716993299607
 20
-36.19070023829551
 30
0.0
 10
348.627277119198
 20
-37.10285175741787
 30
0.0
 10
348.8816042723745
 20
-38.073961743019
 30
0.0
 10
349.072589820418
 20
-39.09753394117475
 30
0.0
 10
349.200551459968
 20
-40.173472726894
 30
0.0
 10
349.2102559360929
 20
-40.91022929560127
 30
0.0
 10
349.2151898734141
 20
-41.28481012658206
 30
0.0
  0
SPLINE
  5
3BD
330
1F
100
AcDbEntity
  8
0
  6
Continuous
 62
     7
370
    15
100
AcDbSpline
210
0.0
220
0.0
230
1.0
 70
     8
 71
     3
 72
    23
 73
    19
 74
     0
 42
0.000000001
 43
0.00000001
 40
0.0
 40
0.0
 40
0.0
 40
0.0
 40
0.0724200585506879
 40
0.1414025752368531
 40
0.2076874201215556
 40
0.2711336444603591
 40
0.3326313351108166
 40
0.3925842115001089
 40
0.4509585757557719
 40
0.5079780250305137
 40
0.5652588366993296
 40
0.6233166764366921
 40
0.6823497453276876
 40
0.7422467128987362
 40
0.8039755049952526
 40
0.8674371291702856
 40
0.9328634768511671
 40
1.0
 40
1.0
 40
1.0
 40
1.0
 10
212.7813304400337
 20
-23.0791139240504
 30
0.0
 10
212.7752617949422
 20
-23.4768082632717
 30
0.0
 10
212.7634125633715
 20
-24.25331970013624
 30
0.0
 10
212.6530335242168
 20
-25.38915177737105
 30
0.0
 10
212.4937061417532
 20
-26.46904143406314
 30
0.0
 10
212.2574444764795
 20
-27.4932145047642
 30
0.0
 10
211.9528866882732
 20
-28.46252588822372
 30
0.0
 10
211.5807036467149
 20
-29.37843346582649
 30
0.0
 10
211.1343157390565
 20
-30.232703243458
 30
0.0
 10
210.6262005610367
 20
-31.03472268103116
 30
0.0
 10
210.0428520474236
 20
-31.78083742789459
 30
0.0
 10
209.419288559261
 20
-32.50789719904468
 30
0.0
 10
208.7290358735358
 20
-33.19312810327082
 30
0.0
 10
207.9846727222221
 20
-33.84922740832068
 30
0.0
 10
207.1845097333713
 20
-34.47666049366506
 30
0.0
 10
206.3203711717556
 20
-35.06797090347632
 30
0.0
 10
205.3989323679916
 20
-35.62537606273251
 30
0.0
 10
204.7536855763944
 20
-35.96228414747159
 30
0.0
 10
204.4269000602868
 20
-36.13291139240484
 30
0.0
  0
SPLINE
  5
3BE
330
1F
100
AcDbEntity
  8
0
  6
Continuous
 62
     7
370
    15
100
AcDbSpline
210
0.0
220
0.0
230
1.0
 70
     8
 71
     3
 72
    15
 73
    11
 74
     0
 42
0.000000001
 43
0.00000001
 40
0.0
 40
0.0
 40
0.0
 40
0.0
 40
0.1200682828620157
 40
0.2378612450300295
 40
0.3545347587765225
 40
0.4719032060436456
 40
0.5924725767492947
 40
0.7184647024745316
 40
0.8537740600362895
 40
1.0
 40
1.0
 40
1.0
 40
1.0
 10
207.4901911995274
 20
-13.35838607594914
 30
0.0
 10
207.8801803200727
 20
-13.61284115729504
 30
0.0
 10
208.652768180496
 20
-14.11692933953971
 30
0.0
 10
209.6801131830387
 20
-15.03537274546894
 30
0.0
 10
210.595394542513
 20
-16.04853003053194
 30
0.0
 10
211.3795055239471
 20
-17.18152534279816
 30
0.0
 10
212.0144039158796
 20
-18.44613890865395
 30
0.0
 10
212.4671963543894
 20
-19.85968533971204
 30
0.0
 10
212.7382802766027
 20
-21.42101920666454
 30
0.0
 10
212.7666141682876
 20
-22.51231067646828
 30
0.0
 10
212.7813304400337
 20
-23.0791139240504
 30
0.0
  0
SPLINE
  5
3BF
330
1F
100
AcDbEntity
  8
0
  6
Continuous
 62
     7
370
    15
100
AcDbSpline
210
0.0
220
0.0
230
1.0
 70
     8
 71
     3
 72
    15
 73
    11
 74
     0
 42
0.000000001
 43
0.00000001
 40
0.0
 40
0.0
 40
0.0
 40
0.0
 40
0.1522192726044545
 40
0.2931192395316652
 40
0.4235737522764724
 40
0.5437944673426517
 40
0.6582721377223336
 40
0.7711263793928466
 40
0.885288435271732
 40
0.9999999999999999
 40
0.9999999999999999
 40
0.9999999999999999
 40
0.9999999999999999
 10
195.7678810729451
 20
-10.99999999999977
 30
0.0
 10
196.3829752431316
 20
-11.00380006775889
 30
0.0
 10
197.5674240472848
 20
-11.01111762323436
 30
0.0
 10
199.2771661064669
 20
-11.1004997986482
 30
0.0
 10
200.8533856845421
 20
-11.23894709052161
 30
0.0
 10
202.3183636215275
 20
-11.4208056114828
 30
0.0
 10
203.6951664496758
 20
-11.70769619022225
 30
0.0
 10
205.0141425561455
 20
-12.1197697980093
 30
0.0
 10
206.2863637514328
 20
-12.665156832993
 30
0.0
 10
207.0882736078275
 20
-13.12694009233591
 30
0.0
 10
207.4901911995274
 20
-13.35838607594914
 30
0.0
  0
SPLINE
  5
3C3
330
1F
100
AcDbEntity
  8
0
  6
Continuous
 62
     7
370
    15
100
AcDbSpline
210
0.0
220
0.0
230
1.0
 70
     8
 71
     3
 72
    13
 73
     9
 74
     0
 42
0.000000001
 43
0.00000001
 40
0.0
 40
0.0
 40
0.0
 40
0.0
 40
0.1010557753023201
 40
0.2066748188712398
 40
0.3187361853578899
 40
0.4368544158466543
 40
0.6992771189489734
 40
1.0
 40
1.0
 40
1.0
 40
1.0
 10
198.2045899337046
 20
-19.50237341772129
 30
0.0
 10
198.0143387489717
 20
-19.42646179118562
 30
0.0
 10
197.625245408912
 20
-19.27121067745612
 30
0.0
 10
197.001872088284
 20
-19.09739302435371
 30
0.0
 10
196.3311803086301
 20
-18.97883507959154
 30
0.0
 10
195.3380080502177
 20
-18.87670280695173
 30
0.0
 10
193.9586916538681
 20
-18.80940053526971
 30
0.0
 10
192.8177922638389
 20
-18.80162208841146
 30
0.0
 10
192.2085456299071
 20
-18.79746835443015
 30
0.0
  0
SPLINE
  5
3C4
330
1F
100
AcDbEntity
  8
0
  6
Continuous
 62
     7
370
    15
100
AcDbSpline
210
0.0
220
0.0
230
1.0
 70
     8
 71
     3
 72
    15
 73
    11
 74
     0
 42
0.000000001
 43
0.00000001
 40
0.0
 40
0.0
 40
0.0
 40
0.0
 40
0.1373355136857374
 40
0.2659733770253461
 40
0.3861427644544856
 40
0.5031131528267253
 40
0.617625660076354
 40
0.7360568516239685
 40
0.8631052743359823
 40
1.0
 40
1.0
 40
1.0
 40
1.0
 10
201.0851279083881
 20
-24.35838607594914
 30
0.0
 10
201.0766592839616
 20
-24.08233939303121
 30
0.0
 10
201.060258364949
 20
-23.54772845007923
 30
0.0
 10
200.9378508037055
 20
-22.77919592835376
 30
0.0
 10
200.7372772709916
 20
-22.07034309315624
 30
0.0
 10
200.4526226565501
 20
-21.42049008494444
 30
0.0
 10
200.061658864455
 20
-20.83118528184178
 30
0.0
 10
199.5538499143366
 20
-20.31111766000127
 30
0.0
 10
198.9306604115301
 20
-19.85407839207884
 30
0.0
 10
198.4525585646946
 20
-19.62248820501441
 30
0.0
 10
198.2045899337046
 20
-19.50237341772129
 30
0.0
  0
SPLINE
  5
3C5
330
1F
100
AcDbEntity
  8
0
  6
Continuous
 62
     7
370
    15
100
AcDbSpline
210
0.0
220
0.0
230
1.0
 70
     8
 71
     3
 72
    15
 73
    11
 74
     0
 42
0.000000001
 43
0.00000001
 40
0.0
 40
0.0
 40
0.0
 40
0.0
 40
0.1237647621174065
 40
0.2401914982477875
 40
0.3529633024425122
 40
0.4612792230881643
 40
0.5756931112753936
 40
0.701498679599214
 40
0.8429513738258225
 40
1.0
 40
1.0
 40
1.0
 40
1.0
 10
198.9094949969957
 20
-29.51898734177192
 30
0.0
 10
199.0896232696082
 20
-29.35991170248333
 30
0.0
 10
199.4391999902787
 20
-29.05119203557842
 30
0.0
 10
199.9001580170739
 20
-28.54154348339357
 30
0.0
 10
200.2721715568579
 20
-28.00074341779887
 30
0.0
 10
200.5836820734143
 20
-27.42664528440902
 30
0.0
 10
200.8077518919037
 20
-26.7859114014991
 30
0.0
 10
200.9747758976057
 20
-26.06285649984893
 30
0.0
 10
201.0648872608394
 20
-25.24248767366177
 30
0.0
 10
201.0781500436901
 20
-24.6631757973904
 30
0.0
 10
201.0851279083881
 20
-24.35838607594914
 30
0.0
  0
SPLINE
  5
3C6
330
1F
100
AcDbEntity
  8
0
  6
Continuous
 62
     7
370
    15
100
AcDbSpline
210
0.0
220
0.0
230
1.0
 70
     8
 71
     3
 72
    15
 73
    11
 74
     0
 42
0.000000001
 43
0.00000001
 40
0.0
 40
0.0
 40
0.0
 40
0.0
 40
0.1635750529178671
 40
0.3147085320294124
 40
0.4500653439686317
 40
0.5734918135111301
 40
0.6870077079650009
 40
0.7948015483116592
 40
0.8981466884037583
 40
0.9999999999999999
 40
0.9999999999999999
 40
0.9999999999999999
 40
0.9999999999999999
 10
191.6080709463628
 20
-31.05063291139218
 30
0.0
 10
192.0229683720187
 20
-31.04780851043958
 30
0.0
 10
192.8212059849174
 20
-31.04237453342537
 30
0.0
 10
193.9615484435481
 20
-30.98732182236391
 30
0.0
 10
194.9988540356734
 20
-30.91466407987148
 30
0.0
 10
195.9363491617926
 20
-30.7968268550022
 30
0.0
 10
196.7938828952529
 20
-30.61889131096924
 30
0.0
 10
197.5756246592827
 20
-30.35186694821738
 30
0.0
 10
198.2819129222686
 20
-29.98133990936778
 30
0.0
 10
198.7013173531822
 20
-29.67235607553496
 30
0.0
 10
198.9094949969958
 20
-29.51898734177193
 30
0.0
  0
SPLINE
  5
3E7
330
1F
100
AcDbEntity
  8
0
  6
Continuous
 62
     7
370
    15
100
AcDbSpline
210
0.0
220
0.0
230
1.0
 70
     8
 71
     3
 72
    11
 73
     7
 74
     0
 42
0.000000001
 43
0.00000001
 40
0.0
 40
0.0
 40
0.0
 40
0.0
 40
0.248937496395338
 40
0.4882485728538353
 40
0.7335678888461666
 40
1.0
 40
1.0
 40
1.0
 40
1.0
 10
-198.514116059346
 20
-290.9082278481008
 30
0.0
 10
-197.7076301059182
 20
-291.0734235217865
 30
0.0
 10
-196.1258450334015
 20
-291.3974267478438
 30
0.0
 10
-193.7501862995856
 20
-291.8868675409902
 30
0.0
 10
-191.3279916361548
 20
-292.4436254423341
 30
0.0
 10
-189.712684885014
 20
-292.9505037206491
 30
0.0
 10
-188.8717109960549
 20
-293.2143987341767
 30
0.0
  0
SPLINE
  5
3E8
330
1F
100
AcDbEntity
  8
0
  6
Continuous
 62
     7
370
    15
100
AcDbSpline
210
0.0
220
0.0
230
1.0
 70
     8
 71
     3
 72
    19
 73
    15
 74
     0
 42
0.000000001
 43
0.00000001
 40
0.0
 40
0.0
 40
0.0
 40
0.0
 40
0.0978180702569196
 40
0.1869214336884399
 40
0.2760247971199648
 40
0.3679312281770762
 40
0.4193883874998638
 40
0.4783083824662422
 40
0.5451195731910775
 40
0.6194963793908751
 40
0.7025069208867045
 40
0.7929942971877989
 40
0.8920539882933789
 40
1.0
 40
1.0
 40
1.0
 40
1.0
 10
-204.9887996036498
 20
-286.4699367088602
 30
0.0
 10
-204.9736467999529
 20
-286.750729426249
 30
0.0
 10
-204.9446911705484
 20
-287.2872987652855
 30
0.0
 10
-204.6777940850952
 20
-288.0422489424122
 30
0.0
 10
-204.2444674343915
 20
-288.6927598774979
 30
0.0
 10
-203.7338013333073
 20
-289.1305246914936
 30
0.0
 10
-203.2422642453882
 20
-289.4373974470647
 30
0.0
 10
-202.7865740824366
 20
-289.6620220905286
 30
0.0
 10
-202.2545140888416
 20
-289.874699993974
 30
0.0
 10
-201.6511652192498
 20
-290.0935860911287
 30
0.0
 10
-200.9751813052706
 20
-290.3097085172734
 30
0.0
 10
-200.2234161916756
 20
-290.518949111076
 30
0.0
 10
-199.3950207160993
 20
-290.7166392881173
 30
0.0
 10
-198.8160358140474
 20
-290.8425631128875
 30
0.0
 10
-198.514116059346
 20
-290.9082278481007
 30
0.0
  0
SPLINE
  5
3E9
330
1F
100
AcDbEntity
  8
0
  6
Continuous
 62
     7
370
    15
100
AcDbSpline
210
0.0
220
0.0
230
1.0
 70
     8
 71
     3
 72
    15
 73
    11
 74
     0
 42
0.000000001
 43
0.00000001
 40
0.0
 40
0.0
 40
0.0
 40
0.0
 40
0.1256156627216443
 40
0.2511475377700449
 40
0.3767990923909125
 40
0.5055816362533689
 40
0.6311494271505972
 40
0.754446278010258
 40
0.8747318224882005
 40
1.0
 40
1.0
 40
1.0
 40
1.0
 10
-202.1169641606118
 20
-282.7017405063286
 30
0.0
 10
-202.3078051624656
 20
-282.7902592679683
 30
0.0
 10
-202.6893598721466
 20
-282.9672377478059
 30
0.0
 10
-203.2206783731186
 20
-283.3102729321853
 30
0.0
 10
-203.7139060649862
 20
-283.7134639436674
 30
0.0
 10
-204.1519623899744
 20
-284.1766771010494
 30
0.0
 10
-204.5235133198426
 20
-284.6907528816084
 30
0.0
 10
-204.7958849507291
 20
-285.2484891575419
 30
0.0
 10
-204.9606617100373
 20
-285.8485969466379
 30
0.0
 10
-204.9792942787038
 20
-286.260040530307
 30
0.0
 10
-204.9887996036498
 20
-286.4699367088602
 30
0.0
  0
SPLINE
  5
3EA
330
1F
100
AcDbEntity
  8
0
  6
Continuous
 62
     7
370
    15
100
AcDbSpline
210
0.0
220
0.0
230
1.0
 70
     8
 71
     3
 72
    11
 73
     7
 74
     0
 42
0.000000001
 43
0.00000001
 40
0.0
 40
0.0
 40
0.0
 40
0.0
 40
0.2497805743677779
 40
0.5010278970290156
 40
0.7502511118987073
 40
1.0
 40
1.0
 40
1.0
 40
1.0
 10
-196.4603185909916
 20
-281.683544303797
 30
0.0
 10
-196.9423847938416
 20
-281.6931814430232
 30
0.0
 10
-197.9093479632315
 20
-281.7125123121755
 30
0.0
 10
-199.3477921907777
 20
-281.8818621636443
 30
0.0
 10
-200.7736024979956
 20
-282.1629572980077
 30
0.0
 10
-201.6688625505904
 20
-282.5220200112305
 30
0.0
 10
-202.1169641606118
 20
-282.7017405063286
 30
0.0
  0
SPLINE
  5
3EB
330
1F
100
AcDbEntity
  8
0
  6
Continuous
 62
     7
370
    15
100
AcDbSpline
210
0.0
220
0.0
230
1.0
 70
     8
 71
     3
 72
    15
 73
    11
 74
     0
 42
0.000000001
 43
0.00000001
 40
0.0
 40
0.0
 40
0.0
 40
0.0
 40
0.1115332226922379
 40
0.2276140623987017
 40
0.3505648525628138
 40
0.4796192535198846
 40
0.6112481314763788
 40
0.7414360014793475
 40
0.8706741565115039
 40
1.0
 40
1.0
 40
1.0
 40
1.0
 10
-181.7269325150423
 20
-286.696202531645
 30
0.0
 10
-182.1992740579738
 20
-286.3445159400459
 30
0.0
 10
-183.163216234405
 20
-285.6268032095005
 30
0.0
 10
-184.7690418515722
 20
-284.7020394039343
 30
0.0
 10
-186.5147947310878
 20
-283.8483992953448
 30
0.0
 10
-188.3987104551487
 20
-283.1040702193288
 30
0.0
 10
-190.361013874158
 20
-282.4625471330879
 30
0.0
 10
-192.3774275735146
 20
-282.0139414737996
 30
0.0
 10
-194.4129624769008
 20
-281.7315901931549
 30
0.0
 10
-195.7777122741965
 20
-281.6995632207534
 30
0.0
 10
-196.4603185909916
 20
-281.683544303797
 30
0.0
  0
SPLINE
  5
3EE
330
1F
100
AcDbEntity
  8
0
  6
Continuous
 62
     7
370
    15
100
AcDbSpline
210
0.0
220
0.0
230
1.0
 70
     8
 71
     3
 72
    15
 73
    11
 74
     0
 42
0.000000001
 43
0.00000001
 40
0.0
 40
0.0
 40
0.0
 40
0.0
 40
0.1331759454835416
 40
0.2661260833233347
 40
0.398568053172853
 40
0.5309336818606065
 40
0.6599428009481286
 40
0.7809377642088431
 40
0.894299258568171
 40
1.0
 40
1.0
 40
1.0
 40
1.0
 10
-196.6778818821308
 20
-273.8860759493666
 30
0.0
 10
-195.943656518807
 20
-273.8958231534449
 30
0.0
 10
-194.4764507144211
 20
-273.9153010346442
 30
0.0
 10
-192.2846613687425
 20
-274.081866151629
 30
0.0
 10
-190.1047127946604
 20
-274.3248833733436
 30
0.0
 10
-187.9652461316707
 20
-274.6985490976352
 30
0.0
 10
-185.9006944775236
 20
-275.1245711626648
 30
0.0
 10
-183.956284091736
 20
-275.6082513438801
 30
0.0
 10
-182.1612809764011
 20
-276.1527541424149
 30
0.0
 10
-181.0288736379001
 20
-276.5726908403501
 30
0.0
 10
-180.4824704897258
 20
-276.7753164556956
 30
0.0
  0
SPLINE
  5
3EF
330
1F
100
AcDbEntity
  8
0
  6
Continuous
 62
     7
370
    15
100
AcDbSpline
210
0.0
220
0.0
230
1.0
 70
     8
 71
     3
 72
    23
 73
    19
 74
     0
 42
0.000000001
 43
0.00000001
 40
0.0
 40
0.0
 40
0.0
 40
0.0
 40
0.055936937129168
 40
0.1100828932057509
 40
0.1630653063905688
 40
0.2158889091327526
 40
0.2697103977911624
 40
0.3250350035445041
 40
0.3828175868436144
 40
0.4437768443314926
 40
0.5068987224101755
 40
0.5708404983751904
 40
0.6363835436707068
 40
0.7036995128061201
 40
0.7731363286474253
 40
0.8455362773607131
 40
0.9211459463430383
 40
1.0
 40
1.0
 40
1.0
 40
1.0
 10
-216.6850021352954
 20
-287.9928797468349
 30
0.0
 10
-216.6685893011881
 20
-287.4841760697031
 30
0.0
 10
-216.6362891368073
 20
-286.483056318835
 30
0.0
 10
-216.3716604962448
 20
-285.0182767716562
 30
0.0
 10
-215.9199609939515
 20
-283.6328326679752
 30
0.0
 10
-215.3100930124585
 20
-282.3113089479205
 30
0.0
 10
-214.5054966920265
 20
-281.0735510839966
 30
0.0
 10
-213.5441871664609
 20
-279.8949902039079
 30
0.0
 10
-212.3896061251629
 20
-278.8074899394367
 30
0.0
 10
-211.0796728350796
 20
-277.7953431104448
 30
0.0
 10
-209.6332236632863
 20
-276.8804077877444
 30
0.0
 10
-208.0760708980913
 20
-276.0749629652026
 30
0.0
 10
-206.4175837442274
 20
-275.3988363224153
 30
0.0
 10
-204.6639431469779
 20
-274.8383229426017
 30
0.0
 10
-202.8078168474495
 20
-274.4182677595851
 30
0.0
 10
-200.8554344062386
 20
-274.1019378506081
 30
0.0
 10
-198.7989673646783
 20
-273.920137894983
 30
0.0
 10
-197.3947419135732
 20
-273.8975878132713
 30
0.0
 10
-196.6778818821308
 20
-273.8860759493666
 30
0.0
  0
SPLINE
  5
3F0
330
1F
100
AcDbEntity
  8
0
  6
Continuous
 62
     7
370
    15
100
AcDbSpline
210
0.0
220
0.0
230
1.0
 70
     8
 71
     3
 72
    23
 73
    19
 74
     0
 42
0.000000001
 43
0.00000001
 40
0.0
 40
0.0
 40
0.0
 40
0.0
 40
0.0804404900741067
 40
0.1565849499744052
 40
0.2283912801048027
 40
0.2965868449823146
 40
0.3610946314577037
 40
0.4224193793850772
 40
0.4812652874287234
 40
0.5374442158989724
 40
0.5928689180964305
 40
0.6479338669840274
 40
0.7030879143562629
 40
0.7596856456693043
 40
0.8168117723698862
 40
0.8758045126610521
 40
0.9366258135335442
 40
1.0
 40
1.0
 40
1.0
 40
1.0
 10
-206.0505084644093
 20
-300.7246835443033
 30
0.0
 10
-206.5074564677654
 20
-300.5693679329957
 30
0.0
 10
-207.3969485653459
 20
-300.2670315448854
 30
0.0
 10
-208.6692135028027
 20
-299.7559010790192
 30
0.0
 10
-209.8401536977972
 20
-299.1971761544623
 30
0.0
 10
-210.9136275803125
 20
-298.6007320201297
 30
0.0
 10
-211.8819307466918
 20
-297.9528143588341
 30
0.0
 10
-212.7594085331605
 20
-297.2746082242468
 30
0.0
 10
-213.5351796884061
 20
-296.5529907963921
 30
0.0
 10
-214.2157739074511
 20
-295.7874935519327
 30
0.0
 10
-214.7987310457066
 20
-294.9731843882304
 30
0.0
 10
-215.3057803663402
 20
-294.1172974736619
 30
0.0
 10
-215.7381332701618
 20
-293.2129127819985
 30
0.0
 10
-216.0804699922696
 20
-292.2580147139622
 30
0.0
 10
-216.355311370519
 20
-291.2576063824761
 30
0.0
 10
-216.5396633704706
 20
-290.2114129771501
 30
0.0
 10
-216.6712309682339
 20
-289.118836370168
 30
0.0
 10
-216.6803492695549
 20
-288.3733068358871
 30
0.0
 10
-216.6850021352954
 20
-287.9928797468349
 30
0.0
  0
SPLINE
  5
3F1
330
1F
100
AcDbEntity
  8
0
  6
Continuous
 62
     7
370
    15
100
AcDbSpline
210
0.0
220
0.0
230
1.0
 70
     8
 71
     3
 72
    11
 73
     7
 74
     0
 42
0.000000001
 43
0.00000001
 40
0.0
 40
0.0
 40
0.0
 40
0.0
 40
0.2440252494738084
 40
0.5006640355602668
 40
0.7560997141221822
 40
1.0
 40
1.0
 40
1.0
 40
1.0
 10
-195.4160147935233
 20
-303.1787974683539
 30
0.0
 10
-196.2822103835487
 20
-302.9815716920908
 30
0.0
 10
-198.0593747574066
 20
-302.5769256430718
 30
0.0
 10
-200.7652975465975
 20
-302.075873836561
 30
0.0
 10
-203.4617718871771
 20
-301.5149354212504
 30
0.0
 10
-205.20098909425
 20
-300.9840124704966
 30
0.0
 10
-206.0505084644093
 20
-300.7246835443033
 30
0.0
  0
SPLINE
  5
3F2
330
1F
100
AcDbEntity
  8
0
  6
Continuous
 62
     7
370
    15
100
AcDbSpline
210
0.0
220
0.0
230
1.0
 70
     8
 71
     3
 72
    15
 73
    11
 74
     0
 42
0.000000001
 43
0.00000001
 40
0.0
 40
0.0
 40
0.0
 40
0.0
 40
0.1031969424780783
 40
0.2029155879580819
 40
0.307018446356618
 40
0.4193637574781983
 40
0.5429774702557418
 40
0.6783848851538126
 40
0.831251185885162
 40
1.0
 40
1.0
 40
1.0
 40
1.0
 10
-190.507786945422
 20
-307.3473101265818
 30
0.0
 10
-190.5217985825823
 20
-307.1072296873126
 30
0.0
 10
-190.5493495886912
 20
-306.6351608224634
 30
0.0
 10
-190.8033145773525
 20
-305.9597103854385
 30
0.0
 10
-191.2034673459781
 20
-305.3396764234241
 30
0.0
 10
-191.7673670026045
 20
-304.7814155735932
 30
0.0
 10
-192.4683642589612
 20
-304.2756207370637
 30
0.0
 10
-193.3230130545322
 20
-303.8434063432485
 30
0.0
 10
-194.3130663801306
 20
-303.4592038649387
 30
0.0
 10
-195.0364574366349
 20
-303.2752936502696
 30
0.0
 10
-195.4160147935233
 20
-303.1787974683539
 30
0.0
  0
SPLINE
  5
3F3
330
1F
100
AcDbEntity
  8
0
  6
Continuous
 62
     7
370
    15
100
AcDbSpline
210
0.0
220
0.0
230
1.0
 70
     8
 71
     3
 72
    15
 73
    11
 74
     0
 42
0.000000001
 43
0.00000001
 40
0.0
 40
0.0
 40
0.0
 40
0.0
 40
0.1280933840398448
 40
0.2517307614395269
 40
0.3675757180135157
 40
0.4812695932276002
 40
0.5961598126188727
 40
0.7165283887067116
 40
0.8501178332222702
 40
1.0
 40
1.0
 40
1.0
 40
1.0
 10
-193.5188628947891
 20
-311.4636075949362
 30
0.0
 10
-193.307855183974
 20
-311.3632251657689
 30
0.0
 10
-192.893180123968
 20
-311.1659523283084
 30
0.0
 10
-192.3239964225741
 20
-310.8094122040496
 30
0.0
 10
-191.8102172150937
 20
-310.420687616849
 30
0.0
 10
-191.3449737354155
 20
-309.9961181014069
 30
0.0
 10
-190.9602901995653
 20
-309.4831880830906
 30
0.0
 10
-190.685788761901
 20
-308.8633720733822
 30
0.0
 10
-190.5340359638328
 20
-308.1378042294336
 30
0.0
 10
-190.5168655780642
 20
-307.6207148479801
 30
0.0
 10
-190.507786945422
 20
-307.3473101265817
 30
0.0
  0
SPLINE
  5
3F4
330
1F
100
AcDbEntity
  8
0
  6
Continuous
 62
     7
370
    15
100
AcDbSpline
210
0.0
220
0.0
230
1.0
 70
     8
 71
     3
 72
    15
 73
    11
 74
     0
 42
0.000000001
 43
0.00000001
 40
0.0
 40
0.0
 40
0.0
 40
0.0
 40
0.1008003475984519
 40
0.2158057139703972
 40
0.3448406088168975
 40
0.4898768352221119
 40
0.635483860902759
 40
0.7702069387532554
 40
0.8905651733688406
 40
0.9999999999999999
 40
0.9999999999999999
 40
0.9999999999999999
 40
0.9999999999999999
 10
-199.0362679580802
 20
-312.316455696202
 30
0.0
 10
-198.8476064148745
 20
-312.3160493326311
 30
0.0
 10
-198.4436967062252
 20
-312.3151793397927
 30
0.0
 10
-197.8006249242486
 20
-312.2589793088515
 30
0.0
 10
-197.0738280758374
 20
-312.216925531241
 30
0.0
 10
-196.2939242834627
 20
-312.1257645482833
 30
0.0
 10
-195.5033645198535
 20
-312.0281459003758
 30
0.0
 10
-194.7719082068008
 20
-311.8631788643056
 30
0.0
 10
-194.1076863605533
 20
-311.7026372061239
 30
0.0
 10
-193.7088171886278
 20
-311.54071848409
 30
0.0
 10
-193.5188628947891
 20
-311.4636075949362
 30
0.0
  0
SPLINE
  5
3F5
330
1F
100
AcDbEntity
  8
0
  6
Continuous
 62
     7
370
    15
100
AcDbSpline
210
0.0
220
0.0
230
1.0
 70
     8
 71
     3
 72
    15
 73
    11
 74
     0
 42
0.000000001
 43
0.00000001
 40
0.0
 40
0.0
 40
0.0
 40
0.0
 40
0.1288278085587783
 40
0.2568992829380108
 40
0.3858804107098026
 40
0.5156446856433321
 40
0.6437310330309032
 40
0.7663669630340444
 40
0.8852014640197017
 40
1.0
 40
1.0
 40
1.0
 40
1.0
 10
-215.4318375783334
 20
-306.1898734177209
 30
0.0
 10
-214.8310993643004
 20
-306.6657136232254
 30
0.0
 10
-213.6331498055442
 20
-307.6146004276716
 30
0.0
 10
-211.6825272788638
 20
-308.8301466707301
 30
0.0
 10
-209.6375631086697
 20
-309.8870983813637
 30
0.0
 10
-207.5055559530227
 20
-310.7556591614818
 30
0.0
 10
-205.3509443722367
 20
-311.4536417966879
 30
0.0
 10
-203.2057782418621
 20
-311.9347939171015
 30
0.0
 10
-201.1089197117081
 20
-312.2636274131671
 30
0.0
 10
-199.7191492047524
 20
-312.2990502426736
 30
0.0
 10
-199.0362679580802
 20
-312.316455696202
 30
0.0
  0
SPLINE
  5
3F8
330
1F
100
AcDbEntity
  8
0
  6
Continuous
 62
     7
370
    15
100
AcDbSpline
210
0.0
220
0.0
230
1.0
 70
     8
 71
     3
 72
    15
 73
    11
 74
     0
 42
0.000000001
 43
0.00000001
 40
0.0
 40
0.0
 40
0.0
 40
0.0
 40
0.1504019785163196
 40
0.2913153312907988
 40
0.4230861373318154
 40
0.5457632648394165
 40
0.6629162054031787
 40
0.7776639694815088
 40
0.8898582485132763
 40
1.0
 40
1.0
 40
1.0
 40
1.0
 10
-199.4278818821308
 20
-320.1139240506324
 30
0.0
 10
-200.3159142584127
 20
-320.1033325181102
 30
0.0
 10
-202.0359544363776
 20
-320.0828176562978
 30
0.0
 10
-204.5279054708262
 20
-319.8942340308928
 30
0.0
 10
-206.8458418912389
 20
-319.6099326579714
 30
0.0
 10
-208.9999563790438
 20
-319.1846542966272
 30
0.0
 10
-211.0259800634065
 20
-318.656317630845
 30
0.0
 10
-212.976617800598
 20
-318.0881493436981
 30
0.0
 10
-214.8603950356361
 20
-317.4438064750505
 30
0.0
 10
-216.0805544620718
 20
-316.9597370450379
 30
0.0
 10
-216.6850021352954
 20
-316.7199367088602
 30
0.0
  0
SPLINE
  5
3F9
330
1F
100
AcDbEntity
  8
0
  6
Continuous
 62
     7
370
    15
100
AcDbSpline
210
0.0
220
0.0
230
1.0
 70
     8
 71
     3
 72
    23
 73
    19
 74
     0
 42
0.000000001
 43
0.00000001
 40
0.0
 40
0.0
 40
0.0
 40
0.0
 40
0.0567095152170417
 40
0.1113585594434209
 40
0.1647177049705331
 40
0.2174906818934101
 40
0.2710347513071947
 40
0.3255327172132306
 40
0.3820270466869619
 40
0.4414031920540237
 40
0.5025272108959
 40
0.5652400352780559
 40
0.6298723809134869
 40
0.69705222397064
 40
0.7673712767105746
 40
0.8410960293404551
 40
0.9185515872417754
 40
1.0
 40
1.0
 40
1.0
 40
1.0
 10
-178.8115844137764
 20
-305.2848101265817
 30
0.0
 10
-178.8276396066778
 20
-305.8225523573114
 30
0.0
 10
-178.8591666466507
 20
-306.8784986114236
 30
0.0
 10
-179.1274422561125
 20
-308.4218331734538
 30
0.0
 10
-179.5645761704425
 20
-309.8847033840006
 30
0.0
 10
-180.169187978177
 20
-311.2762740941406
 30
0.0
 10
-180.9562612633076
 20
-312.5868662155614
 30
0.0
 10
-181.9284807559858
 20
-313.8101881251591
 30
0.0
 10
-183.0568224986148
 20
-314.9695001347261
 30
0.0
 10
-184.3619548407694
 20
-316.028197432953
 30
0.0
 10
-185.8052030763454
 20
-316.9981230847545
 30
0.0
 10
-187.3881364081381
 20
-317.8328027469218
 30
0.0
 10
-189.0947662837364
 20
-318.535255229984
 30
0.0
 10
-190.9201442186259
 20
-319.1242179482089
 30
0.0
 10
-192.8765774555877
 20
-319.5591932836652
 30
0.0
 10
-194.9522904090466
 20
-319.8777292249616
 30
0.0
 10
-197.1493946635625
 20
-320.0859943304247
 30
0.0
 10
-198.6557690168312
 20
-320.1044594830365
 30
0.0
 10
-199.4278818821308
 20
-320.1139240506324
 30
0.0
  0
SPLINE
  5
3FA
330
1F
100
AcDbEntity
  8
0
  6
Continuous
 62
     7
370
    15
100
AcDbSpline
210
0.0
220
0.0
230
1.0
 70
     8
 71
     3
 72
    23
 73
    19
 74
     0
 42
0.000000001
 43
0.00000001
 40
0.0
 40
0.0
 40
0.0
 40
0.0
 40
0.0773366854144165
 40
0.1512830390763387
 40
0.2209259408319454
 40
0.2878669311323316
 40
0.3513016938449216
 40
0.412155175206051
 40
0.4707059424528818
 40
0.5270611766009414
 40
0.5824037771841402
 40
0.6376544719182878
 40
0.6940466906374457
 40
0.750931266412166
 40
0.8096309586534834
 40
0.8704073017677958
 40
0.9341126463547677
 40
1.0
 40
1.0
 40
1.0
 40
1.0
 10
-188.8717109960549
 20
-293.2143987341767
 30
0.0
 10
-188.455256120409
 20
-293.3549166460859
 30
0.0
 10
-187.6406031664034
 20
-293.6297923618522
 30
0.0
 10
-186.4783223796372
 20
-294.1070533840245
 30
0.0
 10
-185.4007390559298
 20
-294.6271727954785
 30
0.0
 10
-184.3982997582596
 20
-295.1650666089615
 30
0.0
 10
-183.4909841368701
 20
-295.7648818251212
 30
0.0
 10
-182.6579657661751
 20
-296.3873268090115
 30
0.0
 10
-181.9174375696745
 20
-297.0596945861194
 30
0.0
 10
-181.258339744708
 20
-297.7693521819428
 30
0.0
 10
-180.6782432456085
 20
-298.5219424031392
 30
0.0
 10
-180.1788591823987
 20
-299.3307074688645
 30
0.0
 10
-179.7550749572299
 20
-300.1907002382952
 30
0.0
 10
-179.3994971679928
 20
-301.1028517574176
 30
0.0
 10
-179.145170014816
 20
-302.0739617430186
 30
0.0
 10
-178.9541844667726
 20
-303.0975339411744
 30
0.0
 10
-178.8262228272227
 20
-304.1734727268936
 30
0.0
 10
-178.8165183510978
 20
-304.9102292956009
 30
0.0
 10
-178.8115844137764
 20
-305.2848101265817
 30
0.0
  0
SPLINE
  5
413
330
1F
100
AcDbEntity
  8
0
  6
Continuous
 62
     7
370
    15
100
AcDbSpline
210
0.0
220
0.0
230
1.0
 70
     8
 71
     3
 72
    15
 73
    11
 74
     0
 42
0.000000001
 43
0.00000001
 40
0.0
 40
0.0
 40
0.0
 40
0.0
 40
0.1588825987531416
 40
0.3050773770672514
 40
0.4396727269225105
 40
0.5618565446079806
 40
0.6765280013640741
 40
0.787272590100221
 40
0.8949166321157015
 40
1.0
 40
1.0
 40
1.0
 40
1.0
 10
199.2271626151025
 20
-274.9999999999995
 30
0.0
 10
199.8975393811621
 20
-275.0067278104581
 30
0.0
 10
201.1847589196217
 20
-275.0196461714633
 30
0.0
 10
203.0353869478548
 20
-275.1622255203916
 30
0.0
 10
204.7218788669643
 20
-275.3816661229763
 30
0.0
 10
206.2598716162823
 20
-275.6923693001598
 30
0.0
 10
207.6656856941188
 20
-276.1135878246185
 30
0.0
 10
208.9884507790704
 20
-276.5913119282097
 30
0.0
 10
210.2192133525184
 20
-277.1872544937395
 30
0.0
 10
210.9876171395412
 20
-277.65130546223
 30
0.0
 10
211.3671942606722
 20
-277.880537974683
 30
0.0
  0
SPLINE
  5
417
330
1F
100
AcDbEntity
  8
0
  6
Continuous
 62
     7
370
    15
100
AcDbSpline
210
0.0
220
0.0
230
1.0
 70
     8
 71
     3
 72
    15
 73
    11
 74
     0
 42
0.000000001
 43
0.00000001
 40
0.0
 40
0.0
 40
0.0
 40
0.0
 40
0.1154358688662641
 40
0.2270769812612304
 40
0.3358430893782474
 40
0.4421638648813238
 40
0.5557131626278793
 40
0.6863485043469024
 40
0.8340755727213929
 40
1.0
 40
1.0
 40
1.0
 40
1.0
 10
201.7508967923177
 20
-284.189873417721
 30
0.0
 10
201.4566431641318
 20
-284.0830619842152
 30
0.0
 10
200.8778089917913
 20
-283.8729503601345
 30
0.0
 10
199.9936950817944
 20
-283.6528845365706
 30
0.0
 10
199.1229242523202
 20
-283.4851199958106
 30
0.0
 10
198.232862574402
 20
-283.4269681491993
 30
0.0
 10
197.2838381404897
 20
-283.3956657387395
 30
0.0
 10
196.2220389481407
 20
-283.3662426164203
 30
0.0
 10
195.0180263094564
 20
-283.364119014902
 30
0.0
 10
194.1680860372401
 20
-283.3577824688786
 30
0.0
 10
193.718460083457
 20
-283.3544303797463
 30
0.0
  0
SPLINE
  5
418
330
1F
100
AcDbEntity
  8
0
  6
Continuous
 62
     7
370
    15
100
AcDbSpline
210
0.0
220
0.0
230
1.0
 70
     8
 71
     3
 72
    15
 73
    11
 74
     0
 42
0.000000001
 43
0.00000001
 40
0.0
 40
0.0
 40
0.0
 40
0.0
 40
0.1374809158519254
 40
0.2698812099102863
 40
0.3970201738893513
 40
0.5259805374384193
 40
0.6513841666323215
 40
0.7708581296993124
 40
0.8864920502551616
 40
1.0
 40
1.0
 40
1.0
 40
1.0
 10
205.1187765391532
 20
-289.124208860759
 30
0.0
 10
205.1079873337177
 20
-288.8331213702882
 30
0.0
 10
205.0868076390753
 20
-288.2617035583598
 30
0.0
 10
204.8938020674026
 20
-287.4381547287849
 30
0.0
 10
204.562052925989
 20
-286.6821883169986
 30
0.0
 10
204.1202342227276
 20
-286.0031208454617
 30
0.0
 10
203.5984678010396
 20
-285.4058104059727
 30
0.0
 10
203.0292655851145
 20
-284.8965491398064
 30
0.0
 10
202.4189051484098
 20
-284.4750426835461
 30
0.0
 10
201.9721846917317
 20
-284.284340062092
 30
0.0
 10
201.7508967923177
 20
-284.1898734177209
 30
0.0
  0
SPLINE
  5
419
330
1F
100
AcDbEntity
  8
0
  6
Continuous
 62
     7
370
    15
100
AcDbSpline
210
0.0
220
0.0
230
1.0
 70
     8
 71
     3
 72
    15
 73
    11
 74
     0
 42
0.000000001
 43
0.00000001
 40
0.0
 40
0.0
 40
0.0
 40
0.0
 40
0.1196165307774665
 40
0.2344650903501847
 40
0.3495017721776862
 40
0.4626813735744696
 40
0.5831265829977711
 40
0.7108896556404025
 40
0.8498952295696031
 40
1.0
 40
1.0
 40
1.0
 40
1.0
 10
203.0301689442165
 20
-294.4414556962021
 30
0.0
 10
203.2054730192868
 20
-294.2831081866007
 30
0.0
 10
203.5490934665023
 20
-293.9727249736442
 30
0.0
 10
203.9899282444626
 20
-293.4396163389725
 30
0.0
 10
204.3571962805228
 20
-292.8688445504063
 30
0.0
 10
204.6406654942166
 20
-292.2396973428349
 30
0.0
 10
204.8552161838775
 20
-291.5586500018653
 30
0.0
 10
205.0150320290384
 20
-290.810246843485
 30
0.0
 10
205.0954512839874
 20
-289.9904073754441
 30
0.0
 10
205.1108049736173
 20
-289.4202381293694
 30
0.0
 10
205.1187765391532
 20
-289.124208860759
 30
0.0
  0
SPLINE
  5
41A
330
1F
100
AcDbEntity
  8
0
  6
Continuous
 62
     7
370
    15
100
AcDbSpline
210
0.0
220
0.0
230
1.0
 70
     8
 71
     3
 72
    15
 73
    11
 74
     0
 42
0.000000001
 43
0.00000001
 40
0.0
 40
0.0
 40
0.0
 40
0.0
 40
0.1680484249066492
 40
0.3206569918442655
 40
0.4579539342173294
 40
0.5803161790335732
 40
0.6929679507425915
 40
0.7986343714055264
 40
0.9003882855948014
 40
1.0
 40
1.0
 40
1.0
 40
1.0
 10
195.032542361938
 20
-296.1645569620247
 30
0.0
 10
195.4997060996847
 20
-296.1633386538303
 30
0.0
 10
196.3911117699716
 20
-296.1610139724714
 30
0.0
 10
197.662199277656
 20
-296.0861948035646
 30
0.0
 10
198.8040264225417
 20
-295.9872190591228
 30
0.0
 10
199.8293483620843
 20
-295.8438212868222
 30
0.0
 10
200.7550191862422
 20
-295.6328062513117
 30
0.0
 10
201.5889666795731
 20
-295.3195583017901
 30
0.0
 10
202.3609357911992
 20
-294.9465041448211
 30
0.0
 10
202.8086789774155
 20
-294.608606955241
 30
0.0
 10
203.0301689442165
 20
-294.441455696202
 30
0.0
  0
SPLINE
  5
420
330
1F
100
AcDbEntity
  8
0
  6
Continuous
 62
     7
370
    15
100
AcDbSpline
210
0.0
220
0.0
230
1.0
 70
     8
 71
     3
 72
    19
 73
    15
 74
     0
 42
0.000000001
 43
0.00000001
 40
0.0
 40
0.0
 40
0.0
 40
0.0
 40
0.1184915744528711
 40
0.2348634381979706
 40
0.3490438710283835
 40
0.4634718986024758
 40
0.5216156705069743
 40
0.581910018090216
 40
0.644491884425494
 40
0.7096715209992073
 40
0.7778417023519719
 40
0.8490032933634107
 40
0.9228659047132808
 40
1.0
 40
1.0
 40
1.0
 40
1.0
 10
212.8118145138367
 20
-299.2887658227842
 30
0.0
 10
212.3667305207568
 20
-299.700763979774
 30
0.0
 10
211.4845246982388
 20
-300.5173900068029
 30
0.0
 10
210.0429734827722
 20
-301.577216334261
 30
0.0
 10
208.5264608342516
 20
-302.4852546999606
 30
0.0
 10
207.1915710390996
 20
-303.0986560980251
 30
0.0
 10
206.0788179162303
 20
-303.5266493823885
 30
0.0
 10
205.1863084093172
 20
-303.775621519952
 30
0.0
 10
204.2560097830901
 20
-304.0221576789795
 30
0.0
 10
203.2680078091308
 20
-304.1945599935208
 30
0.0
 10
202.2332400063922
 20
-304.3511619431922
 30
0.0
 10
201.1453691404847
 20
-304.4336361662209
 30
0.0
 10
200.0115858753814
 20
-304.515574613834
 30
0.0
 10
199.238942783734
 20
-304.5178334525129
 30
0.0
 10
198.8442512226975
 20
-304.5189873417716
 30
0.0
  0
SPLINE
  5
421
330
1F
100
AcDbEntity
  8
0
  6
Continuous
 62
     7
370
    15
100
AcDbSpline
210
0.0
220
0.0
230
1.0
 70
     8
 71
     3
 72
    15
 73
    11
 74
     0
 42
0.000000001
 43
0.00000001
 40
0.0
 40
0.0
 40
0.0
 40
0.0
 40
0.1273892090829397
 40
0.2543541774335428
 40
0.382464507777353
 40
0.5115989784506392
 40
0.6392312625705359
 40
0.761310233045987
 40
0.8819680787488346
 40
0.9999999999999999
 40
0.9999999999999999
 40
0.9999999999999999
 40
0.9999999999999999
 10
216.8149790707988
 20
-288.819620253164
 30
0.0
 10
216.805043536795
 20
-289.3077545944136
 30
0.0
 10
216.7852055568196
 20
-290.2823976567217
 30
0.0
 10
216.5688751410261
 20
-291.7336847249032
 30
0.0
 10
216.2565963704878
 20
-293.1729134742922
 30
0.0
 10
215.789828829874
 20
-294.5730562829353
 30
0.0
 10
215.2292740703171
 20
-295.9131810689534
 30
0.0
 10
214.540751005946
 20
-297.1555366210852
 30
0.0
 10
213.7490387519742
 20
-298.2930581436611
 30
0.0
 10
213.1219228731774
 20
-298.9593064872368
 30
0.0
 10
212.8118145138367
 20
-299.2887658227842
 30
0.0
  0
SPLINE
  5
422
330
1F
100
AcDbEntity
  8
0
  6
Continuous
 62
     7
370
    15
100
AcDbSpline
210
0.0
220
0.0
230
1.0
 70
     8
 71
     3
 72
    15
 73
    11
 74
     0
 42
0.000000001
 43
0.00000001
 40
0.0
 40
0.0
 40
0.0
 40
0.0
 40
0.1211986492982763
 40
0.2396522967034746
 40
0.3568349834472646
 40
0.4750065046624958
 40
0.5957913354808413
 40
0.7225192834931218
 40
0.8568530632656524
 40
0.9999999999999999
 40
0.9999999999999999
 40
0.9999999999999999
 40
0.9999999999999999
 10
211.3671942606722
 20
-277.880537974683
 30
0.0
 10
211.791361286303
 20
-278.1764979123469
 30
0.0
 10
212.6300884706971
 20
-278.761714655306
 30
0.0
 10
213.7156914334155
 20
-279.8344503917127
 30
0.0
 10
214.6727432259091
 20
-281.0035006452617
 30
0.0
 10
215.44857212164
 20
-282.3140444857156
 30
0.0
 10
216.0636798408711
 20
-283.7498291339715
 30
0.0
 10
216.5075145744846
 20
-285.319342285739
 30
0.0
 10
216.7684218548048
 20
-287.0268641554112
 30
0.0
 10
216.799134837066
 20
-288.2095140422964
 30
0.0
 10
216.8149790707988
 20
-288.819620253164
 30
0.0
  0
SPLINE
  5
444
330
1F
100
AcDbEntity
  8
0
  6
Continuous
 62
     7
370
    15
100
AcDbSpline
210
0.0
220
0.0
230
1.0
 70
     8
 71
     3
 72
    23
 73
    19
 74
     0
 42
0.000000001
 43
0.00000001
 40
0.0
 40
0.0
 40
0.0
 40
0.0
 40
0.0724200585506873
 40
0.1414025752368526
 40
0.207687420121555
 40
0.2711336444603594
 40
0.3326313351108163
 40
0.3925842115001091
 40
0.4509585757557724
 40
0.507978025030514
 40
0.5652588366993305
 40
0.6233166764366918
 40
0.6823497453276886
 40
0.742246712898737
 40
0.8039755049952542
 40
0.8674371291702857
 40
0.9328634768511667
 40
1.0
 40
1.0
 40
1.0
 40
1.0
 10
80.97725253562366
 20
-155.0791139240502
 30
0.0
 10
80.97118389053217
 20
-155.4768082632715
 30
0.0
 10
80.95933465896141
 20
-156.2533197001361
 30
0.0
 10
80.84895561980673
 20
-157.3891517773709
 30
0.0
 10
80.68962823734321
 20
-158.4690414340629
 30
0.0
 10
80.45336657206938
 20
-159.493214504764
 30
0.0
 10
80.14880878386312
 20
-160.4625258882236
 30
0.0
 10
79.77662574230486
 20
-161.3784334658263
 30
0.0
 10
79.33023783464647
 20
-162.2327032434578
 30
0.0
 10
78.8221226566266
 20
-163.034722681031
 30
0.0
 10
78.23877414301354
 20
-163.7808374278944
 30
0.0
 10
77.61521065485094
 20
-164.5078971990445
 30
0.0
 10
76.92495796912583
 20
-165.1931281032706
 30
0.0
 10
76.18059481781204
 20
-165.8492274083205
 30
0.0
 10
75.38043182896119
 20
-166.4766604936649
 30
0.0
 10
74.51629326734562
 20
-167.0679709034762
 30
0.0
 10
73.59485446358156
 20
-167.6253760627323
 30
0.0
 10
72.9496076719843
 20
-167.9622841474714
 30
0.0
 10
72.62282215587682
 20
-168.1329113924047
 30
0.0
  0
SPLINE
  5
445
330
1F
100
AcDbEntity
  8
0
  6
Continuous
 62
     7
370
    15
100
AcDbSpline
210
0.0
220
0.0
230
1.0
 70
     8
 71
     3
 72
    15
 73
    11
 74
     0
 42
0.000000001
 43
0.00000001
 40
0.0
 40
0.0
 40
0.0
 40
0.0
 40
0.1200682828620178
 40
0.2378612450300314
 40
0.3545347587765237
 40
0.471903206043647
 40
0.5924725767492953
 40
0.7184647024745329
 40
0.8537740600362898
 40
1.0
 40
1.0
 40
1.0
 40
1.0
 10
75.68611329511734
 20
-145.358386075949
 30
0.0
 10
76.07610241566259
 20
-145.6128411572949
 30
0.0
 10
76.8486902760859
 20
-146.1169293395396
 30
0.0
 10
77.87603527862869
 20
-147.0353727454687
 30
0.0
 10
78.79131663810304
 20
-148.0485300305318
 30
0.0
 10
79.57542761953697
 20
-149.181525342798
 30
0.0
 10
80.21032601146959
 20
-150.4461389086538
 30
0.0
 10
80.6631184499794
 20
-151.8596853397118
 30
0.0
 10
80.9342023721926
 20
-153.4210192066643
 30
0.0
 10
80.96253626387765
 20
-154.5123106764681
 30
0.0
 10
80.97725253562366
 20
-155.0791139240502
 30
0.0
  0
SPLINE
  5
446
330
1F
100
AcDbEntity
  8
0
  6
Continuous
 62
     7
370
    15
100
AcDbSpline
210
0.0
220
0.0
230
1.0
 70
     8
 71
     3
 72
    15
 73
    11
 74
     0
 42
0.000000001
 43
0.00000001
 40
0.0
 40
0.0
 40
0.0
 40
0.0
 40
0.1522192726044535
 40
0.2931192395316656
 40
0.4235737522764729
 40
0.5437944673426536
 40
0.6582721377223345
 40
0.7711263793928466
 40
0.885288435271734
 40
1.0
 40
1.0
 40
1.0
 40
1.0
 10
63.96380316853504
 20
-142.9999999999996
 30
0.0
 10
64.57889733872153
 20
-143.0038000677587
 30
0.0
 10
65.76334614287477
 20
-143.0111176232342
 30
0.0
 10
67.47308820205689
 20
-143.100499798648
 30
0.0
 10
69.04930778013201
 20
-143.2389470905214
 30
0.0
 10
70.51428571711745
 20
-143.4208056114826
 30
0.0
 10
71.89108854526566
 20
-143.7076961902221
 30
0.0
 10
73.21006465173542
 20
-144.1197697980091
 30
0.0
 10
74.48228584702267
 20
-144.6651568329928
 30
0.0
 10
75.28419570341745
 20
-145.1269400923358
 30
0.0
 10
75.68611329511734
 20
-145.358386075949
 30
0.0
  0
SPLINE
  5
44A
330
1F
100
AcDbEntity
  8
0
  6
Continuous
 62
     7
370
    15
100
AcDbSpline
210
0.0
220
0.0
230
1.0
 70
     8
 71
     3
 72
    13
 73
     9
 74
     0
 42
0.000000001
 43
0.00000001
 40
0.0
 40
0.0
 40
0.0
 40
0.0
 40
0.1010557753023166
 40
0.2066748188712354
 40
0.3187361853578856
 40
0.4368544158466545
 40
0.6992771189489688
 40
0.9999999999999999
 40
0.9999999999999999
 40
0.9999999999999999
 40
0.9999999999999999
 10
66.40051202929453
 20
-151.5023734177211
 30
0.0
 10
66.21026084456165
 20
-151.4264617911854
 30
0.0
 10
65.82116750450187
 20
-151.2712106774559
 30
0.0
 10
65.19779418387401
 20
-151.0973930243536
 30
0.0
 10
64.52710240422009
 20
-150.9788350795914
 30
0.0
 10
63.53393014580759
 20
-150.8767028069515
 30
0.0
 10
62.15461374945804
 20
-150.8094005352696
 30
0.0
 10
61.01371435942881
 20
-150.8016220884113
 30
0.0
 10
60.40446772549707
 20
-150.79746835443
 30
0.0
  0
SPLINE
  5
44B
330
1F
100
AcDbEntity
  8
0
  6
Continuous
 62
     7
370
    15
100
AcDbSpline
210
0.0
220
0.0
230
1.0
 70
     8
 71
     3
 72
    15
 73
    11
 74
     0
 42
0.000000001
 43
0.00000001
 40
0.0
 40
0.0
 40
0.0
 40
0.0
 40
0.1373355136857367
 40
0.2659733770253449
 40
0.3861427644544834
 40
0.5031131528267226
 40
0.61762566007635
 40
0.7360568516239688
 40
0.8631052743359807
 40
1.0
 40
1.0
 40
1.0
 40
1.0
 10
69.28105000397808
 20
-156.358386075949
 30
0.0
 10
69.2725813795515
 20
-156.082339393031
 30
0.0
 10
69.256180460539
 20
-155.547728450079
 30
0.0
 10
69.13377289929541
 20
-154.7791959283536
 30
0.0
 10
68.9331993665816
 20
-154.070343093156
 30
0.0
 10
68.6485447521401
 20
-153.4204900849443
 30
0.0
 10
68.257580960045
 20
-152.8311852818416
 30
0.0
 10
67.74977200992646
 20
-152.3111176600011
 30
0.0
 10
67.12658250712003
 20
-151.8540783920787
 30
0.0
 10
66.64848066028456
 20
-151.6224882050142
 30
0.0
 10
66.40051202929453
 20
-151.5023734177211
 30
0.0
  0
SPLINE
  5
44C
330
1F
100
AcDbEntity
  8
0
  6
Continuous
 62
     7
370
    15
100
AcDbSpline
210
0.0
220
0.0
230
1.0
 70
     8
 71
     3
 72
    15
 73
    11
 74
     0
 42
0.000000001
 43
0.00000001
 40
0.0
 40
0.0
 40
0.0
 40
0.0
 40
0.1237647621174022
 40
0.2401914982477878
 40
0.35296330244251
 40
0.4612792230881662
 40
0.5756931112753931
 40
0.7014986795992154
 40
0.8429513738258247
 40
1.0
 40
1.0
 40
1.0
 40
1.0
 10
67.10541709258568
 20
-161.5189873417717
 30
0.0
 10
67.2855453651981
 20
-161.3599117024831
 30
0.0
 10
67.63512208586862
 20
-161.0511920355783
 30
0.0
 10
68.09608011266391
 20
-160.5415434833934
 30
0.0
 10
68.46809365244778
 20
-160.0007434177986
 30
0.0
 10
68.77960416900433
 20
-159.4266452844088
 30
0.0
 10
69.00367398749366
 20
-158.7859114014989
 30
0.0
 10
69.17069799319566
 20
-158.0628564998487
 30
0.0
 10
69.26080935642935
 20
-157.2424876736616
 30
0.0
 10
69.27407213928002
 20
-156.6631757973902
 30
0.0
 10
69.28105000397808
 20
-156.358386075949
 30
0.0
  0
SPLINE
  5
44D
330
1F
100
AcDbEntity
  8
0
  6
Continuous
 62
     7
370
    15
100
AcDbSpline
210
0.0
220
0.0
230
1.0
 70
     8
 71
     3
 72
    15
 73
    11
 74
     0
 42
0.000000001
 43
0.00000001
 40
0.0
 40
0.0
 40
0.0
 40
0.0
 40
0.1635750529178688
 40
0.3147085320294122
 40
0.4500653439686313
 40
0.5734918135111317
 40
0.6870077079650003
 40
0.7948015483116597
 40
0.8981466884037583
 40
1.0
 40
1.0
 40
1.0
 40
1.0
 10
59.80399304195276
 20
-163.050632911392
 30
0.0
 10
60.21889046760865
 20
-163.0478085104394
 30
0.0
 10
61.0171280805074
 20
-163.0423745334252
 30
0.0
 10
62.15747053913791
 20
-162.9873218223637
 30
0.0
 10
63.19477613126345
 20
-162.9146640798713
 30
0.0
 10
64.13227125738251
 20
-162.796826855002
 30
0.0
 10
64.98980499084291
 20
-162.6188913109691
 30
0.0
 10
65.77154675487262
 20
-162.3518669482172
 30
0.0
 10
66.47783501785862
 20
-161.9813399093677
 30
0.0
 10
66.8972394487721
 20
-161.6723560755348
 30
0.0
 10
67.1054170925857
 20
-161.5189873417717
 30
0.0
  0
SPLINE
  5
470
330
1F
100
AcDbEntity
  8
0
  6
Continuous
 62
     7
370
    15
100
AcDbSpline
210
0.0
220
0.0
230
1.0
 70
     8
 71
     3
 72
    11
 73
     7
 74
     0
 42
0.000000001
 43
0.00000001
 40
0.0
 40
0.0
 40
0.0
 40
0.0
 40
0.2369157812592613
 40
0.4978710602523244
 40
0.7591879044805689
 40
1.0
 40
1.0
 40
1.0
 40
1.0
 10
-126.5659975384775
 20
-246.316455696202
 30
0.0
 10
-126.3368329532705
 20
-246.3137428258638
 30
0.0
 10
-125.8552507876466
 20
-246.3080418142031
 30
0.0
 10
-125.1208592555962
 20
-246.2955510351563
 30
0.0
 10
-124.3836834823826
 20
-246.2525114653349
 30
0.0
 10
-123.9000138439236
 20
-246.2075029863453
 30
0.0
 10
-123.6680545005028
 20
-246.1859177215185
 30
0.0
  0
SPLINE
  5
471
330
1F
100
AcDbEntity
  8
0
  6
Continuous
 62
     7
370
    15
100
AcDbSpline
210
0.0
220
0.0
230
1.0
 70
     8
 71
     3
 72
    23
 73
    19
 74
     0
 42
0.000000001
 43
0.00000001
 40
0.0
 40
0.0
 40
0.0
 40
0.0
 40
0.072683034996639
 40
0.141178597190052
 40
0.2059049252311764
 40
0.2677904025532863
 40
0.327195081692439
 40
0.3845321565539683
 40
0.4407239858980391
 40
0.4964110602406534
 40
0.5520674626539287
 40
0.6087455671577433
 40
0.6665550657251071
 40
0.7262842874871033
 40
0.7891756059330952
 40
0.8553397579049136
 40
0.9255717300825622
 40
1.0
 40
1.0
 40
1.0
 40
1.0
 10
-142.0478013359458
 20
-230.9651898734172
 30
0.0
 10
-142.0369151053123
 20
-231.5690769342613
 30
0.0
 10
-142.0157698302204
 20
-232.7420594344435
 30
0.0
 10
-141.8294313644512
 20
-234.4443763672432
 30
0.0
 10
-141.5315905015977
 20
-236.0395389554833
 30
0.0
 10
-141.091840395942
 20
-237.5233049986596
 30
0.0
 10
-140.5475887106094
 20
-238.9057478685896
 30
0.0
 10
-139.8768999902428
 20
-240.1803476246747
 30
0.0
 10
-139.0663738539283
 20
-241.3321787097399
 30
0.0
 10
-138.153910852411
 20
-242.3870173471292
 30
0.0
 10
-137.1055842433935
 20
-243.3139803344628
 30
0.0
 10
-135.9459210635314
 20
-244.1269717208517
 30
0.0
 10
-134.6653129211917
 20
-244.8088229389043
 30
0.0
 10
-133.2668832303753
 20
-245.3550633196995
 30
0.0
 10
-131.7580253226842
 20
-245.7895353051925
 30
0.0
 10
-130.1303103957971
 20
-246.1018123774355
 30
0.0
 10
-128.386085017319
 20
-246.2833646459108
 30
0.0
 10
-127.1843136742903
 20
-246.3052140770029
 30
0.0
 10
-126.5659975384775
 20
-246.316455696202
 30
0.0
  0
SPLINE
  5
472
330
1F
100
AcDbEntity
  8
0
  6
Continuous
 62
     7
370
    15
100
AcDbSpline
210
0.0
220
0.0
230
1.0
 70
     8
 71
     3
 72
    15
 73
    11
 74
     0
 42
0.000000001
 43
0.00000001
 40
0.0
 40
0.0
 40
0.0
 40
0.0
 40
0.1089119624645549
 40
0.2201176536640475
 40
0.3364500640327585
 40
0.4571666597906467
 40
0.5829431285735313
 40
0.7147073416735557
 40
0.8531623547478254
 40
0.9999999999999999
 40
0.9999999999999999
 40
0.9999999999999999
 40
0.9999999999999999
 10
-137.9576114625281
 20
-219.9216772151894
 30
0.0
 10
-138.2649493765718
 20
-220.2363312128001
 30
0.0
 10
-138.8860978619213
 20
-220.872265944879
 30
0.0
 10
-139.6753609737302
 20
-221.9817673981048
 30
0.0
 10
-140.3806194066002
 20
-223.1982040728743
 30
0.0
 10
-140.9823489890558
 20
-224.5350547792001
 30
0.0
 10
-141.4645918031531
 20
-225.9857412144769
 30
0.0
 10
-141.7951538842056
 20
-227.5506135404389
 30
0.0
 10
-142.0118635729035
 20
-229.2215409467738
 30
0.0
 10
-142.0355897033502
 20
-230.3726989038775
 30
0.0
 10
-142.0478013359458
 20
-230.9651898734172
 30
0.0
  0
SPLINE
  5
473
330
1F
100
AcDbEntity
  8
0
  6
Continuous
 62
     7
370
    15
100
AcDbSpline
210
0.0
220
0.0
230
1.0
 70
     8
 71
     3
 72
    15
 73
    11
 74
     0
 42
0.000000001
 43
0.00000001
 40
0.0
 40
0.0
 40
0.0
 40
0.0
 40
0.1363538732168198
 40
0.2672492948910702
 40
0.3934173987902354
 40
0.5162069616650565
 40
0.6365725276332395
 40
0.7560797865161115
 40
0.8769423512604495
 40
1.0
 40
1.0
 40
1.0
 40
1.0
 10
-127.8974848802497
 20
-216.2405063291134
 30
0.0
 10
-128.3970508068923
 20
-216.2483446948827
 30
0.0
 10
-129.376184281411
 20
-216.2637076447975
 30
0.0
 10
-130.8070340360078
 20
-216.4486234083121
 30
0.0
 10
-132.1732106113902
 20
-216.71793217346
 30
0.0
 10
-133.4655225735761
 20
-217.1237480493711
 30
0.0
 10
-134.6941748633654
 20
-217.6342956257412
 30
0.0
 10
-135.8468781327035
 20
-218.2825770462504
 30
0.0
 10
-136.9570881623587
 20
-219.0223218968029
 30
0.0
 10
-137.6221088137252
 20
-219.6200989396184
 30
0.0
 10
-137.9576114625281
 20
-219.9216772151894
 30
0.0
  0
SPLINE
  5
474
330
1F
100
AcDbEntity
  8
0
  6
Continuous
 62
     7
370
    15
100
AcDbSpline
210
0.0
220
0.0
230
1.0
 70
     8
 71
     3
 72
    15
 73
    11
 74
     0
 42
0.000000001
 43
0.00000001
 40
0.0
 40
0.0
 40
0.0
 40
0.0
 40
0.1076908971913494
 40
0.2207351482530062
 40
0.3394738675860639
 40
0.4653526967023839
 40
0.5952037809768213
 40
0.7270649050568838
 40
0.8623693732762996
 40
1.0
 40
1.0
 40
1.0
 40
1.0
 10
-118.8642570321484
 20
-218.3813291139236
 30
0.0
 10
-119.1671923323483
 20
-218.2354829640531
 30
0.0
 10
-119.7881219572719
 20
-217.9365405988819
 30
0.0
 10
-120.7751120299319
 20
-217.5486034375378
 30
0.0
 10
-121.8334902663578
 20
-217.1929489985808
 30
0.0
 10
-122.9549457591085
 20
-216.8624122607669
 30
0.0
 10
-124.1325562858192
 20
-216.5820491833496
 30
0.0
 10
-125.35630209393
 20
-216.3799506310376
 30
0.0
 10
-126.616184736072
 20
-216.2699798233774
 30
0.0
 10
-127.4679649944969
 20
-216.2503864902502
 30
0.0
 10
-127.8974848802497
 20
-216.2405063291134
 30
0.0
  0
SPLINE
  5
475
330
1F
100
AcDbEntity
  8
0
  6
Continuous
 62
     7
370
    15
100
AcDbSpline
210
0.0
220
0.0
230
1.0
 70
     8
 71
     3
 72
    13
 73
     9
 74
     0
 42
0.000000001
 43
0.00000001
 40
0.0
 40
0.0
 40
0.0
 40
0.0
 40
0.0859994342343759
 40
0.1900098942796426
 40
0.3116675489457596
 40
0.4506018648126046
 40
0.7356018508886238
 40
1.0
 40
1.0
 40
1.0
 40
1.0
 10
-113.2685291840471
 20
-221.810126582278
 30
0.0
 10
-113.4254741203775
 20
-221.7061436039492
 30
0.0
 10
-113.7722332708922
 20
-221.476400293484
 30
0.0
 10
-114.3338207384853
 20
-221.0888120124943
 30
0.0
 10
-115.0068219360755
 20
-220.6594741576423
 30
0.0
 10
-116.0071164304395
 20
-220.0072056533402
 30
0.0
 10
-117.2801517247265
 20
-219.1982322639001
 30
0.0
 10
-118.3495895172423
 20
-218.6467366674161
 30
0.0
 10
-118.8642570321484
 20
-218.3813291139236
 30
0.0
  0
SPLINE
  5
478
330
1F
100
AcDbEntity
  8
0
  6
Continuous
 62
     7
370
    15
100
AcDbSpline
210
0.0
220
0.0
230
1.0
 70
     8
 71
     3
 72
    15
 73
    11
 74
     0
 42
0.000000001
 43
0.00000001
 40
0.0
 40
0.0
 40
0.0
 40
0.0
 40
0.1217934629516924
 40
0.2414064800723852
 40
0.3580567080762262
 40
0.4726217336171676
 40
0.5906497358914018
 40
0.7176408496579473
 40
0.8535213046917748
 40
1.0
 40
1.0
 40
1.0
 40
1.0
 10
-129.185459563794
 20
-207.8860759493666
 30
0.0
 10
-128.4628530884831
 20
-207.8926520107408
 30
0.0
 10
-127.0305768278806
 20
-207.9056864034791
 30
0.0
 10
-124.911389717075
 20
-208.0636137637972
 30
0.0
 10
-122.8422684375294
 20
-208.2914140395106
 30
0.0
 10
-120.7981689176977
 20
-208.6352817359036
 30
0.0
 10
-118.7183274295197
 20
-209.1169462059626
 30
0.0
 10
-116.5625052514842
 20
-209.7986550658565
 30
0.0
 10
-114.2869375101927
 20
-210.6506377217497
 30
0.0
 10
-112.7626187191835
 20
-211.3458394270617
 30
0.0
 10
-111.9718519688573
 20
-211.7064873417717
 30
0.0
  0
SPLINE
  5
479
330
1F
100
AcDbEntity
  8
0
  6
Continuous
 62
     7
370
    15
100
AcDbSpline
210
0.0
220
0.0
230
1.0
 70
     8
 71
     3
 72
    23
 73
    19
 74
     0
 42
0.000000001
 43
0.00000001
 40
0.0
 40
0.0
 40
0.0
 40
0.0
 40
0.0663556651104719
 40
0.1299592805027416
 40
0.1913070661228519
 40
0.2507342945933498
 40
0.3089526802461864
 40
0.3667471295868816
 40
0.4247712765601426
 40
0.4836577964795262
 40
0.542951191569374
 40
0.6024355595057641
 40
0.6626834042252766
 40
0.7247098542486472
 40
0.7888050259436348
 40
0.8556996251834895
 40
0.9258854157864644
 40
1.0
 40
1.0
 40
1.0
 40
1.0
 10
-153.7440038675914
 20
-230.9216772151894
 30
0.0
 10
-153.724231476119
 20
-230.0794735549387
 30
0.0
 10
-153.685506737767
 20
-228.4299959776927
 30
0.0
 10
-153.3737683831459
 20
-226.0181200538778
 30
0.0
 10
-152.8733849217186
 20
-223.7298375729429
 30
0.0
 10
-152.1697185466095
 20
-221.5657099076342
 30
0.0
 10
-151.2483916675507
 20
-219.5343206080143
 30
0.0
 10
-150.128331784651
 20
-217.6267394078772
 30
0.0
 10
-148.8091124394012
 20
-215.8394075006848
 30
0.0
 10
-147.2823904858252
 20
-214.200535246904
 30
0.0
 10
-145.5898373777066
 20
-212.704916911687
 30
0.0
 10
-143.7147640982047
 20
-211.4129427846524
 30
0.0
 10
-141.6789666086459
 20
-210.320575142746
 30
0.0
 10
-139.4873535981899
 20
-209.4204361608885
 30
0.0
 10
-137.1307577898387
 20
-208.7381853413363
 30
0.0
 10
-134.6234934079559
 20
-208.2474718098929
 30
0.0
 10
-131.957974786987
 20
-207.9321812354867
 30
0.0
 10
-130.1262550748028
 20
-207.901720821522
 30
0.0
 10
-129.185459563794
 20
-207.8860759493666
 30
0.0
  0
SPLINE
  5
47A
330
1F
100
AcDbEntity
  8
0
  6
Continuous
 62
     7
370
    15
100
AcDbSpline
210
0.0
220
0.0
230
1.0
 70
     8
 71
     3
 72
    23
 73
    19
 74
     0
 42
0.000000001
 43
0.00000001
 40
0.0
 40
0.0
 40
0.0
 40
0.0
 40
0.0725440640183556
 40
0.1413323944070982
 40
0.2070702412135503
 40
0.2699435066572269
 40
0.3306560449021776
 40
0.3898763229764696
 40
0.4482961057946407
 40
0.5067019208341562
 40
0.5646571731017822
 40
0.622566994492406
 40
0.6805349610251302
 40
0.7396128503669442
 40
0.8005611915507324
 40
0.8638728855031734
 40
0.9302073740128834
 40
1.0
 40
1.0
 40
1.0
 40
1.0
 10
-129.6466937410092
 20
-254.1139240506324
 30
0.0
 10
-130.5640924840081
 20
-254.096316727159
 30
0.0
 10
-132.3513946255217
 20
-254.0620136422785
 30
0.0
 10
-134.9578101697258
 20
-253.7731540900041
 30
0.0
 10
-137.407934894008
 20
-253.2851658808298
 30
0.0
 10
-139.7125749152512
 20
-252.6232401426445
 30
0.0
 10
-141.8541376104122
 20
-251.7434384475467
 30
0.0
 10
-143.8548930024555
 20
-250.6939520301304
 30
0.0
 10
-145.6918829256778
 20
-249.4281751347156
 30
0.0
 10
-147.3722374840876
 20
-247.9864856609296
 30
0.0
 10
-148.8757359503579
 20
-246.3692535904923
 30
0.0
 10
-150.1856709986989
 20
-244.5985639643661
 30
0.0
 10
-151.2902131421826
 20
-242.6761445663513
 30
0.0
 10
-152.1856039764023
 20
-240.6072172340968
 30
0.0
 10
-152.8969347395787
 20
-238.3963497866886
 30
0.0
 10
-153.3806196711782
 20
-236.0323551785269
 30
0.0
 10
-153.6979970603728
 20
-233.5265753154306
 30
0.0
 10
-153.7284107249353
 20
-231.8045584698831
 30
0.0
 10
-153.7440038675914
 20
-230.9216772151894
 30
0.0
  0
SPLINE
  5
47B
330
1F
100
AcDbEntity
  8
0
  6
Continuous
 62
     7
370
    15
100
AcDbSpline
210
0.0
220
0.0
230
1.0
 70
     8
 71
     3
 72
    15
 73
    11
 74
     0
 42
0.000000001
 43
0.00000001
 40
0.0
 40
0.0
 40
0.0
 40
0.0
 40
0.0945623543762131
 40
0.2014168349715579
 40
0.3216342350144621
 40
0.4543992097294776
 40
0.5927654320732094
 40
0.7293143555328493
 40
0.864896529263919
 40
1.0
 40
1.0
 40
1.0
 40
1.0
 10
-111.9718519688573
 20
-250.624208860759
 30
0.0
 10
-112.506917780598
 20
-250.8231381933054
 30
0.0
 10
-113.6466024152841
 20
-251.2468556103346
 30
0.0
 10
-115.5010817587947
 20
-251.8240866994619
 30
0.0
 10
-117.5953178203759
 20
-252.4000603383636
 30
0.0
 10
-119.8851154405441
 20
-252.9815458806989
 30
0.0
 10
-122.2955741929895
 20
-253.4823478227852
 30
0.0
 10
-124.7470954842218
 20
-253.8489965879292
 30
0.0
 10
-127.1969737396849
 20
-254.0753187289033
 30
0.0
 10
-128.8310837058687
 20
-254.1010707907518
 30
0.0
 10
-129.6466937410092
 20
-254.1139240506324
 30
0.0
  0
SPLINE
  5
4B5
330
1F
100
AcDbEntity
  8
0
  6
Continuous
 62
     7
370
    15
100
AcDbSpline
210
0.0
220
0.0
230
1.0
 70
     8
 71
     3
 72
    11
 73
     7
 74
     0
 42
0.000000001
 43
0.00000001
 40
0.0
 40
0.0
 40
0.0
 40
0.0
 40
0.2489374963953371
 40
0.4882485728538357
 40
0.7335678888461667
 40
1.0
 40
1.0
 40
1.0
 40
1.0
 10
329.4251494289681
 20
237.0917721518987
 30
0.0
 10
330.2316353823959
 20
236.9265764782128
 30
0.0
 10
331.8134204549126
 20
236.6025732521555
 30
0.0
 10
334.1890791887286
 20
236.113132459009
 30
0.0
 10
336.6112738521593
 20
235.5563745576654
 30
0.0
 10
338.2265806033001
 20
235.0494962793503
 30
0.0
 10
339.0675544922593
 20
234.7856012658227
 30
0.0
  0
SPLINE
  5
4B6
330
1F
100
AcDbEntity
  8
0
  6
Continuous
 62
     7
370
    15
100
AcDbSpline
210
0.0
220
0.0
230
1.0
 70
     8
 71
     3
 72
    19
 73
    15
 74
     0
 42
0.000000001
 43
0.00000001
 40
0.0
 40
0.0
 40
0.0
 40
0.0
 40
0.097818070256923
 40
0.1869214336884472
 40
0.2760247971199684
 40
0.3679312281770821
 40
0.419388387499869
 40
0.4783083824662431
 40
0.5451195731910801
 40
0.6194963793908768
 40
0.7025069208867112
 40
0.7929942971878023
 40
0.8920539882933815
 40
1.0
 40
1.0
 40
1.0
 40
1.0
 10
322.9504658846643
 20
241.5300632911392
 30
0.0
 10
322.9656186883612
 20
241.2492705737504
 30
0.0
 10
322.9945743177657
 20
240.7127012347138
 30
0.0
 10
323.2614714032189
 20
239.9577510575871
 30
0.0
 10
323.6947980539226
 20
239.3072401225014
 30
0.0
 10
324.2054641550067
 20
238.8694753085057
 30
0.0
 10
324.697001242926
 20
238.5626025529347
 30
0.0
 10
325.1526914058774
 20
238.3379779094706
 30
0.0
 10
325.6847513994726
 20
238.1253000060255
 30
0.0
 10
326.2881002690643
 20
237.9064139088707
 30
0.0
 10
326.9640841830435
 20
237.690291482726
 30
0.0
 10
327.7158492966385
 20
237.4810508889234
 30
0.0
 10
328.544244772215
 20
237.2833607118821
 30
0.0
 10
329.1232296742668
 20
237.1574368871119
 30
0.0
 10
329.4251494289681
 20
237.0917721518987
 30
0.0
  0
SPLINE
  5
4B7
330
1F
100
AcDbEntity
  8
0
  6
Continuous
 62
     7
370
    15
100
AcDbSpline
210
0.0
220
0.0
230
1.0
 70
     8
 71
     3
 72
    15
 73
    11
 74
     0
 42
0.000000001
 43
0.00000001
 40
0.0
 40
0.0
 40
0.0
 40
0.0
 40
0.1256156627216432
 40
0.2511475377700453
 40
0.376799092390915
 40
0.5055816362533769
 40
0.631149427150602
 40
0.7544462780102545
 40
0.874731822488209
 40
1.0
 40
1.0
 40
1.0
 40
1.0
 10
325.8223013277023
 20
245.2982594936708
 30
0.0
 10
325.6314603258486
 20
245.2097407320311
 30
0.0
 10
325.2499056161675
 20
245.0327622521934
 30
0.0
 10
324.7185871151956
 20
244.6897270678141
 30
0.0
 10
324.2253594233279
 20
244.2865360563318
 30
0.0
 10
323.7873030983397
 20
243.82332289895
 30
0.0
 10
323.4157521684716
 20
243.309247118391
 30
0.0
 10
323.1433805375851
 20
242.7515108424575
 30
0.0
 10
322.978603778277
 20
242.1514030533614
 30
0.0
 10
322.9599712096103
 20
241.7399594696923
 30
0.0
 10
322.9504658846643
 20
241.5300632911392
 30
0.0
  0
SPLINE
  5
4B8
330
1F
100
AcDbEntity
  8
0
  6
Continuous
 62
     7
370
    15
100
AcDbSpline
210
0.0
220
0.0
230
1.0
 70
     8
 71
     3
 72
    11
 73
     7
 74
     0
 42
0.000000001
 43
0.00000001
 40
0.0
 40
0.0
 40
0.0
 40
0.0
 40
0.2497805743677768
 40
0.5010278970290145
 40
0.7502511118986993
 40
0.9999999999999999
 40
0.9999999999999999
 40
0.9999999999999999
 40
0.9999999999999999
 10
331.4789468973225
 20
246.3164556962024
 30
0.0
 10
330.9968806944726
 20
246.3068185569762
 30
0.0
 10
330.0299175250826
 20
246.2874876878238
 30
0.0
 10
328.5914732975365
 20
246.118137836355
 30
0.0
 10
327.1656629903185
 20
245.8370427019917
 30
0.0
 10
326.2704029377237
 20
245.4779799887688
 30
0.0
 10
325.8223013277023
 20
245.2982594936708
 30
0.0
  0
SPLINE
  5
4B9
330
1F
100
AcDbEntity
  8
0
  6
Continuous
 62
     7
370
    15
100
AcDbSpline
210
0.0
220
0.0
230
1.0
 70
     8
 71
     3
 72
    15
 73
    11
 74
     0
 42
0.000000001
 43
0.00000001
 40
0.0
 40
0.0
 40
0.0
 40
0.0
 40
0.1115332226922379
 40
0.2276140623987025
 40
0.3505648525628123
 40
0.4796192535198831
 40
0.611248131476379
 40
0.7414360014793493
 40
0.8706741565115055
 40
1.0
 40
1.0
 40
1.0
 40
1.0
 10
346.2123329732719
 20
241.3037974683543
 30
0.0
 10
345.7399914303403
 20
241.6554840599533
 30
0.0
 10
344.7760492539091
 20
242.3731967904988
 30
0.0
 10
343.170223636742
 20
243.2979605960653
 30
0.0
 10
341.4244707572263
 20
244.1516007046546
 30
0.0
 10
339.5405550331655
 20
244.8959297806707
 30
0.0
 10
337.5782516141562
 20
245.5374528669114
 30
0.0
 10
335.5618379147994
 20
245.9860585261997
 30
0.0
 10
333.5263030114133
 20
246.2684098068444
 30
0.0
 10
332.1615532141177
 20
246.300436779246
 30
0.0
 10
331.4789468973225
 20
246.3164556962024
 30
0.0
  0
SPLINE
  5
4BC
330
1F
100
AcDbEntity
  8
0
  6
Continuous
 62
     7
370
    15
100
AcDbSpline
210
0.0
220
0.0
230
1.0
 70
     8
 71
     3
 72
    15
 73
    11
 74
     0
 42
0.000000001
 43
0.00000001
 40
0.0
 40
0.0
 40
0.0
 40
0.0
 40
0.133175945483543
 40
0.2661260833233342
 40
0.3985680531728541
 40
0.5309336818606073
 40
0.6599428009481292
 40
0.780937764208845
 40
0.8942992585681695
 40
1.0
 40
1.0
 40
1.0
 40
1.0
 10
331.2613836061833
 20
254.1139240506328
 30
0.0
 10
331.9956089695071
 20
254.1041768465545
 30
0.0
 10
333.4628147738929
 20
254.0846989653552
 30
0.0
 10
335.6546041195718
 20
253.9181338483705
 30
0.0
 10
337.8345526936536
 20
253.6751166266556
 30
0.0
 10
339.9740193566436
 20
253.3014509023643
 30
0.0
 10
342.0385710107905
 20
252.8754288373346
 30
0.0
 10
343.9829813965782
 20
252.3917486561193
 30
0.0
 10
345.777984511913
 20
251.8472458575843
 30
0.0
 10
346.9103918504139
 20
251.4273091596493
 30
0.0
 10
347.4567949985884
 20
251.2246835443037
 30
0.0
  0
SPLINE
  5
4BD
330
1F
100
AcDbEntity
  8
0
  6
Continuous
 62
     7
370
    15
100
AcDbSpline
210
0.0
220
0.0
230
1.0
 70
     8
 71
     3
 72
    23
 73
    19
 74
     0
 42
0.000000001
 43
0.00000001
 40
0.0
 40
0.0
 40
0.0
 40
0.0
 40
0.055936937129169
 40
0.110082893205751
 40
0.163065306390569
 40
0.2158889091327528
 40
0.2697103977911626
 40
0.3250350035445038
 40
0.3828175868436142
 40
0.4437768443314931
 40
0.5068987224101761
 40
0.570840498375191
 40
0.6363835436707075
 40
0.7036995128061218
 40
0.773136328647425
 40
0.8455362773607129
 40
0.921145946343039
 40
0.9999999999999999
 40
0.9999999999999999
 40
0.9999999999999999
 40
0.9999999999999999
 10
311.2542633530188
 20
240.0071202531645
 30
0.0
 10
311.270676187126
 20
240.5158239302963
 30
0.0
 10
311.3029763515069
 20
241.5169436811643
 30
0.0
 10
311.5676049920695
 20
242.9817232283432
 30
0.0
 10
312.0193044943626
 20
244.3671673320242
 30
0.0
 10
312.6291724758556
 20
245.6886910520789
 30
0.0
 10
313.4337687962877
 20
246.9264489160027
 30
0.0
 10
314.3950783218531
 20
248.1050097960915
 30
0.0
 10
315.5496593631514
 20
249.1925100605627
 30
0.0
 10
316.8595926532345
 20
250.2046568895545
 30
0.0
 10
318.3060418250279
 20
251.1195922122549
 30
0.0
 10
319.8631945902229
 20
251.9250370347968
 30
0.0
 10
321.5216817440868
 20
252.6011636775841
 30
0.0
 10
323.2753223413363
 20
253.1616770573977
 30
0.0
 10
325.1314486408646
 20
253.5817322404142
 30
0.0
 10
327.0838310820754
 20
253.8980621493913
 30
0.0
 10
329.1402981236359
 20
254.0798621050164
 30
0.0
 10
330.5445235747409
 20
254.102412186728
 30
0.0
 10
331.2613836061833
 20
254.1139240506328
 30
0.0
  0
SPLINE
  5
4BE
330
1F
100
AcDbEntity
  8
0
  6
Continuous
 62
     7
370
    15
100
AcDbSpline
210
0.0
220
0.0
230
1.0
 70
     8
 71
     3
 72
    23
 73
    19
 74
     0
 42
0.000000001
 43
0.00000001
 40
0.0
 40
0.0
 40
0.0
 40
0.0
 40
0.0804404900741067
 40
0.1565849499744045
 40
0.2283912801048048
 40
0.2965868449823153
 40
0.3610946314577035
 40
0.422419379385077
 40
0.4812652874287244
 40
0.5374442158989724
 40
0.5928689180964304
 40
0.6479338669840273
 40
0.7030879143562623
 40
0.7596856456693054
 40
0.8168117723698847
 40
0.875804512661052
 40
0.9366258135335427
 40
1.0
 40
1.0
 40
1.0
 40
1.0
 10
321.8887570239049
 20
227.2753164556961
 30
0.0
 10
321.4318090205488
 20
227.4306320670036
 30
0.0
 10
320.5423169229683
 20
227.732968455114
 30
0.0
 10
319.2700519855114
 20
228.2440989209801
 30
0.0
 10
318.099111790517
 20
228.802823845537
 30
0.0
 10
317.0256379080017
 20
229.3992679798698
 30
0.0
 10
316.0573347416224
 20
230.0471856411652
 30
0.0
 10
315.1798569551538
 20
230.7253917757527
 30
0.0
 10
314.404085799908
 20
231.4470092036073
 30
0.0
 10
313.723491580863
 20
232.2125064480667
 30
0.0
 10
313.1405344426074
 20
233.0268156117689
 30
0.0
 10
312.6334851219741
 20
233.8827025263376
 30
0.0
 10
312.2011322181522
 20
234.7870872180008
 30
0.0
 10
311.8587954960448
 20
235.7419852860373
 30
0.0
 10
311.5839541177951
 20
236.7423936175232
 30
0.0
 10
311.3996021178437
 20
237.7885870228493
 30
0.0
 10
311.2680345200803
 20
238.8811636298314
 30
0.0
 10
311.2589162187593
 20
239.6266931641123
 30
0.0
 10
311.2542633530188
 20
240.0071202531645
 30
0.0
  0
SPLINE
  5
4BF
330
1F
100
AcDbEntity
  8
0
  6
Continuous
 62
     7
370
    15
100
AcDbSpline
210
0.0
220
0.0
230
1.0
 70
     8
 71
     3
 72
    11
 73
     7
 74
     0
 42
0.000000001
 43
0.00000001
 40
0.0
 40
0.0
 40
0.0
 40
0.0
 40
0.2440252494738069
 40
0.5006640355602678
 40
0.7560997141221809
 40
0.9999999999999999
 40
0.9999999999999999
 40
0.9999999999999999
 40
0.9999999999999999
 10
332.523250694791
 20
224.8212025316455
 30
0.0
 10
331.6570551047655
 20
225.0184283079087
 30
0.0
 10
329.8798907309076
 20
225.4230743569275
 30
0.0
 10
327.1739679417169
 20
225.9241261634385
 30
0.0
 10
324.477493601137
 20
226.4850645787489
 30
0.0
 10
322.738276394064
 20
227.0159875295026
 30
0.0
 10
321.8887570239049
 20
227.2753164556961
 30
0.0
  0
SPLINE
  5
4C0
330
1F
100
AcDbEntity
  8
0
  6
Continuous
 62
     7
370
    15
100
AcDbSpline
210
0.0
220
0.0
230
1.0
 70
     8
 71
     3
 72
    15
 73
    11
 74
     0
 42
0.000000001
 43
0.00000001
 40
0.0
 40
0.0
 40
0.0
 40
0.0
 40
0.1031969424780786
 40
0.2029155879580825
 40
0.3070184463566189
 40
0.4193637574781938
 40
0.5429774702557411
 40
0.6783848851538139
 40
0.8312511858851616
 40
1.0
 40
1.0
 40
1.0
 40
1.0
 10
337.4314785428922
 20
220.6526898734176
 30
0.0
 10
337.4174669057319
 20
220.8927703126868
 30
0.0
 10
337.3899158996228
 20
221.3648391775358
 30
0.0
 10
337.1359509109618
 20
222.0402896145609
 30
0.0
 10
336.7357981423361
 20
222.6603235765752
 30
0.0
 10
336.1718984857096
 20
223.2185844264061
 30
0.0
 10
335.4709012293531
 20
223.7243792629356
 30
0.0
 10
334.6162524337818
 20
224.1565936567508
 30
0.0
 10
333.6261991081836
 20
224.5407961350607
 30
0.0
 10
332.9028080516794
 20
224.7247063497298
 30
0.0
 10
332.5232506947909
 20
224.8212025316455
 30
0.0
  0
SPLINE
  5
4C1
330
1F
100
AcDbEntity
  8
0
  6
Continuous
 62
     7
370
    15
100
AcDbSpline
210
0.0
220
0.0
230
1.0
 70
     8
 71
     3
 72
    15
 73
    11
 74
     0
 42
0.000000001
 43
0.00000001
 40
0.0
 40
0.0
 40
0.0
 40
0.0
 40
0.128093384039849
 40
0.2517307614395293
 40
0.367575718013525
 40
0.4812695932275983
 40
0.5961598126188736
 40
0.7165283887067123
 40
0.8501178332222705
 40
1.0
 40
1.0
 40
1.0
 40
1.0
 10
334.4204025935251
 20
216.5363924050632
 30
0.0
 10
334.6314103043401
 20
216.6367748342305
 30
0.0
 10
335.0460853643461
 20
216.8340476716908
 30
0.0
 10
335.6152690657402
 20
217.1905877959498
 30
0.0
 10
336.1290482732203
 20
217.5793123831502
 30
0.0
 10
336.5942917528988
 20
218.0038818985926
 30
0.0
 10
336.978975288749
 20
218.5168119169089
 30
0.0
 10
337.2534767264131
 20
219.1366279266171
 30
0.0
 10
337.4052295244814
 20
219.8621957705659
 30
0.0
 10
337.4223999102501
 20
220.3792851520193
 30
0.0
 10
337.4314785428922
 20
220.6526898734176
 30
0.0
  0
SPLINE
  5
4C2
330
1F
100
AcDbEntity
  8
0
  6
Continuous
 62
     7
370
    15
100
AcDbSpline
210
0.0
220
0.0
230
1.0
 70
     8
 71
     3
 72
    15
 73
    11
 74
     0
 42
0.000000001
 43
0.00000001
 40
0.0
 40
0.0
 40
0.0
 40
0.0
 40
0.1008003475984571
 40
0.2158057139703981
 40
0.3448406088168988
 40
0.4898768352221132
 40
0.6354838609027621
 40
0.7702069387532589
 40
0.8905651733688431
 40
1.0
 40
1.0
 40
1.0
 40
1.0
 10
328.902997530234
 20
215.6835443037974
 30
0.0
 10
329.0916590734396
 20
215.6839506673682
 30
0.0
 10
329.4955687820891
 20
215.6848206602067
 30
0.0
 10
330.1386405640655
 20
215.7410206911477
 30
0.0
 10
330.8654374124768
 20
215.7830744687585
 30
0.0
 10
331.6453412048514
 20
215.8742354517159
 30
0.0
 10
332.4359009684607
 20
215.9718540996238
 30
0.0
 10
333.1673572815133
 20
216.1368211356938
 30
0.0
 10
333.8315791277608
 20
216.2973627938753
 30
0.0
 10
334.2304482996864
 20
216.4592815159093
 30
0.0
 10
334.4204025935251
 20
216.5363924050632
 30
0.0
  0
SPLINE
  5
4C3
330
1F
100
AcDbEntity
  8
0
  6
Continuous
 62
     7
370
    15
100
AcDbSpline
210
0.0
220
0.0
230
1.0
 70
     8
 71
     3
 72
    15
 73
    11
 74
     0
 42
0.000000001
 43
0.00000001
 40
0.0
 40
0.0
 40
0.0
 40
0.0
 40
0.1288278085587794
 40
0.256899282938013
 40
0.3858804107098024
 40
0.5156446856433317
 40
0.643731033030905
 40
0.7663669630340464
 40
0.8852014640197017
 40
1.0
 40
1.0
 40
1.0
 40
1.0
 10
312.5074279099808
 20
221.8101265822784
 30
0.0
 10
313.1081661240137
 20
221.334286376774
 30
0.0
 10
314.30611568277
 20
220.3853995723277
 30
0.0
 10
316.2567382094503
 20
219.1698533292692
 30
0.0
 10
318.3017023796444
 20
218.1129016186357
 30
0.0
 10
320.4337095352914
 20
217.2443408385174
 30
0.0
 10
322.5883211160776
 20
216.5463582033116
 30
0.0
 10
324.7334872464519
 20
216.0652060828977
 30
0.0
 10
326.8303457766062
 20
215.7363725868325
 30
0.0
 10
328.2201162835618
 20
215.7009497573259
 30
0.0
 10
328.902997530234
 20
215.6835443037974
 30
0.0
  0
SPLINE
  5
4C6
330
1F
100
AcDbEntity
  8
0
  6
Continuous
 62
     7
370
    15
100
AcDbSpline
210
0.0
220
0.0
230
1.0
 70
     8
 71
     3
 72
    15
 73
    11
 74
     0
 42
0.000000001
 43
0.00000001
 40
0.0
 40
0.0
 40
0.0
 40
0.0
 40
0.150401978516321
 40
0.2913153312907986
 40
0.4230861373318152
 40
0.5457632648394162
 40
0.6629162054031803
 40
0.7776639694815064
 40
0.8898582485132758
 40
0.9999999999999999
 40
0.9999999999999999
 40
0.9999999999999999
 40
0.9999999999999999
 10
328.5113836061833
 20
207.886075949367
 30
0.0
 10
327.6233512299015
 20
207.8966674818892
 30
0.0
 10
325.9033110519366
 20
207.9171823437016
 30
0.0
 10
323.411360017488
 20
208.1057659691066
 30
0.0
 10
321.0934235970752
 20
208.3900673420279
 30
0.0
 10
318.9393091092704
 20
208.8153457033722
 30
0.0
 10
316.9132854249078
 20
209.3436823691545
 30
0.0
 10
314.9626476877162
 20
209.9118506563011
 30
0.0
 10
313.078870452678
 20
210.5561935249489
 30
0.0
 10
311.8587110262424
 20
211.0402629549614
 30
0.0
 10
311.2542633530188
 20
211.2800632911392
 30
0.0
  0
SPLINE
  5
4C7
330
1F
100
AcDbEntity
  8
0
  6
Continuous
 62
     7
370
    15
100
AcDbSpline
210
0.0
220
0.0
230
1.0
 70
     8
 71
     3
 72
    23
 73
    19
 74
     0
 42
0.000000001
 43
0.00000001
 40
0.0
 40
0.0
 40
0.0
 40
0.0
 40
0.0567095152170407
 40
0.1113585594434199
 40
0.1647177049705316
 40
0.2174906818934104
 40
0.2710347513071942
 40
0.3255327172132309
 40
0.3820270466869616
 40
0.4414031920540242
 40
0.5025272108959002
 40
0.5652400352780553
 40
0.6298723809134859
 40
0.6970522239706397
 40
0.7673712767105745
 40
0.8410960293404539
 40
0.9185515872417753
 40
1.0
 40
1.0
 40
1.0
 40
1.0
 10
349.1276810745378
 20
222.7151898734176
 30
0.0
 10
349.1116258816364
 20
222.177447642688
 30
0.0
 10
349.0800988416635
 20
221.1215013885758
 30
0.0
 10
348.8118232322017
 20
219.5781668265456
 30
0.0
 10
348.3746893178717
 20
218.1152966159988
 30
0.0
 10
347.7700775101372
 20
216.7237259058588
 30
0.0
 10
346.9830042250065
 20
215.413133784438
 30
0.0
 10
346.0107847323284
 20
214.1898118748402
 30
0.0
 10
344.8824429896993
 20
213.0304998652732
 30
0.0
 10
343.5773106475446
 20
211.9718025670462
 30
0.0
 10
342.1340624119689
 20
211.001876915245
 30
0.0
 10
340.5511290801761
 20
210.1671972530776
 30
0.0
 10
338.8444992045776
 20
209.4647447700152
 30
0.0
 10
337.0191212696884
 20
208.8757820517906
 30
0.0
 10
335.0626880327264
 20
208.4408067163341
 30
0.0
 10
332.9869750792676
 20
208.1222707750379
 30
0.0
 10
330.7898708247517
 20
207.9140056695746
 30
0.0
 10
329.2834964714829
 20
207.8955405169629
 30
0.0
 10
328.5113836061833
 20
207.886075949367
 30
0.0
  0
SPLINE
  5
4C8
330
1F
100
AcDbEntity
  8
0
  6
Continuous
 62
     7
370
    15
100
AcDbSpline
210
0.0
220
0.0
230
1.0
 70
     8
 71
     3
 72
    23
 73
    19
 74
     0
 42
0.000000001
 43
0.00000001
 40
0.0
 40
0.0
 40
0.0
 40
0.0
 40
0.0773366854144143
 40
0.1512830390763372
 40
0.2209259408319431
 40
0.2878669311323293
 40
0.3513016938449195
 40
0.4121551752060484
 40
0.4707059424528802
 40
0.5270611766009395
 40
0.5824037771841384
 40
0.6376544719182846
 40
0.694046690637444
 40
0.7509312664121632
 40
0.8096309586534821
 40
0.8704073017677941
 40
0.9341126463547661
 40
1.0
 40
1.0
 40
1.0
 40
1.0
 10
339.0675544922593
 20
234.7856012658227
 30
0.0
 10
339.4840093679051
 20
234.6450833539135
 30
0.0
 10
340.2986623219109
 20
234.3702076381471
 30
0.0
 10
341.4609431086769
 20
233.8929466159748
 30
0.0
 10
342.5385264323843
 20
233.3728272045208
 30
0.0
 10
343.5409657300546
 20
232.8349333910378
 30
0.0
 10
344.448281351444
 20
232.2351181748782
 30
0.0
 10
345.2812997221391
 20
231.6126731909879
 30
0.0
 10
346.0218279186395
 20
230.9403054138797
 30
0.0
 10
346.6809257436065
 20
230.2306478180568
 30
0.0
 10
347.2610222427057
 20
229.4780575968602
 30
0.0
 10
347.7604063059155
 20
228.669292531135
 30
0.0
 10
348.1841905310841
 20
227.8092997617041
 30
0.0
 10
348.5397683203217
 20
226.8971482425819
 30
0.0
 10
348.794095473498
 20
225.9260382569807
 30
0.0
 10
348.9850810215417
 20
224.9024660588249
 30
0.0
 10
349.1130426610915
 20
223.8265272731057
 30
0.0
 10
349.1227471372164
 20
223.0897707043984
 30
0.0
 10
349.1276810745377
 20
222.7151898734176
 30
0.0
  0
SPLINE
  5
4C9
330
1F
100
AcDbEntity
  8
0
  6
Continuous
 62
     7
370
    15
100
AcDbSpline
210
0.0
220
0.0
230
1.0
 70
     8
 71
     3
 72
    11
 73
     7
 74
     0
 42
0.000000001
 43
0.00000001
 40
0.0
 40
0.0
 40
0.0
 40
0.0
 40
0.248937496395338
 40
0.4882485728538367
 40
0.7335678888461679
 40
1.0
 40
1.0
 40
1.0
 40
1.0
 10
-66.60605324198686
 20
303.0917721518986
 30
0.0
 10
-65.799567288559
 20
302.9265764782128
 30
0.0
 10
-64.21778221604238
 20
302.6025732521555
 30
0.0
 10
-61.84212348222646
 20
302.1131324590089
 30
0.0
 10
-59.41992881879559
 20
301.5563745576654
 30
0.0
 10
-57.80462206765482
 20
301.0494962793504
 30
0.0
 10
-56.96364817869571
 20
300.7856012658227
 30
0.0
  0
SPLINE
  5
4CA
330
1F
100
AcDbEntity
  8
0
  6
Continuous
 62
     7
370
    15
100
AcDbSpline
210
0.0
220
0.0
230
1.0
 70
     8
 71
     3
 72
    19
 73
    15
 74
     0
 42
0.000000001
 43
0.00000001
 40
0.0
 40
0.0
 40
0.0
 40
0.0
 40
0.0978180702569199
 40
0.1869214336884398
 40
0.2760247971199639
 40
0.3679312281770755
 40
0.4193883874998658
 40
0.4783083824662431
 40
0.54511957319108
 40
0.6194963793908761
 40
0.7025069208867072
 40
0.7929942971878017
 40
0.8920539882933788
 40
1.0
 40
1.0
 40
1.0
 40
1.0
 10
-73.08073678629064
 20
307.5300632911391
 30
0.0
 10
-73.06558398259371
 20
307.2492705737502
 30
0.0
 10
-73.03662835318914
 20
306.7127012347138
 30
0.0
 10
-72.76973126773608
 20
305.9577510575871
 30
0.0
 10
-72.33640461703229
 20
305.3072401225014
 30
0.0
 10
-71.82573851594816
 20
304.8694753085058
 30
0.0
 10
-71.33420142802898
 20
304.5626025529345
 30
0.0
 10
-70.87851126507744
 20
304.3379779094707
 30
0.0
 10
-70.34645127148234
 20
304.1253000060253
 30
0.0
 10
-69.7431024018907
 20
303.9064139088707
 30
0.0
 10
-69.0671184879114
 20
303.6902914827258
 30
0.0
 10
-68.31535337431644
 20
303.4810508889233
 30
0.0
 10
-67.48695789874003
 20
303.283360711882
 30
0.0
 10
-66.90797299668823
 20
303.1574368871118
 30
0.0
 10
-66.60605324198684
 20
303.0917721518986
 30
0.0
  0
SPLINE
  5
4CB
330
1F
100
AcDbEntity
  8
0
  6
Continuous
 62
     7
370
    15
100
AcDbSpline
210
0.0
220
0.0
230
1.0
 70
     8
 71
     3
 72
    15
 73
    11
 74
     0
 42
0.000000001
 43
0.00000001
 40
0.0
 40
0.0
 40
0.0
 40
0.0
 40
0.1256156627216445
 40
0.251147537770043
 40
0.3767990923909108
 40
0.5055816362533694
 40
0.6311494271505977
 40
0.7544462780102577
 40
0.8747318224882003
 40
1.0
 40
1.0
 40
1.0
 40
1.0
 10
-70.20890134325266
 20
311.2982594936707
 30
0.0
 10
-70.39974234510645
 20
311.209740732031
 30
0.0
 10
-70.78129705478746
 20
311.0327622521934
 30
0.0
 10
-71.31261555575938
 20
310.6897270678141
 30
0.0
 10
-71.80584324762704
 20
310.2865360563318
 30
0.0
 10
-72.2438995726152
 20
309.82332289895
 30
0.0
 10
-72.61545050248344
 20
309.3092471183909
 30
0.0
 10
-72.88782213336992
 20
308.7515108424574
 30
0.0
 10
-73.05259889267812
 20
308.1514030533614
 30
0.0
 10
-73.07123146134461
 20
307.7399594696922
 30
0.0
 10
-73.08073678629064
 20
307.5300632911391
 30
0.0
  0
SPLINE
  5
4CC
330
1F
100
AcDbEntity
  8
0
  6
Continuous
 62
     7
370
    15
100
AcDbSpline
210
0.0
220
0.0
230
1.0
 70
     8
 71
     3
 72
    11
 73
     7
 74
     0
 42
0.000000001
 43
0.00000001
 40
0.0
 40
0.0
 40
0.0
 40
0.0
 40
0.2497805743677768
 40
0.5010278970290133
 40
0.7502511118987037
 40
0.9999999999999999
 40
0.9999999999999999
 40
0.9999999999999999
 40
0.9999999999999999
 10
-64.55225577363241
 20
312.3164556962024
 30
0.0
 10
-65.0343219764824
 20
312.3068185569762
 30
0.0
 10
-66.00128514587227
 20
312.2874876878238
 30
0.0
 10
-67.43972937341853
 20
312.1181378363549
 30
0.0
 10
-68.86553968063636
 20
311.8370427019918
 30
0.0
 10
-69.76079973323124
 20
311.4779799887689
 30
0.0
 10
-70.20890134325266
 20
311.2982594936707
 30
0.0
  0
SPLINE
  5
4CD
330
1F
100
AcDbEntity
  8
0
  6
Continuous
 62
     7
370
    15
100
AcDbSpline
210
0.0
220
0.0
230
1.0
 70
     8
 71
     3
 72
    15
 73
    11
 74
     0
 42
0.000000001
 43
0.00000001
 40
0.0
 40
0.0
 40
0.0
 40
0.0
 40
0.111533222692239
 40
0.2276140623987021
 40
0.3505648525628144
 40
0.4796192535198852
 40
0.6112481314763795
 40
0.7414360014793482
 40
0.8706741565115047
 40
1.0
 40
1.0
 40
1.0
 40
1.0
 10
-49.81886969768305
 20
307.3037974683543
 30
0.0
 10
-50.29121124061469
 20
307.6554840599532
 30
0.0
 10
-51.25515341704587
 20
308.3731967904988
 30
0.0
 10
-52.86097903421296
 20
309.2979605960652
 30
0.0
 10
-54.60673191372867
 20
310.1516007046545
 30
0.0
 10
-56.49064763778946
 20
310.8959297806705
 30
0.0
 10
-58.45295105679878
 20
311.5374528669113
 30
0.0
 10
-60.46936475615546
 20
311.9860585261997
 30
0.0
 10
-62.50489965954165
 20
312.2684098068444
 30
0.0
 10
-63.86964945683727
 20
312.3004367792459
 30
0.0
 10
-64.55225577363241
 20
312.3164556962024
 30
0.0
  0
SPLINE
  5
4D0
330
1F
100
AcDbEntity
  8
0
  6
Continuous
 62
     7
370
    15
100
AcDbSpline
210
0.0
220
0.0
230
1.0
 70
     8
 71
     3
 72
    15
 73
    11
 74
     0
 42
0.000000001
 43
0.00000001
 40
0.0
 40
0.0
 40
0.0
 40
0.0
 40
0.1331759454835408
 40
0.2661260833233347
 40
0.3985680531728524
 40
0.530933681860606
 40
0.6599428009481297
 40
0.7809377642088433
 40
0.8942992585681709
 40
1.0
 40
1.0
 40
1.0
 40
1.0
 10
-64.76981906477165
 20
320.1139240506328
 30
0.0
 10
-64.03559370144781
 20
320.1041768465544
 30
0.0
 10
-62.56838789706195
 20
320.0846989653552
 30
0.0
 10
-60.37659855138322
 20
319.9181338483704
 30
0.0
 10
-58.19664997730128
 20
319.6751166266556
 30
0.0
 10
-56.05718331431149
 20
319.3014509023642
 30
0.0
 10
-53.99263166016448
 20
318.8754288373345
 30
0.0
 10
-52.04822127437676
 20
318.3917486561193
 30
0.0
 10
-50.253218159042
 20
317.8472458575843
 30
0.0
 10
-49.12081082054095
 20
317.4273091596492
 30
0.0
 10
-48.57440767236658
 20
317.2246835443037
 30
0.0
  0
SPLINE
  5
4D1
330
1F
100
AcDbEntity
  8
0
  6
Continuous
 62
     7
370
    15
100
AcDbSpline
210
0.0
220
0.0
230
1.0
 70
     8
 71
     3
 72
    23
 73
    19
 74
     0
 42
0.000000001
 43
0.00000001
 40
0.0
 40
0.0
 40
0.0
 40
0.0
 40
0.0559369371291679
 40
0.1100828932057509
 40
0.1630653063905688
 40
0.2158889091327524
 40
0.2697103977911621
 40
0.3250350035445038
 40
0.3828175868436144
 40
0.4437768443314926
 40
0.5068987224101751
 40
0.5708404983751904
 40
0.6363835436707068
 40
0.7036995128061201
 40
0.7731363286474253
 40
0.8455362773607126
 40
0.9211459463430386
 40
0.9999999999999999
 40
0.9999999999999999
 40
0.9999999999999999
 40
0.9999999999999999
 10
-84.7769393179362
 20
306.0071202531644
 30
0.0
 10
-84.76052648382894
 20
306.5158239302962
 30
0.0
 10
-84.72822631944813
 20
307.5169436811643
 30
0.0
 10
-84.46359767888548
 20
308.9817232283432
 30
0.0
 10
-84.01189817659241
 20
310.367167332024
 30
0.0
 10
-83.40203019509934
 20
311.6886910520789
 30
0.0
 10
-82.59743387466726
 20
312.9264489160027
 30
0.0
 10
-81.63612434910173
 20
314.1050097960913
 30
0.0
 10
-80.48154330780369
 20
315.1925100605626
 30
0.0
 10
-79.17161001772045
 20
316.2046568895545
 30
0.0
 10
-77.7251608459271
 20
317.1195922122548
 30
0.0
 10
-76.16800808073206
 20
317.9250370347967
 30
0.0
 10
-74.50952092686819
 20
318.6011636775841
 30
0.0
 10
-72.75588032961866
 20
319.1616770573978
 30
0.0
 10
-70.89975403009032
 20
319.5817322404141
 30
0.0
 10
-68.94737158887943
 20
319.8980621493912
 30
0.0
 10
-66.89090454731912
 20
320.0798621050163
 30
0.0
 10
-65.48667909621406
 20
320.102412186728
 30
0.0
 10
-64.76981906477165
 20
320.1139240506328
 30
0.0
  0
SPLINE
  5
4D2
330
1F
100
AcDbEntity
  8
0
  6
Continuous
 62
     7
370
    15
100
AcDbSpline
210
0.0
220
0.0
230
1.0
 70
     8
 71
     3
 72
    23
 73
    19
 74
     0
 42
0.000000001
 43
0.00000001
 40
0.0
 40
0.0
 40
0.0
 40
0.0
 40
0.0804404900741068
 40
0.1565849499744046
 40
0.2283912801048022
 40
0.2965868449823135
 40
0.3610946314577039
 40
0.4224193793850768
 40
0.4812652874287237
 40
0.5374442158989727
 40
0.5928689180964304
 40
0.647933866984027
 40
0.7030879143562629
 40
0.7596856456693041
 40
0.8168117723698862
 40
0.875804512661052
 40
0.9366258135335445
 40
1.0
 40
1.0
 40
1.0
 40
1.0
 10
-74.14244564705014
 20
293.275316455696
 30
0.0
 10
-74.59939365040624
 20
293.4306320670036
 30
0.0
 10
-75.48888574798677
 20
293.732968455114
 30
0.0
 10
-76.7611506854435
 20
294.2440989209802
 30
0.0
 10
-77.93209088043808
 20
294.8028238455369
 30
0.0
 10
-79.00556476295323
 20
295.3992679798696
 30
0.0
 10
-79.9738679293326
 20
296.0471856411652
 30
0.0
 10
-80.85134571580123
 20
296.7253917757526
 30
0.0
 10
-81.62711687104697
 20
297.4470092036073
 30
0.0
 10
-82.30771109009187
 20
298.2125064480666
 30
0.0
 10
-82.89066822834748
 20
299.026815611769
 30
0.0
 10
-83.39771754898098
 20
299.8827025263373
 30
0.0
 10
-83.8300704528027
 20
300.7870872180009
 30
0.0
 10
-84.17240717491029
 20
301.7419852860371
 30
0.0
 10
-84.44724855315981
 20
302.7423936175232
 30
0.0
 10
-84.63160055311138
 20
303.7885870228492
 30
0.0
 10
-84.76316815087475
 20
304.8811636298315
 30
0.0
 10
-84.77228645219566
 20
305.6266931641123
 30
0.0
 10
-84.7769393179362
 20
306.0071202531644
 30
0.0
  0
SPLINE
  5
4D3
330
1F
100
AcDbEntity
  8
0
  6
Continuous
 62
     7
370
    15
100
AcDbSpline
210
0.0
220
0.0
230
1.0
 70
     8
 71
     3
 72
    11
 73
     7
 74
     0
 42
0.000000001
 43
0.00000001
 40
0.0
 40
0.0
 40
0.0
 40
0.0
 40
0.2440252494738081
 40
0.5006640355602663
 40
0.7560997141221814
 40
0.9999999999999999
 40
0.9999999999999999
 40
0.9999999999999999
 40
0.9999999999999999
 10
-63.50795197616406
 20
290.8212025316454
 30
0.0
 10
-64.37414756618949
 20
291.0184283079087
 30
0.0
 10
-66.15131194004739
 20
291.4230743569274
 30
0.0
 10
-68.85723472923824
 20
291.9241261634384
 30
0.0
 10
-71.55370906981801
 20
292.4850645787488
 30
0.0
 10
-73.29292627689091
 20
293.0159875295026
 30
0.0
 10
-74.14244564705014
 20
293.275316455696
 30
0.0
  0
SPLINE
  5
4D4
330
1F
100
AcDbEntity
  8
0
  6
Continuous
 62
     7
370
    15
100
AcDbSpline
210
0.0
220
0.0
230
1.0
 70
     8
 71
     3
 72
    15
 73
    11
 74
     0
 42
0.000000001
 43
0.00000001
 40
0.0
 40
0.0
 40
0.0
 40
0.0
 40
0.1031969424780784
 40
0.2029155879580823
 40
0.307018446356619
 40
0.4193637574781973
 40
0.5429774702557417
 40
0.6783848851538143
 40
0.831251185885162
 40
1.0
 40
1.0
 40
1.0
 40
1.0
 10
-58.59972412806279
 20
286.6526898734176
 30
0.0
 10
-58.6137357652231
 20
286.8927703126867
 30
0.0
 10
-58.64128677133208
 20
287.3648391775358
 30
0.0
 10
-58.89525175999329
 20
288.0402896145608
 30
0.0
 10
-59.29540452861896
 20
288.6603235765752
 30
0.0
 10
-59.85930418524527
 20
289.2185844264063
 30
0.0
 10
-60.560301441602
 20
289.7243792629355
 30
0.0
 10
-61.41495023717304
 20
290.1565936567508
 30
0.0
 10
-62.40500356277138
 20
290.5407961350607
 30
0.0
 10
-63.12839461927563
 20
290.7247063497297
 30
0.0
 10
-63.50795197616406
 20
290.8212025316454
 30
0.0
  0
SPLINE
  5
4D5
330
1F
100
AcDbEntity
  8
0
  6
Continuous
 62
     7
370
    15
100
AcDbSpline
210
0.0
220
0.0
230
1.0
 70
     8
 71
     3
 72
    15
 73
    11
 74
     0
 42
0.000000001
 43
0.00000001
 40
0.0
 40
0.0
 40
0.0
 40
0.0
 40
0.1280933840398459
 40
0.2517307614395248
 40
0.3675757180135157
 40
0.4812695932275992
 40
0.596159812618874
 40
0.7165283887067113
 40
0.8501178332222702
 40
0.9999999999999999
 40
0.9999999999999999
 40
0.9999999999999999
 40
0.9999999999999999
 10
-61.61080007742988
 20
282.5363924050631
 30
0.0
 10
-61.3997923666148
 20
282.6367748342304
 30
0.0
 10
-60.98511730660884
 20
282.8340476716907
 30
0.0
 10
-60.41593360521494
 20
283.1905877959497
 30
0.0
 10
-59.90215439773448
 20
283.5793123831502
 30
0.0
 10
-59.43691091805631
 20
284.0038818985925
 30
0.0
 10
-59.05222738220607
 20
284.5168119169088
 30
0.0
 10
-58.77772594454186
 20
285.1366279266171
 30
0.0
 10
-58.62597314647359
 20
285.8621957705657
 30
0.0
 10
-58.60880276070495
 20
286.3792851520192
 30
0.0
 10
-58.59972412806279
 20
286.6526898734176
 30
0.0
  0
SPLINE
  5
4D6
330
1F
100
AcDbEntity
  8
0
  6
Continuous
 62
     7
370
    15
100
AcDbSpline
210
0.0
220
0.0
230
1.0
 70
     8
 71
     3
 72
    15
 73
    11
 74
     0
 42
0.000000001
 43
0.00000001
 40
0.0
 40
0.0
 40
0.0
 40
0.0
 40
0.1008003475984522
 40
0.2158057139703977
 40
0.3448406088168934
 40
0.4898768352221106
 40
0.6354838609027605
 40
0.7702069387532547
 40
0.8905651733688427
 40
1.0
 40
1.0
 40
1.0
 40
1.0
 10
-67.12820514072101
 20
281.6835443037973
 30
0.0
 10
-66.93954359751537
 20
281.6839506673681
 30
0.0
 10
-66.53563388886592
 20
281.6848206602066
 30
0.0
 10
-65.89256210688949
 20
281.7410206911478
 30
0.0
 10
-65.16576525847819
 20
281.7830744687583
 30
0.0
 10
-64.38586146610358
 20
281.874235451716
 30
0.0
 10
-63.59530170249425
 20
281.9718540996236
 30
0.0
 10
-62.86384538944165
 20
282.1368211356938
 30
0.0
 10
-62.19962354319409
 20
282.2973627938753
 30
0.0
 10
-61.80075437126865
 20
282.4592815159093
 30
0.0
 10
-61.61080007742988
 20
282.5363924050632
 30
0.0
  0
SPLINE
  5
4D7
330
1F
100
AcDbEntity
  8
0
  6
Continuous
 62
     7
370
    15
100
AcDbSpline
210
0.0
220
0.0
230
1.0
 70
     8
 71
     3
 72
    15
 73
    11
 74
     0
 42
0.000000001
 43
0.00000001
 40
0.0
 40
0.0
 40
0.0
 40
0.0
 40
0.1288278085587782
 40
0.2568992829380105
 40
0.3858804107098013
 40
0.5156446856433315
 40
0.6437310330309032
 40
0.7663669630340443
 40
0.8852014640197008
 40
1.0
 40
1.0
 40
1.0
 40
1.0
 10
-83.52377476097418
 20
287.8101265822783
 30
0.0
 10
-82.92303654694122
 20
287.3342863767739
 30
0.0
 10
-81.72508698818496
 20
286.3853995723277
 30
0.0
 10
-79.77446446150469
 20
285.1698533292692
 30
0.0
 10
-77.72950029131056
 20
284.1129016186355
 30
0.0
 10
-75.59749313566353
 20
283.2443408385175
 30
0.0
 10
-73.44288155487747
 20
282.5463582033114
 30
0.0
 10
-71.29771542450297
 20
282.0652060828979
 30
0.0
 10
-69.20085689434889
 20
281.7363725868322
 30
0.0
 10
-67.81108638739316
 20
281.7009497573258
 30
0.0
 10
-67.12820514072101
 20
281.6835443037973
 30
0.0
  0
SPLINE
  5
4DA
330
1F
100
AcDbEntity
  8
0
  6
Continuous
 62
     7
370
    15
100
AcDbSpline
210
0.0
220
0.0
230
1.0
 70
     8
 71
     3
 72
    15
 73
    11
 74
     0
 42
0.000000001
 43
0.00000001
 40
0.0
 40
0.0
 40
0.0
 40
0.0
 40
0.1504019785163205
 40
0.291315331290799
 40
0.4230861373318158
 40
0.545763264839417
 40
0.6629162054031793
 40
0.7776639694815095
 40
0.8898582485132771
 40
1.0
 40
1.0
 40
1.0
 40
1.0
 10
-67.51981906477165
 20
273.8860759493669
 30
0.0
 10
-68.40785144105351
 20
273.8966674818891
 30
0.0
 10
-70.12789161901848
 20
273.9171823437014
 30
0.0
 10
-72.61984265346692
 20
274.1057659691066
 30
0.0
 10
-74.93777907387987
 20
274.3900673420279
 30
0.0
 10
-77.09189356168449
 20
274.8153457033722
 30
0.0
 10
-79.11791724604728
 20
275.3436823691545
 30
0.0
 10
-81.06855498323884
 20
275.9118506563011
 30
0.0
 10
-82.9523322182769
 20
276.5561935249489
 30
0.0
 10
-84.17249164471262
 20
277.0402629549613
 30
0.0
 10
-84.7769393179362
 20
277.2800632911391
 30
0.0
  0
SPLINE
  5
4DB
330
1F
100
AcDbEntity
  8
0
  6
Continuous
 62
     7
370
    15
100
AcDbSpline
210
0.0
220
0.0
230
1.0
 70
     8
 71
     3
 72
    23
 73
    19
 74
     0
 42
0.000000001
 43
0.00000001
 40
0.0
 40
0.0
 40
0.0
 40
0.0
 40
0.0567095152170417
 40
0.1113585594434209
 40
0.1647177049705331
 40
0.2174906818934103
 40
0.271034751307195
 40
0.3255327172132304
 40
0.3820270466869622
 40
0.4414031920540239
 40
0.5025272108958996
 40
0.5652400352780554
 40
0.6298723809134865
 40
0.6970522239706404
 40
0.7673712767105747
 40
0.8410960293404547
 40
0.9185515872417755
 40
1.0
 40
1.0
 40
1.0
 40
1.0
 10
-46.90352159641723
 20
288.7151898734176
 30
0.0
 10
-46.91957678931865
 20
288.1774476426879
 30
0.0
 10
-46.95110382929155
 20
287.1215013885757
 30
0.0
 10
-47.21937943875328
 20
285.5781668265454
 30
0.0
 10
-47.65651335308326
 20
284.1152966159988
 30
0.0
 10
-48.26112516081785
 20
282.7237259058588
 30
0.0
 10
-49.04819844594843
 20
281.4131337844381
 30
0.0
 10
-50.02041793862666
 20
280.18981187484
 30
0.0
 10
-51.14875968125565
 20
279.0304998652732
 30
0.0
 10
-52.45389202341028
 20
277.9718025670462
 30
0.0
 10
-53.89714025898615
 20
277.0018769152448
 30
0.0
 10
-55.48007359077885
 20
276.1671972530775
 30
0.0
 10
-57.18670346637731
 20
275.4647447700152
 30
0.0
 10
-59.01208140126663
 20
274.8757820517904
 30
0.0
 10
-60.96851463822859
 20
274.440806716334
 30
0.0
 10
-63.04422759168733
 20
274.1222707750378
 30
0.0
 10
-65.2413318462033
 20
273.9140056695746
 30
0.0
 10
-66.747706199472
 20
273.8955405169629
 30
0.0
 10
-67.51981906477165
 20
273.8860759493669
 30
0.0
  0
SPLINE
  5
4DC
330
1F
100
AcDbEntity
  8
0
  6
Continuous
 62
     7
370
    15
100
AcDbSpline
210
0.0
220
0.0
230
1.0
 70
     8
 71
     3
 72
    23
 73
    19
 74
     0
 42
0.000000001
 43
0.00000001
 40
0.0
 40
0.0
 40
0.0
 40
0.0
 40
0.0773366854144172
 40
0.1512830390763397
 40
0.2209259408319457
 40
0.2878669311323319
 40
0.3513016938449222
 40
0.4121551752060515
 40
0.4707059424528819
 40
0.527061176600942
 40
0.5824037771841399
 40
0.6376544719182878
 40
0.6940466906374456
 40
0.7509312664121661
 40
0.8096309586534836
 40
0.870407301767796
 40
0.9341126463547678
 40
1.0
 40
1.0
 40
1.0
 40
1.0
 10
-56.96364817869571
 20
300.7856012658227
 30
0.0
 10
-56.54719330304986
 20
300.6450833539135
 30
0.0
 10
-55.73254034904419
 20
300.3702076381471
 30
0.0
 10
-54.57025956227804
 20
299.8929466159746
 30
0.0
 10
-53.4926762385706
 20
299.3728272045208
 30
0.0
 10
-52.49023694090042
 20
298.8349333910377
 30
0.0
 10
-51.58292131951089
 20
298.2351181748782
 30
0.0
 10
-50.74990294881594
 20
297.6126731909877
 30
0.0
 10
-50.00937475231527
 20
296.9403054138799
 30
0.0
 10
-49.35027692734874
 20
296.2306478180565
 30
0.0
 10
-48.77018042824933
 20
295.4780575968603
 30
0.0
 10
-48.27079636503947
 20
294.6692925311348
 30
0.0
 10
-47.84701213987076
 20
293.8092997617042
 30
0.0
 10
-47.49143435063351
 20
292.8971482425817
 30
0.0
 10
-47.23710719745691
 20
291.9260382569806
 30
0.0
 10
-47.04612164941334
 20
290.9024660588249
 30
0.0
 10
-46.91816000986347
 20
289.8265272731056
 30
0.0
 10
-46.90845553373858
 20
289.0897707043983
 30
0.0
 10
-46.90352159641723
 20
288.7151898734176
 30
0.0
  0
SPLINE
  5
4E1
330
1F
100
AcDbEntity
  8
0
  6
Continuous
 62
     7
370
    15
100
AcDbSpline
210
0.0
220
0.0
230
1.0
 70
     8
 71
     3
 72
    15
 73
    11
 74
     0
 42
0.000000001
 43
0.00000001
 40
0.0
 40
0.0
 40
0.0
 40
0.0
 40
0.1043146912641169
 40
0.2088675376029039
 40
0.3164515289212601
 40
0.4259469327896905
 40
0.546133630946578
 40
0.6816549797702044
 40
0.8336740794821539
 40
1.0
 40
1.0
 40
1.0
 40
1.0
 10
67.72654797162664
 20
285.451740506329
 30
0.0
 10
67.83281653520031
 20
285.7052546349254
 30
0.0
 10
68.04559627819961
 20
286.2128616761372
 30
0.0
 10
68.28161809142105
 20
287.0140022270682
 30
0.0
 10
68.43878609738071
 20
287.8480147663662
 30
0.0
 10
68.5080684872276
 20
288.7344484268631
 30
0.0
 10
68.549514792228
 20
289.6952803834801
 30
0.0
 10
68.57277296377006
 20
290.7689110643884
 30
0.0
 10
68.59057433334392
 20
291.9640760303295
 30
0.0
 10
68.59466426634653
 20
292.8024700728145
 30
0.0
 10
68.5968011361836
 20
293.2405063291138
 30
0.0
  0
SPLINE
  5
4E2
330
1F
100
AcDbEntity
  8
0
  6
Continuous
 62
     7
370
    15
100
AcDbSpline
210
0.0
220
0.0
230
1.0
 70
     8
 71
     3
 72
    15
 73
    11
 74
     0
 42
0.000000001
 43
0.00000001
 40
0.0
 40
0.0
 40
0.0
 40
0.0
 40
0.17681146186268
 40
0.3328110913342619
 40
0.4697031702876336
 40
0.5891822543198862
 40
0.6982768232597635
 40
0.8016873836799162
 40
0.9012386671933994
 40
1.0
 40
1.0
 40
1.0
 40
1.0
 10
60.49474417415829
 20
282.2405063291138
 30
0.0
 10
60.98826399386952
 20
282.2495561018316
 30
0.0
 10
61.91721321505038
 20
282.2665904315227
 30
0.0
 10
63.22261265362199
 20
282.4159694788332
 30
0.0
 10
64.34453066905532
 20
282.6827097410101
 30
0.0
 10
65.30318928788029
 20
283.0449680767978
 30
0.0
 10
66.09703827313403
 20
283.5302692869132
 30
0.0
 10
66.77940774217322
 20
284.0756461057968
 30
0.0
 10
67.33279789026778
 20
284.7201128431504
 30
0.0
 10
67.59564695205887
 20
285.2085131100994
 30
0.0
 10
67.72654797162664
 20
285.451740506329
 30
0.0
  0
SPLINE
  5
4E3
330
1F
100
AcDbEntity
  8
0
  6
Continuous
 62
     7
370
    15
100
AcDbSpline
210
0.0
220
0.0
230
1.0
 70
     8
 71
     3
 72
    13
 73
     9
 74
     0
 42
0.000000001
 43
0.00000001
 40
0.0
 40
0.0
 40
0.0
 40
0.0
 40
0.2180327406297497
 40
0.4421954464300223
 40
0.5618445093617144
 40
0.693764250468114
 40
0.8399280581834877
 40
0.9999999999999999
 40
0.9999999999999999
 40
0.9999999999999999
 40
0.9999999999999999
 10
53.52401632605702
 20
283.9113924050631
 30
0.0
 10
54.01067529167477
 20
283.712731064646
 30
0.0
 10
54.99767558318582
 20
283.3098230433075
 30
0.0
 10
56.26244348369513
 20
282.8199084543987
 30
0.0
 10
57.37004862930937
 20
282.5153730237581
 30
0.0
 10
58.31665888582459
 20
282.3527770325913
 30
0.0
 10
59.37028197387329
 20
282.2607824626295
 30
0.0
 10
60.10874400465989
 20
282.2474666261979
 30
0.0
 10
60.49474417415828
 20
282.2405063291138
 30
0.0
  0
SPLINE
  5
4E6
330
1F
100
AcDbEntity
  8
0
  6
Continuous
 62
     7
370
    15
100
AcDbSpline
210
0.0
220
0.0
230
1.0
 70
     8
 71
     3
 72
    13
 73
     9
 74
     0
 42
0.000000001
 43
0.00000001
 40
0.0
 40
0.0
 40
0.0
 40
0.0
 40
0.2808961587582354
 40
0.5456322732173905
 40
0.6704361844714712
 40
0.7873704524149847
 40
0.8971516985176029
 40
1.0
 40
1.0
 40
1.0
 40
1.0
 10
62.89664290833551
 20
273.8860759493669
 30
0.0
 10
61.9129865401542
 20
273.8980922638116
 30
0.0
 10
60.00226386381647
 20
273.9214335903543
 30
0.0
 10
57.65825596099817
 20
274.0654114605829
 30
0.0
 10
55.89132186522098
 20
274.2216944531551
 30
0.0
 10
54.67114412822114
 20
274.3850153159772
 30
0.0
 10
53.52897005114431
 20
274.5517091039036
 30
0.0
 10
52.79831712426166
 20
274.6954867911745
 30
0.0
 10
52.44490240200639
 20
274.7650316455695
 30
0.0
  0
SPLINE
  5
4E7
330
1F
100
AcDbEntity
  8
0
  6
Continuous
 62
     7
370
    15
100
AcDbSpline
210
0.0
220
0.0
230
1.0
 70
     8
 71
     3
 72
    15
 73
    11
 74
     0
 42
0.000000001
 43
0.00000001
 40
0.0
 40
0.0
 40
0.0
 40
0.0
 40
0.1055059768117279
 40
0.2133905568562875
 40
0.3244701458595316
 40
0.4403142802557
 40
0.5630151662948731
 40
0.6965404762486046
 40
0.8415878321119646
 40
0.9999999999999999
 40
0.9999999999999999
 40
0.9999999999999999
 40
0.9999999999999999
 10
75.62844670580387
 20
277.82832278481
 30
0.0
 10
75.25746125460849
 20
277.5241792152834
 30
0.0
 10
74.50712658724247
 20
276.9090352430956
 30
0.0
 10
73.25192825331197
 20
276.1277673277257
 30
0.0
 10
71.88346805397471
 20
275.4600292456791
 30
0.0
 10
70.40377075961229
 20
274.8772616959134
 30
0.0
 10
68.77314234794628
 20
274.4176881961193
 30
0.0
 10
66.97207254141007
 20
274.122717212585
 30
0.0
 10
64.99607126096583
 20
273.9105002347428
 30
0.0
 10
63.6167021860221
 20
273.8944529598344
 30
0.0
 10
62.89664290833551
 20
273.8860759493669
 30
0.0
  0
SPLINE
  5
4E8
330
1F
100
AcDbEntity
  8
0
  6
Continuous
 62
     7
370
    15
100
AcDbSpline
210
0.0
220
0.0
230
1.0
 70
     8
 71
     3
 72
    15
 73
    11
 74
     0
 42
0.000000001
 43
0.00000001
 40
0.0
 40
0.0
 40
0.0
 40
0.0
 40
0.1313476406012106
 40
0.2599086436872702
 40
0.3866485598481467
 40
0.5121622594551042
 40
0.636320520848611
 40
0.7574669364645186
 40
0.8779510372881115
 40
1.0
 40
1.0
 40
1.0
 40
1.0
 10
79.73604164251272
 20
287.6099683544302
 30
0.0
 10
79.7262685017996
 20
287.1305315510934
 30
0.0
 10
79.70692956479489
 20
286.1818295514332
 30
0.0
 10
79.4941016633997
 20
284.7844468736885
 30
0.0
 10
79.17781785894094
 20
283.4303852695641
 30
0.0
 10
78.72434272815136
 20
282.1317485806368
 30
0.0
 10
78.1467310121029
 20
280.9053235268701
 30
0.0
 10
77.4333608233692
 20
279.775026320505
 30
0.0
 10
76.60672741922102
 20
278.7315559005772
 30
0.0
 10
75.95593993837645
 20
278.1306927781997
 30
0.0
 10
75.62844670580387
 20
277.82832278481
 30
0.0
  0
SPLINE
  5
4EC
330
1F
100
AcDbEntity
  8
0
  6
Continuous
 62
     7
370
    15
100
AcDbSpline
210
0.0
220
0.0
230
1.0
 70
     8
 71
     3
 72
    23
 73
    19
 74
     0
 42
0.000000001
 43
0.00000001
 40
0.0
 40
0.0
 40
0.0
 40
0.0
 40
0.0735612348692822
 40
0.142003291640837
 40
0.2062408599699679
 40
0.2668347536998105
 40
0.3238143932808509
 40
0.3784657223426042
 40
0.431089988165964
 40
0.4826762260099356
 40
0.5349626570239948
 40
0.5897758763314406
 40
0.6474062174969394
 40
0.7083161180307723
 40
0.7740422321981795
 40
0.8441681534380826
 40
0.9191510409313735
 40
1.0
 40
1.0
 40
1.0
 40
1.0
 10
263.9017008775934
 20
282.2405063291138
 30
0.0
 10
264.253023367979
 20
282.2464076985356
 30
0.0
 10
264.9312195694271
 20
282.2577997569282
 30
0.0
 10
265.9110072781165
 20
282.3669266654364
 30
0.0
 10
266.8204826676682
 20
282.5271953139023
 30
0.0
 10
267.6585604834067
 20
282.7597895655874
 30
0.0
 10
268.4230891666633
 20
283.0664298431844
 30
0.0
 10
269.1160525373645
 20
283.4383794863097
 30
0.0
 10
269.7287072620929
 20
283.8887877492242
 30
0.0
 10
270.2791466413488
 20
284.3970296116906
 30
0.0
 10
270.7540848690427
 20
284.9909269336798
 30
0.0
 10
271.1610635844596
 20
285.6657579745266
 30
0.0
 10
271.5121656516715
 20
286.4173330763009
 30
0.0
 10
271.7853059491828
 20
287.2550531172926
 30
0.0
 10
272.0139887257469
 20
288.1670570725664
 30
0.0
 10
272.1673980475615
 20
289.163263633306
 30
0.0
 10
272.2507134916244
 20
290.2395923808965
 30
0.0
 10
272.2657401583559
 20
290.9835043030955
 30
0.0
 10
272.2735363206314
 20
291.3694620253164
 30
0.0
  0
SPLINE
  5
4ED
330
1F
100
AcDbEntity
  8
0
  6
Continuous
 62
     7
370
    15
100
AcDbSpline
210
0.0
220
0.0
230
1.0
 70
     8
 71
     3
 72
    23
 73
    19
 74
     0
 42
0.000000001
 43
0.00000001
 40
0.0
 40
0.0
 40
0.0
 40
0.0
 40
0.0780882486071481
 40
0.1515138917953689
 40
0.220684132106732
 40
0.2845788458010218
 40
0.3457047338235383
 40
0.4032849302018541
 40
0.4581944200256512
 40
0.5112476339342544
 40
0.5638504011536679
 40
0.6170226235428085
 40
0.6719321133666056
 40
0.7293441731431952
 40
0.7904943874577953
 40
0.8556710116848093
 40
0.9255684792131609
 40
1.0
 40
1.0
 40
1.0
 40
1.0
 10
255.5646755611378
 20
291.3694620253164
 30
0.0
 10
255.572700384492
 20
290.9980393890075
 30
0.0
 10
255.58827087351
 20
290.2773715531702
 30
0.0
 10
255.6698179235265
 20
289.229584639582
 30
0.0
 10
255.8287014571817
 20
288.2593116659025
 30
0.0
 10
256.0342665019575
 20
287.3577863536059
 30
0.0
 10
256.3104326967143
 20
286.5322125140759
 30
0.0
 10
256.6541096507534
 20
285.7801929812005
 30
0.0
 10
257.0407851661175
 20
285.0918381942628
 30
0.0
 10
257.5100685942839
 20
284.4863741173154
 30
0.0
 10
258.0420042520877
 20
283.9458087143013
 30
0.0
 10
258.6630951075776
 20
283.4963490695426
 30
0.0
 10
259.3432443320209
 20
283.0958637402364
 30
0.0
 10
260.1118560870545
 20
282.7894377598273
 30
0.0
 10
260.9484387122109
 20
282.5318251804466
 30
0.0
 10
261.868594098273
 20
282.3649403118881
 30
0.0
 10
262.8606675520724
 20
282.2586497815175
 30
0.0
 10
263.5474975804518
 20
282.246679494281
 30
0.0
 10
263.9017008775934
 20
282.2405063291138
 30
0.0
  0
SPLINE
  5
4F1
330
1F
100
AcDbEntity
  8
0
  6
Continuous
 62
     7
370
    15
100
AcDbSpline
210
0.0
220
0.0
230
1.0
 70
     8
 71
     3
 72
    23
 73
    19
 74
     0
 42
0.000000001
 43
0.00000001
 40
0.0
 40
0.0
 40
0.0
 40
0.0
 40
0.0793312065392716
 40
0.1539082713549668
 40
0.2240992548901067
 40
0.29033545250269
 40
0.3534086107010367
 40
0.4135036140046849
 40
0.471403212846035
 40
0.527689700645446
 40
0.5831330970818267
 40
0.638123045487566
 40
0.6934842730808151
 40
0.7497559831345655
 40
0.8080473803115114
 40
0.8687028150623942
 40
0.9324867841460772
 40
1.0
 40
1.0
 40
1.0
 40
1.0
 10
263.9017008775934
 20
273.8860759493669
 30
0.0
 10
263.1238412740145
 20
273.899405661639
 30
0.0
 10
261.6147374526267
 20
273.9252662663486
 30
0.0
 10
259.4245222468917
 20
274.125311903911
 30
0.0
 10
257.3811379109551
 20
274.4599124753137
 30
0.0
 10
255.4815043748637
 20
274.9368603643644
 30
0.0
 10
253.7274604611213
 20
275.5541887887272
 30
0.0
 10
252.1131610901808
 20
276.3006209823325
 30
0.0
 10
250.6515144138977
 20
277.1928559160818
 30
0.0
 10
249.335549484379
 20
278.2157399563176
 30
0.0
 10
248.1718560086335
 20
279.3693646300896
 30
0.0
 10
247.1631706711358
 20
280.649268915063
 30
0.0
 10
246.3161182844443
 20
282.0507666173078
 30
0.0
 10
245.6252571257282
 20
283.5706734222647
 30
0.0
 10
245.0886359831644
 20
285.2056582878519
 30
0.0
 10
244.693796698867
 20
286.9559360302318
 30
0.0
 10
244.4703454077522
 20
288.8283143955615
 30
0.0
 10
244.4406859790072
 20
290.1157093789723
 30
0.0
 10
244.4254350548086
 20
290.7776898734176
 30
0.0
  0
SPLINE
  5
4F2
330
1F
100
AcDbEntity
  8
0
  6
Continuous
 62
     7
370
    15
100
AcDbSpline
210
0.0
220
0.0
230
1.0
 70
     8
 71
     3
 72
    23
 73
    19
 74
     0
 42
0.000000001
 43
0.00000001
 40
0.0
 40
0.0
 40
0.0
 40
0.0
 40
0.067397913959078
 40
0.1313661786951355
 40
0.1922062286947053
 40
0.2503980733845901
 40
0.3069652497083626
 40
0.3622319290807682
 40
0.4173112216947602
 40
0.4726599295789088
 40
0.5288502889593808
 40
0.5869032839054936
 40
0.6468956544480746
 40
0.7095826608235688
 40
0.7759920984775094
 40
0.8463545796305039
 40
0.9208042786145402
 40
0.9999999999999999
 40
0.9999999999999999
 40
0.9999999999999999
 40
0.9999999999999999
 10
283.4127768269605
 20
290.8037974683543
 30
0.0
 10
283.3974321416682
 20
290.1418239134961
 30
0.0
 10
283.3675236096125
 20
288.851562372883
 30
0.0
 10
283.1442863324878
 20
286.9734287399186
 30
0.0
 10
282.7505325803687
 20
285.2171478014134
 30
0.0
 10
282.2131219618112
 20
283.5750072911661
 30
0.0
 10
281.513381661065
 20
282.0551670640853
 30
0.0
 10
280.6676922319765
 20
280.646051074177
 30
0.0
 10
279.6481552494434
 20
279.37220371823
 30
0.0
 10
278.4856404808205
 20
278.2156074724831
 30
0.0
 10
277.1679298862901
 20
277.1902328388341
 30
0.0
 10
275.7003865526416
 20
276.3029255785268
 30
0.0
 10
274.0870432003672
 20
275.5559118071722
 30
0.0
 10
272.3344613564755
 20
274.9337048251849
 30
0.0
 10
270.4307131525793
 20
274.4604452712342
 30
0.0
 10
268.3817232509087
 20
274.125845655627
 30
0.0
 10
266.1886667317603
 20
273.9251911544736
 30
0.0
 10
264.6795613074108
 20
273.8993801140098
 30
0.0
 10
263.9017008775934
 20
273.8860759493669
 30
0.0
  0
SPLINE
  5
4F5
330
1F
100
AcDbEntity
  8
0
  6
Continuous
 62
     7
370
    15
100
AcDbSpline
210
0.0
220
0.0
230
1.0
 70
     8
 71
     3
 72
    15
 73
    11
 74
     0
 42
0.000000001
 43
0.00000001
 40
0.0
 40
0.0
 40
0.0
 40
0.0
 40
0.1120373721998475
 40
0.2246464159682855
 40
0.3381641462522921
 40
0.4542097876987737
 40
0.5758113906074012
 40
0.7069611151488502
 40
0.8484133046661627
 40
1.0
 40
1.0
 40
1.0
 40
1.0
 10
142.9684901960578
 20
278.4897151898733
 30
0.0
 10
142.4232330068444
 20
278.176360510225
 30
0.0
 10
141.329936449342
 20
277.5480522562229
 30
0.0
 10
139.5770000485876
 20
276.8140745947461
 30
0.0
 10
137.759307843983
 20
276.1945738004333
 30
0.0
 10
135.8415440331898
 20
275.733370291809
 30
0.0
 10
133.7971506508071
 20
275.4127277304996
 30
0.0
 10
131.5995014920653
 20
275.1649855173858
 30
0.0
 10
129.2230055074183
 20
275.0328252069046
 30
0.0
 10
127.5796572102319
 20
275.0111911344287
 30
0.0
 10
126.7295661454249
 20
274.9999999999998
 30
0.0
  0
SPLINE
  5
4F6
330
1F
100
AcDbEntity
  8
0
  6
Continuous
 62
     7
370
    15
100
AcDbSpline
210
0.0
220
0.0
230
1.0
 70
     8
 71
     3
 72
    23
 73
    19
 74
     0
 42
0.000000001
 43
0.00000001
 40
0.0
 40
0.0
 40
0.0
 40
0.0
 40
0.0690981498669946
 40
0.1368421606418325
 40
0.203147396301603
 40
0.2681615335463722
 40
0.33272207966213
 40
0.3965141227622531
 40
0.4604776053987415
 40
0.5244102874928579
 40
0.587863028569077
 40
0.6494225845609901
 40
0.709931396004546
 40
0.7692368673785128
 40
0.8276225485099616
 40
0.8853172986932739
 40
0.9426380397628226
 40
1.0
 40
1.0
 40
1.0
 40
1.0
 10
152.9154838669438
 20
296.956487341772
 30
0.0
 10
152.9069851270804
 20
296.451504237462
 30
0.0
 10
152.8901541999445
 20
295.451434348262
 30
0.0
 10
152.7602700276845
 20
293.9709194510399
 30
0.0
 10
152.5288188176402
 20
292.5340222356049
 30
0.0
 10
152.2299790930267
 20
291.132952903394
 30
0.0
 10
151.8240764813135
 20
289.7782247079375
 30
0.0
 10
151.3481224527413
 20
288.4548908028512
 30
0.0
 10
150.7718782446011
 20
287.1764735616773
 30
0.0
 10
150.1097431813387
 20
285.9438424765634
 30
0.0
 10
149.383975388458
 20
284.7681172458194
 30
0.0
 10
148.6030857783938
 20
283.6592253490309
 30
0.0
 10
147.7909429263868
 20
282.6106094837013
 30
0.0
 10
146.9156453657715
 20
281.6448561653209
 30
0.0
 10
146.0008054084019
 20
280.7463676371764
 30
0.0
 10
145.0435729660645
 20
279.9144093228029
 30
0.0
 10
144.0293445424562
 20
279.1648998448985
 30
0.0
 10
143.3221930328065
 20
278.7148306627205
 30
0.0
 10
142.9684901960578
 20
278.4897151898733
 30
0.0
  0
SPLINE
  5
4F7
330
1F
100
AcDbEntity
  8
0
  6
Continuous
 62
     7
370
    15
100
AcDbSpline
210
0.0
220
0.0
230
1.0
 70
     8
 71
     3
 72
    23
 73
    19
 74
     0
 42
0.000000001
 43
0.00000001
 40
0.0
 40
0.0
 40
0.0
 40
0.0
 40
0.0602527173798479
 40
0.1198127919169408
 40
0.1788889936437521
 40
0.2378224351648794
 40
0.2968299436106366
 40
0.3561696091684114
 40
0.416095230534593
 40
0.4768532638784893
 40
0.5381480845545172
 40
0.6002783140465692
 40
0.6629808619952053
 40
0.7272728716665696
 40
0.7925700033180313
 40
0.8595418131935758
 40
0.9288802132310753
 40
0.9999999999999999
 40
0.9999999999999999
 40
0.9999999999999999
 40
0.9999999999999999
 10
143.0903256390957
 20
315.5450949367087
 30
0.0
 10
143.4647451279073
 20
315.3090170495558
 30
0.0
 10
144.2092799182608
 20
314.8395751388892
 30
0.0
 10
145.265814386799
 20
314.0555600829177
 30
0.0
 10
146.2467623294064
 20
313.1948861928407
 30
0.0
 10
147.1833039113245
 20
312.2920860854157
 30
0.0
 10
148.054422131843
 20
311.3228154880393
 30
0.0
 10
148.8654358589629
 20
310.2937858477939
 30
0.0
 10
149.6150931091603
 20
309.2034187313297
 30
0.0
 10
150.3006817026103
 20
308.0552741142818
 30
0.0
 10
150.925519112412
 20
306.8539686012535
 30
0.0
 10
151.4500340466911
 20
305.5901366803011
 30
0.0
 10
151.9073534159652
 20
304.2776724010325
 30
0.0
 10
152.2796295485551
 20
302.9141391078262
 30
0.0
 10
152.5684146140344
 20
301.4984876182288
 30
0.0
 10
152.7646915832552
 20
300.0299963812435
 30
0.0
 10
152.8894019804333
 20
298.510593395852
 30
0.0
 10
152.9067167057133
 20
297.4788843064215
 30
0.0
 10
152.9154838669438
 20
296.956487341772
 30
0.0
  0
SPLINE
  5
4F8
330
1F
100
AcDbEntity
  8
0
  6
Continuous
 62
     7
370
    15
100
AcDbSpline
210
0.0
220
0.0
230
1.0
 70
     8
 71
     3
 72
    15
 73
    11
 74
     0
 42
0.000000001
 43
0.00000001
 40
0.0
 40
0.0
 40
0.0
 40
0.0
 40
0.1583990342547771
 40
0.3055320792271589
 40
0.4422477504330685
 40
0.5691745794062231
 40
0.6876129465582215
 40
0.798127700135432
 40
0.9021704916628662
 40
1.0
 40
1.0
 40
1.0
 40
1.0
 10
127.1733952593489
 20
318.9999999999998
 30
0.0
 10
128.0440337715428
 20
318.9926540041954
 30
0.0
 10
129.7233874124117
 20
318.9784844899514
 30
0.0
 10
132.1479714588609
 20
318.7954584885059
 30
0.0
 10
134.3912583186143
 20
318.5316697353095
 30
0.0
 10
136.4524731301333
 20
318.1239252481137
 30
0.0
 10
138.3481719058338
 20
317.6361187833605
 30
0.0
 10
140.0778217156091
 20
317.03638305291
 30
0.0
 10
141.6670528913035
 20
316.377143442366
 30
0.0
 10
142.6257369401432
 20
315.8166945533728
 30
0.0
 10
143.0903256390957
 20
315.5450949367087
 30
0.0
  0
SPLINE
  5
4FE
330
1F
100
AcDbEntity
  8
0
  6
Continuous
 62
     7
370
    15
100
AcDbSpline
210
0.0
220
0.0
230
1.0
 70
     8
 71
     3
 72
    15
 73
    11
 74
     0
 42
0.000000001
 43
0.00000001
 40
0.0
 40
0.0
 40
0.0
 40
0.0
 40
0.1033709503903168
 40
0.2048884329788749
 40
0.3059550214108366
 40
0.4053338133286338
 40
0.5175815213124881
 40
0.6531497544952247
 40
0.8142192429980872
 40
1.0
 40
1.0
 40
1.0
 40
1.0
 10
134.4748193099819
 20
309.1835443037974
 30
0.0
 10
134.1778643424044
 20
309.3184975926501
 30
0.0
 10
133.5892788864083
 20
309.5859844230794
 30
0.0
 10
132.6781168665712
 20
309.9077090110216
 30
0.0
 10
131.7587880569324
 20
310.1597567215459
 30
0.0
 10
130.7900843284936
 20
310.3493343641921
 30
0.0
 10
129.7033900704194
 20
310.4909839345651
 30
0.0
 10
128.4161340093895
 20
310.5777776147676
 30
0.0
 10
126.8955339352718
 20
310.6403321799725
 30
0.0
 10
125.801379338027
 20
310.6437428102936
 30
0.0
 10
125.2153256390957
 20
310.645569620253
 30
0.0
  0
SPLINE
  5
4FF
330
1F
100
AcDbEntity
  8
0
  6
Continuous
 62
     7
370
    15
100
AcDbSpline
210
0.0
220
0.0
230
1.0
 70
     8
 71
     3
 72
    23
 73
    19
 74
     0
 42
0.000000001
 43
0.00000001
 40
0.0
 40
0.0
 40
0.0
 40
0.0
 40
0.0720032671737772
 40
0.1412386469088479
 40
0.2078342908101739
 40
0.2726390308263708
 40
0.3360344790858582
 40
0.3974212884206521
 40
0.4570242188761628
 40
0.516131561519592
 40
0.5748251890506646
 40
0.6327817038766171
 40
0.6910258161175364
 40
0.7502743389206312
 40
0.8101104357645881
 40
0.871709534410806
 40
0.9350637855805382
 40
0.9999999999999999
 40
0.9999999999999999
 40
0.9999999999999999
 40
0.9999999999999999
 10
141.2192813352983
 20
297.0261075949367
 30
0.0
 10
141.214674197094
 20
297.3801813464512
 30
0.0
 10
141.2056370243152
 20
298.0747178519842
 30
0.0
 10
141.1227749314903
 20
299.0938351453414
 30
0.0
 10
141.0037163230952
 20
300.0732968910027
 30
0.0
 10
140.8324975311897
 20
301.0164953434002
 30
0.0
 10
140.5947071897836
 20
301.9185602799289
 30
0.0
 10
140.316547312475
 20
302.7816509386093
 30
0.0
 10
139.9966276032057
 20
303.6083771383635
 30
0.0
 10
139.6090184030759
 20
304.3905472991106
 30
0.0
 10
139.18053571327
 20
305.142215740851
 30
0.0
 10
138.6756605398508
 20
305.8398477062481
 30
0.0
 10
138.1263860569411
 20
306.5055161845406
 30
0.0
 10
137.5199414622865
 20
307.1338298087949
 30
0.0
 10
136.8410473975537
 20
307.7084239409292
 30
0.0
 10
136.1106024677165
 20
308.2496574884195
 30
0.0
 10
135.3184448275177
 20
308.746120896225
 30
0.0
 10
134.7583300937617
 20
309.0365427604031
 30
0.0
 10
134.4748193099818
 20
309.1835443037973
 30
0.0
  0
SPLINE
  5
500
330
1F
100
AcDbEntity
  8
0
  6
Continuous
 62
     7
370
    15
100
AcDbSpline
210
0.0
220
0.0
230
1.0
 70
     8
 71
     3
 72
    19
 73
    15
 74
     0
 42
0.000000001
 43
0.00000001
 40
0.0
 40
0.0
 40
0.0
 40
0.0
 40
0.0629364661573942
 40
0.1241189767907928
 40
0.1838235507761351
 40
0.2423471222194194
 40
0.3004555477482492
 40
0.3580579396163723
 40
0.4151530998649101
 40
0.4727554917330352
 40
0.5916574851906109
 40
0.7178252825095989
 40
0.8534209898741344
 40
1.0
 40
1.0
 40
1.0
 40
1.0
 10
135.0752939935261
 20
285.0514240506328
 30
0.0
 10
135.3327439568702
 20
285.201691843105
 30
0.0
 10
135.8404690958252
 20
285.4980396647259
 30
0.0
 10
136.5548265369094
 20
285.9970218650542
 30
0.0
 10
137.2181661095512
 20
286.5284583101447
 30
0.0
 10
137.8326161959202
 20
287.0952401066778
 30
0.0
 10
138.3877140610898
 20
287.7065698409712
 30
0.0
 10
138.8963925632661
 20
288.348734800384
 30
0.0
 10
139.3387629010037
 20
289.0352760472483
 30
0.0
 10
139.8840345873331
 20
289.9983596455588
 30
0.0
 10
140.4327541567833
 20
291.3292528034393
 30
0.0
 10
140.8870099383912
 20
293.0772644975708
 30
0.0
 10
141.1682348363587
 20
294.9951857525843
 30
0.0
 10
141.2018299528309
 20
296.3317917345241
 30
0.0
 10
141.2192813352983
 20
297.0261075949366
 30
0.0
  0
SPLINE
  5
501
330
1F
100
AcDbEntity
  8
0
  6
Continuous
 62
     7
370
    15
100
AcDbSpline
210
0.0
220
0.0
230
1.0
 70
     8
 71
     3
 72
    19
 73
    15
 74
     0
 42
0.000000001
 43
0.00000001
 40
0.0
 40
0.0
 40
0.0
 40
0.0
 40
0.0989004893836083
 40
0.1909335387206429
 40
0.2761098219341717
 40
0.35534398012543
 40
0.4268510313245427
 40
0.4917147955360191
 40
0.5505961759333861
 40
0.6020581381875155
 40
0.6999061448542737
 40
0.7980974458230823
 40
0.8980652308929136
 40
1.0
 40
1.0
 40
1.0
 40
1.0
 10
125.2153256390958
 20
283.3544303797467
 30
0.0
 10
125.5489368714394
 20
283.3565185654287
 30
0.0
 10
126.1929940803098
 20
283.3605499376116
 30
0.0
 10
127.1241386400804
 20
283.3795197529741
 30
0.0
 10
127.9890977019053
 20
283.4000739373598
 30
0.0
 10
128.7832120295809
 20
283.4515705092496
 30
0.0
 10
129.5102431674335
 20
283.4825903037987
 30
0.0
 10
130.1641479416454
 20
283.5634055536711
 30
0.0
 10
130.7524058413699
 20
283.6225746055713
 30
0.0
 10
131.4442974364279
 20
283.7447723148452
 30
0.0
 10
132.2605795374361
 20
283.9234015026137
 30
0.0
 10
133.2139668165987
 20
284.2239909236528
 30
0.0
 10
134.1558744304258
 20
284.5978035806913
 30
0.0
 10
134.7668367577126
 20
284.8992383436039
 30
0.0
 10
135.0752939935261
 20
285.0514240506328
 30
0.0
  0
SPLINE
  5
51B
330
1F
100
AcDbEntity
  8
0
  6
Continuous
 62
     7
370
    15
100
AcDbSpline
210
0.0
220
0.0
230
1.0
 70
     8
 71
     3
 72
    15
 73
    11
 74
     0
 42
0.000000001
 43
0.00000001
 40
0.0
 40
0.0
 40
0.0
 40
0.0
 40
0.1583990342547753
 40
0.3055320792271571
 40
0.4422477504330664
 40
0.5691745794062215
 40
0.6876129465582216
 40
0.7981277001354298
 40
0.9021704916628659
 40
1.0
 40
1.0
 40
1.0
 40
1.0
 10
-202.9422237235753
 20
55.00000000000017
 30
0.0
 10
-202.0715852113813
 20
54.9926540041958
 30
0.0
 10
-200.3922315705125
 20
54.97848448995182
 30
0.0
 10
-197.9676475240633
 20
54.79545848850606
 30
0.0
 10
-195.7243606643099
 20
54.53166973531
 30
0.0
 10
-193.663145852791
 20
54.12392524811391
 30
0.0
 10
-191.7674470770904
 20
53.63611878336092
 30
0.0
 10
-190.0377972673151
 20
53.0363830529102
 30
0.0
 10
-188.4485660916208
 20
52.37714344236641
 30
0.0
 10
-187.489882042781
 20
51.8166945533731
 30
0.0
 10
-187.0252933438285
 20
51.54509493670903
 30
0.0
  0
SPLINE
  5
521
330
1F
100
AcDbEntity
  8
0
  6
Continuous
 62
     7
370
    15
100
AcDbSpline
210
0.0
220
0.0
230
1.0
 70
     8
 71
     3
 72
    15
 73
    11
 74
     0
 42
0.000000001
 43
0.00000001
 40
0.0
 40
0.0
 40
0.0
 40
0.0
 40
0.1033709503903125
 40
0.2048884329788725
 40
0.3059550214108336
 40
0.4053338133286313
 40
0.5175815213124859
 40
0.6531497544952262
 40
0.8142192429980863
 40
1.0
 40
1.0
 40
1.0
 40
1.0
 10
-195.6407996729424
 20
45.18354430379765
 30
0.0
 10
-195.9377546405198
 20
45.31849759265035
 30
0.0
 10
-196.526340096516
 20
45.58598442307971
 30
0.0
 10
-197.4375021163528
 20
45.90770901102196
 30
0.0
 10
-198.3568309259918
 20
46.15975672154624
 30
0.0
 10
-199.3255346544306
 20
46.34933436419244
 30
0.0
 10
-200.4122289125048
 20
46.49098393456533
 30
0.0
 10
-201.6994849735347
 20
46.57777761476788
 30
0.0
 10
-203.2200850476522
 20
46.64033217997282
 30
0.0
 10
-204.3142396448972
 20
46.64374281029394
 30
0.0
 10
-204.9002933438285
 20
46.64556962025334
 30
0.0
  0
SPLINE
  5
522
330
1F
100
AcDbEntity
  8
0
  6
Continuous
 62
     7
370
    15
100
AcDbSpline
210
0.0
220
0.0
230
1.0
 70
     8
 71
     3
 72
    23
 73
    19
 74
     0
 42
0.000000001
 43
0.00000001
 40
0.0
 40
0.0
 40
0.0
 40
0.0
 40
0.0720032671737793
 40
0.141238646908847
 40
0.2078342908101769
 40
0.2726390308263707
 40
0.3360344790858598
 40
0.3974212884206513
 40
0.4570242188761608
 40
0.5161315615195907
 40
0.5748251890506647
 40
0.6327817038766156
 40
0.6910258161175354
 40
0.7502743389206296
 40
0.810110435764588
 40
0.8717095344108046
 40
0.9350637855805367
 40
0.9999999999999999
 40
0.9999999999999999
 40
0.9999999999999999
 40
0.9999999999999999
 10
-188.8963376476259
 20
33.02610759493688
 30
0.0
 10
-188.9009447858302
 20
33.38018134645137
 30
0.0
 10
-188.909981958609
 20
34.07471785198449
 30
0.0
 10
-188.9928440514339
 20
35.09383514534187
 30
0.0
 10
-189.111902659829
 20
36.073296891003
 30
0.0
 10
-189.2831214517345
 20
37.01649534340049
 30
0.0
 10
-189.5209117931406
 20
37.91856027992915
 30
0.0
 10
-189.7990716704493
 20
38.78165093860974
 30
0.0
 10
-190.1189913797184
 20
39.60837713836378
 30
0.0
 10
-190.5066005798483
 20
40.39054729911078
 30
0.0
 10
-190.9350832696541
 20
41.14221574085136
 30
0.0
 10
-191.4399584430735
 20
41.83984770624843
 30
0.0
 10
-191.9892329259831
 20
42.50551618454084
 30
0.0
 10
-192.5956775206376
 20
43.13382980879523
 30
0.0
 10
-193.2745715853705
 20
43.70842394092947
 30
0.0
 10
-194.0050165152077
 20
44.24965748841981
 30
0.0
 10
-194.7971741554065
 20
44.74612089622525
 30
0.0
 10
-195.3572888891625
 20
45.03654276040343
 30
0.0
 10
-195.6407996729424
 20
45.18354430379765
 30
0.0
  0
SPLINE
  5
523
330
1F
100
AcDbEntity
  8
0
  6
Continuous
 62
     7
370
    15
100
AcDbSpline
210
0.0
220
0.0
230
1.0
 70
     8
 71
     3
 72
    19
 73
    15
 74
     0
 42
0.000000001
 43
0.00000001
 40
0.0
 40
0.0
 40
0.0
 40
0.0
 40
0.0629364661573954
 40
0.1241189767907928
 40
0.1838235507761364
 40
0.2423471222194195
 40
0.300455547748249
 40
0.3580579396163725
 40
0.4151530998649113
 40
0.4727554917330362
 40
0.5916574851906112
 40
0.7178252825096003
 40
0.8534209898741342
 40
1.0
 40
1.0
 40
1.0
 40
1.0
 10
-195.0403249893981
 20
21.05142405063309
 30
0.0
 10
-194.7828750260539
 20
21.2016918431053
 30
0.0
 10
-194.275149887099
 20
21.49803966472624
 30
0.0
 10
-193.5607924460149
 20
21.99702186505457
 30
0.0
 10
-192.8974528733729
 20
22.52845831014505
 30
0.0
 10
-192.2830027870041
 20
23.09524010667814
 30
0.0
 10
-191.7279049218344
 20
23.70656984097148
 30
0.0
 10
-191.2192264196581
 20
24.34873480038429
 30
0.0
 10
-190.7768560819205
 20
25.03527604724875
 30
0.0
 10
-190.231584395591
 20
25.99835964555911
 30
0.0
 10
-189.682864826141
 20
27.3292528034395
 30
0.0
 10
-189.228609044533
 20
29.0772644975711
 30
0.0
 10
-188.9473841465655
 20
30.99518575258464
 30
0.0
 10
-188.9137890300933
 20
32.33179173452429
 30
0.0
 10
-188.8963376476259
 20
33.02610759493688
 30
0.0
  0
SPLINE
  5
524
330
1F
100
AcDbEntity
  8
0
  6
Continuous
 62
     7
370
    15
100
AcDbSpline
210
0.0
220
0.0
230
1.0
 70
     8
 71
     3
 72
    19
 73
    15
 74
     0
 42
0.000000001
 43
0.00000001
 40
0.0
 40
0.0
 40
0.0
 40
0.0
 40
0.0989004893836057
 40
0.1909335387206431
 40
0.2761098219341692
 40
0.3553439801254274
 40
0.4268510313245402
 40
0.4917147955360196
 40
0.5505961759333862
 40
0.6020581381875164
 40
0.6999061448542716
 40
0.7980974458230797
 40
0.8980652308929132
 40
1.0
 40
1.0
 40
1.0
 40
1.0
 10
-204.9002933438285
 20
19.35443037974701
 30
0.0
 10
-204.5666821114849
 20
19.35651856542898
 30
0.0
 10
-203.9226249026146
 20
19.36054993761178
 30
0.0
 10
-202.9914803428437
 20
19.37951975297453
 30
0.0
 10
-202.126521281019
 20
19.40007393736016
 30
0.0
 10
-201.3324069533433
 20
19.45157050924994
 30
0.0
 10
-200.6053758154907
 20
19.48259030379889
 30
0.0
 10
-199.9514710412789
 20
19.5634055536716
 30
0.0
 10
-199.3632131415542
 20
19.62257460557151
 30
0.0
 10
-198.6713215464962
 20
19.74477231484568
 30
0.0
 10
-197.8550394454882
 20
19.92340150261392
 30
0.0
 10
-196.9016521663255
 20
20.22399092365315
 30
0.0
 10
-195.9597445524984
 20
20.59780358069149
 30
0.0
 10
-195.3487822252116
 20
20.89923834360419
 30
0.0
 10
-195.0403249893981
 20
21.05142405063309
 30
0.0
  0
SPLINE
  5
528
330
1F
100
AcDbEntity
  8
0
  6
Continuous
 62
     7
370
    15
100
AcDbSpline
210
0.0
220
0.0
230
1.0
 70
     8
 71
     3
 72
    15
 73
    11
 74
     0
 42
0.000000001
 43
0.00000001
 40
0.0
 40
0.0
 40
0.0
 40
0.0
 40
0.1120373721998499
 40
0.2246464159682857
 40
0.3381641462522936
 40
0.454209787698774
 40
0.5758113906074027
 40
0.706961115148852
 40
0.8484133046661628
 40
1.0
 40
1.0
 40
1.0
 40
1.0
 10
-187.1471287868664
 20
14.48971518987359
 30
0.0
 10
-187.6923859760797
 20
14.17636051022531
 30
0.0
 10
-188.7856825335822
 20
13.54805225622315
 30
0.0
 10
-190.5386189343365
 20
12.81407459474653
 30
0.0
 10
-192.3563111389412
 20
12.19457380043359
 30
0.0
 10
-194.2740749497344
 20
11.73337029180912
 30
0.0
 10
-196.3184683321171
 20
11.41272773049996
 30
0.0
 10
-198.5161174908589
 20
11.16498551738602
 30
0.0
 10
-200.892613475506
 20
11.032825206905
 30
0.0
 10
-202.5359617726923
 20
11.01119113442902
 30
0.0
 10
-203.3860528374993
 20
11.00000000000018
 30
0.0
  0
SPLINE
  5
529
330
1F
100
AcDbEntity
  8
0
  6
Continuous
 62
     7
370
    15
100
AcDbSpline
210
0.0
220
0.0
230
1.0
 70
     8
 71
     3
 72
    23
 73
    19
 74
     0
 42
0.000000001
 43
0.00000001
 40
0.0
 40
0.0
 40
0.0
 40
0.0
 40
0.0690981498669955
 40
0.1368421606418328
 40
0.2031473963016046
 40
0.2681615335463737
 40
0.3327220796621303
 40
0.3965141227622535
 40
0.4604776053987428
 40
0.5244102874928587
 40
0.5878630285690786
 40
0.6494225845609916
 40
0.7099313960045472
 40
0.7692368673785126
 40
0.8276225485099624
 40
0.8853172986932747
 40
0.9426380397628227
 40
1.0
 40
1.0
 40
1.0
 40
1.0
 10
-177.2001351159804
 20
32.95648734177232
 30
0.0
 10
-177.2086338558437
 20
32.45150423746227
 30
0.0
 10
-177.2254647829797
 20
31.45143434826234
 30
0.0
 10
-177.3553489552397
 20
29.97091945104025
 30
0.0
 10
-177.586800165284
 20
28.53402223560519
 30
0.0
 10
-177.8856398898974
 20
27.13295290339428
 30
0.0
 10
-178.2915425016108
 20
25.77822470793788
 30
0.0
 10
-178.7674965301829
 20
24.45489080285148
 30
0.0
 10
-179.3437407383231
 20
23.17647356167758
 30
0.0
 10
-180.0058758015855
 20
21.94384247656368
 30
0.0
 10
-180.7316435944662
 20
20.76811724581982
 30
0.0
 10
-181.5125332045305
 20
19.65922534903112
 30
0.0
 10
-182.3246760565374
 20
18.61060948370162
 30
0.0
 10
-183.1999736171527
 20
17.64485616532126
 30
0.0
 10
-184.1148135745223
 20
16.74636763717666
 30
0.0
 10
-185.0720460168597
 20
15.91440932280314
 30
0.0
 10
-186.086274440468
 20
15.16489984489877
 30
0.0
 10
-186.7934259501178
 20
14.71483066272088
 30
0.0
 10
-187.1471287868664
 20
14.48971518987359
 30
0.0
  0
SPLINE
  5
52A
330
1F
100
AcDbEntity
  8
0
  6
Continuous
 62
     7
370
    15
100
AcDbSpline
210
0.0
220
0.0
230
1.0
 70
     8
 71
     3
 72
    23
 73
    19
 74
     0
 42
0.000000001
 43
0.00000001
 40
0.0
 40
0.0
 40
0.0
 40
0.0
 40
0.0602527173798473
 40
0.1198127919169407
 40
0.1788889936437515
 40
0.2378224351648792
 40
0.296829943610635
 40
0.3561696091684124
 40
0.4160952305345929
 40
0.4768532638784899
 40
0.5381480845545167
 40
0.600278314046569
 40
0.6629808619952058
 40
0.7272728716665705
 40
0.792570003318031
 40
0.8595418131935768
 40
0.9288802132310766
 40
0.9999999999999999
 40
0.9999999999999999
 40
0.9999999999999999
 40
0.9999999999999999
 10
-187.0252933438285
 20
51.54509493670903
 30
0.0
 10
-186.6508738550169
 20
51.3090170495561
 30
0.0
 10
-185.9063390646634
 20
50.83957513888955
 30
0.0
 10
-184.8498045961252
 20
50.05556008291793
 30
0.0
 10
-183.8688566535178
 20
49.19488619284097
 30
0.0
 10
-182.9323150715998
 20
48.29208608541599
 30
0.0
 10
-182.0611968510812
 20
47.3228154880397
 30
0.0
 10
-181.2501831239613
 20
46.29378584779416
 30
0.0
 10
-180.5005258737639
 20
45.20341873132993
 30
0.0
 10
-179.814937280314
 20
44.05527411428206
 30
0.0
 10
-179.1900998705122
 20
42.85396860125383
 30
0.0
 10
-178.665584936233
 20
41.59013668030152
 30
0.0
 10
-178.208265566959
 20
40.2776724010328
 30
0.0
 10
-177.8359894343691
 20
38.9141391078265
 30
0.0
 10
-177.5472043688897
 20
37.49848761822915
 30
0.0
 10
-177.3509273996691
 20
36.02999638124381
 30
0.0
 10
-177.2262170024908
 20
34.51059339585231
 30
0.0
 10
-177.2089022772109
 20
33.47888430642187
 30
0.0
 10
-177.2001351159804
 20
32.95648734177233
 30
0.0
  0
SPLINE
  5
545
330
1F
100
AcDbEntity
  8
0
  6
Continuous
 62
     7
370
    15
100
AcDbSpline
210
0.0
220
0.0
230
1.0
 70
     8
 71
     3
 72
    23
 73
    19
 74
     0
 42
0.000000001
 43
0.00000001
 40
0.0
 40
0.0
 40
0.0
 40
0.0
 40
0.0735612348692824
 40
0.1420032916408372
 40
0.2062408599699661
 40
0.266834753699809
 40
0.3238143932808503
 40
0.3784657223426051
 40
0.4310899881659616
 40
0.4826762260099368
 40
0.5349626570239968
 40
0.5897758763314392
 40
0.6474062174969398
 40
0.7083161180307721
 40
0.7740422321981809
 40
0.844168153438085
 40
0.9191510409313732
 40
0.9999999999999999
 40
0.9999999999999999
 40
0.9999999999999999
 40
0.9999999999999999
 10
197.9205113302827
 20
18.24050632911409
 30
0.0
 10
198.2718338206682
 20
18.24640769853585
 30
0.0
 10
198.9500300221165
 20
18.25779975692864
 30
0.0
 10
199.9298177308056
 20
18.36692666543674
 30
0.0
 10
200.8392931203575
 20
18.52719531390257
 30
0.0
 10
201.677370936096
 20
18.75978956558777
 30
0.0
 10
202.4418996193525
 20
19.06642984318466
 30
0.0
 10
203.1348629900538
 20
19.43837948631013
 30
0.0
 10
203.7475177147821
 20
19.88878774922442
 30
0.0
 10
204.2979570940381
 20
20.3970296116911
 30
0.0
 10
204.7728953217319
 20
20.99092693367997
 30
0.0
 10
205.1798740371488
 20
21.66575797452703
 30
0.0
 10
205.5309761043608
 20
22.41733307630123
 30
0.0
 10
205.8041164018721
 20
23.25505311729284
 30
0.0
 10
206.0327991784362
 20
24.16705707256682
 30
0.0
 10
206.1862085002507
 20
25.16326363330618
 30
0.0
 10
206.2695239443138
 20
26.23959238089688
 30
0.0
 10
206.2845506110451
 20
26.9835043030957
 30
0.0
 10
206.2923467733207
 20
27.36946202531663
 30
0.0
  0
SPLINE
  5
546
330
1F
100
AcDbEntity
  8
0
  6
Continuous
 62
     7
370
    15
100
AcDbSpline
210
0.0
220
0.0
230
1.0
 70
     8
 71
     3
 72
    23
 73
    19
 74
     0
 42
0.000000001
 43
0.00000001
 40
0.0
 40
0.0
 40
0.0
 40
0.0
 40
0.078088248607147
 40
0.1515138917953693
 40
0.2206841321067326
 40
0.2845788458010235
 40
0.3457047338235377
 40
0.4032849302018522
 40
0.45819442002565
 40
0.5112476339342528
 40
0.5638504011536687
 40
0.6170226235428073
 40
0.6719321133666065
 40
0.7293441731431928
 40
0.7904943874577953
 40
0.855671011684809
 40
0.9255684792131625
 40
1.0
 40
1.0
 40
1.0
 40
1.0
 10
189.583486013827
 20
27.36946202531663
 30
0.0
 10
189.5915108371813
 20
26.99803938900785
 30
0.0
 10
189.6070813261993
 20
26.27737155317055
 30
0.0
 10
189.6886283762158
 20
25.22958463958226
 30
0.0
 10
189.8475119098709
 20
24.25931166590271
 30
0.0
 10
190.0530769546468
 20
23.35778635360617
 30
0.0
 10
190.3292431494036
 20
22.53221251407623
 30
0.0
 10
190.6729201034426
 20
21.78019298120064
 30
0.0
 10
191.0595956188068
 20
21.09183819426324
 30
0.0
 10
191.5288790469731
 20
20.48637411731564
 30
0.0
 10
192.0608147047769
 20
19.94580871430168
 30
0.0
 10
192.6819055602669
 20
19.49634906954291
 30
0.0
 10
193.3620547847102
 20
19.09586374023672
 30
0.0
 10
194.1306665397439
 20
18.78943775982761
 30
0.0
 10
194.9672491649002
 20
18.53182518044693
 30
0.0
 10
195.8874045509623
 20
18.36494031188842
 30
0.0
 10
196.8794780047616
 20
18.2586497815179
 30
0.0
 10
197.5663080331411
 20
18.24667949428126
 30
0.0
 10
197.9205113302827
 20
18.24050632911409
 30
0.0
  0
SPLINE
  5
54A
330
1F
100
AcDbEntity
  8
0
  6
Continuous
 62
     7
370
    15
100
AcDbSpline
210
0.0
220
0.0
230
1.0
 70
     8
 71
     3
 72
    23
 73
    19
 74
     0
 42
0.000000001
 43
0.00000001
 40
0.0
 40
0.0
 40
0.0
 40
0.0
 40
0.0793312065392724
 40
0.1539082713549677
 40
0.2240992548901066
 40
0.2903354525026897
 40
0.3534086107010353
 40
0.4135036140046838
 40
0.4714032128460358
 40
0.5276897006454452
 40
0.5831330970818264
 40
0.6381230454875653
 40
0.6934842730808143
 40
0.7497559831345659
 40
0.8080473803115102
 40
0.8687028150623944
 40
0.9324867841460761
 40
0.9999999999999999
 40
0.9999999999999999
 40
0.9999999999999999
 40
0.9999999999999999
 10
197.9205113302827
 20
9.886075949367259
 30
0.0
 10
197.1426517267037
 20
9.899405661639236
 30
0.0
 10
195.633547905316
 20
9.925266266348736
 30
0.0
 10
193.4433326995809
 20
10.12531190391145
 30
0.0
 10
191.3999483636444
 20
10.45991247531384
 30
0.0
 10
189.5003148275529
 20
10.93686036436474
 30
0.0
 10
187.7462709138105
 20
11.5541887887275
 30
0.0
 10
186.1319715428702
 20
12.30062098233289
 30
0.0
 10
184.6703248665871
 20
13.19285591608212
 30
0.0
 10
183.3543599370683
 20
14.21573995631792
 30
0.0
 10
182.1906664613228
 20
15.36936463008991
 30
0.0
 10
181.1819811238252
 20
16.6492689150633
 30
0.0
 10
180.3349287371335
 20
18.05076661730812
 30
0.0
 10
179.6440675784175
 20
19.57067342226496
 30
0.0
 10
179.1074464358535
 20
21.20565828785221
 30
0.0
 10
178.7126071515563
 20
22.95593603023215
 30
0.0
 10
178.4891558604414
 20
24.82831439556183
 30
0.0
 10
178.4594964316964
 20
26.1157093789726
 30
0.0
 10
178.4442455074979
 20
26.77768987341789
 30
0.0
  0
SPLINE
  5
54B
330
1F
100
AcDbEntity
  8
0
  6
Continuous
 62
     7
370
    15
100
AcDbSpline
210
0.0
220
0.0
230
1.0
 70
     8
 71
     3
 72
    23
 73
    19
 74
     0
 42
0.000000001
 43
0.00000001
 40
0.0
 40
0.0
 40
0.0
 40
0.0
 40
0.0673979139590791
 40
0.1313661786951364
 40
0.1922062286947054
 40
0.2503980733845898
 40
0.3069652497083638
 40
0.3622319290807695
 40
0.4173112216947604
 40
0.4726599295789095
 40
0.5288502889593812
 40
0.5869032839054927
 40
0.6468956544480742
 40
0.709582660823568
 40
0.7759920984775104
 40
0.846354579630503
 40
0.9208042786145393
 40
1.0
 40
1.0
 40
1.0
 40
1.0
 10
217.4315872796498
 20
26.8037974683546
 30
0.0
 10
217.4162425943575
 20
26.14182391349642
 30
0.0
 10
217.3863340623018
 20
24.85156237288327
 30
0.0
 10
217.1630967851771
 20
22.97342873991893
 30
0.0
 10
216.7693430330579
 20
21.2171478014137
 30
0.0
 10
216.2319324145006
 20
19.57500729116639
 30
0.0
 10
215.5321921137541
 20
18.05516706408557
 30
0.0
 10
214.6865026846659
 20
16.64605107417729
 30
0.0
 10
213.6669657021326
 20
15.37220371823036
 30
0.0
 10
212.5044509335097
 20
14.21560747248334
 30
0.0
 10
211.1867403389792
 20
13.19023283883437
 30
0.0
 10
209.7191970053311
 20
12.30292557852716
 30
0.0
 10
208.1058536530565
 20
11.55591180717237
 30
0.0
 10
206.3532718091647
 20
10.93370482518525
 30
0.0
 10
204.4495236052686
 20
10.46044527123442
 30
0.0
 10
202.4005337035981
 20
10.12584565562745
 30
0.0
 10
200.2074771844496
 20
9.925191154473723
 30
0.0
 10
198.6983717601001
 20
9.899380114010148
 30
0.0
 10
197.9205113302827
 20
9.886075949367259
 30
0.0
  0
SPLINE
  5
55D
330
1F
100
AcDbEntity
  8
0
  6
Continuous
 62
     7
370
    15
100
AcDbSpline
210
0.0
220
0.0
230
1.0
 70
     8
 71
     3
 72
    11
 73
     7
 74
     0
 42
0.000000001
 43
0.00000001
 40
0.0
 40
0.0
 40
0.0
 40
0.0
 40
0.2489374963953384
 40
0.4882485728538355
 40
0.7335678888461679
 40
1.0
 40
1.0
 40
1.0
 40
1.0
 10
131.0278222735814
 20
171.0917721518987
 30
0.0
 10
131.8343082270093
 20
170.9265764782129
 30
0.0
 10
133.416093299526
 20
170.6025732521556
 30
0.0
 10
135.7917520333418
 20
170.113132459009
 30
0.0
 10
138.2139466967727
 20
169.5563745576655
 30
0.0
 10
139.8292534479135
 20
169.0494962793504
 30
0.0
 10
140.6702273368726
 20
168.7856012658227
 30
0.0
  0
SPLINE
  5
55E
330
1F
100
AcDbEntity
  8
0
  6
Continuous
 62
     7
370
    15
100
AcDbSpline
210
0.0
220
0.0
230
1.0
 70
     8
 71
     3
 72
    19
 73
    15
 74
     0
 42
0.000000001
 43
0.00000001
 40
0.0
 40
0.0
 40
0.0
 40
0.0
 40
0.0978180702569226
 40
0.186921433688445
 40
0.2760247971199696
 40
0.3679312281770806
 40
0.4193883874998646
 40
0.4783083824662443
 40
0.5451195731910811
 40
0.6194963793908776
 40
0.7025069208867057
 40
0.7929942971877998
 40
0.8920539882933755
 40
0.9999999999999999
 40
0.9999999999999999
 40
0.9999999999999999
 40
0.9999999999999999
 10
124.5531387292777
 20
175.5300632911392
 30
0.0
 10
124.5682915329746
 20
175.2492705737504
 30
0.0
 10
124.5972471623791
 20
174.7127012347138
 30
0.0
 10
124.8641442478323
 20
173.9577510575872
 30
0.0
 10
125.297470898536
 20
173.3072401225014
 30
0.0
 10
125.8081369996202
 20
172.8694753085059
 30
0.0
 10
126.2996740875393
 20
172.5626025529346
 30
0.0
 10
126.7553642504909
 20
172.3379779094708
 30
0.0
 10
127.2874242440859
 20
172.1253000060255
 30
0.0
 10
127.8907731136776
 20
171.9064139088707
 30
0.0
 10
128.5667570276568
 20
171.690291482726
 30
0.0
 10
129.3185221412518
 20
171.4810508889234
 30
0.0
 10
130.1469176168282
 20
171.2833607118821
 30
0.0
 10
130.7259025188801
 20
171.1574368871119
 30
0.0
 10
131.0278222735814
 20
171.0917721518987
 30
0.0
  0
SPLINE
  5
55F
330
1F
100
AcDbEntity
  8
0
  6
Continuous
 62
     7
370
    15
100
AcDbSpline
210
0.0
220
0.0
230
1.0
 70
     8
 71
     3
 72
    15
 73
    11
 74
     0
 42
0.000000001
 43
0.00000001
 40
0.0
 40
0.0
 40
0.0
 40
0.0
 40
0.1256156627216475
 40
0.2511475377700491
 40
0.3767990923909139
 40
0.5055816362533753
 40
0.6311494271505999
 40
0.7544462780102565
 40
0.8747318224882105
 40
1.0
 40
1.0
 40
1.0
 40
1.0
 10
127.4249741723156
 20
179.2982594936709
 30
0.0
 10
127.2341331704619
 20
179.2097407320311
 30
0.0
 10
126.8525784607808
 20
179.0327622521935
 30
0.0
 10
126.3212599598089
 20
178.6897270678141
 30
0.0
 10
125.8280322679413
 20
178.286536056332
 30
0.0
 10
125.3899759429531
 20
177.82332289895
 30
0.0
 10
125.0184250130848
 20
177.309247118391
 30
0.0
 10
124.7460533821983
 20
176.7515108424575
 30
0.0
 10
124.5812766228902
 20
176.1514030533615
 30
0.0
 10
124.5626440542237
 20
175.7399594696924
 30
0.0
 10
124.5531387292776
 20
175.5300632911392
 30
0.0
  0
SPLINE
  5
560
330
1F
100
AcDbEntity
  8
0
  6
Continuous
 62
     7
370
    15
100
AcDbSpline
210
0.0
220
0.0
230
1.0
 70
     8
 71
     3
 72
    11
 73
     7
 74
     0
 42
0.000000001
 43
0.00000001
 40
0.0
 40
0.0
 40
0.0
 40
0.0
 40
0.2497805743677815
 40
0.5010278970290192
 40
0.7502511118987085
 40
1.0
 40
1.0
 40
1.0
 40
1.0
 10
133.0816197419359
 20
180.3164556962025
 30
0.0
 10
132.5995535390859
 20
180.3068185569763
 30
0.0
 10
131.632590369696
 20
180.287487687824
 30
0.0
 10
130.1941461421497
 20
180.1181378363551
 30
0.0
 10
128.7683358349319
 20
179.8370427019918
 30
0.0
 10
127.873075782337
 20
179.4779799887689
 30
0.0
 10
127.4249741723156
 20
179.2982594936709
 30
0.0
  0
SPLINE
  5
561
330
1F
100
AcDbEntity
  8
0
  6
Continuous
 62
     7
370
    15
100
AcDbSpline
210
0.0
220
0.0
230
1.0
 70
     8
 71
     3
 72
    15
 73
    11
 74
     0
 42
0.000000001
 43
0.00000001
 40
0.0
 40
0.0
 40
0.0
 40
0.0
 40
0.1115332226922395
 40
0.2276140623987029
 40
0.3505648525628145
 40
0.4796192535198855
 40
0.61124813147638
 40
0.7414360014793488
 40
0.8706741565115054
 40
1.0
 40
1.0
 40
1.0
 40
1.0
 10
147.8150058178852
 20
175.3037974683544
 30
0.0
 10
147.3426642749536
 20
175.6554840599533
 30
0.0
 10
146.3787220985224
 20
176.3731967904988
 30
0.0
 10
144.7728964813553
 20
177.2979605960653
 30
0.0
 10
143.0271436018396
 20
178.1516007046545
 30
0.0
 10
141.1432278777787
 20
178.8959297806707
 30
0.0
 10
139.1809244587695
 20
179.5374528669114
 30
0.0
 10
137.1645107594128
 20
179.9860585261998
 30
0.0
 10
135.1289758560266
 20
180.2684098068444
 30
0.0
 10
133.764226058731
 20
180.3004367792461
 30
0.0
 10
133.0816197419359
 20
180.3164556962025
 30
0.0
  0
SPLINE
  5
564
330
1F
100
AcDbEntity
  8
0
  6
Continuous
 62
     7
370
    15
100
AcDbSpline
210
0.0
220
0.0
230
1.0
 70
     8
 71
     3
 72
    15
 73
    11
 74
     0
 42
0.000000001
 43
0.00000001
 40
0.0
 40
0.0
 40
0.0
 40
0.0
 40
0.1331759454835416
 40
0.2661260833233347
 40
0.3985680531728516
 40
0.5309336818606044
 40
0.6599428009481302
 40
0.7809377642088425
 40
0.894299258568171
 40
1.0
 40
1.0
 40
1.0
 40
1.0
 10
132.8640564507966
 20
188.1139240506329
 30
0.0
 10
133.5982818141205
 20
188.1041768465545
 30
0.0
 10
135.0654876185064
 20
188.0846989653553
 30
0.0
 10
137.2572769641851
 20
187.9181338483705
 30
0.0
 10
139.437225538267
 20
187.6751166266557
 30
0.0
 10
141.5766922012568
 20
187.3014509023643
 30
0.0
 10
143.6412438554038
 20
186.8754288373346
 30
0.0
 10
145.5856542411915
 20
186.3917486561195
 30
0.0
 10
147.3806573565263
 20
185.8472458575843
 30
0.0
 10
148.5130646950273
 20
185.4273091596494
 30
0.0
 10
149.0594678432017
 20
185.2246835443038
 30
0.0
  0
SPLINE
  5
565
330
1F
100
AcDbEntity
  8
0
  6
Continuous
 62
     7
370
    15
100
AcDbSpline
210
0.0
220
0.0
230
1.0
 70
     8
 71
     3
 72
    23
 73
    19
 74
     0
 42
0.000000001
 43
0.00000001
 40
0.0
 40
0.0
 40
0.0
 40
0.0
 40
0.0559369371291689
 40
0.1100828932057509
 40
0.1630653063905688
 40
0.2158889091327525
 40
0.2697103977911622
 40
0.3250350035445039
 40
0.3828175868436139
 40
0.4437768443314926
 40
0.5068987224101751
 40
0.5708404983751905
 40
0.6363835436707073
 40
0.7036995128061201
 40
0.7731363286474253
 40
0.8455362773607131
 40
0.9211459463430391
 40
1.0
 40
1.0
 40
1.0
 40
1.0
 10
112.8569361976321
 20
174.0071202531645
 30
0.0
 10
112.8733490317393
 20
174.5158239302963
 30
0.0
 10
112.9056491961202
 20
175.5169436811644
 30
0.0
 10
113.1702778366828
 20
176.9817232283434
 30
0.0
 10
113.6219773389759
 20
178.3671673320241
 30
0.0
 10
114.2318453204689
 20
179.688691052079
 30
0.0
 10
115.036441640901
 20
180.9264489160028
 30
0.0
 10
115.9977511664665
 20
182.1050097960915
 30
0.0
 10
117.1523322077646
 20
183.1925100605627
 30
0.0
 10
118.4622654978478
 20
184.2046568895545
 30
0.0
 10
119.9087146696412
 20
185.119592212255
 30
0.0
 10
121.4658674348362
 20
185.9250370347968
 30
0.0
 10
123.1243545887001
 20
186.6011636775843
 30
0.0
 10
124.8779951859496
 20
187.1616770573978
 30
0.0
 10
126.734121485478
 20
187.5817322404143
 30
0.0
 10
128.6865039266889
 20
187.8980621493913
 30
0.0
 10
130.7429709682492
 20
188.0798621050164
 30
0.0
 10
132.1471964193542
 20
188.1024121867281
 30
0.0
 10
132.8640564507966
 20
188.1139240506329
 30
0.0
  0
SPLINE
  5
566
330
1F
100
AcDbEntity
  8
0
  6
Continuous
 62
     7
370
    15
100
AcDbSpline
210
0.0
220
0.0
230
1.0
 70
     8
 71
     3
 72
    23
 73
    19
 74
     0
 42
0.000000001
 43
0.00000001
 40
0.0
 40
0.0
 40
0.0
 40
0.0
 40
0.0804404900741068
 40
0.156584949974404
 40
0.2283912801048029
 40
0.2965868449823149
 40
0.3610946314577038
 40
0.4224193793850767
 40
0.4812652874287235
 40
0.5374442158989726
 40
0.5928689180964304
 40
0.647933866984027
 40
0.7030879143562615
 40
0.7596856456693055
 40
0.8168117723698847
 40
0.8758045126610517
 40
0.9366258135335427
 40
1.0
 40
1.0
 40
1.0
 40
1.0
 10
123.4914298685181
 20
161.2753164556962
 30
0.0
 10
123.034481865162
 20
161.4306320670037
 30
0.0
 10
122.1449897675815
 20
161.732968455114
 30
0.0
 10
120.8727248301248
 20
162.2440989209802
 30
0.0
 10
119.7017846351302
 20
162.8028238455371
 30
0.0
 10
118.628310752615
 20
163.3992679798698
 30
0.0
 10
117.6600075862357
 20
164.0471856411653
 30
0.0
 10
116.782529799767
 20
164.7253917757527
 30
0.0
 10
116.0067586445213
 20
165.4470092036073
 30
0.0
 10
115.3261644254764
 20
166.2125064480668
 30
0.0
 10
114.7432072872209
 20
167.0268156117691
 30
0.0
 10
114.2361579665873
 20
167.8827025263375
 30
0.0
 10
113.8038050627656
 20
168.787087218001
 30
0.0
 10
113.4614683406579
 20
169.7419852860372
 30
0.0
 10
113.1866269624085
 20
170.7423936175234
 30
0.0
 10
113.0022749624569
 20
171.7885870228493
 30
0.0
 10
112.8707073646936
 20
172.8811636298315
 30
0.0
 10
112.8615890633726
 20
173.6266931641123
 30
0.0
 10
112.8569361976321
 20
174.0071202531645
 30
0.0
  0
SPLINE
  5
567
330
1F
100
AcDbEntity
  8
0
  6
Continuous
 62
     7
370
    15
100
AcDbSpline
210
0.0
220
0.0
230
1.0
 70
     8
 71
     3
 72
    11
 73
     7
 74
     0
 42
0.000000001
 43
0.00000001
 40
0.0
 40
0.0
 40
0.0
 40
0.0
 40
0.2440252494738072
 40
0.5006640355602661
 40
0.7560997141221819
 40
1.0
 40
1.0
 40
1.0
 40
1.0
 10
134.1259235394042
 20
158.8212025316455
 30
0.0
 10
133.2597279493788
 20
159.0184283079087
 30
0.0
 10
131.4825635755208
 20
159.4230743569275
 30
0.0
 10
128.7766407863301
 20
159.9241261634385
 30
0.0
 10
126.0801664457502
 20
160.4850645787489
 30
0.0
 10
124.3409492386774
 20
161.0159875295027
 30
0.0
 10
123.4914298685181
 20
161.2753164556962
 30
0.0
  0
SPLINE
  5
568
330
1F
100
AcDbEntity
  8
0
  6
Continuous
 62
     7
370
    15
100
AcDbSpline
210
0.0
220
0.0
230
1.0
 70
     8
 71
     3
 72
    15
 73
    11
 74
     0
 42
0.000000001
 43
0.00000001
 40
0.0
 40
0.0
 40
0.0
 40
0.0
 40
0.1031969424780783
 40
0.2029155879580819
 40
0.3070184463566202
 40
0.4193637574781949
 40
0.5429774702557385
 40
0.678384885153811
 40
0.8312511858851619
 40
0.9999999999999999
 40
0.9999999999999999
 40
0.9999999999999999
 40
0.9999999999999999
 10
139.0341513875055
 20
154.6526898734177
 30
0.0
 10
139.0201397503452
 20
154.8927703126868
 30
0.0
 10
138.9925887442362
 20
155.3648391775359
 30
0.0
 10
138.738623755575
 20
156.0402896145609
 30
0.0
 10
138.3384709869493
 20
156.6603235765753
 30
0.0
 10
137.774571330323
 20
157.2185844264062
 30
0.0
 10
137.0735740739663
 20
157.7243792629357
 30
0.0
 10
136.2189252783953
 20
158.156593656751
 30
0.0
 10
135.2288719527969
 20
158.5407961350607
 30
0.0
 10
134.5054808962926
 20
158.7247063497298
 30
0.0
 10
134.1259235394042
 20
158.8212025316455
 30
0.0
  0
SPLINE
  5
569
330
1F
100
AcDbEntity
  8
0
  6
Continuous
 62
     7
370
    15
100
AcDbSpline
210
0.0
220
0.0
230
1.0
 70
     8
 71
     3
 72
    15
 73
    11
 74
     0
 42
0.000000001
 43
0.00000001
 40
0.0
 40
0.0
 40
0.0
 40
0.0
 40
0.1280933840398406
 40
0.2517307614395214
 40
0.3675757180135177
 40
0.4812695932275989
 40
0.5961598126188717
 40
0.7165283887067111
 40
0.8501178332222699
 40
1.0
 40
1.0
 40
1.0
 40
1.0
 10
136.0230754381384
 20
150.5363924050633
 30
0.0
 10
136.2340831489535
 20
150.6367748342306
 30
0.0
 10
136.6487582089595
 20
150.8340476716908
 30
0.0
 10
137.2179419103533
 20
151.1905877959498
 30
0.0
 10
137.7317211178338
 20
151.5793123831504
 30
0.0
 10
138.196964597512
 20
152.0038818985925
 30
0.0
 10
138.5816481333623
 20
152.5168119169089
 30
0.0
 10
138.8561495710264
 20
153.1366279266171
 30
0.0
 10
139.0079023690947
 20
153.8621957705659
 30
0.0
 10
139.0250727548634
 20
154.3792851520193
 30
0.0
 10
139.0341513875055
 20
154.6526898734177
 30
0.0
  0
SPLINE
  5
56A
330
1F
100
AcDbEntity
  8
0
  6
Continuous
 62
     7
370
    15
100
AcDbSpline
210
0.0
220
0.0
230
1.0
 70
     8
 71
     3
 72
    15
 73
    11
 74
     0
 42
0.000000001
 43
0.00000001
 40
0.0
 40
0.0
 40
0.0
 40
0.0
 40
0.1008003475984517
 40
0.2158057139703971
 40
0.3448406088168923
 40
0.4898768352221108
 40
0.6354838609027591
 40
0.7702069387532552
 40
0.8905651733688436
 40
1.0
 40
1.0
 40
1.0
 40
1.0
 10
130.5056703748473
 20
149.6835443037974
 30
0.0
 10
130.6943319180529
 20
149.6839506673682
 30
0.0
 10
131.0982416267023
 20
149.6848206602068
 30
0.0
 10
131.7413134086788
 20
149.7410206911478
 30
0.0
 10
132.4681102570901
 20
149.7830744687585
 30
0.0
 10
133.2480140494647
 20
149.874235451716
 30
0.0
 10
134.038573813074
 20
149.9718540996238
 30
0.0
 10
134.7700301261266
 20
150.1368211356939
 30
0.0
 10
135.4342519723742
 20
150.2973627938754
 30
0.0
 10
135.8331211442996
 20
150.4592815159093
 30
0.0
 10
136.0230754381384
 20
150.5363924050633
 30
0.0
  0
SPLINE
  5
56B
330
1F
100
AcDbEntity
  8
0
  6
Continuous
 62
     7
370
    15
100
AcDbSpline
210
0.0
220
0.0
230
1.0
 70
     8
 71
     3
 72
    15
 73
    11
 74
     0
 42
0.000000001
 43
0.00000001
 40
0.0
 40
0.0
 40
0.0
 40
0.0
 40
0.1288278085587783
 40
0.2568992829380107
 40
0.385880410709801
 40
0.5156446856433325
 40
0.6437310330309037
 40
0.7663669630340445
 40
0.8852014640197016
 40
1.0
 40
1.0
 40
1.0
 40
1.0
 10
114.1101007545941
 20
155.8101265822784
 30
0.0
 10
114.710838968627
 20
155.334286376774
 30
0.0
 10
115.9087885273833
 20
154.3853995723278
 30
0.0
 10
117.8594110540636
 20
153.1698533292693
 30
0.0
 10
119.9043752242578
 20
152.1129016186356
 30
0.0
 10
122.0363823799048
 20
151.2443408385175
 30
0.0
 10
124.1909939606908
 20
150.5463582033116
 30
0.0
 10
126.3361600910654
 20
150.0652060828978
 30
0.0
 10
128.4330186212193
 20
149.7363725868324
 30
0.0
 10
129.8227891281751
 20
149.7009497573259
 30
0.0
 10
130.5056703748473
 20
149.6835443037974
 30
0.0
  0
SPLINE
  5
56E
330
1F
100
AcDbEntity
  8
0
  6
Continuous
 62
     7
370
    15
100
AcDbSpline
210
0.0
220
0.0
230
1.0
 70
     8
 71
     3
 72
    15
 73
    11
 74
     0
 42
0.000000001
 43
0.00000001
 40
0.0
 40
0.0
 40
0.0
 40
0.0
 40
0.1504019785163196
 40
0.2913153312907988
 40
0.4230861373318154
 40
0.5457632648394165
 40
0.6629162054031792
 40
0.7776639694815085
 40
0.8898582485132767
 40
1.0
 40
1.0
 40
1.0
 40
1.0
 10
130.1140564507966
 20
141.8860759493671
 30
0.0
 10
129.2260240745148
 20
141.8966674818892
 30
0.0
 10
127.5059838965498
 20
141.9171823437016
 30
0.0
 10
125.0140328621013
 20
142.1057659691066
 30
0.0
 10
122.6960964416884
 20
142.3900673420279
 30
0.0
 10
120.5419819538838
 20
142.8153457033723
 30
0.0
 10
118.515958269521
 20
143.3436823691545
 30
0.0
 10
116.5653205323294
 20
143.9118506563011
 30
0.0
 10
114.6815432972914
 20
144.556193524949
 30
0.0
 10
113.4613838708557
 20
145.0402629549615
 30
0.0
 10
112.8569361976321
 20
145.2800632911392
 30
0.0
  0
SPLINE
  5
56F
330
1F
100
AcDbEntity
  8
0
  6
Continuous
 62
     7
370
    15
100
AcDbSpline
210
0.0
220
0.0
230
1.0
 70
     8
 71
     3
 72
    23
 73
    19
 74
     0
 42
0.000000001
 43
0.00000001
 40
0.0
 40
0.0
 40
0.0
 40
0.0
 40
0.0567095152170409
 40
0.1113585594434201
 40
0.1647177049705315
 40
0.2174906818934103
 40
0.2710347513071946
 40
0.3255327172132307
 40
0.3820270466869621
 40
0.4414031920540233
 40
0.5025272108958994
 40
0.5652400352780543
 40
0.6298723809134866
 40
0.6970522239706397
 40
0.7673712767105746
 40
0.8410960293404549
 40
0.9185515872417753
 40
1.0
 40
1.0
 40
1.0
 40
1.0
 10
150.7303539191511
 20
156.7151898734177
 30
0.0
 10
150.7142987262496
 20
156.177447642688
 30
0.0
 10
150.6827716862767
 20
155.1215013885758
 30
0.0
 10
150.414496076815
 20
153.5781668265456
 30
0.0
 10
149.977362162485
 20
152.1152966159988
 30
0.0
 10
149.3727503547505
 20
150.7237259058589
 30
0.0
 10
148.5856770696198
 20
149.413133784438
 30
0.0
 10
147.6134575769416
 20
148.1898118748402
 30
0.0
 10
146.4851158343126
 20
147.0304998652733
 30
0.0
 10
145.179983492158
 20
145.9718025670463
 30
0.0
 10
143.7367352565822
 20
145.001876915245
 30
0.0
 10
142.1538019247894
 20
144.1671972530777
 30
0.0
 10
140.447172049191
 20
143.4647447700153
 30
0.0
 10
138.6217941143017
 20
142.8757820517905
 30
0.0
 10
136.6653608773397
 20
142.4408067163341
 30
0.0
 10
134.589647923881
 20
142.122270775038
 30
0.0
 10
132.392543669365
 20
141.9140056695747
 30
0.0
 10
130.8861693160962
 20
141.895540516963
 30
0.0
 10
130.1140564507966
 20
141.8860759493671
 30
0.0
  0
SPLINE
  5
570
330
1F
100
AcDbEntity
  8
0
  6
Continuous
 62
     7
370
    15
100
AcDbSpline
210
0.0
220
0.0
230
1.0
 70
     8
 71
     3
 72
    23
 73
    19
 74
     0
 42
0.000000001
 43
0.00000001
 40
0.0
 40
0.0
 40
0.0
 40
0.0
 40
0.0773366854144173
 40
0.1512830390763386
 40
0.2209259408319459
 40
0.2878669311323319
 40
0.3513016938449208
 40
0.4121551752060509
 40
0.4707059424528827
 40
0.5270611766009397
 40
0.5824037771841385
 40
0.6376544719182856
 40
0.6940466906374442
 40
0.7509312664121633
 40
0.8096309586534822
 40
0.8704073017677948
 40
0.9341126463547662
 40
1.0
 40
1.0
 40
1.0
 40
1.0
 10
140.6702273368726
 20
168.7856012658227
 30
0.0
 10
141.0866822125184
 20
168.6450833539135
 30
0.0
 10
141.9013351665241
 20
168.3702076381472
 30
0.0
 10
143.0636159532902
 20
167.8929466159748
 30
0.0
 10
144.1411992769977
 20
167.3728272045209
 30
0.0
 10
145.1436385746679
 20
166.8349333910379
 30
0.0
 10
146.0509541960574
 20
166.2351181748783
 30
0.0
 10
146.8839725667524
 20
165.6126731909879
 30
0.0
 10
147.6245007632529
 20
164.9403054138798
 30
0.0
 10
148.2835985882196
 20
164.2306478180567
 30
0.0
 10
148.8636950873189
 20
163.4780575968602
 30
0.0
 10
149.3630791505288
 20
162.6692925311351
 30
0.0
 10
149.7868633756975
 20
161.8092997617042
 30
0.0
 10
150.1424411649348
 20
160.8971482425819
 30
0.0
 10
150.3967683181113
 20
159.9260382569807
 30
0.0
 10
150.587753866155
 20
158.902466058825
 30
0.0
 10
150.7157155057048
 20
157.8265272731057
 30
0.0
 10
150.7254199818297
 20
157.0897707043985
 30
0.0
 10
150.7303539191511
 20
156.7151898734177
 30
0.0
  0
SPLINE
  5
573
330
1F
100
AcDbEntity
  8
0
  6
Continuous
 62
     7
370
    15
100
AcDbSpline
210
0.0
220
0.0
230
1.0
 70
     8
 71
     3
 72
    23
 73
    19
 74
     0
 42
0.000000001
 43
0.00000001
 40
0.0
 40
0.0
 40
0.0
 40
0.0
 40
0.0735612348692825
 40
0.1420032916408373
 40
0.2062408599699643
 40
0.2668347536998108
 40
0.3238143932808505
 40
0.3784657223426053
 40
0.431089988165963
 40
0.4826762260099374
 40
0.5349626570239959
 40
0.5897758763314402
 40
0.6474062174969393
 40
0.7083161180307717
 40
0.7740422321981799
 40
0.8441681534380852
 40
0.9191510409313733
 40
1.0
 40
1.0
 40
1.0
 40
1.0
 10
-263.9508129827718
 20
84.240506329114
 30
0.0
 10
-263.5994904923865
 20
84.24640769853576
 30
0.0
 10
-262.9212942909381
 20
84.25779975692855
 30
0.0
 10
-261.9415065822488
 20
84.36692666543664
 30
0.0
 10
-261.0320311926972
 20
84.52719531390251
 30
0.0
 10
-260.1939533769586
 20
84.75978956558764
 30
0.0
 10
-259.429424693702
 20
85.0664298431846
 30
0.0
 10
-258.7364613230009
 20
85.43837948631007
 30
0.0
 10
-258.1238065982724
 20
85.8887877492243
 30
0.0
 10
-257.5733672190165
 20
86.397029611691
 30
0.0
 10
-257.0984289913228
 20
86.99092693367992
 30
0.0
 10
-256.6914502759056
 20
87.6657579745269
 30
0.0
 10
-256.3403482086939
 20
88.41733307630118
 30
0.0
 10
-256.0672079111825
 20
89.25505311729269
 30
0.0
 10
-255.8385251346184
 20
90.16705707256673
 30
0.0
 10
-255.6851158128039
 20
91.16326363330606
 30
0.0
 10
-255.6018003687408
 20
92.23959238089678
 30
0.0
 10
-255.5867737020095
 20
92.98350430309559
 30
0.0
 10
-255.5789775397338
 20
93.36946202531652
 30
0.0
  0
SPLINE
  5
574
330
1F
100
AcDbEntity
  8
0
  6
Continuous
 62
     7
370
    15
100
AcDbSpline
210
0.0
220
0.0
230
1.0
 70
     8
 71
     3
 72
    23
 73
    19
 74
     0
 42
0.000000001
 43
0.00000001
 40
0.0
 40
0.0
 40
0.0
 40
0.0
 40
0.0780882486071472
 40
0.1515138917953691
 40
0.2206841321067324
 40
0.2845788458010232
 40
0.345704733823538
 40
0.403284930201852
 40
0.4581944200256501
 40
0.5112476339342519
 40
0.5638504011536675
 40
0.6170226235428076
 40
0.6719321133666053
 40
0.7293441731431949
 40
0.7904943874577957
 40
0.8556710116848091
 40
0.9255684792131607
 40
1.0
 40
1.0
 40
1.0
 40
1.0
 10
-272.2878382992275
 20
93.36946202531652
 30
0.0
 10
-272.2798134758733
 20
92.99803938900776
 30
0.0
 10
-272.2642429868553
 20
92.27737155317044
 30
0.0
 10
-272.1826959368389
 20
91.22958463958216
 30
0.0
 10
-272.0238124031836
 20
90.25931166590257
 30
0.0
 10
-271.8182473584079
 20
89.3577863536061
 30
0.0
 10
-271.5420811636509
 20
88.53221251407611
 30
0.0
 10
-271.1984042096121
 20
87.78019298120056
 30
0.0
 10
-270.8117286942476
 20
87.09183819426313
 30
0.0
 10
-270.3424452660816
 20
86.48637411731552
 30
0.0
 10
-269.8105096082776
 20
85.94580871430158
 30
0.0
 10
-269.1894187527877
 20
85.49634906954282
 30
0.0
 10
-268.5092695283444
 20
85.09586374023658
 30
0.0
 10
-267.7406577733108
 20
84.78943775982755
 30
0.0
 10
-266.9040751481544
 20
84.53182518044682
 30
0.0
 10
-265.9839197620923
 20
84.36494031188832
 30
0.0
 10
-264.991846308293
 20
84.25864978151783
 30
0.0
 10
-264.3050162799134
 20
84.24667949428115
 30
0.0
 10
-263.9508129827718
 20
84.240506329114
 30
0.0
  0
SPLINE
  5
578
330
1F
100
AcDbEntity
  8
0
  6
Continuous
 62
     7
370
    15
100
AcDbSpline
210
0.0
220
0.0
230
1.0
 70
     8
 71
     3
 72
    23
 73
    19
 74
     0
 42
0.000000001
 43
0.00000001
 40
0.0
 40
0.0
 40
0.0
 40
0.0
 40
0.0793312065392714
 40
0.1539082713549667
 40
0.2240992548901065
 40
0.2903354525026896
 40
0.353408610701036
 40
0.4135036140046845
 40
0.4714032128460348
 40
0.5276897006454448
 40
0.5831330970818261
 40
0.6381230454875647
 40
0.6934842730808145
 40
0.7497559831345663
 40
0.8080473803115099
 40
0.8687028150623946
 40
0.9324867841460758
 40
0.9999999999999999
 40
0.9999999999999999
 40
0.9999999999999999
 40
0.9999999999999999
 10
-263.9508129827719
 20
75.88607594936717
 30
0.0
 10
-264.7286725863509
 20
75.89940566163915
 30
0.0
 10
-266.2377764077386
 20
75.92526626634866
 30
0.0
 10
-268.4279916134736
 20
76.12531190391135
 30
0.0
 10
-270.4713759494102
 20
76.45991247531374
 30
0.0
 10
-272.3710094855018
 20
76.93686036436466
 30
0.0
 10
-274.125053399244
 20
77.5541887887274
 30
0.0
 10
-275.7393527701843
 20
78.30062098233275
 30
0.0
 10
-277.2009994464675
 20
79.19285591608205
 30
0.0
 10
-278.5169643759863
 20
80.21573995631783
 30
0.0
 10
-279.6806578517318
 20
81.36936463008982
 30
0.0
 10
-280.6893431892294
 20
82.64926891506319
 30
0.0
 10
-281.5363955759212
 20
84.05076661730807
 30
0.0
 10
-282.227256734637
 20
85.57067342226483
 30
0.0
 10
-282.7638778772011
 20
87.20565828785213
 30
0.0
 10
-283.1587171614983
 20
88.95593603023204
 30
0.0
 10
-283.3821684526131
 20
90.82831439556176
 30
0.0
 10
-283.4118278813581
 20
92.1157093789725
 30
0.0
 10
-283.4270788055567
 20
92.7776898734178
 30
0.0
  0
SPLINE
  5
579
330
1F
100
AcDbEntity
  8
0
  6
Continuous
 62
     7
370
    15
100
AcDbSpline
210
0.0
220
0.0
230
1.0
 70
     8
 71
     3
 72
    23
 73
    19
 74
     0
 42
0.000000001
 43
0.00000001
 40
0.0
 40
0.0
 40
0.0
 40
0.0
 40
0.0673979139590794
 40
0.1313661786951364
 40
0.1922062286947052
 40
0.2503980733845904
 40
0.3069652497083632
 40
0.3622319290807692
 40
0.4173112216947605
 40
0.4726599295789098
 40
0.5288502889593808
 40
0.5869032839054938
 40
0.6468956544480753
 40
0.709582660823569
 40
0.7759920984775095
 40
0.846354579630504
 40
0.9208042786145403
 40
1.0
 40
1.0
 40
1.0
 40
1.0
 10
-244.4397370334048
 20
92.8037974683545
 30
0.0
 10
-244.4550817186971
 20
92.14182391349631
 30
0.0
 10
-244.4849902507528
 20
90.85156237288315
 30
0.0
 10
-244.7082275278776
 20
88.97342873991887
 30
0.0
 10
-245.1019812799967
 20
87.21714780141357
 30
0.0
 10
-245.6393918985542
 20
85.57500729116632
 30
0.0
 10
-246.3391321993003
 20
84.05516706408545
 30
0.0
 10
-247.1848216283888
 20
82.64605107417717
 30
0.0
 10
-248.2043586109219
 20
81.37220371823028
 30
0.0
 10
-249.3668733795449
 20
80.21560747248327
 30
0.0
 10
-250.6845839740753
 20
79.19023283883422
 30
0.0
 10
-252.1521273077236
 20
78.30292557852707
 30
0.0
 10
-253.7654706599981
 20
77.55591180717228
 30
0.0
 10
-255.5180525038898
 20
76.93370482518513
 30
0.0
 10
-257.4218007077861
 20
76.4604452712343
 30
0.0
 10
-259.4707906094566
 20
76.12584565562736
 30
0.0
 10
-261.663847128605
 20
75.92519115447365
 30
0.0
 10
-263.1729525529546
 20
75.89938011401004
 30
0.0
 10
-263.9508129827718
 20
75.88607594936715
 30
0.0
  0
SPLINE
  5
58F
330
1F
100
AcDbEntity
  8
0
  6
Continuous
 62
     7
370
    15
100
AcDbSpline
210
0.0
220
0.0
230
1.0
 70
     8
 71
     3
 72
    11
 73
     7
 74
     0
 42
0.000000001
 43
0.00000001
 40
0.0
 40
0.0
 40
0.0
 40
0.0
 40
0.2594761271942246
 40
0.5075169361124329
 40
0.7499012714839628
 40
1.0
 40
1.0
 40
1.0
 40
1.0
 10
149.6608978681001
 20
79.71518987341778
 30
0.0
 10
149.1239141509186
 20
79.47511550916022
 30
0.0
 10
148.0736120139433
 20
79.00554704787383
 30
0.0
 10
146.5272529896373
 20
78.29992053124911
 30
0.0
 10
144.9706724228319
 20
77.6667612308634
 30
0.0
 10
143.9026440774867
 20
77.33999369175659
 30
0.0
 10
143.3602649567077
 20
77.17405063291147
 30
0.0
  0
SPLINE
  5
592
330
1F
100
AcDbEntity
  8
0
  6
Continuous
 62
     7
370
    15
100
AcDbSpline
210
0.0
220
0.0
230
1.0
 70
     8
 71
     3
 72
    13
 73
     9
 74
     0
 42
0.000000001
 43
0.00000001
 40
0.0
 40
0.0
 40
0.0
 40
0.0
 40
0.2790463714383056
 40
0.549878914627078
 40
0.6785136508041161
 40
0.7967624927258498
 40
0.9035518638846832
 40
1.0
 40
1.0
 40
1.0
 40
1.0
 10
143.7692839440494
 20
86.66851265822793
 30
0.0
 10
144.2381021445368
 20
86.97218155501835
 30
0.0
 10
145.1619387166184
 20
87.57058074764151
 30
0.0
 10
146.2345724218624
 20
88.40558221908618
 30
0.0
 10
147.0256497707139
 20
89.07426959607668
 30
0.0
 10
147.5656251326959
 20
89.53177546234562
 30
0.0
 10
148.0454476378172
 20
89.96032861867943
 30
0.0
 10
148.3442546267061
 20
90.23618062570608
 30
0.0
 10
148.4860560959482
 20
90.367088607595
 30
0.0
  0
SPLINE
  5
593
330
1F
100
AcDbEntity
  8
0
  6
Continuous
 62
     7
370
    15
100
AcDbSpline
210
0.0
220
0.0
230
1.0
 70
     8
 71
     3
 72
    15
 73
    11
 74
     0
 42
0.000000001
 43
0.00000001
 40
0.0
 40
0.0
 40
0.0
 40
0.0
 40
0.1239191289004386
 40
0.2485955029010123
 40
0.373703787582299
 40
0.5002425776445012
 40
0.6273542585589101
 40
0.7523172706355803
 40
0.8762008595255631
 40
1.0
 40
1.0
 40
1.0
 40
1.0
 10
135.9544105263279
 20
84.240506329114
 30
0.0
 10
136.2970763520811
 20
84.24950016200731
 30
0.0
 10
136.984501966157
 20
84.2675427873143
 30
0.0
 10
138.0112344816525
 20
84.39467646288726
 30
0.0
 10
139.0340384295588
 20
84.59118598986986
 30
0.0
 10
140.0406482309192
 20
84.88380312633045
 30
0.0
 10
141.0275124850849
 20
85.23529940306042
 30
0.0
 10
141.9773865432375
 20
85.65885543166648
 30
0.0
 10
142.8978023624834
 20
86.12410785460423
 30
0.0
 10
143.4788561210605
 20
86.48708564326215
 30
0.0
 10
143.7692839440494
 20
86.66851265822793
 30
0.0
  0
SPLINE
  5
594
330
1F
100
AcDbEntity
  8
0
  6
Continuous
 62
     7
370
    15
100
AcDbSpline
210
0.0
220
0.0
230
1.0
 70
     8
 71
     3
 72
    15
 73
    11
 74
     0
 42
0.000000001
 43
0.00000001
 40
0.0
 40
0.0
 40
0.0
 40
0.0
 40
0.131812309658413
 40
0.2601805928016171
 40
0.3871243923734115
 40
0.5137534429439541
 40
0.6394659865305293
 40
0.7618000361695162
 40
0.881813824055058
 40
1.0
 40
1.0
 40
1.0
 40
1.0
 10
127.5825750832899
 20
87.33860759493678
 30
0.0
 10
127.884251717966
 20
87.07300469032742
 30
0.0
 10
128.4797227012742
 20
86.54873862329484
 30
0.0
 10
129.4668209115905
 20
85.89785962722941
 30
0.0
 10
130.4955827638133
 20
85.34995106749611
 30
0.0
 10
131.5780385426823
 20
84.93915812149393
 30
0.0
 10
132.6773235775808
 20
84.62739424839779
 30
0.0
 10
133.7787197896575
 20
84.41495032373335
 30
0.0
 10
134.8682028897088
 20
84.26318154318828
 30
0.0
 10
135.5941980698752
 20
84.24802597295272
 30
0.0
 10
135.9544105263279
 20
84.24050632911401
 30
0.0
  0
SPLINE
  5
595
330
1F
100
AcDbEntity
  8
0
  6
Continuous
 62
     7
370
    15
100
AcDbSpline
210
0.0
220
0.0
230
1.0
 70
     8
 71
     3
 72
    15
 73
    11
 74
     0
 42
0.000000001
 43
0.00000001
 40
0.0
 40
0.0
 40
0.0
 40
0.0
 40
0.1612791295364946
 40
0.3097715672647311
 40
0.4463552572060461
 40
0.572913541039102
 40
0.6903495517226438
 40
0.7996297905707273
 40
0.902541662731869
 40
0.9999999999999999
 40
0.9999999999999999
 40
0.9999999999999999
 40
0.9999999999999999
 10
123.4836826782266
 20
98.92167721518993
 30
0.0
 10
123.4936962699384
 20
98.24201874555348
 30
0.0
 10
123.5129295458584
 20
96.93658716274976
 30
0.0
 10
123.7510383575816
 20
95.06929865789701
 30
0.0
 10
124.088651794352
 20
93.36569457684246
 30
0.0
 10
124.6128309796337
 20
91.84671391400292
 30
0.0
 10
125.2308585587965
 20
90.49109832677206
 30
0.0
 10
125.9298492695468
 20
89.2897113896272
 30
0.0
 10
126.6995447180535
 20
88.23140421838798
 30
0.0
 10
127.2936213476339
 20
87.6307571400526
 30
0.0
 10
127.5825750832899
 20
87.33860759493678
 30
0.0
  0
SPLINE
  5
596
330
1F
100
AcDbEntity
  8
0
  6
Continuous
 62
     7
370
    15
100
AcDbSpline
210
0.0
220
0.0
230
1.0
 70
     8
 71
     3
 72
    15
 73
    11
 74
     0
 42
0.000000001
 43
0.00000001
 40
0.0
 40
0.0
 40
0.0
 40
0.0
 40
0.1004861438109662
 40
0.2053362393120192
 40
0.3166241562249064
 40
0.4352340968572618
 40
0.5618449874446796
 40
0.6972100851743752
 40
0.8427128322248841
 40
1.0
 40
1.0
 40
1.0
 40
1.0
 10
127.3737143237963
 20
110.426424050633
 30
0.0
 10
127.0908320116044
 20
110.1191968317119
 30
0.0
 10
126.5127822631472
 20
109.4914000096325
 30
0.0
 10
125.7624903654362
 20
108.4062194846073
 30
0.0
 10
125.1062098034696
 20
107.1789933524686
 30
0.0
 10
124.5171138004384
 20
105.8187038389811
 30
0.0
 10
124.0458502424709
 20
104.3065604010752
 30
0.0
 10
123.7241966633316
 20
102.6430115320944
 30
0.0
 10
123.5211260543177
 20
100.8325458149884
 30
0.0
 10
123.4964834953071
 20
99.57494841999265
 30
0.0
 10
123.4836826782266
 20
98.92167721518993
 30
0.0
  0
SPLINE
  5
597
330
1F
100
AcDbEntity
  8
0
  6
Continuous
 62
     7
370
    15
100
AcDbSpline
210
0.0
220
0.0
230
1.0
 70
     8
 71
     3
 72
    15
 73
    11
 74
     0
 42
0.000000001
 43
0.00000001
 40
0.0
 40
0.0
 40
0.0
 40
0.0
 40
0.1251997649041042
 40
0.2483917250502916
 40
0.3706920549478604
 40
0.4928940839558169
 40
0.614913344065229
 40
0.7393704443948133
 40
0.8674308155350443
 40
1.0
 40
1.0
 40
1.0
 40
1.0
 10
135.8934928048089
 20
113.7594936708861
 30
0.0
 10
135.5015426726592
 20
113.7479901505724
 30
0.0
 10
134.7239280378958
 20
113.7251675897068
 30
0.0
 10
133.5693650241848
 20
113.5871086633461
 30
0.0
 10
132.4439386992023
 20
113.3387117266038
 30
0.0
 10
131.3439849772265
 20
113.0055606018453
 30
0.0
 10
130.2817831818608
 20
112.5472917544606
 30
0.0
 10
129.2582457928908
 20
111.9708467346372
 30
0.0
 10
128.2779214516804
 20
111.2631363537305
 30
0.0
 10
127.6785728833878
 20
110.7085263473841
 30
0.0
 10
127.3737143237962
 20
110.426424050633
 30
0.0
  0
SPLINE
  5
598
330
1F
100
AcDbEntity
  8
0
  6
Continuous
 62
     7
370
    15
100
AcDbSpline
210
0.0
220
0.0
230
1.0
 70
     8
 71
     3
 72
    13
 73
     9
 74
     0
 42
0.000000001
 43
0.00000001
 40
0.0
 40
0.0
 40
0.0
 40
0.0
 40
0.2398393014749119
 40
0.4859762265163232
 40
0.6111565540502809
 40
0.7380485802788018
 40
0.8672440199376552
 40
1.0
 40
1.0
 40
1.0
 40
1.0
 10
143.4385877415178
 20
111.4098101265824
 30
0.0
 10
142.8817446290628
 20
111.7258945021126
 30
0.0
 10
141.7534369960422
 20
112.3663628954756
 30
0.0
 10
140.2427845206526
 20
112.9937384609897
 30
0.0
 10
138.9736417087908
 20
113.3915507373706
 30
0.0
 10
137.9790104113716
 20
113.6125659241288
 30
0.0
 10
136.9465638014164
 20
113.7323122683946
 30
0.0
 10
136.2476829525145
 20
113.7503514715526
 30
0.0
 10
135.8934928048089
 20
113.7594936708861
 30
0.0
  0
SPLINE
  5
599
330
1F
100
AcDbEntity
  8
0
  6
Continuous
 62
     7
370
    15
100
AcDbSpline
210
0.0
220
0.0
230
1.0
 70
     8
 71
     3
 72
    13
 73
     9
 74
     0
 42
0.000000001
 43
0.00000001
 40
0.0
 40
0.0
 40
0.0
 40
0.0
 40
0.0952448339624691
 40
0.198530026795801
 40
0.3138194315970798
 40
0.4382622056749865
 40
0.7090963680692192
 40
1.0
 40
1.0
 40
1.0
 40
1.0
 10
148.3642206529101
 20
107.6329113924051
 30
0.0
 10
148.2167084089342
 20
107.7639446785617
 30
0.0
 10
147.9092312626062
 20
108.0370727919674
 30
0.0
 10
147.4143215286507
 20
108.4586053227091
 30
0.0
 10
146.871938153722
 20
108.9177126408697
 30
0.0
 10
146.0496941037174
 20
109.5828366754746
 30
0.0
 10
144.924748011348
 20
110.453841912334
 30
0.0
 10
143.9456349090749
 20
111.0836535301847
 30
0.0
 10
143.4385877415178
 20
111.4098101265824
 30
0.0
  0
SPLINE
  5
59C
330
1F
100
AcDbEntity
  8
0
  6
Continuous
 62
     7
370
    15
100
AcDbSpline
210
0.0
220
0.0
230
1.0
 70
     8
 71
     3
 72
    11
 73
     7
 74
     0
 42
0.000000001
 43
0.00000001
 40
0.0
 40
0.0
 40
0.0
 40
0.0
 40
0.2866809414710779
 40
0.551383669064232
 40
0.7904686229794661
 40
0.9999999999999999
 40
0.9999999999999999
 40
0.9999999999999999
 40
0.9999999999999999
 10
143.273239640252
 20
120.9825949367089
 30
0.0
 10
143.902993418671
 20
120.788629649719
 30
0.0
 10
145.114221298592
 20
120.4155693023419
 30
0.0
 10
146.8001909292662
 20
119.7360671701309
 30
0.0
 10
148.2967343757188
 20
119.0678890936213
 30
0.0
 10
149.2265955806586
 20
118.6230944947239
 30
0.0
 10
149.6608978681001
 20
118.4153481012659
 30
0.0
  0
SPLINE
  5
59D
330
1F
100
AcDbEntity
  8
0
  6
Continuous
 62
     7
370
    15
100
AcDbSpline
210
0.0
220
0.0
230
1.0
 70
     8
 71
     3
 72
    13
 73
     9
 74
     0
 42
0.000000001
 43
0.00000001
 40
0.0
 40
0.0
 40
0.0
 40
0.0
 40
0.1467773534985629
 40
0.2861252376405391
 40
0.4190958505654733
 40
0.5440578254146022
 40
0.7802012857170448
 40
1.0
 40
1.0
 40
1.0
 40
1.0
 10
134.1790940706317
 20
122.113924050633
 30
0.0
 10
134.6288230874649
 20
122.1117109152766
 30
0.0
 10
135.5055170647583
 20
122.1073966674402
 30
0.0
 10
136.7879958766802
 20
122.0411546825416
 30
0.0
 10
138.0023110569655
 20
121.9530358723975
 30
0.0
 10
139.5040056216373
 20
121.7613812512566
 30
0.0
 10
141.2637492286642
 20
121.4839753298629
 30
0.0
 10
142.6196112804666
 20
121.1456792898942
 30
0.0
 10
143.2732396402519
 20
120.9825949367089
 30
0.0
  0
SPLINE
  5
59E
330
1F
100
AcDbEntity
  8
0
  6
Continuous
 62
     7
370
    15
100
AcDbSpline
210
0.0
220
0.0
230
1.0
 70
     8
 71
     3
 72
    15
 73
    11
 74
     0
 42
0.000000001
 43
0.00000001
 40
0.0
 40
0.0
 40
0.0
 40
0.0
 40
0.1149096607125004
 40
0.2311015999245729
 40
0.3504270897111337
 40
0.4740709436833773
 40
0.6008962186054172
 40
0.7305008891753357
 40
0.8627899744068863
 40
1.0
 40
1.0
 40
1.0
 40
1.0
 10
117.8792522984798
 20
115.926424050633
 30
0.0
 10
118.3733593857261
 20
116.4029323186979
 30
0.0
 10
119.3670873080666
 20
117.3612662172081
 30
0.0
 10
121.0696775082991
 20
118.5867569668222
 30
0.0
 10
122.9314226983537
 20
119.655373874849
 30
0.0
 10
124.9598680601317
 20
120.5352088408834
 30
0.0
 10
127.1193820087322
 20
121.2378321035839
 30
0.0
 10
129.3840911684197
 20
121.754808041027
 30
0.0
 10
131.7518965675095
 20
122.0514379405591
 30
0.0
 10
133.3602390174695
 20
122.0928433322651
 30
0.0
 10
134.1790940706317
 20
122.113924050633
 30
0.0
  0
SPLINE
  5
59F
330
1F
100
AcDbEntity
  8
0
  6
Continuous
 62
     7
370
    15
100
AcDbSpline
210
0.0
220
0.0
230
1.0
 70
     8
 71
     3
 72
    15
 73
    11
 74
     0
 42
0.000000001
 43
0.00000001
 40
0.0
 40
0.0
 40
0.0
 40
0.0
 40
0.1399178156560084
 40
0.2741069102988052
 40
0.4030012037452544
 40
0.5280908175748882
 40
0.6500594376562407
 40
0.7684503222583835
 40
0.8845424663036103
 40
1.0
 40
1.0
 40
1.0
 40
1.0
 10
111.7874801465811
 20
98.95648734177222
 30
0.0
 10
111.8042675763358
 20
99.81894357449569
 30
0.0
 10
111.8371551002036
 20
101.5085440882786
 30
0.0
 10
112.1414877540389
 20
103.9773217730809
 30
0.0
 10
112.6252236829115
 20
106.3223575745404
 30
0.0
 10
113.3033432069591
 20
108.541217923138
 30
0.0
 10
114.1717451269688
 20
110.6233027648451
 30
0.0
 10
115.2217209831251
 20
112.5556196908918
 30
0.0
 10
116.4357432518298
 20
114.345862994332
 30
0.0
 10
117.3989625843151
 20
115.4005338806251
 30
0.0
 10
117.8792522984798
 20
115.926424050633
 30
0.0
  0
SPLINE
  5
5A0
330
1F
100
AcDbEntity
  8
0
  6
Continuous
 62
     7
370
    15
100
AcDbSpline
210
0.0
220
0.0
230
1.0
 70
     8
 71
     3
 72
    19
 73
    15
 74
     0
 42
0.000000001
 43
0.00000001
 40
0.0
 40
0.0
 40
0.0
 40
0.0
 40
0.1105463567297865
 40
0.222743887528645
 40
0.3383890908873733
 40
0.4583887070942578
 40
0.5204864294970948
 40
0.5839492869266258
 40
0.6484993387528115
 40
0.7151962229487775
 40
0.7833447062165094
 40
0.8534082792439253
 40
0.9256025676767293
 40
1.0
 40
1.0
 40
1.0
 40
1.0
 10
118.0271953364545
 20
81.71677215189881
 30
0.0
 10
117.5475351031833
 20
82.21946335376349
 30
0.0
 10
116.581050198458
 20
83.23235419740729
 30
0.0
 10
115.3463765324974
 20
84.97018640983403
 30
0.0
 10
114.2747244707912
 20
86.87642916485353
 30
0.0
 10
113.5241310360861
 20
88.5926037911926
 30
0.0
 10
113.0190201618773
 20
90.05000295526297
 30
0.0
 10
112.6905755722994
 20
91.19808109438073
 30
0.0
 10
112.4085973096294
 20
92.38825176164896
 30
0.0
 10
112.1892896409041
 20
93.62115902793369
 30
0.0
 10
111.998781730809
 20
94.8940550209181
 30
0.0
 10
111.8857154313032
 20
96.21076940012787
 30
0.0
 10
111.8009986165068
 20
97.5687828105273
 30
0.0
 10
111.7920312271993
 20
98.48930760688758
 30
0.0
 10
111.7874801465811
 20
98.95648734177222
 30
0.0
  0
SPLINE
  5
5A1
330
1F
100
AcDbEntity
  8
0
  6
Continuous
 62
     7
370
    15
100
AcDbSpline
210
0.0
220
0.0
230
1.0
 70
     8
 71
     3
 72
    15
 73
    11
 74
     0
 42
0.000000001
 43
0.00000001
 40
0.0
 40
0.0
 40
0.0
 40
0.0
 40
0.1362250629574856
 40
0.2682860261985255
 40
0.3967156902637997
 40
0.5223030429373484
 40
0.6450171923216779
 40
0.7643948255674923
 40
0.8824755718969325
 40
1.0
 40
1.0
 40
1.0
 40
1.0
 10
134.152986475695
 20
75.88607594936715
 30
0.0
 10
133.3545700424706
 20
75.90561769607628
 30
0.0
 10
131.7821430053972
 20
75.94410384139896
 30
0.0
 10
129.4687637694102
 20
76.21381161124057
 30
0.0
 10
127.2521942458613
 20
76.67985862917936
 30
0.0
 10
125.1316433385066
 20
77.3059316548868
 30
0.0
 10
123.1372388510486
 20
78.13341633328615
 30
0.0
 10
121.2787500111884
 20
79.14039320366255
 30
0.0
 10
119.5569785095228
 20
80.31985394512134
 30
0.0
 10
118.5363197237775
 20
81.25186631511967
 30
0.0
 10
118.0271953364545
 20
81.71677215189881
 30
0.0
  0
SPLINE
  5
5A2
330
1F
100
AcDbEntity
  8
0
  6
Continuous
 62
     7
370
    15
100
AcDbSpline
210
0.0
220
0.0
230
1.0
 70
     8
 71
     3
 72
    13
 73
     9
 74
     0
 42
0.000000001
 43
0.00000001
 40
0.0
 40
0.0
 40
0.0
 40
0.0
 40
0.2303684900232451
 40
0.4436933588424996
 40
0.5548104569836548
 40
0.6847700918595679
 40
0.8331530964791946
 40
0.9999999999999999
 40
0.9999999999999999
 40
0.9999999999999999
 40
0.9999999999999999
 10
143.3602649567077
 20
77.17405063291147
 30
0.0
 10
142.6686837019572
 20
76.98460439644526
 30
0.0
 10
141.3366872566023
 20
76.61972794581051
 30
0.0
 10
139.6471691263944
 20
76.2566113116631
 30
0.0
 10
138.247441549376
 20
76.04685753841048
 30
0.0
 10
137.037192687648
 20
75.96801826932906
 30
0.0
 10
135.6537537753752
 20
75.88782793496361
 30
0.0
 10
134.6724024085918
 20
75.88668231201459
 30
0.0
 10
134.152986475695
 20
75.88607594936717
 30
0.0
  0
SPLINE
  5
5A3
330
1F
100
AcDbEntity
  8
0
  6
Continuous
 62
     7
370
    15
100
AcDbSpline
210
0.0
220
0.0
230
1.0
 70
     8
 71
     3
 72
    15
 73
    11
 74
     0
 42
0.000000001
 43
0.00000001
 40
0.0
 40
0.0
 40
0.0
 40
0.0
 40
0.1287980160248475
 40
0.254630162587996
 40
0.3784376887972215
 40
0.5028174783418992
 40
0.6267791833774369
 40
0.7501587473269821
 40
0.8741678534368569
 40
1.0
 40
1.0
 40
1.0
 40
1.0
 10
205.4149733555992
 20
220.1415731864713
 30
0.0
 10
205.1720458043251
 20
219.874839489482
 30
0.0
 10
204.6917846653173
 20
219.3475142501011
 30
0.0
 10
203.8685481252537
 20
218.6761710890364
 30
0.0
 10
202.9907681706781
 20
218.1027434267274
 30
0.0
 10
202.0506276736259
 20
217.6488433539034
 30
0.0
 10
201.0684573679932
 20
217.3014720916391
 30
0.0
 10
200.0586114942072
 20
217.0517458737949
 30
0.0
 10
199.0234170115589
 20
216.896764964058
 30
0.0
 10
198.3241301089016
 20
216.8780539305436
 30
0.0
 10
197.9719353809157
 20
216.8686301484967
 30
0.0
  0
SPLINE
  5
5A4
330
1F
100
AcDbEntity
  8
0
  6
Continuous
 62
     7
370
    15
100
AcDbSpline
210
0.0
220
0.0
230
1.0
 70
     8
 71
     3
 72
    15
 73
    11
 74
     0
 42
0.000000001
 43
0.00000001
 40
0.0
 40
0.0
 40
0.0
 40
0.0
 40
0.1253749670434255
 40
0.2489335171934693
 40
0.3711508275576017
 40
0.4946621488532129
 40
0.6190247548740859
 40
0.7429212516309606
 40
0.8695618071372236
 40
1.0
 40
1.0
 40
1.0
 40
1.0
 10
197.9719353809157
 20
216.8686301484967
 30
0.0
 10
197.6198255397936
 20
216.878378358381
 30
0.0
 10
196.9207071810338
 20
216.8977335473002
 30
0.0
 10
195.8862547422007
 20
217.0476565733336
 30
0.0
 10
194.8829849201631
 20
217.3145327744993
 30
0.0
 10
193.8991565405583
 20
217.6545353393788
 30
0.0
 10
192.9616756616421
 20
218.1208357199703
 30
0.0
 10
192.0803574930422
 20
218.7004351863179
 30
0.0
 10
191.2600254826551
 20
219.392539921835
 30
0.0
 10
190.7749950987271
 20
219.9280244797524
 30
0.0
 10
190.5288974062321
 20
220.1997219206486
 30
0.0
  0
SPLINE
  5
5A5
330
1F
100
AcDbEntity
  8
0
  6
Continuous
 62
     7
370
    15
100
AcDbSpline
210
0.0
220
0.0
230
1.0
 70
     8
 71
     3
 72
    15
 73
    11
 74
     0
 42
0.000000001
 43
0.00000001
 40
0.0
 40
0.0
 40
0.0
 40
0.0
 40
0.1102707039244298
 40
0.2213547872887906
 40
0.3354621348771583
 40
0.4527744955687665
 40
0.5766571203752191
 40
0.7088676702286482
 40
0.8492393702643284
 40
1.0
 40
1.0
 40
1.0
 40
1.0
 10
190.5288974062322
 20
220.1997219206486
 30
0.0
 10
190.2689873438248
 20
220.5320191504568
 30
0.0
 10
189.7472500688199
 20
221.1990647029298
 30
0.0
 10
189.1018805074401
 20
222.3110831493615
 30
0.0
 10
188.5512479975742
 20
223.5003786673387
 30
0.0
 10
188.1086170723758
 20
224.7867576766567
 30
0.0
 10
187.7722909782689
 20
226.1752041063504
 30
0.0
 10
187.5218086343078
 20
227.6710174359403
 30
0.0
 10
187.3846187634424
 20
229.2849635106095
 30
0.0
 10
187.3655253100296
 20
230.3976536615969
 30
0.0
 10
187.3556379125612
 20
230.973851667484
 30
0.0
  0
SPLINE
  5
5A6
330
1F
100
AcDbEntity
  8
0
  6
Continuous
 62
     7
370
    15
100
AcDbSpline
210
0.0
220
0.0
230
1.0
 70
     8
 71
     3
 72
    12
 73
     8
 74
     0
 42
0.000000001
 43
0.00000001
 40
0.0
 40
0.0
 40
0.0
 40
0.0
 40
0.1592970233136545
 40
0.3069713481852597
 40
0.4431935239639793
 40
0.5702628326901289
 40
0.6491621956651935
 40
0.6491621956651935
 40
0.6491621956651935
 40
0.6491621956651935
 10
187.3556379125612
 20
230.973851667484
 30
0.0
 10
187.3668097693242
 20
231.5861633686187
 30
0.0
 10
187.3883383569959
 20
232.7661110192211
 30
0.0
 10
187.5514880611574
 20
234.4637957097069
 30
0.0
 10
187.8323624352462
 20
236.0200887131096
 30
0.0
 10
188.1815182164761
 20
237.2899884981374
 30
0.0
 10
188.4497997107028
 20
238.0355379779056
 30
0.0
 10
188.5608651887706
 20
238.3178144667652
 30
0.0
  0
SPLINE
  5
5A8
330
1F
100
AcDbEntity
  8
0
  6
Continuous
 62
     7
370
    15
100
AcDbSpline
210
0.0
220
0.0
230
1.0
 70
     8
 71
     3
 72
    15
 73
    11
 74
     0
 42
0.000000001
 43
0.00000001
 40
0.5435449085540216
 40
0.5435449085540216
 40
0.5435449085540216
 40
0.5435449085540216
 40
0.557510738149273
 40
0.6160054360712067
 40
0.6750268155549728
 40
0.7352961423351261
 40
0.7972794052595695
 40
0.8617094064770656
 40
0.9292839965115804
 40
1.0
 40
1.0
 40
1.0
 40
1.0
 10
180.9608994793803
 20
245.9177801770525
 30
0.0
 10
180.8564159248652
 20
245.7917374222516
 30
0.0
 10
180.3220981823858
 20
245.1312286690939
 30
0.0
 10
179.4243322306427
 20
243.8754527166478
 30
0.0
 10
178.4308045863298
 20
242.0398456133815
 30
0.0
 10
177.600346894158
 20
240.081279808274
 30
0.0
 10
176.9750729886829
 20
237.9812846384659
 30
0.0
 10
176.5181080160295
 20
235.7527311348996
 30
0.0
 10
176.240869776202
 20
233.3898582480648
 30
0.0
 10
176.2079266712922
 20
231.7693061331435
 30
0.0
 10
176.1910809505359
 20
230.9406238193828
 30
0.0
  0
SPLINE
  5
5A9
330
1F
100
AcDbEntity
  8
0
  6
Continuous
 62
     7
370
    15
100
AcDbSpline
210
0.0
220
0.0
230
1.0
 70
     8
 71
     3
 72
    23
 73
    19
 74
     0
 42
0.000000001
 43
0.00000001
 40
0.0
 40
0.0
 40
0.0
 40
0.0
 40
0.0703051764031014
 40
0.1372341022776949
 40
0.2014414036636435
 40
0.2632526103334999
 40
0.3233568153453635
 40
0.3824299099527645
 40
0.440897911477414
 40
0.4997356125771873
 40
0.5585009882046947
 40
0.6168861436372559
 40
0.675685789788526
 40
0.7355418297250513
 40
0.7974922978449283
 40
0.8617953959821355
 40
0.9292220344413041
 40
1.0
 40
1.0
 40
1.0
 40
1.0
 10
176.1910809505359
 20
230.9406238193828
 30
0.0
 10
176.2074537521976
 20
230.1173922863144
 30
0.0
 10
176.23941308795
 20
228.5104630929424
 30
0.0
 10
176.5226704248374
 20
226.1658373787078
 30
0.0
 10
176.963946713816
 20
223.9485437887449
 30
0.0
 10
177.5929336129344
 20
221.858261015129
 30
0.0
 10
178.4228190740008
 20
219.9048594237702
 30
0.0
 10
179.4210123959995
 20
218.0768998199601
 30
0.0
 10
180.5980685803087
 20
216.3753266954472
 30
0.0
 10
181.9627690956208
 20
214.8250316895245
 30
0.0
 10
183.4823323701624
 20
213.4287753885654
 30
0.0
 10
185.1442174650142
 20
212.2041865625558
 30
0.0
 10
186.9521086902942
 20
211.1824703050885
 30
0.0
 10
188.8929935641326
 20
210.3343653329022
 30
0.0
 10
190.9792832700706
 20
209.692582541704
 30
0.0
 10
193.2010872487836
 20
209.2302010888406
 30
0.0
 10
195.5580637863321
 20
208.9409477549538
 30
0.0
 10
197.1763825301099
 20
208.9098648974578
 30
0.0
 10
198.0051632290169
 20
208.8939466041928
 30
0.0
  0
SPLINE
  5
5AA
330
1F
100
AcDbEntity
  8
0
  6
Continuous
 62
     7
370
    15
100
AcDbSpline
210
0.0
220
0.0
230
1.0
 70
     8
 71
     3
 72
    15
 73
    11
 74
     0
 42
0.000000001
 43
0.00000001
 40
0.0
 40
0.0
 40
0.0
 40
0.0
 40
0.0705987021848666
 40
0.1378448986878036
 40
0.2022000760188433
 40
0.263974755603619
 40
0.3238792730536117
 40
0.3827265411431383
 40
0.4411589828171832
 40
0.460319567528628
 40
0.460319567528628
 40
0.460319567528628
 40
0.460319567528628
 10
198.0051632290169
 20
208.8939466041928
 30
0.0
 10
198.8311943036099
 20
208.9097895998609
 30
0.0
 10
200.4440308893604
 20
208.9407232582029
 30
0.0
 10
202.7952037247659
 20
209.2313010058024
 30
0.0
 10
205.0121485715664
 20
209.6909952539022
 30
0.0
 10
207.0946184606624
 20
210.3361786204412
 30
0.0
 10
209.0333123511711
 20
211.1823099989154
 30
0.0
 10
210.8413357908808
 20
212.204101101188
 30
0.0
 10
212.1284171222729
 20
213.1533898796436
 30
0.0
 10
212.8198373758742
 20
213.7423439163119
 30
0.0
 10
212.9879318122064
 20
213.8907478442273
 30
0.0
  0
SPLINE
  5
5AC
330
1F
100
AcDbEntity
  8
0
  6
Continuous
 62
     7
370
    15
100
AcDbSpline
210
0.0
220
0.0
230
1.0
 70
     8
 71
     3
 72
     8
 73
     4
 74
     0
 42
0.000000001
 43
0.00000001
 40
0.9180401928912862
 40
0.9180401928912862
 40
0.9180401928912862
 40
0.9180401928912862
 40
1.0
 40
1.0
 40
1.0
 40
1.0
 10
205.9914514991779
 20
220.8872281572959
 30
0.0
 10
205.8074960358818
 20
220.6328792684006
 30
0.0
 10
205.6112346957405
 20
220.3872262274359
 30
0.0
 10
205.4149733555992
 20
220.1415731864713
 30
0.0
  0
SPLINE
  5
5AD
330
1F
100
AcDbEntity
  8
0
  6
Continuous
 62
     7
370
    15
100
AcDbSpline
210
0.0
220
0.0
230
1.0
 70
     8
 71
     3
 72
    15
 73
    11
 74
     0
 42
0.000000001
 43
0.00000001
 40
0.5458898852718878
 40
0.5458898852718878
 40
0.5458898852718878
 40
0.5458898852718878
 40
0.558701475055391
 40
0.6173522097788492
 40
0.676473147790899
 40
0.7365341809080169
 40
0.7983954485843634
 40
0.8626547515781848
 40
0.9296378833091771
 40
1.0
 40
1.0
 40
1.0
 40
1.0
 10
215.0690941508038
 20
216.0522261927526
 30
0.0
 10
215.1640979497246
 20
216.168218080108
 30
0.0
 10
215.6865739841771
 20
216.8213425455887
 30
0.0
 10
216.5654272596046
 20
218.0739886404016
 30
0.0
 10
217.5639538723652
 20
219.9033301805262
 30
0.0
 10
218.3820313758978
 20
221.8602634452591
 30
0.0
 10
219.01384224972
 20
223.9482692815419
 30
0.0
 10
219.4542325950564
 20
226.1659151517132
 30
0.0
 10
219.7377381954464
 20
228.510442148248
 30
0.0
 10
219.7696627011871
 20
230.1173851911735
 30
0.0
 10
219.7860176593967
 20
230.9406238193828
 30
0.0
  0
SPLINE
  5
5AE
330
1F
100
AcDbEntity
  8
0
  6
Continuous
 62
     7
370
    15
100
AcDbSpline
210
0.0
220
0.0
230
1.0
 70
     8
 71
     3
 72
    23
 73
    19
 74
     0
 42
0.000000001
 43
0.00000001
 40
0.0
 40
0.0
 40
0.0
 40
0.0
 40
0.0707423428379697
 40
0.138342102150439
 40
0.2027488151200485
 40
0.2647551647398353
 40
0.3249555418580698
 40
0.3839989048345174
 40
0.4423790976300232
 40
0.5010315586152506
 40
0.559607721202722
 40
0.617823941876778
 40
0.6765939940243619
 40
0.7364199082716627
 40
0.7981135307364188
 40
0.8623359733227368
 40
0.9294939333013013
 40
1.0
 40
1.0
 40
1.0
 40
1.0
 10
219.7860176593967
 20
230.9406238193828
 30
0.0
 10
219.7694700457818
 20
231.7693715576617
 30
0.0
 10
219.7371099123565
 20
233.3900516152694
 30
0.0
 10
219.4557782769785
 20
235.7514609972622
 30
0.0
 10
219.0137470579537
 20
237.9827210814533
 30
0.0
 10
218.3818979516736
 20
240.0789242621075
 30
0.0
 10
217.5655529080073
 20
242.0421687135419
 30
0.0
 10
216.5678960237315
 20
243.8727656454514
 30
0.0
 10
215.3744235195372
 20
245.5590047784408
 30
0.0
 10
214.0263165219922
 20
247.1175075957822
 30
0.0
 10
212.5021081876616
 20
248.5022107453659
 30
0.0
 10
210.8388941173746
 20
249.7179411450771
 30
0.0
 10
209.03362643696
 20
250.7410669718107
 30
0.0
 10
207.0943934037164
 20
251.5857797086392
 30
0.0
 10
205.0132934176439
 20
252.234438331169
 30
0.0
 10
202.7940011852363
 20
252.680196996157
 30
0.0
 10
200.4442034260161
 20
252.9745733133333
 30
0.0
 10
198.8312527408271
 20
253.0049639838713
 30
0.0
 10
198.0051632290169
 20
253.0205288826739
 30
0.0
  0
SPLINE
  5
5AF
330
1F
100
AcDbEntity
  8
0
  6
Continuous
 62
     7
370
    15
100
AcDbSpline
210
0.0
220
0.0
230
1.0
 70
     8
 71
     3
 72
    15
 73
    11
 74
     0
 42
0.000000001
 43
0.00000001
 40
0.0
 40
0.0
 40
0.0
 40
0.0
 40
0.0704798153213525
 40
0.1373781273489806
 40
0.2013452233620998
 40
0.2630158755685646
 40
0.3230362926434435
 40
0.381784463059599
 40
0.4401701930530097
 40
0.458125597711234
 40
0.458125597711234
 40
0.458125597711234
 40
0.458125597711234
 10
198.0051632290169
 20
253.0205288826739
 30
0.0
 10
197.1790654731867
 20
253.0050589805066
 30
0.0
 10
195.5688489567883
 20
252.9749052949396
 30
0.0
 10
193.224565588559
 20
252.6803182455567
 30
0.0
 10
191.0109704114579
 20
252.2335826369317
 30
0.0
 10
188.9307157593915
 20
251.5837793168725
 30
0.0
 10
186.9864659433217
 20
250.7437420409183
 30
0.0
 10
185.1790868279648
 20
249.7149714179168
 30
0.0
 10
183.8945730900378
 20
248.7849770701714
 30
0.0
 10
183.2102164757048
 20
248.2080952650808
 30
0.0
 10
183.0516612346601
 20
248.0696591088955
 30
0.0
  0
SPLINE
  5
5B1
330
1F
100
AcDbEntity
  8
0
  6
Continuous
 62
     7
370
    15
100
AcDbSpline
210
0.0
220
0.0
230
1.0
 70
     8
 71
     3
 72
     8
 73
     4
 74
     0
 42
0.000000001
 43
0.00000001
 40
0.9220159570357241
 40
0.9220159570357241
 40
0.9220159570357241
 40
0.9220159570357241
 40
1.0
 40
1.0
 40
1.0
 40
1.0
 10
190.029188051166
 20
241.0921322922943
 30
0.0
 10
190.2072006675604
 20
241.3330247756031
 30
0.0
 10
190.3971234039848
 20
241.5654239810372
 30
0.0
 10
190.5870461404093
 20
241.7978231864713
 30
0.0
  0
SPLINE
  5
5B2
330
1F
100
AcDbEntity
  8
0
  6
Continuous
 62
     7
370
    15
100
AcDbSpline
210
0.0
220
0.0
230
1.0
 70
     8
 71
     3
 72
    15
 73
    11
 74
     0
 42
0.000000001
 43
0.00000001
 40
0.0
 40
0.0
 40
0.0
 40
0.0
 40
0.1325888502644209
 40
0.260007315651399
 40
0.385050838741125
 40
0.508606457308629
 40
0.6322304620024461
 40
0.7543655514750808
 40
0.8762072033093266
 40
1.0
 40
1.0
 40
1.0
 40
1.0
 10
190.5870461404093
 20
241.7978231864713
 30
0.0
 10
190.8360163716177
 20
242.0694242644105
 30
0.0
 10
191.3242480846501
 20
242.6020351669273
 30
0.0
 10
192.1459740568665
 20
243.2920697464362
 30
0.0
 10
193.032191158255
 20
243.8497734560872
 30
0.0
 10
193.9698827764081
 20
244.2896933708453
 30
0.0
 10
194.9395713935003
 20
244.6286179191754
 30
0.0
 10
195.9326635740594
 20
244.8707922669051
 30
0.0
 10
196.9459014451182
 20
245.0156308686354
 30
0.0
 10
197.6281177224812
 20
245.0357206554794
 30
0.0
 10
197.9719353809157
 20
245.0458453383701
 30
0.0
  0
SPLINE
  5
5B3
330
1F
100
AcDbEntity
  8
0
  6
Continuous
 62
     7
370
    15
100
AcDbSpline
210
0.0
220
0.0
230
1.0
 70
     8
 71
     3
 72
    15
 73
    11
 74
     0
 42
0.000000001
 43
0.00000001
 40
0.0
 40
0.0
 40
0.0
 40
0.0
 40
0.1252558781935255
 40
0.2474183412198488
 40
0.3688033857704412
 40
0.4893976937961763
 40
0.6111782377750017
 40
0.735309353089724
 40
0.8641140351758733
 40
1.0
 40
1.0
 40
1.0
 40
1.0
 10
197.9719353809157
 20
245.0458453383701
 30
0.0
 10
198.3184239345951
 20
245.0350054438611
 30
0.0
 10
199.0028438950746
 20
245.013593365186
 30
0.0
 10
200.0166737491601
 20
244.8809296852797
 30
0.0
 10
200.9977051406929
 20
244.6456029537215
 30
0.0
 10
201.9528206664088
 20
244.3233347746807
 30
0.0
 10
202.8721276851319
 20
243.8895409460687
 30
0.0
 10
203.7511211986384
 20
243.3356841505408
 30
0.0
 10
204.5898146217666
 20
242.6570195403562
 30
0.0
 10
205.0966349578726
 20
242.127708026765
 30
0.0
 10
205.356824621422
 20
241.8559719206486
 30
0.0
  0
SPLINE
  5
5B4
330
1F
100
AcDbEntity
  8
0
  6
Continuous
 62
     7
370
    15
100
AcDbSpline
210
0.0
220
0.0
230
1.0
 70
     8
 71
     3
 72
    15
 73
    11
 74
     0
 42
0.000000001
 43
0.00000001
 40
0.0
 40
0.0
 40
0.0
 40
0.0
 40
0.0956017270021875
 40
0.198502907940365
 40
0.3106542153081892
 40
0.4324617408870541
 40
0.5627667501830925
 40
0.6999329934901275
 40
0.845634181176351
 40
1.0
 40
1.0
 40
1.0
 40
1.0
 10
205.356824621422
 20
241.8559719206486
 30
0.0
 10
205.5942662271425
 20
241.5707899622937
 30
0.0
 10
206.0872787560945
 20
240.9786516212753
 30
0.0
 10
206.7046871328191
 20
239.9393884503965
 30
0.0
 10
207.2580199674513
 20
238.7553346359015
 30
0.0
 10
207.7461457209856
 20
237.4283410132823
 30
0.0
 10
208.1437215093554
 20
235.9704332350691
 30
0.0
 10
208.4226545111038
 20
234.3913246798259
 30
0.0
 10
208.5882011200344
 20
232.7024856829087
 30
0.0
 10
208.6101627857701
 20
231.5391088628383
 30
0.0
 10
208.6214606973714
 20
230.9406238193828
 30
0.0
  0
SPLINE
  5
5B5
330
1F
100
AcDbEntity
  8
0
  6
Continuous
 62
     7
370
    15
100
AcDbSpline
210
0.0
220
0.0
230
1.0
 70
     8
 71
     3
 72
    12
 73
     8
 74
     0
 42
0.000000001
 43
0.00000001
 40
0.0
 40
0.0
 40
0.0
 40
0.0
 40
0.1590464524714758
 40
0.3057198213100087
 40
0.4422172368301365
 40
0.5687747758150353
 40
0.6441058397033829
 40
0.6441058397033829
 40
0.6441058397033829
 40
0.6441058397033829
 10
208.6214606973714
 20
230.9406238193828
 30
0.0
 10
208.61072448453
 20
230.3310172092962
 30
0.0
 10
208.5900872869039
 20
229.1592285839668
 30
0.0
 10
208.4215978334382
 20
227.471145962311
 30
0.0
 10
208.154668898455
 20
225.9221020759016
 30
0.0
 10
207.8140596906838
 20
224.6689038377809
 30
0.0
 10
207.5559441016717
 20
223.9388418984248
 30
0.0
 10
207.4518158774441
 20
223.6695044670124
 30
0.0
  0
SPLINE
  5
5B7
330
1F
100
AcDbEntity
  8
0
  6
Continuous
 62
     7
370
    15
100
AcDbSpline
210
0.0
220
0.0
230
1.0
 70
     8
 71
     3
 72
    17
 73
    13
 74
     0
 42
0.000000001
 43
0.00000001
 40
0.0
 40
0.0
 40
0.0
 40
0.0
 40
0.0692591728640452
 40
0.1359986750593683
 40
0.2010440729663541
 40
0.2647074371373311
 40
0.3266997388083393
 40
0.3878362590273916
 40
0.4483918592282077
 40
0.5084659592957609
 40
0.56804905724246
 40
0.607772247686136
 40
0.607772247686136
 40
0.607772247686136
 40
0.607772247686136
 10
351.7752725989357
 20
99.53907874214266
 30
0.0
 10
351.767705830317
 20
98.91838822492194
 30
0.0
 10
351.7528475745212
 20
97.69958810829867
 30
0.0
 10
351.5761778082834
 20
95.90533937583848
 30
0.0
 10
351.3153860689396
 20
94.17318847420768
 30
0.0
 10
350.9444773446353
 20
92.5036115985218
 30
0.0
 10
350.4562474892793
 20
90.90180693830457
 30
0.0
 10
349.8810428431495
 20
89.35825500881785
 30
0.0
 10
349.1765637283127
 20
87.88808998404744
 30
0.0
 10
348.3825527212274
 20
86.48101330625254
 30
0.0
 10
347.5784541346224
 20
85.2982191672667
 30
0.0
 10
347.0146441510927
 20
84.60902502457651
 30
0.0
 10
346.7805902446835
 20
84.34073009887206
 30
0.0
  0
SPLINE
  5
5B8
330
1F
100
AcDbEntity
  8
0
  6
Continuous
 62
     7
370
    15
100
AcDbSpline
210
0.0
220
0.0
230
1.0
 70
     8
 71
     3
 72
    23
 73
    19
 74
     0
 42
0.000000001
 43
0.00000001
 40
0.0
 40
0.0
 40
0.0
 40
0.0
 40
0.0704044191067601
 40
0.1372311662549054
 40
0.2011782294368624
 40
0.2627829090849911
 40
0.322739118950684
 40
0.3814244431513183
 40
0.4397477146520728
 40
0.4983988349598403
 40
0.5571221401201657
 40
0.6157471190098671
 40
0.6749125189417746
 40
0.7351173722400581
 40
0.7972603302889066
 40
0.8616214071175428
 40
0.9291237088200298
 40
1.0
 40
1.0
 40
1.0
 40
1.0
 10
329.9611903204547
 20
121.6688255775857
 30
0.0
 10
330.7872299641382
 20
121.653077455944
 30
0.0
 10
332.397333209271
 20
121.6223814694329
 30
0.0
 10
334.7429856176805
 20
121.3315773525352
 30
0.0
 10
336.9542630253736
 20
120.8709546890361
 30
0.0
 10
339.0357562468067
 20
120.2244511891154
 30
0.0
 10
340.979962455949
 20
119.3836686307487
 30
0.0
 10
342.7868633884474
 20
118.3545657762032
 30
0.0
 10
344.4608730027813
 20
117.1460116836092
 30
0.0
 10
345.979179505573
 20
115.7459284944237
 30
0.0
 10
347.3411729838513
 20
114.1905293882168
 30
0.0
 10
348.5419632994004
 20
112.4983089756594
 30
0.0
 10
349.5334808700728
 20
110.6566753264517
 30
0.0
 10
350.3680305673124
 20
108.6942393774033
 30
0.0
 10
350.9897204804942
 20
106.5903261992081
 30
0.0
 10
351.4485363364537
 20
104.3595842693312
 30
0.0
 10
351.7257357785786
 20
101.9938415911803
 30
0.0
 10
351.7584940844484
 20
100.3705264153748
 30
0.0
 10
351.7752725989357
 20
99.53907874214266
 30
0.0
  0
SPLINE
  5
5B9
330
1F
100
AcDbEntity
  8
0
  6
Continuous
 62
     7
370
    15
100
AcDbSpline
210
0.0
220
0.0
230
1.0
 70
     8
 71
     3
 72
    15
 73
    11
 74
     0
 42
0.000000001
 43
0.00000001
 40
0.5302080460658624
 40
0.5302080460658624
 40
0.5302080460658624
 40
0.5302080460658624
 40
0.5601327247631467
 40
0.6182731688568418
 40
0.6769667235346847
 40
0.7367147659595601
 40
0.7983280855175605
 40
0.8625151623710734
 40
0.9295857068408282
 40
1.0
 40
1.0
 40
1.0
 40
1.0
 10
314.695204185238
 20
116.4261161583193
 30
0.0
 10
314.9535669139773
 20
116.663863950296
 30
0.0
 10
315.7340949106716
 20
117.341637631877
 30
0.0
 10
317.1278629147634
 20
118.3575350998131
 30
0.0
 10
318.9326521728884
 20
119.3809944242433
 30
0.0
 10
320.871843605008
 20
120.2264450959424
 30
0.0
 10
322.9541742107892
 20
120.8718190216105
 30
0.0
 10
325.1711585758055
 20
121.3314592032431
 30
0.0
 10
327.5223203026214
 20
121.6220521489527
 30
0.0
 10
329.1351584473928
 20
121.6529836743351
 30
0.0
 10
329.9611903204547
 20
121.6688255775857
 30
0.0
  0
SPLINE
  5
5BB
330
1F
100
AcDbEntity
  8
0
  6
Continuous
 62
     7
370
    15
100
AcDbSpline
210
0.0
220
0.0
230
1.0
 70
     8
 71
     3
 72
     9
 73
     5
 74
     0
 42
0.000000001
 43
0.00000001
 40
0.0
 40
0.0
 40
0.0
 40
0.0
 40
0.0956017270021859
 40
0.1222717978760721
 40
0.1222717978760721
 40
0.1222717978760721
 40
0.1222717978760721
 10
322.6095289280496
 20
110.5042686155604
 30
0.0
 10
322.3720873223292
 20
110.2190866572055
 30
0.0
 10
322.0684064900639
 20
109.8543473176215
 30
0.0
 10
321.8020979481573
 20
109.4623150007859
 30
0.0
 10
321.7456232297026
 20
109.375697114439
 30
0.0
  0
SPLINE
  5
5BC
330
1F
100
AcDbEntity
  8
0
  6
Continuous
 62
     7
370
    15
100
AcDbSpline
210
0.0
220
0.0
230
1.0
 70
     8
 71
     3
 72
    15
 73
    11
 74
     0
 42
0.000000001
 43
0.00000001
 40
0.0
 40
0.0
 40
0.0
 40
0.0
 40
0.1252558781935251
 40
0.2474183412198547
 40
0.3688033857704403
 40
0.4893976937961748
 40
0.6111782377750059
 40
0.735309353089725
 40
0.8641140351758713
 40
1.0
 40
1.0
 40
1.0
 40
1.0
 10
329.994418168556
 20
113.6941420332819
 30
0.0
 10
329.6479296148765
 20
113.683302138773
 30
0.0
 10
328.9635096543969
 20
113.6618900600979
 30
0.0
 10
327.9496798003116
 20
113.5292263801915
 30
0.0
 10
326.9686484087787
 20
113.2938996486334
 30
0.0
 10
326.0135328830628
 20
112.9716314695924
 30
0.0
 10
325.0942258643396
 20
112.5378376409806
 30
0.0
 10
324.2152323508333
 20
111.9839808454526
 30
0.0
 10
323.376538927705
 20
111.305316235268
 30
0.0
 10
322.869718591599
 20
110.7760047216769
 30
0.0
 10
322.6095289280496
 20
110.5042686155604
 30
0.0
  0
SPLINE
  5
5BD
330
1F
100
AcDbEntity
  8
0
  6
Continuous
 62
     7
370
    15
100
AcDbSpline
210
0.0
220
0.0
230
1.0
 70
     8
 71
     3
 72
    15
 73
    11
 74
     0
 42
0.000000001
 43
0.00000001
 40
0.0
 40
0.0
 40
0.0
 40
0.0
 40
0.1325888502644229
 40
0.2600073156514006
 40
0.3850508387411217
 40
0.5086064573086324
 40
0.632230462002444
 40
0.7543655514750827
 40
0.8762072033093258
 40
1.0
 40
1.0
 40
1.0
 40
1.0
 10
337.3793074090622
 20
110.4461198813832
 30
0.0
 10
337.1303371778539
 20
110.7177209593224
 30
0.0
 10
336.6421054648216
 20
111.2503318618392
 30
0.0
 10
335.8203794926049
 20
111.9403664413481
 30
0.0
 10
334.9341623912167
 20
112.4980701509991
 30
0.0
 10
333.9964707730637
 20
112.9379900657571
 30
0.0
 10
333.0267821559713
 20
113.2769146140873
 30
0.0
 10
332.0336899754122
 20
113.5190889618169
 30
0.0
 10
331.0204521043534
 20
113.6639275635472
 30
0.0
 10
330.3382358269905
 20
113.6840173503913
 30
0.0
 10
329.994418168556
 20
113.6941420332819
 30
0.0
  0
SPLINE
  5
5BE
330
1F
100
AcDbEntity
  8
0
  6
Continuous
 62
     7
370
    15
100
AcDbSpline
210
0.0
220
0.0
230
1.0
 70
     8
 71
     3
 72
    15
 73
    11
 74
     0
 42
0.000000001
 43
0.00000001
 40
0.0
 40
0.0
 40
0.0
 40
0.0
 40
0.1592970233136553
 40
0.3069713481852583
 40
0.4431935239639781
 40
0.5702628326901287
 40
0.6888184051352929
 40
0.7990244891000929
 40
0.9024395879182551
 40
1.0
 40
1.0
 40
1.0
 40
1.0
 10
340.6107156369104
 20
99.62214836239583
 30
0.0
 10
340.5995437801474
 20
100.2344600635305
 30
0.0
 10
340.5780151924757
 20
101.414407714133
 30
0.0
 10
340.4148654883141
 20
103.1120924046188
 30
0.0
 10
340.1339911142255
 20
104.6683854080215
 30
0.0
 10
339.7443719632118
 20
106.0854528109207
 30
0.0
 10
339.2615572754423
 20
107.3672029184428
 30
0.0
 10
338.7109915872478
 20
108.519841910152
 30
0.0
 10
338.1063633202269
 20
109.5564569624416
 30
0.0
 10
337.6169065347931
 20
110.1553813996658
 30
0.0
 10
337.3793074090622
 20
110.4461198813832
 30
0.0
  0
SPLINE
  5
5BF
330
1F
100
AcDbEntity
  8
0
  6
Continuous
 62
     7
370
    15
100
AcDbSpline
210
0.0
220
0.0
230
1.0
 70
     8
 71
     3
 72
    13
 73
     9
 74
     0
 42
0.000000001
 43
0.00000001
 40
0.3078499543192968
 40
0.3078499543192968
 40
0.3078499543192968
 40
0.3078499543192968
 40
0.3354621348771554
 40
0.4527744955687664
 40
0.576657120375218
 40
0.7088676702286492
 40
0.8492393702643295
 40
0.9999999999999999
 40
0.9999999999999999
 40
0.9999999999999999
 40
0.9999999999999999
 10
339.2676521951507
 20
91.85366813492712
 30
0.0
 10
339.3094714641857
 20
91.95057754011896
 30
0.0
 10
339.5228600816111
 20
92.46183279724103
 30
0.0
 10
339.8577364770961
 20
93.43505437156847
 30
0.0
 10
340.1940625712026
 20
94.82350080126226
 30
0.0
 10
340.4445449151639
 20
96.31931413085206
 30
0.0
 10
340.5817347860292
 20
97.93326020552135
 30
0.0
 10
340.600828239442
 20
99.04595035650868
 30
0.0
 10
340.6107156369104
 20
99.62214836239583
 30
0.0
  0
SPLINE
  5
5C1
330
1F
100
AcDbEntity
  8
0
  6
Continuous
 62
     7
370
    15
100
AcDbSpline
210
0.0
220
0.0
230
1.0
 70
     8
 71
     3
 72
    15
 73
    11
 74
     0
 42
0.000000001
 43
0.00000001
 40
0.0
 40
0.0
 40
0.0
 40
0.0
 40
0.1253749670434223
 40
0.2489335171934665
 40
0.3711508275575985
 40
0.494662148853213
 40
0.619024754874086
 40
0.7429212516309616
 40
0.8695618071372236
 40
1.0
 40
1.0
 40
1.0
 40
1.0
 10
329.994418168556
 20
85.51692684340848
 30
0.0
 10
330.3465280096781
 20
85.52667505329286
 30
0.0
 10
331.0456463684379
 20
85.54603024221201
 30
0.0
 10
332.080098807271
 20
85.69595326824543
 30
0.0
 10
333.0833686293085
 20
85.96282946941125
 30
0.0
 10
334.0671970089134
 20
86.30283203429069
 30
0.0
 10
335.0046778878296
 20
86.76913241488205
 30
0.0
 10
335.8859960564295
 20
87.34873188122968
 30
0.0
 10
336.7063280668165
 20
88.04083661674694
 30
0.0
 10
337.1913584507446
 20
88.57632117466426
 30
0.0
 10
337.4374561432395
 20
88.84801861556038
 30
0.0
  0
SPLINE
  5
5C2
330
1F
100
AcDbEntity
  8
0
  6
Continuous
 62
     7
370
    15
100
AcDbSpline
210
0.0
220
0.0
230
1.0
 70
     8
 71
     3
 72
    15
 73
    11
 74
     0
 42
0.000000001
 43
0.00000001
 40
0.0
 40
0.0
 40
0.0
 40
0.0
 40
0.128798016024844
 40
0.2546301625879899
 40
0.3784376887972209
 40
0.5028174783418926
 40
0.626779183377433
 40
0.750158747326975
 40
0.8741678534368501
 40
1.0
 40
1.0
 40
1.0
 40
1.0
 10
322.5513801938724
 20
88.78986988138317
 30
0.0
 10
322.7943077451466
 20
88.52313618439382
 30
0.0
 10
323.2745688841542
 20
87.99581094501286
 30
0.0
 10
324.097805424218
 20
87.32446778394838
 30
0.0
 10
324.9755853787934
 20
86.75104012163919
 30
0.0
 10
325.9157258758458
 20
86.29714004881527
 30
0.0
 10
326.8978961814783
 20
85.94976878655109
 30
0.0
 10
327.9077420552645
 20
85.70004256870679
 30
0.0
 10
328.9429365379127
 20
85.5450616589698
 30
0.0
 10
329.64222344057
 20
85.52635062545545
 30
0.0
 10
329.994418168556
 20
85.51692684340848
 30
0.0
  0
SPLINE
  5
5C3
330
1F
100
AcDbEntity
  8
0
  6
Continuous
 62
     7
370
    15
100
AcDbSpline
210
0.0
220
0.0
230
1.0
 70
     8
 71
     3
 72
    15
 73
    11
 74
     0
 42
0.000000001
 43
0.00000001
 40
0.0
 40
0.0
 40
0.0
 40
0.0
 40
0.1590464524714733
 40
0.305719821310007
 40
0.4422172368301367
 40
0.5687747758150324
 40
0.6867512355634527
 40
0.7972836117822495
 40
0.9010048964703455
 40
1.0
 40
1.0
 40
1.0
 40
1.0
 10
319.3448928521002
 20
99.58892051429456
 30
0.0
 10
319.3556290649415
 20
98.97931390420803
 30
0.0
 10
319.3762662625676
 20
97.80752527887869
 30
0.0
 10
319.5447557160336
 20
96.11944265722282
 30
0.0
 10
319.8116846510167
 20
94.5703987708135
 30
0.0
 10
320.1952194340464
 20
93.159265121503
 30
0.0
 10
320.6695691032487
 20
91.88183478488209
 30
0.0
 10
321.2193016847088
 20
90.73234106465604
 30
0.0
 10
321.8289004346432
 20
89.69417100233888
 30
0.0
 10
322.3143260526837
 20
89.08658175858919
 30
0.0
 10
322.5513801938725
 20
88.78986988138318
 30
0.0
  0
SPLINE
  5
5C4
330
1F
100
AcDbEntity
  8
0
  6
Continuous
 62
     7
370
    15
100
AcDbSpline
210
0.0
220
0.0
230
1.0
 70
     8
 71
     3
 72
    12
 73
     8
 74
     0
 42
0.000000001
 43
0.00000001
 40
0.3966919463645926
 40
0.3966919463645926
 40
0.3966919463645926
 40
0.3966919463645926
 40
0.4324617408870516
 40
0.5627667501830921
 40
0.6999329934901267
 40
0.8456341811763498
 40
1.0
 40
1.0
 40
1.0
 40
1.0
 10
320.3824889404472
 20
106.4961907155835
 30
0.0
 10
320.3368183887948
 20
106.3652075508486
 30
0.0
 10
320.1323363064009
 20
105.7544134196964
 30
0.0
 10
319.8226320401163
 20
104.6187299299809
 30
0.0
 10
319.5436990383678
 20
103.0396213747377
 30
0.0
 10
319.3781524294373
 20
101.3507823778206
 30
0.0
 10
319.3561907637016
 20
100.1874055577501
 30
0.0
 10
319.3448928521002
 20
99.58892051429456
 30
0.0
  0
SPLINE
  5
5C6
330
1F
100
AcDbEntity
  8
0
  6
Continuous
 62
     7
370
    15
100
AcDbSpline
210
0.0
220
0.0
230
1.0
 70
     8
 71
     3
 72
    15
 73
    11
 74
     0
 42
0.000000001
 43
0.00000001
 40
0.0
 40
0.0
 40
0.0
 40
0.0
 40
0.0708862314113183
 40
0.1383980001511501
 40
0.2029523384574319
 40
0.2651040119084182
 40
0.3252260297882533
 40
0.384399727526851
 40
0.4428972621982975
 40
0.4448150737811402
 40
0.4448150737811402
 40
0.4448150737811402
 40
0.4448150737811402
 10
308.180335890075
 20
99.53077178011735
 30
0.0
 10
308.1967520242629
 20
100.3622977562658
 30
0.0
 10
308.2288028202584
 20
101.985765810378
 30
0.0
 10
308.5112935587549
 20
104.352569083388
 30
0.0
 10
308.9528860937736
 20
106.5892570518948
 30
0.0
 10
309.5825681844007
 20
108.6918548797665
 30
0.0
 10
310.4028256479522
 20
110.6590073559347
 30
0.0
 10
311.3985393201819
 20
112.4956250123513
 30
0.0
 10
312.2062897118311
 20
113.6454501398302
 30
0.0
 10
312.6440137623331
 20
114.2030638513225
 30
0.0
 10
312.657938660229
 20
114.2207409960928
 30
0.0
  0
SPLINE
  5
5C7
330
1F
100
AcDbEntity
  8
0
  6
Continuous
 62
     7
370
    15
100
AcDbSpline
210
0.0
220
0.0
230
1.0
 70
     8
 71
     3
 72
    23
 73
    19
 74
     0
 42
0.000000001
 43
0.00000001
 40
0.0
 40
0.0
 40
0.0
 40
0.0
 40
0.0699335648107413
 40
0.1365866835151243
 40
0.200423554653242
 40
0.2617397054435137
 40
0.3215885257951207
 40
0.3801673803510014
 40
0.4380278888230805
 40
0.4965563998722274
 40
0.5550376745240053
 40
0.6137359218595959
 40
0.6730306341950272
 40
0.7337752290293811
 40
0.7961366238216984
 40
0.861019304197808
 40
0.9288338314022659
 40
1.0
 40
1.0
 40
1.0
 40
1.0
 10
328.3828675356446
 20
77.5422432991047
 30
0.0
 10
327.603288511331
 20
77.60116708781838
 30
0.0
 10
326.0806989828676
 20
77.71625066610194
 30
0.0
 10
323.8715733363314
 20
78.10459294792847
 30
0.0
 10
321.795371420098
 20
78.64691204103976
 30
0.0
 10
319.8538819908258
 20
79.36637768418323
 30
0.0
 10
318.043655834004
 20
80.24449801774554
 30
0.0
 10
316.3739685400516
 20
81.29713883143839
 30
0.0
 10
314.8381978826973
 20
82.51282466663335
 30
0.0
 10
313.4454154524981
 20
83.88920592704277
 30
0.0
 10
312.2069968410035
 20
85.41685614483784
 30
0.0
 10
311.1180105382971
 20
87.06536990980621
 30
0.0
 10
310.2142169616197
 20
88.85033099469848
 30
0.0
 10
309.4614215193963
 20
90.7476439460926
 30
0.0
 10
308.892839212576
 20
92.77320033599705
 30
0.0
 10
308.4783682300553
 20
94.91486788792758
 30
0.0
 10
308.2252228731514
 20
97.18214268678531
 30
0.0
 10
308.195536852576
 20
98.73540928681112
 30
0.0
 10
308.180335890075
 20
99.53077178011735
 30
0.0
  0
SPLINE
  5
5C8
330
1F
100
AcDbEntity
  8
0
  6
Continuous
 62
     7
370
    15
100
AcDbSpline
210
0.0
220
0.0
230
1.0
 70
     8
 71
     3
 72
    15
 73
    11
 74
     0
 42
0.000000001
 43
0.00000001
 40
0.0
 40
0.0
 40
0.0
 40
0.0
 40
0.1226455902688001
 40
0.2422111794079655
 40
0.3627977559254275
 40
0.4833482750977887
 40
0.6066090948940799
 40
0.7337109065933195
 40
0.864164961916767
 40
1.0
 40
1.0
 40
1.0
 40
1.0
 10
331.7721080419736
 20
69.55094583075027
 30
0.0
 10
331.5109607374552
 20
69.80536534256412
 30
0.0
 10
330.9952243258322
 20
70.30781512396895
 30
0.0
 10
330.334897737891
 20
71.16320678415107
 30
0.0
 10
329.7684348952126
 20
72.07427546768963
 30
0.0
 10
329.3071510159671
 20
73.05633107335007
 30
0.0
 10
328.9575912994918
 20
74.10234904239998
 30
0.0
 10
328.6705547502407
 20
75.19723720755155
 30
0.0
 10
328.4815621571173
 20
76.35194668126688
 30
0.0
 10
328.4162059667821
 20
77.1401684825169
 30
0.0
 10
328.3828675356446
 20
77.5422432991047
 30
0.0
  0
SPLINE
  5
5C9
330
1F
100
AcDbEntity
  8
0
  6
Continuous
 62
     7
370
    15
100
AcDbSpline
210
0.0
220
0.0
230
1.0
 70
     8
 71
     3
 72
    15
 73
    11
 74
     0
 42
0.000000001
 43
0.00000001
 40
0.0
 40
0.0
 40
0.0
 40
0.0
 40
0.1511827721661926
 40
0.2929419684332473
 40
0.4260097187516209
 40
0.5520528706808698
 40
0.6713930032471964
 40
0.7849551873344406
 40
0.8942818469722889
 40
0.9999999999999999
 40
0.9999999999999999
 40
0.9999999999999999
 40
0.9999999999999999
 10
341.6989276622268
 20
66.37768633707937
 30
0.0
 10
341.1613094681349
 20
66.38581634254834
 30
0.0
 10
340.1195840798104
 20
66.40156959122426
 30
0.0
 10
338.6117786103111
 20
66.56344651039788
 30
0.0
 10
337.2083047588086
 20
66.8178027757468
 30
0.0
 10
335.9084424808754
 20
67.1721058834182
 30
0.0
 10
334.7140606411826
 20
67.62842488871745
 30
0.0
 10
333.6292023603921
 20
68.1820728169036
 30
0.0
 10
332.6374169095682
 20
68.80621728945846
 30
0.0
 10
332.057299491937
 20
69.30549565628195
 30
0.0
 10
331.7721080419736
 20
69.55094583075027
 30
0.0
  0
SPLINE
  5
5CA
330
1F
100
AcDbEntity
  8
0
  6
Continuous
 62
     7
370
    15
100
AcDbSpline
210
0.0
220
0.0
230
1.0
 70
     8
 71
     3
 72
    13
 73
     9
 74
     0
 42
0.000000001
 43
0.00000001
 40
0.0
 40
0.0
 40
0.0
 40
0.0
 40
0.1840940554839783
 40
0.381838568423843
 40
0.4969016067918833
 40
0.6379459313570084
 40
0.8053206210256573
 40
1.0
 40
1.0
 40
1.0
 40
1.0
 10
350.7119814596952
 20
67.32468000796544
 30
0.0
 10
350.167083208452
 20
67.20571493271268
 30
0.0
 10
349.0368828462274
 20
66.9589635973286
 30
0.0
 10
347.5561612895509
 20
66.68266002768421
 30
0.0
 10
346.1904685953202
 20
66.51539024067822
 30
0.0
 10
344.9088508483061
 20
66.44576121590902
 30
0.0
 10
343.3858787898068
 20
66.38143772120729
 30
0.0
 10
342.2888232384363
 20
66.3789981266538
 30
0.0
 10
341.6989276622268
 20
66.37768633707937
 30
0.0
  0
SPLINE
  5
5CD
330
1F
100
AcDbEntity
  8
0
  6
Continuous
 62
     7
370
    15
100
AcDbSpline
210
0.0
220
0.0
230
1.0
 70
     8
 71
     3
 72
    15
 73
    11
 74
     0
 42
0.000000001
 43
0.00000001
 40
0.0
 40
0.0
 40
0.0
 40
0.0
 40
0.1191157330737222
 40
0.2500263203981647
 40
0.3914333363838289
 40
0.5454974132270145
 40
0.6940693096077825
 40
0.8196283168323286
 40
0.9210188032859411
 40
1.0
 40
1.0
 40
1.0
 40
1.0
 10
344.5066808267838
 20
73.82072431176293
 30
0.0
 10
344.7145700860635
 20
73.82586091558252
 30
0.0
 10
345.150933824142
 20
73.83664275035123
 30
0.0
 10
345.8296378116283
 20
73.91912713910902
 30
0.0
 10
346.5651155985157
 20
74.03263895699823
 30
0.0
 10
347.3218944910814
 20
74.19964297399649
 30
0.0
 10
348.0505344100739
 20
74.36688859728632
 30
0.0
 10
348.6768900804705
 20
74.55889403413313
 30
0.0
 10
349.1920521256037
 20
74.70254301953854
 30
0.0
 10
349.4807433336037
 20
74.82875132664033
 30
0.0
 10
349.6071555103281
 20
74.88401545100342
 30
0.0
  0
SPLINE
  5
5CE
330
1F
100
AcDbEntity
  8
0
  6
Continuous
 62
     7
370
    15
100
AcDbSpline
210
0.0
220
0.0
230
1.0
 70
     8
 71
     3
 72
    23
 73
    19
 74
     0
 42
0.000000001
 43
0.00000001
 40
0.0
 40
0.0
 40
0.0
 40
0.0
 40
0.0684956311317124
 40
0.1322676043067176
 40
0.192579817992182
 40
0.2482383292642428
 40
0.3015039145172772
 40
0.3534801846025172
 40
0.4025819927997103
 40
0.4515274254144277
 40
0.502528472253708
 40
0.5573473567821873
 40
0.6163748179821711
 40
0.6809590535548179
 40
0.7513642980123354
 40
0.8281446909779197
 40
0.9106754571133874
 40
0.9999999999999999
 40
0.9999999999999999
 40
0.9999999999999999
 40
0.9999999999999999
 10
337.9524877888091
 20
78.82982241302875
 30
0.0
 10
337.9656214085293
 20
78.61349400892068
 30
0.0
 10
337.9909829153518
 20
78.19575583668825
 30
0.0
 10
338.0845950755254
 20
77.59319299449113
 30
0.0
 10
338.2127104114289
 20
77.03853077294356
 30
0.0
 10
338.3904759516068
 20
76.53270077141684
 30
0.0
 10
338.6051648539231
 20
76.07014645590941
 30
0.0
 10
338.8692698143771
 20
75.6577637566923
 30
0.0
 10
339.1746993188762
 20
75.29329300154048
 30
0.0
 10
339.5199694726634
 20
74.97028975590085
 30
0.0
 10
339.9255917784761
 20
74.6927144218098
 30
0.0
 10
340.3955435127252
 20
74.46417095538908
 30
0.0
 10
340.9237006320864
 20
74.26390161150756
 30
0.0
 10
341.5152964159255
 20
74.09754702908096
 30
0.0
 10
342.1748242526253
 20
73.97717146234548
 30
0.0
 10
342.8959793915209
 20
73.88798634662317
 30
0.0
 10
343.6804871933875
 20
73.82685270880947
 30
0.0
 10
344.2241193347713
 20
73.82282024780397
 30
0.0
 10
344.5066808267838
 20
73.82072431176293
 30
0.0
  0
SPLINE
  5
5CF
330
1F
100
AcDbEntity
  8
0
  6
Continuous
 62
     7
370
    15
100
AcDbSpline
210
0.0
220
0.0
230
1.0
 70
     8
 71
     3
 72
    12
 73
     8
 74
     0
 42
0.000000001
 43
0.00000001
 40
0.7195169764781425
 40
0.7195169764781425
 40
0.7195169764781425
 40
0.7195169764781425
 40
0.7458265328413048
 40
0.8066905542778737
 40
0.8689266289109279
 40
0.9331353667143987
 40
0.9999999999999999
 40
0.9999999999999999
 40
0.9999999999999999
 40
0.9999999999999999
 10
344.6187440662492
 20
82.2599355901848
 30
0.0
 10
344.4349534992903
 20
82.11221463906338
 30
0.0
 10
343.8155530968309
 20
81.63571465990915
 30
0.0
 10
342.69804964243
 20
80.8950945929362
 30
0.0
 10
341.2189727141121
 20
80.09907009592521
 30
0.0
 10
339.6349662961143
 20
79.39274381323104
 30
0.0
 10
338.520839019576
 20
79.01998060479215
 30
0.0
 10
337.9524877888091
 20
78.82982241302875
 30
0.0
  0
SPLINE
  5
5D1
330
1F
100
AcDbEntity
  8
0
  6
Continuous
 62
     7
370
    15
100
AcDbSpline
210
0.0
220
0.0
230
1.0
 70
     8
 71
     3
 72
     8
 73
     4
 74
     0
 42
0.000000001
 43
0.00000001
 40
0.0
 40
0.0
 40
0.0
 40
0.0
 40
0.0368355683249658
 40
0.0368355683249658
 40
0.0368355683249658
 40
0.0368355683249658
 10
337.4374561432395
 20
88.84801861556038
 30
0.0
 10
337.5242782503035
 20
88.95902141936207
 30
0.0
 10
337.6111003573675
 20
89.07002422316377
 30
0.0
 10
337.6970354363325
 20
89.18164422012978
 30
0.0
  0
SPLINE
  5
5D2
330
1F
100
AcDbEntity
  8
0
  6
Continuous
 62
     7
370
    15
100
AcDbSpline
210
0.0
220
0.0
230
1.0
 70
     8
 71
     3
 72
    15
 73
    11
 74
     0
 42
0.000000001
 43
0.00000001
 40
0.0
 40
0.0
 40
0.0
 40
0.0
 40
0.070305176403101
 40
0.137234102277695
 40
0.2014414036636434
 40
0.2632526103335001
 40
0.3233568153453637
 40
0.3824299099527652
 40
0.4408979114774146
 40
0.4532845087584373
 40
0.4532845087584373
 40
0.4532845087584373
 40
0.4532845087584373
 10
-308.1932500985151
 20
-33.10063886138631
 30
0.0
 10
-308.2096229001767
 20
-33.92387039445463
 30
0.0
 10
-308.2415822359291
 20
-35.53079958782678
 30
0.0
 10
-308.5248395728168
 20
-37.87542530206115
 30
0.0
 10
-308.9661158617951
 20
-40.09271889202419
 30
0.0
 10
-309.5951027609135
 20
-42.18300166564004
 30
0.0
 10
-310.42498822198
 20
-44.13640325699884
 30
0.0
 10
-311.4231815439788
 20
-45.96436286080903
 30
0.0
 10
-312.2902483198332
 20
-47.21780984373096
 30
0.0
 10
-312.8092029905278
 20
-47.8653136038307
 30
0.0
 10
-312.9012803379719
 20
-47.97739931846694
 30
0.0
  0
SPLINE
  5
5D3
330
1F
100
AcDbEntity
  8
0
  6
Continuous
 62
     7
370
    15
100
AcDbSpline
210
0.0
220
0.0
230
1.0
 70
     8
 71
     3
 72
    23
 73
    19
 74
     0
 42
0.000000001
 43
0.00000001
 40
0.0
 40
0.0
 40
0.0
 40
0.0
 40
0.0704798153213525
 40
0.1373781273489814
 40
0.2013452233620991
 40
0.2630158755685642
 40
0.3230362926434428
 40
0.3817844630595983
 40
0.4401701930530101
 40
0.4987245460995498
 40
0.5575107381492733
 40
0.616005436071206
 40
0.6750268155549725
 40
0.7352961423351254
 40
0.7972794052595694
 40
0.861709406477065
 40
0.9292839965115806
 40
1.0
 40
1.0
 40
1.0
 40
1.0
 10
-330.0073323769961
 20
-11.02073379809518
 30
0.0
 10
-329.1812346211659
 20
-11.03620370026246
 30
0.0
 10
-327.5710181047675
 20
-11.06635738582937
 30
0.0
 10
-325.2267347365383
 20
-11.36094443521223
 30
0.0
 10
-323.0131395594371
 20
-11.80768004383749
 30
0.0
 10
-320.9328849073709
 20
-12.45748336389641
 30
0.0
 10
-318.9886350913009
 20
-13.29752063985085
 30
0.0
 10
-317.1812559759442
 20
-14.32629126285216
 30
0.0
 10
-315.5107020039362
 20
-15.53578066393731
 30
0.0
 10
-313.9862663117941
 20
-16.92651130986065
 30
0.0
 10
-312.630303318694
 20
-18.48195736878119
 30
0.0
 10
-311.4265013786221
 20
-20.16580996412129
 30
0.0
 10
-310.432973734309
 20
-22.00141706738755
 30
0.0
 10
-309.6025160421373
 20
-23.95998287249503
 30
0.0
 10
-308.9772421366622
 20
-26.05997804230308
 30
0.0
 10
-308.5202771640087
 20
-28.2885315458695
 30
0.0
 10
-308.2430389241811
 20
-30.65140443270434
 30
0.0
 10
-308.2100958192715
 20
-32.27195654762556
 30
0.0
 10
-308.1932500985151
 20
-33.10063886138631
 30
0.0
  0
SPLINE
  5
5D4
330
1F
100
AcDbEntity
  8
0
  6
Continuous
 62
     7
370
    15
100
AcDbSpline
210
0.0
220
0.0
230
1.0
 70
     8
 71
     3
 72
    15
 73
    11
 74
     0
 42
0.000000001
 43
0.00000001
 40
0.5427319477239726
 40
0.5427319477239726
 40
0.5427319477239726
 40
0.5427319477239726
 40
0.5596077212027223
 40
0.6178239418767787
 40
0.6765939940243626
 40
0.7364199082716625
 40
0.7981135307364188
 40
0.8623359733227367
 40
0.9294939333013014
 40
1.0
 40
1.0
 40
1.0
 40
1.0
 10
-344.9319458801598
 20
-15.94673377627488
 30
0.0
 10
-344.7826707664231
 20
-15.817004936024
 30
0.0
 10
-344.1092231559671
 20
-15.25028611484985
 30
0.0
 10
-342.8410632653538
 20
-14.32332153569193
 30
0.0
 10
-341.0357955849392
 20
-13.30019570895842
 30
0.0
 10
-339.0965625516957
 20
-12.45548297212984
 30
0.0
 10
-337.0154625656229
 20
-11.80682434960013
 30
0.0
 10
-334.7961703332154
 20
-11.36106568461197
 30
0.0
 10
-332.4463725739953
 20
-11.06668936743574
 30
0.0
 10
-330.8334218888064
 20
-11.03629869689767
 30
0.0
 10
-330.0073323769961
 20
-11.02073379809518
 30
0.0
  0
SPLINE
  5
5D6
330
1F
100
AcDbEntity
  8
0
  6
Continuous
 62
     7
370
    15
100
AcDbSpline
210
0.0
220
0.0
230
1.0
 70
     8
 71
     3
 72
     8
 73
     4
 74
     0
 42
0.000000001
 43
0.00000001
 40
0.0
 40
0.0
 40
0.0
 40
0.0
 40
0.0815990608638209
 40
0.0815990608638209
 40
0.0815990608638209
 40
0.0815990608638209
 10
-337.3589937694012
 20
-22.18529076012049
 30
0.0
 10
-337.5616575982287
 20
-22.42870247146469
 30
0.0
 10
-337.7643214270562
 20
-22.67211418280888
 30
0.0
 10
-337.9527787635347
 20
-22.92590089308376
 30
0.0
  0
SPLINE
  5
5D7
330
1F
100
AcDbEntity
  8
0
  6
Continuous
 62
     7
370
    15
100
AcDbSpline
210
0.0
220
0.0
230
1.0
 70
     8
 71
     3
 72
    15
 73
    11
 74
     0
 42
0.000000001
 43
0.00000001
 40
0.0
 40
0.0
 40
0.0
 40
0.0
 40
0.1252558781935251
 40
0.2474183412198545
 40
0.3688033857704401
 40
0.4893976937961741
 40
0.611178237775005
 40
0.7353093530897246
 40
0.8641140351758708
 40
1.0
 40
1.0
 40
1.0
 40
1.0
 10
-329.9741045288949
 20
-18.99541734239897
 30
0.0
 10
-330.3205930825744
 20
-19.0062572369079
 30
0.0
 10
-331.005013043054
 20
-19.02766931558298
 30
0.0
 10
-332.0188428971392
 20
-19.16033299548937
 30
0.0
 10
-332.9998742886721
 20
-19.39565972704751
 30
0.0
 10
-333.9549898143882
 20
-19.71792790608842
 30
0.0
 10
-334.8742968331112
 20
-20.15172173470026
 30
0.0
 10
-335.7532903466177
 20
-20.70557853022827
 30
0.0
 10
-336.5919837697458
 20
-21.38424314041287
 30
0.0
 10
-337.0988041058519
 20
-21.91355465400401
 30
0.0
 10
-337.3589937694012
 20
-22.18529076012049
 30
0.0
  0
SPLINE
  5
5D8
330
1F
100
AcDbEntity
  8
0
  6
Continuous
 62
     7
370
    15
100
AcDbSpline
210
0.0
220
0.0
230
1.0
 70
     8
 71
     3
 72
    15
 73
    11
 74
     0
 42
0.000000001
 43
0.00000001
 40
0.0
 40
0.0
 40
0.0
 40
0.0
 40
0.1325888502644182
 40
0.2600073156514005
 40
0.3850508387411225
 40
0.5086064573086329
 40
0.6322304620024444
 40
0.7543655514750828
 40
0.8762072033093325
 40
1.0
 40
1.0
 40
1.0
 40
1.0
 10
-322.5892152883886
 20
-22.24343949429771
 30
0.0
 10
-322.8381855195969
 20
-21.9718384163585
 30
0.0
 10
-323.3264172326292
 20
-21.43922751384167
 30
0.0
 10
-324.1481432048458
 20
-20.74919293433281
 30
0.0
 10
-325.0343603062342
 20
-20.1914892246818
 30
0.0
 10
-325.9720519243874
 20
-19.75156930992376
 30
0.0
 10
-326.9417405414794
 20
-19.41264476159358
 30
0.0
 10
-327.9348327220386
 20
-19.17047041386395
 30
0.0
 10
-328.9480705930975
 20
-19.02563181213368
 30
0.0
 10
-329.6302868704603
 20
-19.00554202528965
 30
0.0
 10
-329.9741045288949
 20
-18.99541734239897
 30
0.0
  0
SPLINE
  5
5D9
330
1F
100
AcDbEntity
  8
0
  6
Continuous
 62
     7
370
    15
100
AcDbSpline
210
0.0
220
0.0
230
1.0
 70
     8
 71
     3
 72
    15
 73
    11
 74
     0
 42
0.000000001
 43
0.00000001
 40
0.0
 40
0.0
 40
0.0
 40
0.0
 40
0.1592970233136549
 40
0.3069713481852583
 40
0.4431935239639782
 40
0.5702628326901281
 40
0.6888184051352948
 40
0.7990244891000925
 40
0.9024395879182545
 40
1.0
 40
1.0
 40
1.0
 40
1.0
 10
-319.3578070605404
 20
-33.06741101328505
 30
0.0
 10
-319.3689789173034
 20
-32.45509931215039
 30
0.0
 10
-319.3905075049751
 20
-31.27515166154792
 30
0.0
 10
-319.5536572091366
 20
-29.57746697106212
 30
0.0
 10
-319.8345315832254
 20
-28.02117396765943
 30
0.0
 10
-320.224150734239
 20
-26.6041065647601
 30
0.0
 10
-320.7069654220086
 20
-25.32235645723809
 30
0.0
 10
-321.2575311102029
 20
-24.16971746552887
 30
0.0
 10
-321.8621593772241
 20
-23.13310241323935
 30
0.0
 10
-322.3516161626578
 20
-22.53417797601514
 30
0.0
 10
-322.5892152883886
 20
-22.24343949429771
 30
0.0
  0
SPLINE
  5
5DA
330
1F
100
AcDbEntity
  8
0
  6
Continuous
 62
     7
370
    15
100
AcDbSpline
210
0.0
220
0.0
230
1.0
 70
     8
 71
     3
 72
    12
 73
     8
 74
     0
 42
0.000000001
 43
0.00000001
 40
0.3518570158325682
 40
0.3518570158325682
 40
0.3518570158325682
 40
0.3518570158325682
 40
0.452774495568765
 40
0.5766571203752172
 40
0.7088676702286478
 40
0.8492393702643287
 40
1.0
 40
1.0
 40
1.0
 40
1.0
 10
-320.5098901129494
 20
-40.36878954337592
 30
0.0
 10
-320.3707992503305
 20
-40.00893116449505
 30
0.0
 10
-320.0960193630028
 20
-39.19354336382406
 30
0.0
 10
-319.7744601262482
 20
-37.8660585744186
 30
0.0
 10
-319.5239777822869
 20
-36.3702452448288
 30
0.0
 10
-319.3867879114215
 20
-34.75629917015955
 30
0.0
 10
-319.3676944580088
 20
-33.6436090191722
 30
0.0
 10
-319.3578070605404
 20
-33.06741101328505
 30
0.0
  0
SPLINE
  5
5DC
330
1F
100
AcDbEntity
  8
0
  6
Continuous
 62
     7
370
    15
100
AcDbSpline
210
0.0
220
0.0
230
1.0
 70
     8
 71
     3
 72
    15
 73
    11
 74
     0
 42
0.000000001
 43
0.00000001
 40
0.0
 40
0.0
 40
0.0
 40
0.0
 40
0.1253749670434222
 40
0.2489335171934661
 40
0.371150827557598
 40
0.4946621488532129
 40
0.619024754874085
 40
0.7429212516309606
 40
0.8695618071372224
 40
1.0
 40
1.0
 40
1.0
 40
1.0
 10
-329.9741045288949
 20
-47.1726325322724
 30
0.0
 10
-329.6219946877728
 20
-47.16288432238802
 30
0.0
 10
-328.922876329013
 20
-47.14352913346886
 30
0.0
 10
-327.8884238901798
 20
-46.99360610743545
 30
0.0
 10
-326.8851540681424
 20
-46.72672990626965
 30
0.0
 10
-325.9013256885374
 20
-46.3867273413902
 30
0.0
 10
-324.9638448096213
 20
-45.92042696079879
 30
0.0
 10
-324.0825266410214
 20
-45.34082749445123
 30
0.0
 10
-323.2621946306343
 20
-44.64872275893395
 30
0.0
 10
-322.7771642467063
 20
-44.11323820101665
 30
0.0
 10
-322.5310665542113
 20
-43.84154076012049
 30
0.0
  0
SPLINE
  5
5DD
330
1F
100
AcDbEntity
  8
0
  6
Continuous
 62
     7
370
    15
100
AcDbSpline
210
0.0
220
0.0
230
1.0
 70
     8
 71
     3
 72
    15
 73
    11
 74
     0
 42
0.000000001
 43
0.00000001
 40
0.0
 40
0.0
 40
0.0
 40
0.0
 40
0.1287980160248446
 40
0.2546301625879899
 40
0.3784376887972208
 40
0.5028174783418932
 40
0.6267791833774331
 40
0.7501587473269753
 40
0.8741678534368501
 40
1.0
 40
1.0
 40
1.0
 40
1.0
 10
-337.4171425035784
 20
-43.8996894942977
 30
0.0
 10
-337.1742149523043
 20
-44.16642319128704
 30
0.0
 10
-336.6939538132965
 20
-44.69374843066798
 30
0.0
 10
-335.8707172732331
 20
-45.36509159173256
 30
0.0
 10
-334.9929373186574
 20
-45.93851925404164
 30
0.0
 10
-334.0527968216051
 20
-46.39241932686566
 30
0.0
 10
-333.0706265159727
 20
-46.7397905891298
 30
0.0
 10
-332.0607806421864
 20
-46.98951680697413
 30
0.0
 10
-331.0255861595381
 20
-47.14449771671107
 30
0.0
 10
-330.3262992568809
 20
-47.16320875022544
 30
0.0
 10
-329.9741045288949
 20
-47.1726325322724
 30
0.0
  0
SPLINE
  5
5DE
330
1F
100
AcDbEntity
  8
0
  6
Continuous
 62
     7
370
    15
100
AcDbSpline
210
0.0
220
0.0
230
1.0
 70
     8
 71
     3
 72
    15
 73
    11
 74
     0
 42
0.000000001
 43
0.00000001
 40
0.0
 40
0.0
 40
0.0
 40
0.0
 40
0.1590464524714739
 40
0.3057198213100075
 40
0.4422172368301365
 40
0.5687747758150334
 40
0.6867512355634532
 40
0.7972836117822494
 40
0.9010048964703465
 40
1.0
 40
1.0
 40
1.0
 40
1.0
 10
-340.6236298453506
 20
-33.10063886138632
 30
0.0
 10
-340.6128936325092
 20
-33.71024547147285
 30
0.0
 10
-340.5922564348831
 20
-34.88203409680217
 30
0.0
 10
-340.4237669814173
 20
-36.57011671845808
 30
0.0
 10
-340.1568380464341
 20
-38.11916060486738
 30
0.0
 10
-339.7733032634044
 20
-39.53029425417788
 30
0.0
 10
-339.2989535942021
 20
-40.80772459079881
 30
0.0
 10
-338.749221012742
 20
-41.95721831102485
 30
0.0
 10
-338.1396222628076
 20
-42.99538837334197
 30
0.0
 10
-337.6541966447672
 20
-43.60297761709171
 30
0.0
 10
-337.4171425035784
 20
-43.8996894942977
 30
0.0
  0
SPLINE
  5
5DF
330
1F
100
AcDbEntity
  8
0
  6
Continuous
 62
     7
370
    15
100
AcDbSpline
210
0.0
220
0.0
230
1.0
 70
     8
 71
     3
 72
    12
 73
     8
 74
     0
 42
0.000000001
 43
0.00000001
 40
0.3525944200691046
 40
0.3525944200691046
 40
0.3525944200691046
 40
0.3525944200691046
 40
0.4324617408870521
 40
0.5627667501830922
 40
0.6999329934901264
 40
0.8456341811763497
 40
1.0
 40
1.0
 40
1.0
 40
1.0
 10
-339.4096783258369
 20
-25.71164200406749
 30
0.0
 10
-339.5206544874606
 20
-26.00077414416917
 30
0.0
 10
-339.7911489788797
 20
-26.76999406435962
 30
0.0
 10
-340.1458906573346
 20
-28.07082944569994
 30
0.0
 10
-340.4248236590829
 20
-29.64993800094314
 30
0.0
 10
-340.5903702680136
 20
-31.33877699786031
 30
0.0
 10
-340.6123319337492
 20
-32.50215381793078
 30
0.0
 10
-340.6236298453505
 20
-33.10063886138631
 30
0.0
  0
SPLINE
  5
5E1
330
1F
100
AcDbEntity
  8
0
  6
Continuous
 62
     7
370
    15
100
AcDbSpline
210
0.0
220
0.0
230
1.0
 70
     8
 71
     3
 72
    15
 73
    11
 74
     0
 42
0.000000001
 43
0.00000001
 40
0.0
 40
0.0
 40
0.0
 40
0.0
 40
0.0707423428379696
 40
0.1383421021504395
 40
0.2027488151200485
 40
0.2647551647398356
 40
0.3249555418580697
 40
0.3839989048345178
 40
0.4423790976300228
 40
0.4572743667955591
 40
0.4572743667955591
 40
0.4572743667955591
 40
0.4572743667955591
 10
-351.7881868073759
 20
-33.10063886138631
 30
0.0
 10
-351.771639193761
 20
-32.2718911231073
 30
0.0
 10
-351.7392790603358
 20
-30.65121106549963
 30
0.0
 10
-351.4579474249576
 20
-28.28980168350685
 30
0.0
 10
-351.015916205933
 20
-26.05854159931563
 30
0.0
 10
-350.3840670996529
 20
-23.96233841866161
 30
0.0
 10
-349.5677220559863
 20
-21.99909396722723
 30
0.0
 10
-348.5700651717108
 20
-20.16849703531766
 30
0.0
 10
-347.6731861858124
 20
-18.90131036929673
 30
0.0
 10
-347.1352866404609
 20
-18.23177104527236
 30
0.0
 10
-347.0241868356075
 20
-18.0971335079532
 30
0.0
  0
SPLINE
  5
5E2
330
1F
100
AcDbEntity
  8
0
  6
Continuous
 62
     7
370
    15
100
AcDbSpline
210
0.0
220
0.0
230
1.0
 70
     8
 71
     3
 72
    23
 73
    19
 74
     0
 42
0.000000001
 43
0.00000001
 40
0.0
 40
0.0
 40
0.0
 40
0.0
 40
0.0705987021848666
 40
0.1378448986878037
 40
0.2022000760188433
 40
0.263974755603619
 40
0.3238792730536111
 40
0.3827265411431378
 40
0.4411589828171832
 40
0.4999719526271887
 40
0.5587014750553914
 40
0.6173522097788492
 40
0.6764731477908992
 40
0.7365341809080167
 40
0.7983954485843634
 40
0.8626547515781848
 40
0.9296378833091774
 40
1.0
 40
1.0
 40
1.0
 40
1.0
 10
-330.0073323769961
 20
-55.14731607657619
 30
0.0
 10
-330.8333634515892
 20
-55.13147308090814
 30
0.0
 10
-332.4462000373396
 20
-55.10053942256612
 30
0.0
 10
-334.7973728727452
 20
-54.80996167496669
 30
0.0
 10
-337.0143177195456
 20
-54.35026742686686
 30
0.0
 10
-339.0967876086416
 20
-53.70508406032782
 30
0.0
 10
-341.0354814991502
 20
-52.85895268185366
 30
0.0
 10
-342.8435049388601
 20
-51.83716157958099
 30
0.0
 10
-344.5046388534856
 20
-50.61198975383434
 30
0.0
 10
-346.0257440202164
 20
-49.21938509316163
 30
0.0
 10
-347.3797056282129
 20
-47.66039709907057
 30
0.0
 10
-348.5675964075838
 20
-45.96727404036752
 30
0.0
 10
-349.5661230203443
 20
-44.1379325002429
 30
0.0
 10
-350.3842005238772
 20
-42.18099923551001
 30
0.0
 10
-351.0160113976991
 20
-40.09299339922718
 30
0.0
 10
-351.4564017430357
 20
-37.87534752905586
 30
0.0
 10
-351.7399073434257
 20
-35.5308205325211
 30
0.0
 10
-351.7718318491663
 20
-33.92387748959555
 30
0.0
 10
-351.7881868073759
 20
-33.10063886138631
 30
0.0
  0
SPLINE
  5
5E3
330
1F
100
AcDbEntity
  8
0
  6
Continuous
 62
     7
370
    15
100
AcDbSpline
210
0.0
220
0.0
230
1.0
 70
     8
 71
     3
 72
    15
 73
    11
 74
     0
 42
0.000000001
 43
0.00000001
 40
0.5387730790008697
 40
0.5387730790008697
 40
0.5387730790008697
 40
0.5387730790008697
 40
0.5585009882046952
 40
0.616886143637255
 40
0.6756857897885252
 40
0.7355418297250521
 40
0.7974922978449289
 40
0.8617953959821362
 40
0.9292220344413041
 40
1.0
 40
1.0
 40
1.0
 40
1.0
 10
-314.984752551364
 20
-50.13656779219536
 30
0.0
 10
-315.1576511979052
 20
-50.28979981365228
 30
0.0
 10
-315.8532183027367
 20
-50.88418264332992
 30
0.0
 10
-317.1463866129934
 20
-51.83707611821341
 30
0.0
 10
-318.9542778382734
 20
-52.85879237568047
 30
0.0
 10
-320.8951627121118
 20
-53.70689734786685
 30
0.0
 10
-322.9814524180499
 20
-54.34868013906507
 30
0.0
 10
-325.2032563967628
 20
-54.81106159192844
 30
0.0
 10
-327.5602329343112
 20
-55.10031492581528
 30
0.0
 10
-329.1785516780891
 20
-55.13139778331127
 30
0.0
 10
-330.0073323769961
 20
-55.14731607657619
 30
0.0
  0
SPLINE
  5
5E5
330
1F
100
AcDbEntity
  8
0
  6
Continuous
 62
     7
370
    15
100
AcDbSpline
210
0.0
220
0.0
230
1.0
 70
     8
 71
     3
 72
     8
 73
     4
 74
     0
 42
0.000000001
 43
0.00000001
 40
0.0
 40
0.0
 40
0.0
 40
0.0
 40
0.0778223464264432
 40
0.0778223464264432
 40
0.0778223464264432
 40
0.0778223464264432
 10
-322.5310665542113
 20
-43.84154076012049
 30
0.0
 10
-322.3476378628497
 20
-43.60702561498812
 30
0.0
 10
-322.1642091714882
 20
-43.37251046985574
 30
0.0
 10
-321.989145138653
 20
-43.13217520462803
 30
0.0
  0
SPLINE
  5
5E6
330
1F
100
AcDbEntity
  8
0
  6
Continuous
 62
     7
370
    15
100
AcDbSpline
210
0.0
220
0.0
230
1.0
 70
     8
 71
     3
 72
    15
 73
    11
 74
     0
 42
0.000000001
 43
0.00000001
 40
0.0
 40
0.0
 40
0.0
 40
0.0
 40
0.070305176403101
 40
0.1372341022776949
 40
0.2014414036636436
 40
0.2632526103335001
 40
0.3233568153453629
 40
0.382429909952765
 40
0.4408979114774141
 40
0.4537407915187818
 40
0.4537407915187818
 40
0.4537407915187818
 40
0.4537407915187818
 10
-242.2141889564125
 20
-99.05713685525123
 30
0.0
 10
-242.2305617580741
 20
-99.88036838831954
 30
0.0
 10
-242.2625210938264
 20
-101.4872975816917
 30
0.0
 10
-242.5457784307141
 20
-103.8319232959261
 30
0.0
 10
-242.9870547196925
 20
-106.0492168858891
 30
0.0
 10
-243.6160416188109
 20
-108.1394996595049
 30
0.0
 10
-244.4459270798774
 20
-110.0929012508638
 30
0.0
 10
-245.4441204018761
 20
-111.9208608546739
 30
0.0
 10
-246.314232160763
 20
-113.178709718629
 30
0.0
 10
-246.8368275912328
 20
-113.8301495699808
 30
0.0
 10
-246.932400217847
 20
-113.946279438592
 30
0.0
  0
SPLINE
  5
5E7
330
1F
100
AcDbEntity
  8
0
  6
Continuous
 62
     7
370
    15
100
AcDbSpline
210
0.0
220
0.0
230
1.0
 70
     8
 71
     3
 72
    23
 73
    19
 74
     0
 42
0.000000001
 43
0.00000001
 40
0.0
 40
0.0
 40
0.0
 40
0.0
 40
0.0704798153213525
 40
0.1373781273489815
 40
0.2013452233620991
 40
0.2630158755685642
 40
0.3230362926434426
 40
0.3817844630595981
 40
0.4401701930530101
 40
0.4987245460995501
 40
0.5575107381492732
 40
0.6160054360712058
 40
0.6750268155549721
 40
0.7352961423351257
 40
0.7972794052595693
 40
0.861709406477065
 40
0.9292839965115801
 40
1.0
 40
1.0
 40
1.0
 40
1.0
 10
-264.0282712348935
 20
-76.9772317919601
 30
0.0
 10
-263.2021734790633
 20
-76.99270169412736
 30
0.0
 10
-261.5919569626649
 20
-77.02285537969426
 30
0.0
 10
-259.2476735944357
 20
-77.31744242907719
 30
0.0
 10
-257.0340784173344
 20
-77.76417803770238
 30
0.0
 10
-254.9538237652681
 20
-78.41398135776136
 30
0.0
 10
-253.0095739491981
 20
-79.25401863371577
 30
0.0
 10
-251.2021948338415
 20
-80.28278925671705
 30
0.0
 10
-249.5316408618334
 20
-81.49227865780223
 30
0.0
 10
-248.0072051696913
 20
-82.88300930372554
 30
0.0
 10
-246.6512421765914
 20
-84.43845536264611
 30
0.0
 10
-245.4474402365192
 20
-86.1223079579862
 30
0.0
 10
-244.4539125922064
 20
-87.95791506125249
 30
0.0
 10
-243.6234549000347
 20
-89.91648086635996
 30
0.0
 10
-242.9981809945594
 20
-92.01647603616799
 30
0.0
 10
-242.5412160219061
 20
-94.24502953973443
 30
0.0
 10
-242.2639777820785
 20
-96.60790242656928
 30
0.0
 10
-242.2310346771688
 20
-98.22845454149046
 30
0.0
 10
-242.2141889564125
 20
-99.05713685525123
 30
0.0
  0
SPLINE
  5
5E8
330
1F
100
AcDbEntity
  8
0
  6
Continuous
 62
     7
370
    15
100
AcDbSpline
210
0.0
220
0.0
230
1.0
 70
     8
 71
     3
 72
    15
 73
    11
 74
     0
 42
0.000000001
 43
0.00000001
 40
0.5422770440705108
 40
0.5422770440705108
 40
0.5422770440705108
 40
0.5422770440705108
 40
0.5596077212027222
 40
0.6178239418767787
 40
0.6765939940243613
 40
0.7364199082716625
 40
0.7981135307364188
 40
0.8623359733227368
 40
0.9294939333013014
 40
1.0
 40
1.0
 40
1.0
 40
1.0
 10
-278.9649518064644
 20
-81.91372784997029
 30
0.0
 10
-278.8117676575661
 20
-81.7803709547772
 30
0.0
 10
-278.1344716040981
 20
-81.20993421425509
 30
0.0
 10
-276.8620021232512
 20
-80.27981952955687
 30
0.0
 10
-275.0567344428366
 20
-79.2566937028233
 30
0.0
 10
-273.1175014095929
 20
-78.41198096599476
 30
0.0
 10
-271.0364014235204
 20
-77.76332234346505
 30
0.0
 10
-268.8171091911128
 20
-77.3175636784769
 30
0.0
 10
-266.4673114318927
 20
-77.02318736130063
 30
0.0
 10
-264.8543607467037
 20
-76.99279669076257
 30
0.0
 10
-264.0282712348935
 20
-76.9772317919601
 30
0.0
  0
SPLINE
  5
5EA
330
1F
100
AcDbEntity
  8
0
  6
Continuous
 62
     7
370
    15
100
AcDbSpline
210
0.0
220
0.0
230
1.0
 70
     8
 71
     3
 72
     8
 73
     4
 74
     0
 42
0.000000001
 43
0.00000001
 40
0.0
 40
0.0
 40
0.0
 40
0.0
 40
0.0829869857755621
 40
0.0829869857755621
 40
0.0829869857755621
 40
0.0829869857755621
 10
-271.3799326272986
 20
-88.1417887539854
 30
0.0
 10
-271.5860435812983
 20
-88.38934067447427
 30
0.0
 10
-271.7921545352982
 20
-88.63689259496313
 30
0.0
 10
-271.9833216787788
 20
-88.895357977716
 30
0.0
  0
SPLINE
  5
5EB
330
1F
100
AcDbEntity
  8
0
  6
Continuous
 62
     7
370
    15
100
AcDbSpline
210
0.0
220
0.0
230
1.0
 70
     8
 71
     3
 72
    15
 73
    11
 74
     0
 42
0.000000001
 43
0.00000001
 40
0.0
 40
0.0
 40
0.0
 40
0.0
 40
0.1252558781935251
 40
0.2474183412198547
 40
0.3688033857704403
 40
0.4893976937961748
 40
0.6111782377750059
 40
0.735309353089725
 40
0.8641140351758713
 40
1.0
 40
1.0
 40
1.0
 40
1.0
 10
-263.9950433867922
 20
-84.9519153362639
 30
0.0
 10
-264.3415319404717
 20
-84.96275523077281
 30
0.0
 10
-265.0259519009512
 20
-84.9841673094479
 30
0.0
 10
-266.0397817550365
 20
-85.11683098935426
 30
0.0
 10
-267.0208131465697
 20
-85.35215772091243
 30
0.0
 10
-267.9759286722853
 20
-85.67442589995333
 30
0.0
 10
-268.8952356910085
 20
-86.10821972856517
 30
0.0
 10
-269.7742292045151
 20
-86.66207652409321
 30
0.0
 10
-270.612922627643
 20
-87.34074113427775
 30
0.0
 10
-271.1197429637492
 20
-87.87005264786893
 30
0.0
 10
-271.3799326272986
 20
-88.1417887539854
 30
0.0
  0
SPLINE
  5
5EC
330
1F
100
AcDbEntity
  8
0
  6
Continuous
 62
     7
370
    15
100
AcDbSpline
210
0.0
220
0.0
230
1.0
 70
     8
 71
     3
 72
    15
 73
    11
 74
     0
 42
0.000000001
 43
0.00000001
 40
0.0
 40
0.0
 40
0.0
 40
0.0
 40
0.1325888502644229
 40
0.2600073156514006
 40
0.3850508387411217
 40
0.5086064573086324
 40
0.632230462002444
 40
0.7543655514750827
 40
0.8762072033093258
 40
1.0
 40
1.0
 40
1.0
 40
1.0
 10
-256.6101541462859
 20
-88.19993748816263
 30
0.0
 10
-256.8591243774943
 20
-87.92833641022342
 30
0.0
 10
-257.3473560905267
 20
-87.39572550770663
 30
0.0
 10
-258.1690820627431
 20
-86.7056909281977
 30
0.0
 10
-259.0552991641316
 20
-86.14798721854675
 30
0.0
 10
-259.9929907822847
 20
-85.70806730378867
 30
0.0
 10
-260.9626793993768
 20
-85.3691427554585
 30
0.0
 10
-261.955771579936
 20
-85.12696840772888
 30
0.0
 10
-262.9690094509946
 20
-84.9821298059986
 30
0.0
 10
-263.6512257283578
 20
-84.96204001915459
 30
0.0
 10
-263.9950433867922
 20
-84.95191533626391
 30
0.0
  0
SPLINE
  5
5ED
330
1F
100
AcDbEntity
  8
0
  6
Continuous
 62
     7
370
    15
100
AcDbSpline
210
0.0
220
0.0
230
1.0
 70
     8
 71
     3
 72
    15
 73
    11
 74
     0
 42
0.000000001
 43
0.00000001
 40
0.0
 40
0.0
 40
0.0
 40
0.0
 40
0.1592970233136553
 40
0.3069713481852583
 40
0.4431935239639781
 40
0.5702628326901287
 40
0.6888184051352929
 40
0.7990244891000929
 40
0.9024395879182551
 40
1.0
 40
1.0
 40
1.0
 40
1.0
 10
-253.3787459184378
 20
-99.02390900714997
 30
0.0
 10
-253.3899177752007
 20
-98.41159730601528
 30
0.0
 10
-253.4114463628724
 20
-97.23164965541282
 30
0.0
 10
-253.574596067034
 20
-95.53396496492704
 30
0.0
 10
-253.8554704411228
 20
-93.97767196152438
 30
0.0
 10
-254.2450895921363
 20
-92.56060455862503
 30
0.0
 10
-254.7279042799059
 20
-91.278854451103
 30
0.0
 10
-255.2784699681002
 20
-90.12621545939378
 30
0.0
 10
-255.8830982351213
 20
-89.08960040710429
 30
0.0
 10
-256.3725550205551
 20
-88.49067596988004
 30
0.0
 10
-256.6101541462859
 20
-88.19993748816263
 30
0.0
  0
SPLINE
  5
5EE
330
1F
100
AcDbEntity
  8
0
  6
Continuous
 62
     7
370
    15
100
AcDbSpline
210
0.0
220
0.0
230
1.0
 70
     8
 71
     3
 72
    12
 73
     8
 74
     0
 42
0.000000001
 43
0.00000001
 40
0.3503362467231805
 40
0.3503362467231805
 40
0.3503362467231805
 40
0.3503362467231805
 40
0.4527744955687664
 40
0.576657120375218
 40
0.7088676702286492
 40
0.8492393702643295
 40
0.9999999999999999
 40
0.9999999999999999
 40
0.9999999999999999
 40
0.9999999999999999
 10
-254.5371277564074
 20
-106.3415518999328
 30
0.0
 10
-254.3954591802369
 20
-105.9764603912936
 30
0.0
 10
-254.1183279765308
 20
-105.1556960848969
 30
0.0
 10
-253.7953989841455
 20
-103.8225565682835
 30
0.0
 10
-253.5449166401843
 20
-102.3267432386937
 30
0.0
 10
-253.4077267693189
 20
-100.7127971640245
 30
0.0
 10
-253.3886333159062
 20
-99.60010701303712
 30
0.0
 10
-253.3787459184378
 20
-99.02390900714997
 30
0.0
  0
SPLINE
  5
5F0
330
1F
100
AcDbEntity
  8
0
  6
Continuous
 62
     7
370
    15
100
AcDbSpline
210
0.0
220
0.0
230
1.0
 70
     8
 71
     3
 72
    15
 73
    11
 74
     0
 42
0.000000001
 43
0.00000001
 40
0.0
 40
0.0
 40
0.0
 40
0.0
 40
0.1253749670434223
 40
0.2489335171934665
 40
0.3711508275575985
 40
0.494662148853213
 40
0.619024754874086
 40
0.7429212516309616
 40
0.8695618071372236
 40
1.0
 40
1.0
 40
1.0
 40
1.0
 10
-263.9950433867922
 20
-113.1291305261373
 30
0.0
 10
-263.6429335456701
 20
-113.119382316253
 30
0.0
 10
-262.9438151869103
 20
-113.1000271273338
 30
0.0
 10
-261.9093627480771
 20
-112.9501041013004
 30
0.0
 10
-260.9060929260397
 20
-112.6832279001346
 30
0.0
 10
-259.9222645464349
 20
-112.3432253352551
 30
0.0
 10
-258.9847836675185
 20
-111.8769249546637
 30
0.0
 10
-258.1034654989187
 20
-111.2973254883161
 30
0.0
 10
-257.2831334885316
 20
-110.6052207527989
 30
0.0
 10
-256.7981031046037
 20
-110.0697361948816
 30
0.0
 10
-256.5520054121087
 20
-109.7980387539854
 30
0.0
  0
SPLINE
  5
5F1
330
1F
100
AcDbEntity
  8
0
  6
Continuous
 62
     7
370
    15
100
AcDbSpline
210
0.0
220
0.0
230
1.0
 70
     8
 71
     3
 72
    15
 73
    11
 74
     0
 42
0.000000001
 43
0.00000001
 40
0.0
 40
0.0
 40
0.0
 40
0.0
 40
0.128798016024844
 40
0.2546301625879899
 40
0.3784376887972209
 40
0.5028174783418926
 40
0.626779183377433
 40
0.750158747326975
 40
0.8741678534368501
 40
1.0
 40
1.0
 40
1.0
 40
1.0
 10
-271.4380813614757
 20
-109.8561874881626
 30
0.0
 10
-271.1951538102016
 20
-110.122921185152
 30
0.0
 10
-270.7148926711937
 20
-110.6502464245329
 30
0.0
 10
-269.8916561311305
 20
-111.3215895855975
 30
0.0
 10
-269.0138761765545
 20
-111.8950172479065
 30
0.0
 10
-268.0737356795025
 20
-112.3489173207306
 30
0.0
 10
-267.0915653738698
 20
-112.6962885829947
 30
0.0
 10
-266.0817195000838
 20
-112.946014800839
 30
0.0
 10
-265.0465250174354
 20
-113.100995710576
 30
0.0
 10
-264.3472381147782
 20
-113.1197067440904
 30
0.0
 10
-263.9950433867922
 20
-113.1291305261373
 30
0.0
  0
SPLINE
  5
5F2
330
1F
100
AcDbEntity
  8
0
  6
Continuous
 62
     7
370
    15
100
AcDbSpline
210
0.0
220
0.0
230
1.0
 70
     8
 71
     3
 72
    15
 73
    11
 74
     0
 42
0.000000001
 43
0.00000001
 40
0.0
 40
0.0
 40
0.0
 40
0.0
 40
0.1590464524714733
 40
0.305719821310007
 40
0.4422172368301367
 40
0.5687747758150324
 40
0.6867512355634527
 40
0.7972836117822495
 40
0.9010048964703455
 40
1.0
 40
1.0
 40
1.0
 40
1.0
 10
-274.644568703248
 20
-99.05713685525123
 30
0.0
 10
-274.6338324904066
 20
-99.66674346533777
 30
0.0
 10
-274.6131952927805
 20
-100.8385320906671
 30
0.0
 10
-274.4447058393148
 20
-102.5266147123231
 30
0.0
 10
-274.1777769043315
 20
-104.0756585987323
 30
0.0
 10
-273.7942421213017
 20
-105.4867922480428
 30
0.0
 10
-273.3198924520995
 20
-106.7642225846637
 30
0.0
 10
-272.7701598706394
 20
-107.9137163048898
 30
0.0
 10
-272.1605611207048
 20
-108.9518863672069
 30
0.0
 10
-271.6751355026646
 20
-109.5594756109567
 30
0.0
 10
-271.4380813614758
 20
-109.8561874881626
 30
0.0
  0
SPLINE
  5
5F3
330
1F
100
AcDbEntity
  8
0
  6
Continuous
 62
     7
370
    15
100
AcDbSpline
210
0.0
220
0.0
230
1.0
 70
     8
 71
     3
 72
    12
 73
     8
 74
     0
 42
0.000000001
 43
0.00000001
 40
0.3540960832555581
 40
0.3540960832555581
 40
0.3540960832555581
 40
0.3540960832555581
 40
0.4324617408870516
 40
0.5627667501830921
 40
0.6999329934901267
 40
0.8456341811763498
 40
1.0
 40
1.0
 40
1.0
 40
1.0
 10
-273.4368682153437
 20
-91.68445212837946
 30
0.0
 10
-273.5454558142662
 20
-91.96826507227179
 30
0.0
 10
-273.813621506113
 20
-92.73211601350411
 30
0.0
 10
-274.1668295152318
 20
-94.02732743956489
 30
0.0
 10
-274.4457625169804
 20
-95.60643599480805
 30
0.0
 10
-274.6113091259109
 20
-97.29527499172526
 30
0.0
 10
-274.6332707916466
 20
-98.4586518117957
 30
0.0
 10
-274.644568703248
 20
-99.05713685525123
 30
0.0
  0
SPLINE
  5
5F5
330
1F
100
AcDbEntity
  8
0
  6
Continuous
 62
     7
370
    15
100
AcDbSpline
210
0.0
220
0.0
230
1.0
 70
     8
 71
     3
 72
    15
 73
    11
 74
     0
 42
0.000000001
 43
0.00000001
 40
0.0
 40
0.0
 40
0.0
 40
0.0
 40
0.07074234283797
 40
0.1383421021504397
 40
0.2027488151200488
 40
0.2647551647398356
 40
0.32495554185807
 40
0.3839989048345179
 40
0.4423790976300228
 40
0.4568184648178466
 40
0.4568184648178466
 40
0.4568184648178466
 40
0.4568184648178466
 10
-285.8091256652733
 20
-99.05713685525124
 30
0.0
 10
-285.7925780516584
 20
-98.22838911697222
 30
0.0
 10
-285.7602179182331
 20
-96.60770905936454
 30
0.0
 10
-285.478886282855
 20
-94.24629967737178
 30
0.0
 10
-285.0368550638303
 20
-92.01503959318056
 30
0.0
 10
-284.4050059575503
 20
-89.91883641252653
 30
0.0
 10
-283.5886609138838
 20
-87.95559196109217
 30
0.0
 10
-282.5910040296081
 20
-86.1249950291826
 30
0.0
 10
-281.6972152230824
 20
-84.86217443055564
 30
0.0
 10
-281.1629172609369
 20
-84.19660170509518
 30
0.0
 10
-281.0553221082507
 20
-84.0659982353098
 30
0.0
  0
SPLINE
  5
5F6
330
1F
100
AcDbEntity
  8
0
  6
Continuous
 62
     7
370
    15
100
AcDbSpline
210
0.0
220
0.0
230
1.0
 70
     8
 71
     3
 72
    23
 73
    19
 74
     0
 42
0.000000001
 43
0.00000001
 40
0.0
 40
0.0
 40
0.0
 40
0.0
 40
0.0705987021848666
 40
0.1378448986878037
 40
0.2022000760188433
 40
0.263974755603619
 40
0.3238792730536126
 40
0.382726541143138
 40
0.4411589828171833
 40
0.4999719526271889
 40
0.5587014750553917
 40
0.6173522097788491
 40
0.6764731477908996
 40
0.7365341809080169
 40
0.7983954485843634
 40
0.8626547515781848
 40
0.9296378833091774
 40
1.0
 40
1.0
 40
1.0
 40
1.0
 10
-264.0282712348935
 20
-121.1038140704411
 30
0.0
 10
-264.8543023094865
 20
-121.087971074773
 30
0.0
 10
-266.4671388952369
 20
-121.057037416431
 30
0.0
 10
-268.8183117306426
 20
-120.7664596688316
 30
0.0
 10
-271.0352565774429
 20
-120.3067654207317
 30
0.0
 10
-273.1177264665392
 20
-119.6615820541928
 30
0.0
 10
-275.0564203570475
 20
-118.8154506757186
 30
0.0
 10
-276.8644437967574
 20
-117.7936595734459
 30
0.0
 10
-278.5255777113829
 20
-116.5684877476992
 30
0.0
 10
-280.0466828781138
 20
-115.1758830870265
 30
0.0
 10
-281.4006444861104
 20
-113.6168950929356
 30
0.0
 10
-282.5885352654811
 20
-111.9237720342324
 30
0.0
 10
-283.5870618782416
 20
-110.0944304941078
 30
0.0
 10
-284.4051393817744
 20
-108.1374972293749
 30
0.0
 10
-285.0369502555965
 20
-106.0494913930921
 30
0.0
 10
-285.4773406009331
 20
-103.8318455229208
 30
0.0
 10
-285.7608462013229
 20
-101.487318526386
 30
0.0
 10
-285.7927707070637
 20
-99.88037548346047
 30
0.0
 10
-285.8091256652732
 20
-99.05713685525123
 30
0.0
  0
SPLINE
  5
5F7
330
1F
100
AcDbEntity
  8
0
  6
Continuous
 62
     7
370
    15
100
AcDbSpline
210
0.0
220
0.0
230
1.0
 70
     8
 71
     3
 72
    15
 73
    11
 74
     0
 42
0.000000001
 43
0.00000001
 40
0.5392280445832096
 40
0.5392280445832096
 40
0.5392280445832096
 40
0.5392280445832096
 40
0.5585009882046944
 40
0.6168861436372547
 40
0.6756857897885251
 40
0.7355418297250519
 40
0.7974922978449288
 40
0.8617953959821361
 40
0.9292220344413041
 40
1.0
 40
1.0
 40
1.0
 40
1.0
 10
-249.0176580094046
 20
-116.1036623341548
 30
0.0
 10
-249.1866940789401
 20
-116.2532199919303
 30
0.0
 10
-249.8784544027962
 20
-116.8438471345362
 30
0.0
 10
-251.1673254708908
 20
-117.7935741120784
 30
0.0
 10
-252.9752166961708
 20
-118.8152903695454
 30
0.0
 10
-254.9161015700092
 20
-119.6633953417318
 30
0.0
 10
-257.0023912759472
 20
-120.30517813293
 30
0.0
 10
-259.2241952546601
 20
-120.7675595857933
 30
0.0
 10
-261.5811717922086
 20
-121.0568129196802
 30
0.0
 10
-263.1994905359864
 20
-121.0878957771762
 30
0.0
 10
-264.0282712348935
 20
-121.1038140704411
 30
0.0
  0
SPLINE
  5
5F9
330
1F
100
AcDbEntity
  8
0
  6
Continuous
 62
     7
370
    15
100
AcDbSpline
210
0.0
220
0.0
230
1.0
 70
     8
 71
     3
 72
     8
 73
     4
 74
     0
 42
0.000000001
 43
0.00000001
 40
0.0
 40
0.0
 40
0.0
 40
0.0
 40
0.0764134821800635
 40
0.0764134821800635
 40
0.0764134821800635
 40
0.0764134821800635
 10
-256.5520054121087
 20
-109.7980387539854
 30
0.0
 10
-256.371897439498
 20
-109.5677691760761
 30
0.0
 10
-256.1917894668873
 20
-109.3374995981669
 30
0.0
 10
-256.0196000363043
 20
-109.1017203075257
 30
0.0
  0
SPLINE
  5
5FA
330
1F
100
AcDbEntity
  8
0
  6
Continuous
 62
     7
370
    15
100
AcDbSpline
210
0.0
220
0.0
230
1.0
 70
     8
 71
     3
 72
    17
 73
    13
 74
     0
 42
0.000000001
 43
0.00000001
 40
0.0
 40
0.0
 40
0.0
 40
0.0
 40
0.0692591728640447
 40
0.1359986750593674
 40
0.2010440729663537
 40
0.264707437137331
 40
0.326699738808339
 40
0.3878362590273913
 40
0.4483918592282079
 40
0.5084659592957601
 40
0.5680490572424597
 40
0.6150471868066968
 40
0.6150471868066968
 40
0.6150471868066968
 40
0.6150471868066968
 10
-110.2756494372117
 20
-164.1338906259988
 30
0.0
 10
-110.2832162058304
 20
-164.7545811432195
 30
0.0
 10
-110.2980744616262
 20
-165.9733812598429
 30
0.0
 10
-110.474744227864
 20
-167.7676299923029
 30
0.0
 10
-110.7355359672079
 20
-169.4997808939338
 30
0.0
 10
-111.1064446915122
 20
-171.1693577696197
 30
0.0
 10
-111.594674546868
 20
-172.7711624298368
 30
0.0
 10
-112.1698791929979
 20
-174.3147143593236
 30
0.0
 10
-112.8743583078345
 20
-175.7848793840939
 30
0.0
 10
-113.66836931492
 20
-177.1919560618889
 30
0.0
 10
-114.5091710889188
 20
-178.4287389973417
 30
0.0
 10
-115.1192216010593
 20
-179.164665335519
 30
0.0
 10
-115.3997748536861
 20
-179.4789048027536
 30
0.0
  0
SPLINE
  5
5FB
330
1F
100
AcDbEntity
  8
0
  6
Continuous
 62
     7
370
    15
100
AcDbSpline
210
0.0
220
0.0
230
1.0
 70
     8
 71
     3
 72
    23
 73
    19
 74
     0
 42
0.000000001
 43
0.00000001
 40
0.0
 40
0.0
 40
0.0
 40
0.0
 40
0.0704044191067601
 40
0.1372311662549046
 40
0.201178229436863
 40
0.2627829090849915
 40
0.322739118950684
 40
0.3814244431513182
 40
0.4397477146520724
 40
0.4983988349598395
 40
0.5571221401201653
 40
0.6157471190098668
 40
0.6749125189417743
 40
0.735117372240058
 40
0.7972603302889066
 40
0.8616214071175428
 40
0.9291237088200295
 40
1.0
 40
1.0
 40
1.0
 40
1.0
 10
-132.0897317156927
 20
-142.0041437905557
 30
0.0
 10
-131.2636920720091
 20
-142.0198919121975
 30
0.0
 10
-129.6535888268763
 20
-142.0505878987085
 30
0.0
 10
-127.3079364184669
 20
-142.3413920156063
 30
0.0
 10
-125.0966590107736
 20
-142.8020146791052
 30
0.0
 10
-123.0151657893408
 20
-143.4485181790261
 30
0.0
 10
-121.0709595801983
 20
-144.2893007373928
 30
0.0
 10
-119.2640586476999
 20
-145.3184035919382
 30
0.0
 10
-117.590049033366
 20
-146.5269576845322
 30
0.0
 10
-116.0717425305745
 20
-147.9270408737178
 30
0.0
 10
-114.709749052296
 20
-149.4824399799246
 30
0.0
 10
-113.5089587367469
 20
-151.174660392482
 30
0.0
 10
-112.5174411660747
 20
-153.0162940416898
 30
0.0
 10
-111.6828914688349
 20
-154.9787299907381
 30
0.0
 10
-111.0612015556532
 20
-157.0826431689334
 30
0.0
 10
-110.6023856996936
 20
-159.3133850988102
 30
0.0
 10
-110.3251862575688
 20
-161.6791277769612
 30
0.0
 10
-110.2924279516989
 20
-163.3024429527667
 30
0.0
 10
-110.2756494372117
 20
-164.1338906259988
 30
0.0
  0
SPLINE
  5
5FC
330
1F
100
AcDbEntity
  8
0
  6
Continuous
 62
     7
370
    15
100
AcDbSpline
210
0.0
220
0.0
230
1.0
 70
     8
 71
     3
 72
    15
 73
    11
 74
     0
 42
0.000000001
 43
0.00000001
 40
0.5246576427940751
 40
0.5246576427940751
 40
0.5246576427940751
 40
0.5246576427940751
 40
0.5601327247631466
 40
0.618273168856841
 40
0.6769667235346855
 40
0.7367147659595601
 40
0.7983280855175606
 40
0.8625151623710734
 40
0.9295857068408282
 40
1.0
 40
1.0
 40
1.0
 40
1.0
 10
-147.4987696652997
 20
-147.379909988772
 30
0.0
 10
-147.1955206683289
 20
-147.0948110903396
 30
0.0
 10
-146.3695393372745
 20
-146.3697529099019
 30
0.0
 10
-144.923059121384
 20
-145.3154342683284
 30
0.0
 10
-143.118269863259
 20
-144.2919749438982
 30
0.0
 10
-141.1790784311393
 20
-143.446524272199
 30
0.0
 10
-139.0967478253582
 20
-142.801150346531
 30
0.0
 10
-136.8797634603419
 20
-142.3415101648983
 30
0.0
 10
-134.528601733526
 20
-142.0509172191888
 30
0.0
 10
-132.9157635887546
 20
-142.0199856938063
 30
0.0
 10
-132.0897317156927
 20
-142.0041437905557
 30
0.0
  0
SPLINE
  5
5FE
330
1F
100
AcDbEntity
  8
0
  6
Continuous
 62
     7
370
    15
100
AcDbSpline
210
0.0
220
0.0
230
1.0
 70
     8
 71
     3
 72
     9
 73
     5
 74
     0
 42
0.000000001
 43
0.00000001
 40
0.0
 40
0.0
 40
0.0
 40
0.0
 40
0.0956017270021875
 40
0.1394653962451804
 40
0.1394653962451804
 40
0.1394653962451804
 40
0.1394653962451804
 10
-139.4413931080977
 20
-153.168700752581
 30
0.0
 10
-139.6788347138182
 20
-153.4538827109359
 30
0.0
 10
-140.0252184943762
 20
-153.8699109153535
 30
0.0
 10
-140.3229805851246
 20
-154.321447531516
 30
0.0
 10
-140.41255613571
 20
-154.4661235200076
 30
0.0
  0
SPLINE
  5
5FF
330
1F
100
AcDbEntity
  8
0
  6
Continuous
 62
     7
370
    15
100
AcDbSpline
210
0.0
220
0.0
230
1.0
 70
     8
 71
     3
 72
    15
 73
    11
 74
     0
 42
0.000000001
 43
0.00000001
 40
0.0
 40
0.0
 40
0.0
 40
0.0
 40
0.1252558781935255
 40
0.2474183412198488
 40
0.3688033857704412
 40
0.4893976937961763
 40
0.6111782377750017
 40
0.735309353089724
 40
0.8641140351758733
 40
1.0
 40
1.0
 40
1.0
 40
1.0
 10
-132.0565038675914
 20
-149.9788273348595
 30
0.0
 10
-132.4029924212709
 20
-149.9896672293685
 30
0.0
 10
-133.0874123817504
 20
-150.0110793080435
 30
0.0
 10
-134.1012422358358
 20
-150.14374298795
 30
0.0
 10
-135.0822736273687
 20
-150.379069719508
 30
0.0
 10
-136.0373891530846
 20
-150.701337898549
 30
0.0
 10
-136.9566961718076
 20
-151.1351317271608
 30
0.0
 10
-137.8356896853142
 20
-151.6889885226889
 30
0.0
 10
-138.6743831084424
 20
-152.3676531328734
 30
0.0
 10
-139.1812034445484
 20
-152.8969646464645
 30
0.0
 10
-139.4413931080978
 20
-153.1687007525811
 30
0.0
  0
SPLINE
  5
600
330
1F
100
AcDbEntity
  8
0
  6
Continuous
 62
     7
370
    15
100
AcDbSpline
210
0.0
220
0.0
230
1.0
 70
     8
 71
     3
 72
    15
 73
    11
 74
     0
 42
0.000000001
 43
0.00000001
 40
0.0
 40
0.0
 40
0.0
 40
0.0
 40
0.1325888502644209
 40
0.2600073156513989
 40
0.3850508387411221
 40
0.508606457308629
 40
0.6322304620024461
 40
0.7543655514750808
 40
0.8762072033093266
 40
1.0
 40
1.0
 40
1.0
 40
1.0
 10
-124.6716146270851
 20
-153.2268494867583
 30
0.0
 10
-124.9205848582935
 20
-152.9552484088191
 30
0.0
 10
-125.4088165713258
 20
-152.4226375063023
 30
0.0
 10
-126.2305425435424
 20
-151.7326029267933
 30
0.0
 10
-127.1167596449307
 20
-151.1748992171424
 30
0.0
 10
-128.0544512630838
 20
-150.7349793023843
 30
0.0
 10
-129.024139880176
 20
-150.3960547540542
 30
0.0
 10
-130.0172320607352
 20
-150.1538804063245
 30
0.0
 10
-131.0304699317939
 20
-150.0090418045943
 30
0.0
 10
-131.712686209157
 20
-149.9889520177502
 30
0.0
 10
-132.0565038675914
 20
-149.9788273348595
 30
0.0
  0
SPLINE
  5
601
330
1F
100
AcDbEntity
  8
0
  6
Continuous
 62
     7
370
    15
100
AcDbSpline
210
0.0
220
0.0
230
1.0
 70
     8
 71
     3
 72
    15
 73
    11
 74
     0
 42
0.000000001
 43
0.00000001
 40
0.0
 40
0.0
 40
0.0
 40
0.0
 40
0.1592970233136544
 40
0.30697134818526
 40
0.4431935239639788
 40
0.5702628326901297
 40
0.688818405135296
 40
0.7990244891000919
 40
0.9024395879182572
 40
1.0
 40
1.0
 40
1.0
 40
1.0
 10
-121.440206399237
 20
-164.0508210057456
 30
0.0
 10
-121.4513782559999
 20
-163.438509304611
 30
0.0
 10
-121.4729068436717
 20
-162.2585616540085
 30
0.0
 10
-121.6360565478332
 20
-160.5608769635227
 30
0.0
 10
-121.9169309219219
 20
-159.00458396012
 30
0.0
 10
-122.3065500729356
 20
-157.5875165572207
 30
0.0
 10
-122.7893647607052
 20
-156.3057664496987
 30
0.0
 10
-123.3399304488995
 20
-155.1531274579895
 30
0.0
 10
-123.9445587159205
 20
-154.1165124056999
 30
0.0
 10
-124.4340155013543
 20
-153.5175879684757
 30
0.0
 10
-124.6716146270851
 20
-153.2268494867583
 30
0.0
  0
SPLINE
  5
602
330
1F
100
AcDbEntity
  8
0
  6
Continuous
 62
     7
370
    15
100
AcDbSpline
210
0.0
220
0.0
230
1.0
 70
     8
 71
     3
 72
    13
 73
     9
 74
     0
 42
0.000000001
 43
0.00000001
 40
0.2895883271723019
 40
0.2895883271723019
 40
0.2895883271723019
 40
0.2895883271723019
 40
0.3354621348771569
 40
0.4527744955687663
 40
0.5766571203752185
 40
0.708867670228648
 40
0.8492393702643283
 40
1.0
 40
1.0
 40
1.0
 40
1.0
 10
-122.8677600252457
 20
-172.0109196447609
 30
0.0
 10
-122.7957493347933
 20
-171.8510226514676
 30
0.0
 10
-122.5508120469702
 20
-171.2772531472646
 30
0.0
 10
-122.1931855590515
 20
-170.237914996573
 30
0.0
 10
-121.8568594649447
 20
-168.8494685668792
 30
0.0
 10
-121.6063771209836
 20
-167.3536552372894
 30
0.0
 10
-121.4691872501181
 20
-165.7397091626201
 30
0.0
 10
-121.4500937967053
 20
-164.6270190116327
 30
0.0
 10
-121.440206399237
 20
-164.0508210057456
 30
0.0
  0
SPLINE
  5
604
330
1F
100
AcDbEntity
  8
0
  6
Continuous
 62
     7
370
    15
100
AcDbSpline
210
0.0
220
0.0
230
1.0
 70
     8
 71
     3
 72
    15
 73
    11
 74
     0
 42
0.000000001
 43
0.00000001
 40
0.0
 40
0.0
 40
0.0
 40
0.0
 40
0.1253749670434253
 40
0.2489335171934689
 40
0.3711508275576011
 40
0.4946621488532121
 40
0.6190247548740849
 40
0.7429212516309621
 40
0.869561807137225
 40
1.0
 40
1.0
 40
1.0
 40
1.0
 10
-132.0565038675914
 20
-178.1560425247329
 30
0.0
 10
-131.7043940264693
 20
-178.1462943148485
 30
0.0
 10
-131.0052756677096
 20
-178.1269391259294
 30
0.0
 10
-129.9708232288764
 20
-177.9770160998961
 30
0.0
 10
-128.9675534068388
 20
-177.7101398987301
 30
0.0
 10
-127.983725027234
 20
-177.3701373338508
 30
0.0
 10
-127.0462441483179
 20
-176.9038369532594
 30
0.0
 10
-126.1649259797179
 20
-176.3242374869118
 30
0.0
 10
-125.3445939693309
 20
-175.6321327513945
 30
0.0
 10
-124.8595635854028
 20
-175.0966481934772
 30
0.0
 10
-124.6134658929079
 20
-174.8249507525811
 30
0.0
  0
SPLINE
  5
605
330
1F
100
AcDbEntity
  8
0
  6
Continuous
 62
     7
370
    15
100
AcDbSpline
210
0.0
220
0.0
230
1.0
 70
     8
 71
     3
 72
    15
 73
    11
 74
     0
 42
0.000000001
 43
0.00000001
 40
0.0
 40
0.0
 40
0.0
 40
0.0
 40
0.1287980160248475
 40
0.254630162587996
 40
0.3784376887972215
 40
0.5028174783418992
 40
0.6267791833774369
 40
0.7501587473269821
 40
0.8741678534368569
 40
1.0
 40
1.0
 40
1.0
 40
1.0
 10
-139.499541842275
 20
-174.8830994867583
 30
0.0
 10
-139.2566142910008
 20
-175.1498331837476
 30
0.0
 10
-138.776353151993
 20
-175.6771584231285
 30
0.0
 10
-137.9531166119295
 20
-176.3485015841931
 30
0.0
 10
-137.0753366573538
 20
-176.9219292465022
 30
0.0
 10
-136.1351961603017
 20
-177.3758293193262
 30
0.0
 10
-135.153025854669
 20
-177.7232005815904
 30
0.0
 10
-134.1431799808829
 20
-177.9729267994346
 30
0.0
 10
-133.1079854982346
 20
-178.1279077091716
 30
0.0
 10
-132.4086985955774
 20
-178.146618742686
 30
0.0
 10
-132.0565038675914
 20
-178.1560425247329
 30
0.0
  0
SPLINE
  5
606
330
1F
100
AcDbEntity
  8
0
  6
Continuous
 62
     7
370
    15
100
AcDbSpline
210
0.0
220
0.0
230
1.0
 70
     8
 71
     3
 72
    15
 73
    11
 74
     0
 42
0.000000001
 43
0.00000001
 40
0.0
 40
0.0
 40
0.0
 40
0.0
 40
0.1590464524714758
 40
0.3057198213100087
 40
0.4422172368301365
 40
0.5687747758150353
 40
0.6867512355634539
 40
0.7972836117822507
 40
0.9010048964703494
 40
1.0
 40
1.0
 40
1.0
 40
1.0
 10
-142.7060291840471
 20
-164.0840488538469
 30
0.0
 10
-142.6952929712058
 20
-164.6936554639334
 30
0.0
 10
-142.6746557735796
 20
-165.8654440892627
 30
0.0
 10
-142.5061663201139
 20
-167.5535267109187
 30
0.0
 10
-142.2392373851308
 20
-169.1025705973279
 30
0.0
 10
-141.855702602101
 20
-170.5137042466384
 30
0.0
 10
-141.3813529328987
 20
-171.7911345832594
 30
0.0
 10
-140.8316203514387
 20
-172.9406283034855
 30
0.0
 10
-140.2220216015041
 20
-173.9787983658025
 30
0.0
 10
-139.7365959834638
 20
-174.5863876095522
 30
0.0
 10
-139.499541842275
 20
-174.8830994867583
 30
0.0
  0
SPLINE
  5
607
330
1F
100
AcDbEntity
  8
0
  6
Continuous
 62
     7
370
    15
100
AcDbSpline
210
0.0
220
0.0
230
1.0
 70
     8
 71
     3
 72
    12
 73
     8
 74
     0
 42
0.000000001
 43
0.00000001
 40
0.4153867765719788
 40
0.4153867765719788
 40
0.4153867765719788
 40
0.4153867765719788
 40
0.4324617408870541
 40
0.5627667501830925
 40
0.6999329934901275
 40
0.845634181176351
 40
1.0
 40
1.0
 40
1.0
 40
1.0
 10
-141.7387083638305
 20
-157.3826119802839
 30
0.0
 10
-141.7596983927566
 20
-157.4454161433668
 30
0.0
 10
-141.9376790178339
 20
-157.9885709091861
 30
0.0
 10
-142.2282899960311
 20
-159.0542394381605
 30
0.0
 10
-142.5072229977795
 20
-160.6333479934037
 30
0.0
 10
-142.6727696067101
 20
-162.3221869903209
 30
0.0
 10
-142.6947312724458
 20
-163.4855638103913
 30
0.0
 10
-142.7060291840471
 20
-164.0840488538469
 30
0.0
  0
SPLINE
  5
609
330
1F
100
AcDbEntity
  8
0
  6
Continuous
 62
     7
370
    15
100
AcDbSpline
210
0.0
220
0.0
230
1.0
 70
     8
 71
     3
 72
    14
 73
    10
 74
     0
 42
0.000000001
 43
0.00000001
 40
0.0
 40
0.0
 40
0.0
 40
0.0
 40
0.0708862314113187
 40
0.1383980001511501
 40
0.2029523384574319
 40
0.2651040119084182
 40
0.3252260297882533
 40
0.384399727526851
 40
0.4392264129916524
 40
0.4392264129916524
 40
0.4392264129916524
 40
0.4392264129916524
 10
-153.8705861460724
 20
-164.1421975880241
 30
0.0
 10
-153.8541700118844
 20
-163.3106716118756
 30
0.0
 10
-153.8221192158892
 20
-161.6872035577635
 30
0.0
 10
-153.5396284773924
 20
-159.3204002847534
 30
0.0
 10
-153.0980359423738
 20
-157.0837123162466
 30
0.0
 10
-152.4683538517466
 20
-154.9811144883749
 30
0.0
 10
-151.6480963881952
 20
-153.0139620122069
 30
0.0
 10
-150.672940947157
 20
-151.215264504367
 30
0.0
 10
-149.9070424671793
 20
-150.1166295044625
 30
0.0
 10
-149.5139555767624
 20
-149.6073647667964
 30
0.0
  0
SPLINE
  5
60A
330
1F
100
AcDbEntity
  8
0
  6
Continuous
 62
     7
370
    15
100
AcDbSpline
210
0.0
220
0.0
230
1.0
 70
     8
 71
     3
 72
    23
 73
    19
 74
     0
 42
0.000000001
 43
0.00000001
 40
0.0
 40
0.0
 40
0.0
 40
0.0
 40
0.0699335648107412
 40
0.1365866835151234
 40
0.2004235546532429
 40
0.2617397054435143
 40
0.3215885257951205
 40
0.3801673803510014
 40
0.4380278888230805
 40
0.4965563998722265
 40
0.5550376745240052
 40
0.6137359218595959
 40
0.6730306341950271
 40
0.733775229029381
 40
0.796136623821698
 40
0.8610193041978077
 40
0.9288338314022657
 40
1.0
 40
1.0
 40
1.0
 40
1.0
 10
-133.6680545005028
 20
-186.1307260690367
 30
0.0
 10
-134.4476335248164
 20
-186.0718022803231
 30
0.0
 10
-135.9702230532798
 20
-185.9567187020395
 30
0.0
 10
-138.179348699816
 20
-185.568376420213
 30
0.0
 10
-140.2555506160495
 20
-185.0260573271017
 30
0.0
 10
-142.1970400453217
 20
-184.3065916839582
 30
0.0
 10
-144.0072662021436
 20
-183.428471350396
 30
0.0
 10
-145.6769534960956
 20
-182.375830536703
 30
0.0
 10
-147.2127241534501
 20
-181.1601447015082
 30
0.0
 10
-148.6055065836492
 20
-179.7837634410987
 30
0.0
 10
-149.8439251951438
 20
-178.2561132233036
 30
0.0
 10
-150.9329114978505
 20
-176.6075994583354
 30
0.0
 10
-151.8367050745276
 20
-174.822638373443
 30
0.0
 10
-152.5895005167511
 20
-172.9253254220488
 30
0.0
 10
-153.1580828235714
 20
-170.8997690321443
 30
0.0
 10
-153.5725538060921
 20
-168.7581014802139
 30
0.0
 10
-153.8256991629959
 20
-166.4908266813561
 30
0.0
 10
-153.8553851835713
 20
-164.9375600813303
 30
0.0
 10
-153.8705861460724
 20
-164.1421975880241
 30
0.0
  0
SPLINE
  5
60B
330
1F
100
AcDbEntity
  8
0
  6
Continuous
 62
     7
370
    15
100
AcDbSpline
210
0.0
220
0.0
230
1.0
 70
     8
 71
     3
 72
    15
 73
    11
 74
     0
 42
0.000000001
 43
0.00000001
 40
0.0
 40
0.0
 40
0.0
 40
0.0
 40
0.122645590268801
 40
0.2422111794079669
 40
0.3627977559254283
 40
0.4833482750977893
 40
0.6066090948940802
 40
0.7337109065933219
 40
0.864164961916766
 40
1.0
 40
1.0
 40
1.0
 40
1.0
 10
-130.2788139941737
 20
-194.1220235373912
 30
0.0
 10
-130.5399612986922
 20
-193.8676040255774
 30
0.0
 10
-131.0556977103152
 20
-193.3651542441725
 30
0.0
 10
-131.7160242982564
 20
-192.5097625839904
 30
0.0
 10
-132.2824871409347
 20
-191.5986939004518
 30
0.0
 10
-132.7437710201802
 20
-190.6166382947913
 30
0.0
 10
-133.0933307366555
 20
-189.5706203257415
 30
0.0
 10
-133.3803672859067
 20
-188.4757321605899
 30
0.0
 10
-133.56935987903
 20
-187.3210226868746
 30
0.0
 10
-133.6347160693654
 20
-186.5328008856246
 30
0.0
 10
-133.6680545005028
 20
-186.1307260690367
 30
0.0
  0
SPLINE
  5
60C
330
1F
100
AcDbEntity
  8
0
  6
Continuous
 62
     7
370
    15
100
AcDbSpline
210
0.0
220
0.0
230
1.0
 70
     8
 71
     3
 72
    15
 73
    11
 74
     0
 42
0.000000001
 43
0.00000001
 40
0.0
 40
0.0
 40
0.0
 40
0.0
 40
0.1511827721661964
 40
0.2929419684332484
 40
0.4260097187516216
 40
0.5520528706808685
 40
0.671393003247197
 40
0.7849551873344416
 40
0.8942818469722876
 40
1.0
 40
1.0
 40
1.0
 40
1.0
 10
-120.3519943739205
 20
-197.2952830310621
 30
0.0
 10
-120.8896125680125
 20
-197.2871530255931
 30
0.0
 10
-121.931337956337
 20
-197.2713997769172
 30
0.0
 10
-123.4391434258362
 20
-197.1095228577435
 30
0.0
 10
-124.8426172773389
 20
-196.8551665923947
 30
0.0
 10
-126.1424795552719
 20
-196.5008634847231
 30
0.0
 10
-127.3368613949649
 20
-196.0445444794241
 30
0.0
 10
-128.4217196757552
 20
-195.4908965512377
 30
0.0
 10
-129.4135051265792
 20
-194.866752078683
 30
0.0
 10
-129.9936225442104
 20
-194.3674737118595
 30
0.0
 10
-130.2788139941737
 20
-194.1220235373912
 30
0.0
  0
SPLINE
  5
60D
330
1F
100
AcDbEntity
  8
0
  6
Continuous
 62
     7
370
    15
100
AcDbSpline
210
0.0
220
0.0
230
1.0
 70
     8
 71
     3
 72
    13
 73
     9
 74
     0
 42
0.000000001
 43
0.00000001
 40
0.0
 40
0.0
 40
0.0
 40
0.0
 40
0.1840940554839804
 40
0.3818385684238408
 40
0.4969016067918811
 40
0.6379459313570094
 40
0.8053206210256616
 40
1.0
 40
1.0
 40
1.0
 40
1.0
 10
-111.3389405764522
 20
-196.348289360176
 30
0.0
 10
-111.8838388276955
 20
-196.4672544354287
 30
0.0
 10
-113.0140391899201
 20
-196.7140057708129
 30
0.0
 10
-114.4947607465965
 20
-196.9903093404573
 30
0.0
 10
-115.8604534408271
 20
-197.1575791274632
 30
0.0
 10
-117.1420711878413
 20
-197.2272081522325
 30
0.0
 10
-118.6650432463404
 20
-197.2915316469341
 30
0.0
 10
-119.762098797711
 20
-197.2939712414877
 30
0.0
 10
-120.3519943739205
 20
-197.2952830310621
 30
0.0
  0
SPLINE
  5
610
330
1F
100
AcDbEntity
  8
0
  6
Continuous
 62
     7
370
    15
100
AcDbSpline
210
0.0
220
0.0
230
1.0
 70
     8
 71
     3
 72
    15
 73
    11
 74
     0
 42
0.000000001
 43
0.00000001
 40
0.0
 40
0.0
 40
0.0
 40
0.0
 40
0.1191157330737301
 40
0.2500263203981751
 40
0.3914333363838284
 40
0.5454974132270196
 40
0.6940693096077875
 40
0.8196283168323336
 40
0.921018803285946
 40
1.0
 40
1.0
 40
1.0
 40
1.0
 10
-117.5442412093636
 20
-189.8522450563785
 30
0.0
 10
-117.3363519500839
 20
-189.847108452559
 30
0.0
 10
-116.8999882120055
 20
-189.8363266177903
 30
0.0
 10
-116.221284224519
 20
-189.7538422290324
 30
0.0
 10
-115.4858064376319
 20
-189.6403304111433
 30
0.0
 10
-114.7290275450659
 20
-189.4733263941449
 30
0.0
 10
-114.0003876260736
 20
-189.3060807708551
 30
0.0
 10
-113.3740319556769
 20
-189.1140753340082
 30
0.0
 10
-112.8588699105437
 20
-188.970426348603
 30
0.0
 10
-112.5701787025437
 20
-188.8442180415011
 30
0.0
 10
-112.4437665258193
 20
-188.788953917138
 30
0.0
  0
SPLINE
  5
611
330
1F
100
AcDbEntity
  8
0
  6
Continuous
 62
     7
370
    15
100
AcDbSpline
210
0.0
220
0.0
230
1.0
 70
     8
 71
     3
 72
    23
 73
    19
 74
     0
 42
0.000000001
 43
0.00000001
 40
0.0
 40
0.0
 40
0.0
 40
0.0
 40
0.0684956311317127
 40
0.1322676043067167
 40
0.1925798179921828
 40
0.2482383292642433
 40
0.3015039145172766
 40
0.3534801846025173
 40
0.4025819927997145
 40
0.45152742541443
 40
0.5025284722537083
 40
0.5573473567821892
 40
0.6163748179821718
 40
0.6809590535548183
 40
0.7513642980123407
 40
0.8281446909779252
 40
0.9106754571133872
 40
1.0
 40
1.0
 40
1.0
 40
1.0
 10
-124.0984342473383
 20
-184.8431469551127
 30
0.0
 10
-124.0853006276181
 20
-185.0594753592207
 30
0.0
 10
-124.0599391207956
 20
-185.4772135314532
 30
0.0
 10
-123.9663269606219
 20
-186.0797763736504
 30
0.0
 10
-123.8382116247186
 20
-186.6344385951979
 30
0.0
 10
-123.6604460845407
 20
-187.1402685967246
 30
0.0
 10
-123.4457571822242
 20
-187.602822912232
 30
0.0
 10
-123.1816522217703
 20
-188.0152056114491
 30
0.0
 10
-122.8762227172712
 20
-188.379676366601
 30
0.0
 10
-122.5309525634839
 20
-188.7026796122406
 30
0.0
 10
-122.1253302576712
 20
-188.9802549463317
 30
0.0
 10
-121.6553785234222
 20
-189.2087984127523
 30
0.0
 10
-121.1272214040611
 20
-189.4090677566339
 30
0.0
 10
-120.5356256202217
 20
-189.5754223390604
 30
0.0
 10
-119.8760977835222
 20
-189.695797905796
 30
0.0
 10
-119.1549426446264
 20
-189.7849830215183
 30
0.0
 10
-118.3704348427598
 20
-189.846116659332
 30
0.0
 10
-117.8268027013762
 20
-189.8501491203375
 30
0.0
 10
-117.5442412093636
 20
-189.8522450563785
 30
0.0
  0
SPLINE
  5
612
330
1F
100
AcDbEntity
  8
0
  6
Continuous
 62
     7
370
    15
100
AcDbSpline
210
0.0
220
0.0
230
1.0
 70
     8
 71
     3
 72
    12
 73
     8
 74
     0
 42
0.000000001
 43
0.00000001
 40
0.7268260330414459
 40
0.7268260330414459
 40
0.7268260330414459
 40
0.7268260330414459
 40
0.7458265328413055
 40
0.8066905542778728
 40
0.8689266289109285
 40
0.9331353667143993
 40
1.0
 40
1.0
 40
1.0
 40
1.0
 10
-117.5860796914267
 20
-181.5352406521465
 30
0.0
 10
-117.7200648718441
 20
-181.64034687042
 30
0.0
 10
-118.2900367323601
 20
-182.0734855264778
 30
0.0
 10
-119.3528723937174
 20
-182.7778747752053
 30
0.0
 10
-120.8319493220353
 20
-183.5738992722163
 30
0.0
 10
-122.4159557400329
 20
-184.2802255549104
 30
0.0
 10
-123.5300830165714
 20
-184.6529887633493
 30
0.0
 10
-124.0984342473383
 20
-184.8431469551127
 30
0.0
  0
SPLINE
  5
614
330
1F
100
AcDbEntity
  8
0
  6
Continuous
 62
     7
370
    15
100
AcDbSpline
210
0.0
220
0.0
230
1.0
 70
     8
 71
     3
 72
     8
 73
     4
 74
     0
 42
0.000000001
 43
0.00000001
 40
0.0
 40
0.0
 40
0.0
 40
0.0
 40
0.0196839706099161
 40
0.0196839706099161
 40
0.0196839706099161
 40
0.0196839706099161
 10
-124.6134658929079
 20
-174.8249507525811
 30
0.0
 10
-124.567070414802
 20
-174.7656337384284
 30
0.0
 10
-124.5206749366961
 20
-174.7063167242759
 30
0.0
 10
-124.4744148133015
 20
-174.6469055304658
 30
0.0
  0
SPLINE
  5
615
330
1F
100
AcDbEntity
  8
0
  6
Continuous
 62
     7
370
    15
100
AcDbSpline
210
0.0
220
0.0
230
1.0
 70
     8
 71
     3
 72
    17
 73
    13
 74
     0
 42
0.000000001
 43
0.00000001
 40
0.0
 40
0.0
 40
0.0
 40
0.0
 40
0.0692591728640448
 40
0.1359986750593677
 40
0.2010440729663541
 40
0.2647074371373312
 40
0.3266997388083396
 40
0.3878362590273912
 40
0.4483918592282083
 40
0.5084659592957611
 40
0.5680490572424608
 40
0.6097148537582651
 40
0.6097148537582651
 40
0.6097148537582651
 40
0.6097148537582651
 10
285.7771347645096
 20
-230.3890754385
 30
0.0
 10
285.7695679958908
 20
-231.0097659557207
 30
0.0
 10
285.7547097400951
 20
-232.228566072344
 30
0.0
 10
285.5780399738572
 20
-234.0228148048042
 30
0.0
 10
285.3172482345134
 20
-235.7549657064351
 30
0.0
 10
284.946339510209
 20
-237.4245425821208
 30
0.0
 10
284.4581096548533
 20
-239.0263472423382
 30
0.0
 10
283.8829050087233
 20
-240.5698991718248
 30
0.0
 10
283.1784258938868
 20
-242.0400641965952
 30
0.0
 10
282.3844148868012
 20
-243.44714087439
 30
0.0
 10
281.5705155536174
 20
-244.6443514864359
 30
0.0
 10
280.9944240530868
 20
-245.3460745781197
 30
0.0
 10
280.7480531971353
 20
-245.6267328535776
 30
0.0
  0
SPLINE
  5
616
330
1F
100
AcDbEntity
  8
0
  6
Continuous
 62
     7
370
    15
100
AcDbSpline
210
0.0
220
0.0
230
1.0
 70
     8
 71
     3
 72
    23
 73
    19
 74
     0
 42
0.000000001
 43
0.00000001
 40
0.0
 40
0.0
 40
0.0
 40
0.0
 40
0.07040441910676
 40
0.1372311662549053
 40
0.2011782294368638
 40
0.2627829090849924
 40
0.3227391189506852
 40
0.3814244431513194
 40
0.4397477146520725
 40
0.4983988349598399
 40
0.5571221401201654
 40
0.6157471190098674
 40
0.674912518941775
 40
0.7351173722400584
 40
0.7972603302889069
 40
0.8616214071175422
 40
0.9291237088200295
 40
1.0
 40
1.0
 40
1.0
 40
1.0
 10
263.9630524860285
 20
-208.259328603057
 30
0.0
 10
264.7890921297121
 20
-208.2750767246987
 30
0.0
 10
266.399195374845
 20
-208.3057727112098
 30
0.0
 10
268.7448477832543
 20
-208.5965768281074
 30
0.0
 10
270.9561251909477
 20
-209.0571994916066
 30
0.0
 10
273.0376184123805
 20
-209.7037029915274
 30
0.0
 10
274.9818246215231
 20
-210.544485549894
 30
0.0
 10
276.7887255540213
 20
-211.5735884044393
 30
0.0
 10
278.4627351683552
 20
-212.7821424970335
 30
0.0
 10
279.9810416711467
 20
-214.1822256862189
 30
0.0
 10
281.3430351494252
 20
-215.7376247924259
 30
0.0
 10
282.5438254649745
 20
-217.4298452049833
 30
0.0
 10
283.5353430356465
 20
-219.271478854191
 30
0.0
 10
284.3698927328863
 20
-221.2339148032393
 30
0.0
 10
284.991582646068
 20
-223.3378279814346
 30
0.0
 10
285.4503985020276
 20
-225.5685699113114
 30
0.0
 10
285.7275979441525
 20
-227.9343125894624
 30
0.0
 10
285.7603562500223
 20
-229.5576277652678
 30
0.0
 10
285.7771347645096
 20
-230.3890754385
 30
0.0
  0
SPLINE
  5
617
330
1F
100
AcDbEntity
  8
0
  6
Continuous
 62
     7
370
    15
100
AcDbSpline
210
0.0
220
0.0
230
1.0
 70
     8
 71
     3
 72
    15
 73
    11
 74
     0
 42
0.000000001
 43
0.00000001
 40
0.5287261425406333
 40
0.5287261425406333
 40
0.5287261425406333
 40
0.5287261425406333
 40
0.5601327247631471
 40
0.6182731688568416
 40
0.676966723534686
 40
0.7367147659595614
 40
0.7983280855175618
 40
0.8625151623710748
 40
0.9295857068408299
 40
1.0
 40
1.0
 40
1.0
 40
1.0
 10
248.6587336522979
 20
-213.5374133087384
 30
0.0
 10
248.9291764363304
 20
-213.2871198158782
 30
0.0
 10
249.7218834299423
 20
-212.5967746272997
 30
0.0
 10
251.1297250803373
 20
-211.5706190808296
 30
0.0
 10
252.9345143384623
 20
-210.5471597563995
 30
0.0
 10
254.8737057705818
 20
-209.7017090847002
 30
0.0
 10
256.9560363763632
 20
-209.0563351590322
 30
0.0
 10
259.1730207413793
 20
-208.5966949773996
 30
0.0
 10
261.5241824681952
 20
-208.30610203169
 30
0.0
 10
263.1370206129666
 20
-208.2751705063076
 30
0.0
 10
263.9630524860285
 20
-208.259328603057
 30
0.0
  0
SPLINE
  5
619
330
1F
100
AcDbEntity
  8
0
  6
Continuous
 62
     7
370
    15
100
AcDbSpline
210
0.0
220
0.0
230
1.0
 70
     8
 71
     3
 72
     9
 73
     5
 74
     0
 42
0.000000001
 43
0.00000001
 40
0.0
 40
0.0
 40
0.0
 40
0.0
 40
0.0956017270021861
 40
0.1268538993684347
 40
0.1268538993684347
 40
0.1268538993684347
 40
0.1268538993684347
 10
256.6113910936235
 20
-219.4238855650823
 30
0.0
 10
256.373949487903
 20
-219.7090675234372
 30
0.0
 10
256.0588883012233
 20
-220.0874753679525
 30
0.0
 10
255.7840529211508
 20
-220.4952601121473
 30
0.0
 10
255.7185191425638
 20
-220.5971987983841
 30
0.0
  0
SPLINE
  5
61A
330
1F
100
AcDbEntity
  8
0
  6
Continuous
 62
     7
370
    15
100
AcDbSpline
210
0.0
220
0.0
230
1.0
 70
     8
 71
     3
 72
    15
 73
    11
 74
     0
 42
0.000000001
 43
0.00000001
 40
0.0
 40
0.0
 40
0.0
 40
0.0
 40
0.1252558781935253
 40
0.2474183412198483
 40
0.3688033857704405
 40
0.4893976937961752
 40
0.6111782377750004
 40
0.7353093530897197
 40
0.8641140351758713
 40
1.0
 40
1.0
 40
1.0
 40
1.0
 10
263.9962803341298
 20
-216.2340121473608
 30
0.0
 10
263.6497917804504
 20
-216.2448520418697
 30
0.0
 10
262.9653718199708
 20
-216.2662641205447
 30
0.0
 10
261.9515419658856
 20
-216.3989278004512
 30
0.0
 10
260.9705105743524
 20
-216.6342545320093
 30
0.0
 10
260.0153950486368
 20
-216.9565227110502
 30
0.0
 10
259.0960880299135
 20
-217.390316539662
 30
0.0
 10
258.2170945164071
 20
-217.9441733351901
 30
0.0
 10
257.3784010932789
 20
-218.6228379453746
 30
0.0
 10
256.8715807571728
 20
-219.1521494589658
 30
0.0
 10
256.6113910936235
 20
-219.4238855650823
 30
0.0
  0
SPLINE
  5
61B
330
1F
100
AcDbEntity
  8
0
  6
Continuous
 62
     7
370
    15
100
AcDbSpline
210
0.0
220
0.0
230
1.0
 70
     8
 71
     3
 72
    15
 73
    11
 74
     0
 42
0.000000001
 43
0.00000001
 40
0.0
 40
0.0
 40
0.0
 40
0.0
 40
0.1325888502644233
 40
0.2600073156513992
 40
0.3850508387411251
 40
0.508606457308629
 40
0.6322304620024461
 40
0.7543655514750841
 40
0.8762072033093264
 40
1.0
 40
1.0
 40
1.0
 40
1.0
 10
271.3811695746361
 20
-219.4820342992595
 30
0.0
 10
271.1321993434278
 20
-219.2104332213202
 30
0.0
 10
270.6439676303954
 20
-218.6778223188034
 30
0.0
 10
269.822241658179
 20
-217.9877877392946
 30
0.0
 10
268.9360245567905
 20
-217.4300840296436
 30
0.0
 10
267.9983329386375
 20
-216.9901641148855
 30
0.0
 10
267.0286443215453
 20
-216.6512395665555
 30
0.0
 10
266.0355521409859
 20
-216.4090652188257
 30
0.0
 10
265.0223142699274
 20
-216.2642266170955
 30
0.0
 10
264.3400979925643
 20
-216.2441368302515
 30
0.0
 10
263.9962803341298
 20
-216.2340121473608
 30
0.0
  0
SPLINE
  5
61C
330
1F
100
AcDbEntity
  8
0
  6
Continuous
 62
     7
370
    15
100
AcDbSpline
210
0.0
220
0.0
230
1.0
 70
     8
 71
     3
 72
    15
 73
    11
 74
     0
 42
0.000000001
 43
0.00000001
 40
0.0
 40
0.0
 40
0.0
 40
0.0
 40
0.159297023313657
 40
0.3069713481852598
 40
0.4431935239639795
 40
0.570262832690129
 40
0.6888184051352939
 40
0.799024489100092
 40
0.902439587918258
 40
1.0
 40
1.0
 40
1.0
 40
1.0
 10
274.6125778024843
 20
-230.3060058182468
 30
0.0
 10
274.6014059457213
 20
-229.6936941171122
 30
0.0
 10
274.5798773580495
 20
-228.5137464665097
 30
0.0
 10
274.4167276538881
 20
-226.8160617760238
 30
0.0
 10
274.1358532797993
 20
-225.2597687726213
 30
0.0
 10
273.7462341287857
 20
-223.8427013697218
 30
0.0
 10
273.263419441016
 20
-222.5609512621999
 30
0.0
 10
272.7128537528218
 20
-221.4083122704907
 30
0.0
 10
272.1082254858007
 20
-220.3716972182012
 30
0.0
 10
271.6187687003669
 20
-219.7727727809769
 30
0.0
 10
271.3811695746361
 20
-219.4820342992595
 30
0.0
  0
SPLINE
  5
61D
330
1F
100
AcDbEntity
  8
0
  6
Continuous
 62
     7
370
    15
100
AcDbSpline
210
0.0
220
0.0
230
1.0
 70
     8
 71
     3
 72
    13
 73
     9
 74
     0
 42
0.000000001
 43
0.00000001
 40
0.3029638634286
 40
0.3029638634286
 40
0.3029638634286
 40
0.3029638634286
 40
0.3354621348771561
 40
0.4527744955687665
 40
0.5766571203752191
 40
0.7088676702286482
 40
0.8492393702643307
 40
1.0
 40
1.0
 40
1.0
 40
1.0
 10
273.2472050118308
 20
-238.1258846817739
 30
0.0
 10
273.2969076204396
 20
-238.0120350153527
 30
0.0
 10
273.5186352200813
 20
-237.48401157053
 30
0.0
 10
273.8595986426697
 20
-236.4930998090743
 30
0.0
 10
274.1959247367766
 20
-235.1046533793803
 30
0.0
 10
274.4464070807377
 20
-233.6088400497907
 30
0.0
 10
274.5835969516031
 20
-231.9948939751214
 30
0.0
 10
274.6026904050158
 20
-230.8822038241339
 30
0.0
 10
274.6125778024843
 20
-230.3060058182468
 30
0.0
  0
SPLINE
  5
61F
330
1F
100
AcDbEntity
  8
0
  6
Continuous
 62
     7
370
    15
100
AcDbSpline
210
0.0
220
0.0
230
1.0
 70
     8
 71
     3
 72
    15
 73
    11
 74
     0
 42
0.000000001
 43
0.00000001
 40
0.0
 40
0.0
 40
0.0
 40
0.0
 40
0.1253749670434289
 40
0.2489335171934662
 40
0.371150827557605
 40
0.494662148853213
 40
0.619024754874086
 40
0.7429212516309606
 40
0.8695618071372236
 40
1.0
 40
1.0
 40
1.0
 40
1.0
 10
263.9962803341298
 20
-244.4112273372342
 30
0.0
 10
264.3483901752519
 20
-244.4014791273498
 30
0.0
 10
265.0475085340117
 20
-244.3821239384306
 30
0.0
 10
266.0819609728449
 20
-244.2322009123973
 30
0.0
 10
267.0852307948822
 20
-243.9653247112313
 30
0.0
 10
268.0690591744873
 20
-243.6253221463521
 30
0.0
 10
269.0065400534033
 20
-243.1590217657605
 30
0.0
 10
269.8878582220034
 20
-242.5794222994131
 30
0.0
 10
270.7081902323903
 20
-241.8873175638957
 30
0.0
 10
271.1932206163185
 20
-241.3518330059784
 30
0.0
 10
271.4393183088134
 20
-241.0801355650823
 30
0.0
  0
SPLINE
  5
620
330
1F
100
AcDbEntity
  8
0
  6
Continuous
 62
     7
370
    15
100
AcDbSpline
210
0.0
220
0.0
230
1.0
 70
     8
 71
     3
 72
    15
 73
    11
 74
     0
 42
0.000000001
 43
0.00000001
 40
0.0
 40
0.0
 40
0.0
 40
0.0
 40
0.1287980160248498
 40
0.2546301625879958
 40
0.3784376887972213
 40
0.5028174783418989
 40
0.6267791833774398
 40
0.7501587473269818
 40
0.8741678534368567
 40
1.0
 40
1.0
 40
1.0
 40
1.0
 10
256.5532423594462
 20
-241.1382842992595
 30
0.0
 10
256.7961699107205
 20
-241.4050179962489
 30
0.0
 10
257.2764310497283
 20
-241.9323432356298
 30
0.0
 10
258.0996675897916
 20
-242.6036863966942
 30
0.0
 10
258.9774475443674
 20
-243.1771140590035
 30
0.0
 10
259.9175880414195
 20
-243.6310141318274
 30
0.0
 10
260.8997583470521
 20
-243.9783853940915
 30
0.0
 10
261.9096042208384
 20
-244.228111611936
 30
0.0
 10
262.9447987034867
 20
-244.3830925216729
 30
0.0
 10
263.6440856061439
 20
-244.4018035551873
 30
0.0
 10
263.9962803341298
 20
-244.4112273372342
 30
0.0
  0
SPLINE
  5
621
330
1F
100
AcDbEntity
  8
0
  6
Continuous
 62
     7
370
    15
100
AcDbSpline
210
0.0
220
0.0
230
1.0
 70
     8
 71
     3
 72
    15
 73
    11
 74
     0
 42
0.000000001
 43
0.00000001
 40
0.0
 40
0.0
 40
0.0
 40
0.0
 40
0.1590464524714734
 40
0.3057198213100089
 40
0.4422172368301366
 40
0.5687747758150361
 40
0.6867512355634539
 40
0.7972836117822507
 40
0.9010048964703494
 40
1.0
 40
1.0
 40
1.0
 40
1.0
 10
253.3467550176741
 20
-230.3392336663481
 30
0.0
 10
253.3574912305154
 20
-230.9488402764346
 30
0.0
 10
253.3781284281415
 20
-232.120628901764
 30
0.0
 10
253.5466178816074
 20
-233.8087115234199
 30
0.0
 10
253.8135468165905
 20
-235.3577554098292
 30
0.0
 10
254.1970815996203
 20
-236.7688890591396
 30
0.0
 10
254.6714312688226
 20
-238.0463193957607
 30
0.0
 10
255.2211638502827
 20
-239.1958131159867
 30
0.0
 10
255.8307626002171
 20
-240.2339831783037
 30
0.0
 10
256.3161882182575
 20
-240.8415724220534
 30
0.0
 10
256.5532423594462
 20
-241.1382842992595
 30
0.0
  0
SPLINE
  5
622
330
1F
100
AcDbEntity
  8
0
  6
Continuous
 62
     7
370
    15
100
AcDbSpline
210
0.0
220
0.0
230
1.0
 70
     8
 71
     3
 72
    12
 73
     8
 74
     0
 42
0.000000001
 43
0.00000001
 40
0.4016710290798203
 40
0.4016710290798203
 40
0.4016710290798203
 40
0.4016710290798203
 40
0.4324617408870533
 40
0.5627667501830917
 40
0.699932993490127
 40
0.8456341811763509
 40
1.0
 40
1.0
 40
1.0
 40
1.0
 10
254.3653739918945
 20
-223.4866943358873
 30
0.0
 10
254.3264507554877
 20
-223.5995810737146
 30
0.0
 10
254.1291132660842
 20
-224.1923881772087
 30
0.0
 10
253.8244942056901
 20
-225.3094242506618
 30
0.0
 10
253.5455612039417
 20
-226.8885328059049
 30
0.0
 10
253.380014595011
 20
-228.5773718028221
 30
0.0
 10
253.3580529292754
 20
-229.7407486228926
 30
0.0
 10
253.3467550176741
 20
-230.3392336663481
 30
0.0
  0
SPLINE
  5
624
330
1F
100
AcDbEntity
  8
0
  6
Continuous
 62
     7
370
    15
100
AcDbSpline
210
0.0
220
0.0
230
1.0
 70
     8
 71
     3
 72
    15
 73
    11
 74
     0
 42
0.000000001
 43
0.00000001
 40
0.0
 40
0.0
 40
0.0
 40
0.0
 40
0.070886231411318
 40
0.1383980001511502
 40
0.2029523384574321
 40
0.2651040119084184
 40
0.3252260297882536
 40
0.3843997275268513
 40
0.4428972621982984
 40
0.4433238204220478
 40
0.4433238204220478
 40
0.4433238204220478
 40
0.4433238204220478
 10
242.1821980556488
 20
-230.3973824005253
 30
0.0
 10
242.1986141898369
 20
-229.5658564243769
 30
0.0
 10
242.2306649858322
 20
-227.9423883702646
 30
0.0
 10
242.5131557243288
 20
-225.5755850972546
 30
0.0
 10
242.9547482593476
 20
-223.3388971287479
 30
0.0
 10
243.5844303499745
 20
-221.2362993008761
 30
0.0
 10
244.404687813526
 20
-219.269146824708
 30
0.0
 10
245.4004014857558
 20
-217.4325291682914
 30
0.0
 10
246.1980793787492
 20
-216.297042148439
 30
0.0
 10
246.624285000992
 20
-215.752632058651
 30
0.0
 10
246.6273718303625
 20
-215.7486921738141
 30
0.0
  0
SPLINE
  5
625
330
1F
100
AcDbEntity
  8
0
  6
Continuous
 62
     7
370
    15
100
AcDbSpline
210
0.0
220
0.0
230
1.0
 70
     8
 71
     3
 72
    23
 73
    19
 74
     0
 42
0.000000001
 43
0.00000001
 40
0.0
 40
0.0
 40
0.0
 40
0.0
 40
0.0699335648107397
 40
0.1365866835151229
 40
0.2004235546532422
 40
0.261739705443514
 40
0.3215885257951206
 40
0.3801673803510016
 40
0.43802788882308
 40
0.4965563998722261
 40
0.5550376745240049
 40
0.6137359218595956
 40
0.6730306341950268
 40
0.7337752290293807
 40
0.7961366238216978
 40
0.8610193041978076
 40
0.9288338314022657
 40
1.0
 40
1.0
 40
1.0
 40
1.0
 10
262.3847297012184
 20
-252.385910881538
 30
0.0
 10
261.6051506769049
 20
-252.3269870928243
 30
0.0
 10
260.0825611484415
 20
-252.2119035145407
 30
0.0
 10
257.8734355019052
 20
-251.8235612327142
 30
0.0
 10
255.7972335856718
 20
-251.281242139603
 30
0.0
 10
253.8557441563996
 20
-250.5617764964594
 30
0.0
 10
252.0455179995776
 20
-249.6836561628972
 30
0.0
 10
250.3758307056256
 20
-248.6310153492043
 30
0.0
 10
248.8400600482712
 20
-247.4153295140094
 30
0.0
 10
247.4472776180721
 20
-246.0389482535998
 30
0.0
 10
246.2088590065775
 20
-244.5112980358049
 30
0.0
 10
245.1198727038708
 20
-242.8627842708366
 30
0.0
 10
244.2160791271936
 20
-241.0778231859441
 30
0.0
 10
243.4632836849702
 20
-239.1805102345501
 30
0.0
 10
242.8947013781499
 20
-237.1549538446456
 30
0.0
 10
242.4802303956292
 20
-235.0132862927152
 30
0.0
 10
242.2270850387254
 20
-232.7460114938573
 30
0.0
 10
242.1973990181499
 20
-231.1927448938315
 30
0.0
 10
242.1821980556488
 20
-230.3973824005253
 30
0.0
  0
SPLINE
  5
626
330
1F
100
AcDbEntity
  8
0
  6
Continuous
 62
     7
370
    15
100
AcDbSpline
210
0.0
220
0.0
230
1.0
 70
     8
 71
     3
 72
    15
 73
    11
 74
     0
 42
0.000000001
 43
0.00000001
 40
0.0
 40
0.0
 40
0.0
 40
0.0
 40
0.1226455902688033
 40
0.2422111794079687
 40
0.3627977559254259
 40
0.4833482750977924
 40
0.6066090948940834
 40
0.7337109065933215
 40
0.8641649619167718
 40
0.9999999999999999
 40
0.9999999999999999
 40
0.9999999999999999
 40
0.9999999999999999
 10
265.7739702075476
 20
-260.3772083498924
 30
0.0
 10
265.5128229030291
 20
-260.1227888380786
 30
0.0
 10
264.997086491406
 20
-259.6203390566736
 30
0.0
 10
264.3367599034649
 20
-258.7649473964917
 30
0.0
 10
263.7702970607865
 20
-257.853878712953
 30
0.0
 10
263.309013181541
 20
-256.8718231072926
 30
0.0
 10
262.9594534650657
 20
-255.8258051382427
 30
0.0
 10
262.6724169158146
 20
-254.7309169730911
 30
0.0
 10
262.4834243226912
 20
-253.5762074993759
 30
0.0
 10
262.4180681323559
 20
-252.7879856981258
 30
0.0
 10
262.3847297012184
 20
-252.385910881538
 30
0.0
  0
SPLINE
  5
627
330
1F
100
AcDbEntity
  8
0
  6
Continuous
 62
     7
370
    15
100
AcDbSpline
210
0.0
220
0.0
230
1.0
 70
     8
 71
     3
 72
    15
 73
    11
 74
     0
 42
0.000000001
 43
0.00000001
 40
0.0
 40
0.0
 40
0.0
 40
0.0
 40
0.1511827721661978
 40
0.2929419684332469
 40
0.4260097187516207
 40
0.5520528706808701
 40
0.6713930032471962
 40
0.7849551873344398
 40
0.8942818469722881
 40
1.0
 40
1.0
 40
1.0
 40
1.0
 10
275.7007898278007
 20
-263.5504678435633
 30
0.0
 10
275.1631716337088
 20
-263.5423378380944
 30
0.0
 10
274.1214462453843
 20
-263.5265845894184
 30
0.0
 10
272.6136407758849
 20
-263.3647076702449
 30
0.0
 10
271.2101669243824
 20
-263.1103514048959
 30
0.0
 10
269.9103046464493
 20
-262.7560482972244
 30
0.0
 10
268.7159228067565
 20
-262.2997292919252
 30
0.0
 10
267.631064525966
 20
-261.7460813637391
 30
0.0
 10
266.6392790751421
 20
-261.1219368911843
 30
0.0
 10
266.0591616575109
 20
-260.6226585243607
 30
0.0
 10
265.7739702075476
 20
-260.3772083498924
 30
0.0
  0
SPLINE
  5
628
330
1F
100
AcDbEntity
  8
0
  6
Continuous
 62
     7
370
    15
100
AcDbSpline
210
0.0
220
0.0
230
1.0
 70
     8
 71
     3
 72
    13
 73
     9
 74
     0
 42
0.000000001
 43
0.00000001
 40
0.0
 40
0.0
 40
0.0
 40
0.0
 40
0.1840940554839846
 40
0.3818385684238431
 40
0.4969016067918836
 40
0.6379459313570084
 40
0.8053206210256634
 40
1.0
 40
1.0
 40
1.0
 40
1.0
 10
284.7138436252691
 20
-262.6034741726772
 30
0.0
 10
284.1689453740258
 20
-262.72243924793
 30
0.0
 10
283.0387450118012
 20
-262.969190583314
 30
0.0
 10
281.558023455125
 20
-263.2454941529585
 30
0.0
 10
280.1923307608941
 20
-263.4127639399645
 30
0.0
 10
278.91071301388
 20
-263.4823929647337
 30
0.0
 10
277.3877409553808
 20
-263.5467164594354
 30
0.0
 10
276.2906854040102
 20
-263.5491560539889
 30
0.0
 10
275.7007898278007
 20
-263.5504678435633
 30
0.0
  0
SPLINE
  5
62B
330
1F
100
AcDbEntity
  8
0
  6
Continuous
 62
     7
370
    15
100
AcDbSpline
210
0.0
220
0.0
230
1.0
 70
     8
 71
     3
 72
    15
 73
    11
 74
     0
 42
0.000000001
 43
0.00000001
 40
0.0
 40
0.0
 40
0.0
 40
0.0
 40
0.1191157330737327
 40
0.2500263203981759
 40
0.3914333363838302
 40
0.5454974132270246
 40
0.6940693096077823
 40
0.8196283168323285
 40
0.9210188032859529
 40
1.0
 40
1.0
 40
1.0
 40
1.0
 10
278.5085429923577
 20
-256.1074298688798
 30
0.0
 10
278.7164322516373
 20
-256.1022932650602
 30
0.0
 10
279.1527959897157
 20
-256.0915114302915
 30
0.0
 10
279.8314999772022
 20
-256.0090270415336
 30
0.0
 10
280.5669777640894
 20
-255.8955152236445
 30
0.0
 10
281.3237566566553
 20
-255.7285112066463
 30
0.0
 10
282.0523965756477
 20
-255.5612655833564
 30
0.0
 10
282.6787522460442
 20
-255.3692601465094
 30
0.0
 10
283.1939142911777
 20
-255.2256111611042
 30
0.0
 10
283.4826054991775
 20
-255.0994028540023
 30
0.0
 10
283.609017675902
 20
-255.0441387296393
 30
0.0
  0
SPLINE
  5
62C
330
1F
100
AcDbEntity
  8
0
  6
Continuous
 62
     7
370
    15
100
AcDbSpline
210
0.0
220
0.0
230
1.0
 70
     8
 71
     3
 72
    23
 73
    19
 74
     0
 42
0.000000001
 43
0.00000001
 40
0.0
 40
0.0
 40
0.0
 40
0.0
 40
0.0684956311317097
 40
0.1322676043067196
 40
0.1925798179921828
 40
0.2482383292642439
 40
0.3015039145172747
 40
0.3534801846025137
 40
0.4025819927997118
 40
0.4515274254144252
 40
0.5025284722537048
 40
0.5573473567821923
 40
0.6163748179821696
 40
0.6809590535548172
 40
0.75136429801234
 40
0.8281446909779245
 40
0.910675457113387
 40
1.0
 40
1.0
 40
1.0
 40
1.0
 10
271.954349954383
 20
-251.0983317676139
 30
0.0
 10
271.9674835741031
 20
-251.314660171722
 30
0.0
 10
271.9928450809257
 20
-251.7323983439545
 30
0.0
 10
272.0864572410993
 20
-252.3349611861514
 30
0.0
 10
272.2145725770027
 20
-252.8896234076992
 30
0.0
 10
272.3923381171807
 20
-253.3954534092259
 30
0.0
 10
272.607027019497
 20
-253.8580077247332
 30
0.0
 10
272.8711319799509
 20
-254.2703904239504
 30
0.0
 10
273.17656148445
 20
-254.6348611791021
 30
0.0
 10
273.5218316382374
 20
-254.9578644247418
 30
0.0
 10
273.9274539440501
 20
-255.2354397588328
 30
0.0
 10
274.3974056782991
 20
-255.4639832252536
 30
0.0
 10
274.9255627976602
 20
-255.6642525691351
 30
0.0
 10
275.5171585814995
 20
-255.8306071515618
 30
0.0
 10
276.176686418199
 20
-255.9509827182971
 30
0.0
 10
276.8978415570948
 20
-256.0401678340194
 30
0.0
 10
277.6823493589613
 20
-256.1013014718333
 30
0.0
 10
278.225981500345
 20
-256.1053339328387
 30
0.0
 10
278.5085429923577
 20
-256.1074298688798
 30
0.0
  0
SPLINE
  5
62D
330
1F
100
AcDbEntity
  8
0
  6
Continuous
 62
     7
370
    15
100
AcDbSpline
210
0.0
220
0.0
230
1.0
 70
     8
 71
     3
 72
    12
 73
     8
 74
     0
 42
0.000000001
 43
0.00000001
 40
0.7214671932932156
 40
0.7214671932932156
 40
0.7214671932932156
 40
0.7214671932932156
 40
0.7458265328413063
 40
0.8066905542778736
 40
0.86892662891093
 40
0.9331353667144009
 40
1.0
 40
1.0
 40
1.0
 40
1.0
 10
278.5796835379546
 20
-247.7010038815189
 30
0.0
 10
278.409085324794
 20
-247.8372375104678
 30
0.0
 10
277.8028286945881
 20
-248.3021066987549
 30
0.0
 10
276.6999118080038
 20
-249.0330595877065
 30
0.0
 10
275.220834879686
 20
-249.8290840847175
 30
0.0
 10
273.6368284616883
 20
-250.5354103674116
 30
0.0
 10
272.5227011851498
 20
-250.9081735758505
 30
0.0
 10
271.954349954383
 20
-251.0983317676139
 30
0.0
  0
SPLINE
  5
62F
330
1F
100
AcDbEntity
  8
0
  6
Continuous
 62
     7
370
    15
100
AcDbSpline
210
0.0
220
0.0
230
1.0
 70
     8
 71
     3
 72
     8
 73
     4
 74
     0
 42
0.000000001
 43
0.00000001
 40
0.0
 40
0.0
 40
0.0
 40
0.0
 40
0.0322551856057522
 40
0.0322551856057522
 40
0.0322551856057522
 40
0.0322551856057522
 10
271.4393183088134
 20
-241.0801355650823
 30
0.0
 10
271.5153443701823
 20
-240.9829355977085
 30
0.0
 10
271.5913704315512
 20
-240.8857356303347
 30
0.0
 10
271.6668009214453
 20
-240.7881212649914
 30
0.0
  0
LINE
  5
679
330
1F
100
AcDbEntity
  8
0
  6
Continuous
 62
     7
370
    15
100
AcDbLine
 10
-86.8369499653
 20
232.9493670886
 30
0.0
 11
-72.3646398387
 21
232.9493670886
 31
0.0
  0
LINE
  5
67A
330
1F
100
AcDbEntity
  8
0
  6
Continuous
 62
     7
370
    15
100
AcDbLine
 10
-86.8369499653
 20
209.0
 30
0.0
 11
-86.8369499653
 21
232.9493670886
 31
0.0
  0
LINE
  5
67B
330
1F
100
AcDbEntity
  8
0
  6
Continuous
 62
     7
370
    15
100
AcDbLine
 10
-75.6977094589
 20
209.0
 30
0.0
 11
-86.8369499653
 21
209.0
 31
0.0
  0
LINE
  5
67C
330
1F
100
AcDbEntity
  8
0
  6
Continuous
 62
     7
370
    15
100
AcDbLine
 10
-75.6977094589
 20
225.1518987342
 30
0.0
 11
-75.6977094589
 21
209.0
 31
0.0
  0
LINE
  5
67D
330
1F
100
AcDbEntity
  8
0
  6
Continuous
 62
     7
370
    15
100
AcDbLine
 10
-70.9113170539
 20
225.1518987342
 30
0.0
 11
-75.6977094589
 21
225.1518987342
 31
0.0
  0
LINE
  5
67E
330
1F
100
AcDbEntity
  8
0
  6
Continuous
 62
     7
370
    15
100
AcDbLine
 10
-59.1019816108
 20
209.0
 30
0.0
 11
-70.9113170539
 21
225.1518987342
 31
0.0
  0
LINE
  5
67F
330
1F
100
AcDbEntity
  8
0
  6
Continuous
 62
     7
370
    15
100
AcDbLine
 10
-45.0647980665
 20
209.0
 30
0.0
 11
-59.1019816108
 21
209.0
 31
0.0
  0
LINE
  5
680
330
1F
100
AcDbEntity
  8
0
  6
Continuous
 62
     7
370
    15
100
AcDbLine
 10
-59.5458107247
 20
227.8670886076
 30
0.0
 11
-45.0647980665
 21
209.0
 31
0.0
  0
LINE
  5
681
330
1F
100
AcDbEntity
  8
0
  6
Continuous
 62
     7
370
    15
100
AcDbLine
 10
-86.8369499653
 20
253.0
 30
0.0
 11
-68.2048297121
 21
253.0
 31
0.0
  0
LINE
  5
682
330
1F
100
AcDbEntity
  8
0
  6
Continuous
 62
     7
370
    15
100
AcDbLine
 10
-86.8369499653
 20
245.2025316456
 30
0.0
 11
-86.8369499653
 21
253.0
 31
0.0
  0
LINE
  5
683
330
1F
100
AcDbEntity
  8
0
  6
Continuous
 62
     7
370
    15
100
AcDbLine
 10
-71.7641651551
 20
245.2025316456
 30
0.0
 11
-86.8369499653
 21
245.2025316456
 31
0.0
  0
LINE
  5
684
330
1F
100
AcDbEntity
  8
0
  6
Continuous
 62
     7
370
    15
100
AcDbLine
 10
-347.4881283634
 20
246.3668080198
 30
0.0
 11
-339.6886800055
 21
238.5673596613
 31
0.0
  0
LINE
  5
685
330
1F
100
AcDbEntity
  8
0
  6
Continuous
 62
     7
370
    15
100
AcDbLine
 10
-309.2565412378
 20
207.2588669828
 30
0.0
 11
-309.2565412378
 21
199.6995315398
 31
0.0
  0
LINE
  5
686
330
1F
100
AcDbEntity
  8
0
  6
Continuous
 62
     7
370
    15
100
AcDbLine
 10
-310.3613671871
 20
207.2588669828
 30
0.0
 11
-309.2565412378
 21
207.2588669828
 31
0.0
  0
LINE
  5
687
330
1F
100
AcDbEntity
  8
0
  6
Continuous
 62
     7
370
    15
100
AcDbLine
 10
-322.449073716
 20
221.3277533725
 30
0.0
 11
-315.5768393265
 21
214.4555189829
 31
0.0
  0
LINE
  5
688
330
1F
100
AcDbEntity
  8
0
  6
Continuous
 62
     7
370
    15
100
AcDbLine
 10
-338.3795918662
 20
241.5009122098
 30
0.0
 11
-345.4833248694
 21
248.6046452196
 31
0.0
  0
LINE
  5
689
330
1F
100
AcDbEntity
  8
0
  6
Continuous
 62
     7
370
    15
100
AcDbLine
 10
-313.3789723489
 20
216.5002926925
 30
0.0
 11
-320.8260689448
 21
223.9473892748
 31
0.0
  0
LINE
  5
68A
330
1F
100
AcDbEntity
  8
0
  6
Continuous
 62
     7
370
    15
100
AcDbLine
 10
-201.8649455812
 20
275.0
 30
0.0
 11
-201.8649455716
 21
282.7975233676
 31
0.0
  0
LINE
  5
68B
330
1F
100
AcDbEntity
  8
0
  6
Continuous
 62
     7
370
    15
100
AcDbLine
 10
-196.963046847
 20
275.0
 30
0.0
 11
-201.8649455812
 21
275.0
 31
0.0
  0
LINE
  5
68C
330
1F
100
AcDbEntity
  8
0
  6
Continuous
 62
     7
370
    15
100
AcDbLine
 10
-187.903711404
 20
299.4018987342
 30
0.0
 11
-187.903711404
 21
299.1582278481
 31
0.0
  0
LINE
  5
68D
330
1F
100
AcDbEntity
  8
0
  6
Continuous
 62
     7
370
    15
100
AcDbLine
 10
-216.0041860875
 20
319.0
 30
0.0
 11
-199.0168443154
 21
319.0
 31
0.0
  0
LINE
  5
68E
330
1F
100
AcDbEntity
  8
0
  6
Continuous
 62
     7
370
    15
100
AcDbLine
 10
-216.0041860875
 20
275.0
 30
0.0
 11
-216.0041860875
 21
319.0
 31
0.0
  0
LINE
  5
68F
330
1F
100
AcDbEntity
  8
0
  6
Continuous
 62
     7
370
    15
100
AcDbLine
 10
-204.8649455812
 20
275.0
 30
0.0
 11
-216.0041860875
 21
275.0
 31
0.0
  0
LINE
  5
690
330
1F
100
AcDbEntity
  8
0
  6
Continuous
 62
     7
370
    15
100
AcDbLine
 10
-204.8649455812
 20
311.2025316456
 30
0.0
 11
-204.8649455812
 21
275.0
 31
0.0
  0
LINE
  5
691
330
1F
100
AcDbEntity
  8
0
  6
Continuous
 62
     7
370
    15
100
AcDbLine
 10
-203.8119392521
 20
311.2025316456
 30
0.0
 11
-204.8649455812
 21
311.2025316456
 31
0.0
  0
LINE
  5
692
330
1F
100
AcDbEntity
  8
0
  6
Continuous
 62
     7
370
    15
100
AcDbLine
 10
-201.8649455812
 20
301.7341772152
 30
0.0
 11
-203.1070341888
 21
301.7341772152
 31
0.0
  0
LINE
  5
693
330
1F
100
AcDbEntity
  8
0
  6
Continuous
 62
     7
370
    15
100
AcDbLine
 10
-201.8649455812
 20
293.9353397496
 30
0.0
 11
-201.8649455812
 21
301.7341772152
 31
0.0
  0
LINE
  5
694
330
1F
100
AcDbEntity
  8
0
  6
Continuous
 62
     7
370
    15
100
AcDbLine
 10
88.2699677355
 20
121.0
 30
0.0
 11
72.8403791279
 21
99.6265822785
 31
0.0
  0
LINE
  5
695
330
1F
100
AcDbEntity
  8
0
  6
Continuous
 62
     7
370
    15
100
AcDbLine
 10
75.8601576089
 20
121.0
 30
0.0
 11
88.2699677355
 21
121.0
 31
0.0
  0
LINE
  5
696
330
1F
100
AcDbEntity
  8
0
  6
Continuous
 62
     7
370
    15
100
AcDbLine
 10
66.330885457
 20
107.2151898734
 30
0.0
 11
75.8601576089
 21
121.0
 31
0.0
  0
LINE
  5
697
330
1F
100
AcDbEntity
  8
0
  6
Continuous
 62
     7
370
    15
100
AcDbLine
 10
57.2019297608
 20
121.0
 30
0.0
 11
66.330885457
 21
107.2151898734
 31
0.0
  0
LINE
  5
698
330
1F
100
AcDbEntity
  8
0
  6
Continuous
 62
     7
370
    15
100
AcDbLine
 10
44.2699677355
 20
121.0
 30
0.0
 11
57.2019297608
 21
121.0
 31
0.0
  0
LINE
  5
699
330
1F
100
AcDbEntity
  8
0
  6
Continuous
 62
     7
370
    15
100
AcDbLine
 10
59.4036702672
 20
99.1653481013
 30
0.0
 11
44.2699677355
 21
121.0
 31
0.0
  0
LINE
  5
69A
330
1F
100
AcDbEntity
  8
0
  6
Continuous
 62
     7
370
    15
100
AcDbLine
 10
43.7130057102
 20
77.0
 30
0.0
 11
59.4036702672
 21
99.1653481013
 31
0.0
  0
LINE
  5
69B
330
1F
100
AcDbEntity
  8
0
  6
Continuous
 62
     7
370
    15
100
AcDbLine
 10
56.0880057102
 20
77.0
 30
0.0
 11
43.7130057102
 21
77.0
 31
0.0
  0
LINE
  5
69C
330
1F
100
AcDbEntity
  8
0
  6
Continuous
 62
     7
370
    15
100
AcDbLine
 10
65.8696512798
 20
91.5245253165
 30
0.0
 11
56.0880057102
 21
77.0
 31
0.0
  0
LINE
  5
69D
330
1F
100
AcDbEntity
  8
0
  6
Continuous
 62
     7
370
    15
100
AcDbLine
 10
75.3031955836
 20
77.0
 30
0.0
 11
65.8696512798
 21
91.5245253165
 31
0.0
  0
LINE
  5
69E
330
1F
100
AcDbEntity
  8
0
  6
Continuous
 62
     7
370
    15
100
AcDbLine
 10
88.2699677355
 20
77.0
 30
0.0
 11
75.3031955836
 21
77.0
 31
0.0
  0
LINE
  5
69F
330
1F
100
AcDbEntity
  8
0
  6
Continuous
 62
     7
370
    15
100
AcDbLine
 10
72.8403791279
 20
99.6265822785
 30
0.0
 11
88.2699677355
 21
77.0
 31
0.0
  0
LINE
  5
6A0
330
1F
100
AcDbEntity
  8
0
  6
Continuous
 62
     7
370
    15
100
AcDbLine
 10
-49.0105070328
 20
109.3037974684
 30
0.0
 11
-50.2549690581
 21
109.3037974684
 31
0.0
  0
LINE
  5
6A1
330
1F
100
AcDbEntity
  8
0
  6
Continuous
 62
     7
370
    15
100
AcDbLine
 10
-49.0105070328
 20
119.2246835443
 30
0.0
 11
-49.0105070328
 21
109.3037974684
 31
0.0
  0
LINE
  5
6A2
330
1F
100
AcDbEntity
  8
0
  6
Continuous
 62
     7
370
    15
100
AcDbLine
 10
-85.2130386783
 20
89.8101265823
 30
0.0
 11
-83.9598741214
 21
89.8101265823
 31
0.0
  0
LINE
  5
6A3
330
1F
100
AcDbEntity
  8
0
  6
Continuous
 62
     7
370
    15
100
AcDbLine
 10
-85.2130386783
 20
79.2800632911
 30
0.0
 11
-85.2130386783
 21
89.8101265823
 31
0.0
  0
LINE
  5
6A4
330
1F
100
AcDbEntity
  8
0
  6
Continuous
 62
     7
370
    15
100
AcDbLine
 10
-192.3235569671
 20
84.7974683544
 30
0.0
 11
-185.083050638
 21
84.7974683544
 31
0.0
  0
LINE
  5
6A5
330
1F
100
AcDbEntity
  8
0
  6
Continuous
 62
     7
370
    15
100
AcDbLine
 10
-192.3235569671
 20
113.2025316456
 30
0.0
 11
-192.3235569671
 21
84.7974683544
 31
0.0
  0
LINE
  5
6A6
330
1F
100
AcDbEntity
  8
0
  6
Continuous
 62
     7
370
    15
100
AcDbLine
 10
-185.083050638
 20
113.2025316456
 30
0.0
 11
-192.3235569671
 21
113.2025316456
 31
0.0
  0
LINE
  5
6A7
330
1F
100
AcDbEntity
  8
0
  6
Continuous
 62
     7
370
    15
100
AcDbLine
 10
-185.083050638
 20
121.0
 30
0.0
 11
-185.083050638
 21
113.2025316456
 31
0.0
  0
LINE
  5
6A8
330
1F
100
AcDbEntity
  8
0
  6
Continuous
 62
     7
370
    15
100
AcDbLine
 10
-210.7033038025
 20
121.0
 30
0.0
 11
-185.083050638
 21
121.0
 31
0.0
  0
LINE
  5
6A9
330
1F
100
AcDbEntity
  8
0
  6
Continuous
 62
     7
370
    15
100
AcDbLine
 10
-210.7033038025
 20
113.2025316456
 30
0.0
 11
-210.7033038025
 21
121.0
 31
0.0
  0
LINE
  5
6AA
330
1F
100
AcDbEntity
  8
0
  6
Continuous
 62
     7
370
    15
100
AcDbLine
 10
-203.4627974734
 20
113.2025316456
 30
0.0
 11
-210.7033038025
 21
113.2025316456
 31
0.0
  0
LINE
  5
6AB
330
1F
100
AcDbEntity
  8
0
  6
Continuous
 62
     7
370
    15
100
AcDbLine
 10
-203.4627974734
 20
84.7974683544
 30
0.0
 11
-203.4627974734
 21
113.2025316456
 31
0.0
  0
LINE
  5
6AC
330
1F
100
AcDbEntity
  8
0
  6
Continuous
 62
     7
370
    15
100
AcDbLine
 10
-210.7033038025
 20
84.7974683544
 30
0.0
 11
-203.4627974734
 21
84.7974683544
 31
0.0
  0
LINE
  5
6AD
330
1F
100
AcDbEntity
  8
0
  6
Continuous
 62
     7
370
    15
100
AcDbLine
 10
-210.7033038025
 20
77.0
 30
0.0
 11
-210.7033038025
 21
84.7974683544
 31
0.0
  0
LINE
  5
6AE
330
1F
100
AcDbEntity
  8
0
  6
Continuous
 62
     7
370
    15
100
AcDbLine
 10
-185.083050638
 20
77.0
 30
0.0
 11
-210.7033038025
 21
77.0
 31
0.0
  0
LINE
  5
6AF
330
1F
100
AcDbEntity
  8
0
  6
Continuous
 62
     7
370
    15
100
AcDbLine
 10
-185.083050638
 20
84.7974683544
 30
0.0
 11
-185.083050638
 21
77.0
 31
0.0
  0
LINE
  5
6B0
330
1F
100
AcDbEntity
  8
0
  6
Continuous
 62
     7
370
    15
100
AcDbLine
 10
61.3787612462
 20
151.3544303797
 30
0.0
 11
81.9863561829
 21
151.3544303797
 31
0.0
  0
LINE
  5
6B1
330
1F
100
AcDbEntity
  8
0
  6
Continuous
 62
     7
370
    15
100
AcDbLine
 10
61.3787612462
 20
162.4936708861
 30
0.0
 11
61.3787612462
 21
151.3544303797
 31
0.0
  0
LINE
  5
6B2
330
1F
100
AcDbEntity
  8
0
  6
Continuous
 62
     7
370
    15
100
AcDbLine
 10
80.3154701069
 20
162.4936708861
 30
0.0
 11
61.3787612462
 21
162.4936708861
 31
0.0
  0
LINE
  5
6B3
330
1F
100
AcDbEntity
  8
0
  6
Continuous
 62
     7
370
    15
100
AcDbLine
 10
80.3154701069
 20
170.8481012658
 30
0.0
 11
80.3154701069
 21
162.4936708861
 31
0.0
  0
LINE
  5
6B4
330
1F
100
AcDbEntity
  8
0
  6
Continuous
 62
     7
370
    15
100
AcDbLine
 10
61.3787612462
 20
170.8481012658
 30
0.0
 11
80.3154701069
 21
170.8481012658
 31
0.0
  0
LINE
  5
6B5
330
1F
100
AcDbEntity
  8
0
  6
Continuous
 62
     7
370
    15
100
AcDbLine
 10
61.3787612462
 20
178.6455696203
 30
0.0
 11
61.3787612462
 21
170.8481012658
 31
0.0
  0
LINE
  5
6B6
330
1F
100
AcDbEntity
  8
0
  6
Continuous
 62
     7
370
    15
100
AcDbLine
 10
81.9863561829
 20
178.6455696203
 30
0.0
 11
61.3787612462
 21
178.6455696203
 31
0.0
  0
LINE
  5
6B7
330
1F
100
AcDbEntity
  8
0
  6
Continuous
 62
     7
370
    15
100
AcDbLine
 10
81.9863561829
 20
187.0
 30
0.0
 11
81.9863561829
 21
178.6455696203
 31
0.0
  0
LINE
  5
6B8
330
1F
100
AcDbEntity
  8
0
  6
Continuous
 62
     7
370
    15
100
AcDbLine
 10
50.2395207398
 20
187.0
 30
0.0
 11
81.9863561829
 21
187.0
 31
0.0
  0
LINE
  5
6B9
330
1F
100
AcDbEntity
  8
0
  6
Continuous
 62
     7
370
    15
100
AcDbLine
 10
50.2395207398
 20
143.0
 30
0.0
 11
50.2395207398
 21
187.0
 31
0.0
  0
LINE
  5
6BA
330
1F
100
AcDbEntity
  8
0
  6
Continuous
 62
     7
370
    15
100
AcDbLine
 10
81.9863561829
 20
143.0
 30
0.0
 11
50.2395207398
 21
143.0
 31
0.0
  0
LINE
  5
6BB
330
1F
100
AcDbEntity
  8
0
  6
Continuous
 62
     7
370
    15
100
AcDbLine
 10
81.9863561829
 20
151.3544303797
 30
0.0
 11
81.9863561829
 21
143.0
 31
0.0
  0
LINE
  5
6BC
330
1F
100
AcDbEntity
  8
0
  6
Continuous
 62
     7
370
    15
100
AcDbLine
 10
193.5385794514
 20
151.3544303797
 30
0.0
 11
214.1461743881
 21
151.3544303797
 31
0.0
  0
LINE
  5
6BD
330
1F
100
AcDbEntity
  8
0
  6
Continuous
 62
     7
370
    15
100
AcDbLine
 10
193.5385794514
 20
162.4936708861
 30
0.0
 11
193.5385794514
 21
151.3544303797
 31
0.0
  0
LINE
  5
6BE
330
1F
100
AcDbEntity
  8
0
  6
Continuous
 62
     7
370
    15
100
AcDbLine
 10
212.4752883122
 20
162.4936708861
 30
0.0
 11
193.5385794514
 21
162.4936708861
 31
0.0
  0
LINE
  5
6BF
330
1F
100
AcDbEntity
  8
0
  6
Continuous
 62
     7
370
    15
100
AcDbLine
 10
212.4752883122
 20
170.8481012658
 30
0.0
 11
212.4752883122
 21
162.4936708861
 31
0.0
  0
LINE
  5
6C0
330
1F
100
AcDbEntity
  8
0
  6
Continuous
 62
     7
370
    15
100
AcDbLine
 10
193.5385794514
 20
170.8481012658
 30
0.0
 11
212.4752883122
 21
170.8481012658
 31
0.0
  0
LINE
  5
6C1
330
1F
100
AcDbEntity
  8
0
  6
Continuous
 62
     7
370
    15
100
AcDbLine
 10
193.5385794514
 20
178.6455696203
 30
0.0
 11
193.5385794514
 21
170.8481012658
 31
0.0
  0
LINE
  5
6C2
330
1F
100
AcDbEntity
  8
0
  6
Continuous
 62
     7
370
    15
100
AcDbLine
 10
214.1461743881
 20
178.6455696203
 30
0.0
 11
193.5385794514
 21
178.6455696203
 31
0.0
  0
LINE
  5
6C3
330
1F
100
AcDbEntity
  8
0
  6
Continuous
 62
     7
370
    15
100
AcDbLine
 10
214.1461743881
 20
187.0
 30
0.0
 11
214.1461743881
 21
178.6455696203
 31
0.0
  0
LINE
  5
6C4
330
1F
100
AcDbEntity
  8
0
  6
Continuous
 62
     7
370
    15
100
AcDbLine
 10
182.3993389451
 20
187.0
 30
0.0
 11
214.1461743881
 21
187.0
 31
0.0
  0
LINE
  5
6C5
330
1F
100
AcDbEntity
  8
0
  6
Continuous
 62
     7
370
    15
100
AcDbLine
 10
182.3993389451
 20
143.0
 30
0.0
 11
182.3993389451
 21
187.0
 31
0.0
  0
LINE
  5
6C6
330
1F
100
AcDbEntity
  8
0
  6
Continuous
 62
     7
370
    15
100
AcDbLine
 10
214.1461743881
 20
143.0
 30
0.0
 11
182.3993389451
 21
143.0
 31
0.0
  0
LINE
  5
6C7
330
1F
100
AcDbEntity
  8
0
  6
Continuous
 62
     7
370
    15
100
AcDbLine
 10
214.1461743881
 20
151.3544303797
 30
0.0
 11
214.1461743881
 21
143.0
 31
0.0
  0
LINE
  5
6C8
330
1F
100
AcDbEntity
  8
0
  6
Continuous
 62
     7
370
    15
100
AcDbLine
 10
-338.5328838191
 20
77.0
 30
0.0
 11
-338.5328838191
 21
96.4936708861
 31
0.0
  0
LINE
  5
6C9
330
1F
100
AcDbEntity
  8
0
  6
Continuous
 62
     7
370
    15
100
AcDbLine
 10
-338.5328838191
 20
96.4936708861
 30
0.0
 11
-321.8240230596
 21
96.4936708861
 31
0.0
  0
LINE
  5
6CA
330
1F
100
AcDbEntity
  8
0
  6
Continuous
 62
     7
370
    15
100
AcDbLine
 10
-321.8240230596
 20
96.4936708861
 30
0.0
 11
-321.8240230596
 21
77.0
 31
0.0
  0
LINE
  5
6CB
330
1F
100
AcDbEntity
  8
0
  6
Continuous
 62
     7
370
    15
100
AcDbLine
 10
-321.8240230596
 20
77.0
 30
0.0
 11
-310.6847825533
 21
77.0
 31
0.0
  0
LINE
  5
6CC
330
1F
100
AcDbEntity
  8
0
  6
Continuous
 62
     7
370
    15
100
AcDbLine
 10
-310.6847825533
 20
77.0
 30
0.0
 11
-310.6847825533
 21
121.0
 31
0.0
  0
LINE
  5
6CD
330
1F
100
AcDbEntity
  8
0
  6
Continuous
 62
     7
370
    15
100
AcDbLine
 10
-310.6847825533
 20
121.0
 30
0.0
 11
-321.8240230596
 21
121.0
 31
0.0
  0
LINE
  5
6CE
330
1F
100
AcDbEntity
  8
0
  6
Continuous
 62
     7
370
    15
100
AcDbLine
 10
-321.8240230596
 20
121.0
 30
0.0
 11
-321.8240230596
 21
104.8481012658
 31
0.0
  0
LINE
  5
6CF
330
1F
100
AcDbEntity
  8
0
  6
Continuous
 62
     7
370
    15
100
AcDbLine
 10
-321.8240230596
 20
104.8481012658
 30
0.0
 11
-338.5328838191
 21
104.8481012658
 31
0.0
  0
LINE
  5
6D0
330
1F
100
AcDbEntity
  8
0
  6
Continuous
 62
     7
370
    15
100
AcDbLine
 10
-338.5328838191
 20
104.8481012658
 30
0.0
 11
-338.5328838191
 21
121.0
 31
0.0
  0
LINE
  5
6D1
330
1F
100
AcDbEntity
  8
0
  6
Continuous
 62
     7
370
    15
100
AcDbLine
 10
-338.5328838191
 20
121.0
 30
0.0
 11
-349.6721243254
 21
121.0
 31
0.0
  0
LINE
  5
6D2
330
1F
100
AcDbEntity
  8
0
  6
Continuous
 62
     7
370
    15
100
AcDbLine
 10
-349.6721243254
 20
121.0
 30
0.0
 11
-349.6721243254
 21
77.0
 31
0.0
  0
LINE
  5
6D3
330
1F
100
AcDbEntity
  8
0
  6
Continuous
 62
     7
370
    15
100
AcDbLine
 10
-349.6721243254
 20
77.0
 30
0.0
 11
-338.5328838191
 21
77.0
 31
0.0
  0
LINE
  5
6D4
330
1F
100
AcDbEntity
  8
0
  6
Continuous
 62
     7
370
    15
100
AcDbLine
 10
246.1884409222
 20
187.0
 30
0.0
 11
264.8031561121
 21
187.0
 31
0.0
  0
LINE
  5
6D5
330
1F
100
AcDbEntity
  8
0
  6
Continuous
 62
     7
370
    15
100
AcDbLine
 10
246.1884409222
 20
178.6455696203
 30
0.0
 11
246.1884409222
 21
187.0
 31
0.0
  0
LINE
  5
6D6
330
1F
100
AcDbEntity
  8
0
  6
Continuous
 62
     7
370
    15
100
AcDbLine
 10
259.2944535804
 20
178.6455696203
 30
0.0
 11
246.1884409222
 21
178.6455696203
 31
0.0
  0
LINE
  5
6D7
330
1F
100
AcDbEntity
  8
0
  6
Continuous
 62
     7
370
    15
100
AcDbLine
 10
246.1884409222
 20
165.835443038
 30
0.0
 11
260.6085358589
 21
165.835443038
 31
0.0
  0
LINE
  5
6D8
330
1F
100
AcDbEntity
  8
0
  6
Continuous
 62
     7
370
    15
100
AcDbLine
 10
246.1884409222
 20
143.0
 30
0.0
 11
246.1884409222
 21
165.835443038
 31
0.0
  0
LINE
  5
6D9
330
1F
100
AcDbEntity
  8
0
  6
Continuous
 62
     7
370
    15
100
AcDbLine
 10
257.3276814285
 20
143.0
 30
0.0
 11
246.1884409222
 21
143.0
 31
0.0
  0
LINE
  5
6DA
330
1F
100
AcDbEntity
  8
0
  6
Continuous
 62
     7
370
    15
100
AcDbLine
 10
257.3276814285
 20
157.4810126582
 30
0.0
 11
257.3276814285
 21
143.0
 31
0.0
  0
LINE
  5
6DB
330
1F
100
AcDbEntity
  8
0
  6
Continuous
 62
     7
370
    15
100
AcDbLine
 10
264.4202447197
 20
157.4810126582
 30
0.0
 11
257.3276814285
 21
157.4810126582
 31
0.0
  0
LINE
  5
6DC
330
1F
100
AcDbEntity
  8
0
  6
Continuous
 62
     7
370
    15
100
AcDbLine
 10
269.4467895242
 20
18.7974683544
 30
0.0
 11
276.6872958533
 21
18.7974683544
 31
0.0
  0
LINE
  5
6DD
330
1F
100
AcDbEntity
  8
0
  6
Continuous
 62
     7
370
    15
100
AcDbLine
 10
269.4467895242
 20
47.2025316456
 30
0.0
 11
269.4467895242
 21
18.7974683544
 31
0.0
  0
LINE
  5
6DE
330
1F
100
AcDbEntity
  8
0
  6
Continuous
 62
     7
370
    15
100
AcDbLine
 10
276.6872958533
 20
47.2025316456
 30
0.0
 11
269.4467895242
 21
47.2025316456
 31
0.0
  0
LINE
  5
6DF
330
1F
100
AcDbEntity
  8
0
  6
Continuous
 62
     7
370
    15
100
AcDbLine
 10
276.6872958533
 20
55.0
 30
0.0
 11
276.6872958533
 21
47.2025316456
 31
0.0
  0
LINE
  5
6E0
330
1F
100
AcDbEntity
  8
0
  6
Continuous
 62
     7
370
    15
100
AcDbLine
 10
251.0670426887
 20
55.0
 30
0.0
 11
276.6872958533
 21
55.0
 31
0.0
  0
LINE
  5
6E1
330
1F
100
AcDbEntity
  8
0
  6
Continuous
 62
     7
370
    15
100
AcDbLine
 10
251.0670426887
 20
47.2025316456
 30
0.0
 11
251.0670426887
 21
55.0
 31
0.0
  0
LINE
  5
6E2
330
1F
100
AcDbEntity
  8
0
  6
Continuous
 62
     7
370
    15
100
AcDbLine
 10
258.3075490178
 20
47.2025316456
 30
0.0
 11
251.0670426887
 21
47.2025316456
 31
0.0
  0
LINE
  5
6E3
330
1F
100
AcDbEntity
  8
0
  6
Continuous
 62
     7
370
    15
100
AcDbLine
 10
258.3075490178
 20
18.7974683544
 30
0.0
 11
258.3075490178
 21
47.2025316456
 31
0.0
  0
LINE
  5
6E4
330
1F
100
AcDbEntity
  8
0
  6
Continuous
 62
     7
370
    15
100
AcDbLine
 10
251.0670426887
 20
18.7974683544
 30
0.0
 11
258.3075490178
 21
18.7974683544
 31
0.0
  0
LINE
  5
6E5
330
1F
100
AcDbEntity
  8
0
  6
Continuous
 62
     7
370
    15
100
AcDbLine
 10
251.0670426887
 20
11.0
 30
0.0
 11
251.0670426887
 21
18.7974683544
 31
0.0
  0
LINE
  5
6E6
330
1F
100
AcDbEntity
  8
0
  6
Continuous
 62
     7
370
    15
100
AcDbLine
 10
276.6872958533
 20
11.0
 30
0.0
 11
251.0670426887
 21
11.0
 31
0.0
  0
LINE
  5
6E7
330
1F
100
AcDbEntity
  8
0
  6
Continuous
 62
     7
370
    15
100
AcDbLine
 10
276.6872958533
 20
18.7974683544
 30
0.0
 11
276.6872958533
 21
11.0
 31
0.0
  0
LINE
  5
6E8
330
1F
100
AcDbEntity
  8
0
  6
Continuous
 62
     7
370
    15
100
AcDbLine
 10
141.720547979
 20
55.0
 30
0.0
 11
151.7458644347
 21
55.0
 31
0.0
  0
LINE
  5
6E9
330
1F
100
AcDbEntity
  8
0
  6
Continuous
 62
     7
370
    15
100
AcDbLine
 10
141.720547979
 20
29.7974683544
 30
0.0
 11
141.720547979
 21
55.0
 31
0.0
  0
LINE
  5
6EA
330
1F
100
AcDbEntity
  8
0
  6
Continuous
 62
     7
370
    15
100
AcDbLine
 10
125.4381112701
 20
55.0
 30
0.0
 11
141.720547979
 21
29.7974683544
 31
0.0
  0
LINE
  5
6EB
330
1F
100
AcDbEntity
  8
0
  6
Continuous
 62
     7
370
    15
100
AcDbLine
 10
112.2015606372
 20
55.0
 30
0.0
 11
125.4381112701
 21
55.0
 31
0.0
  0
LINE
  5
6EC
330
1F
100
AcDbEntity
  8
0
  6
Continuous
 62
     7
370
    15
100
AcDbLine
 10
112.2015606372
 20
11.0
 30
0.0
 11
112.2015606372
 21
55.0
 31
0.0
  0
LINE
  5
6ED
330
1F
100
AcDbEntity
  8
0
  6
Continuous
 62
     7
370
    15
100
AcDbLine
 10
122.2268770929
 20
11.0
 30
0.0
 11
112.2015606372
 21
11.0
 31
0.0
  0
LINE
  5
6EE
330
1F
100
AcDbEntity
  8
0
  6
Continuous
 62
     7
370
    15
100
AcDbLine
 10
122.2268770929
 20
41.1977848101
 30
0.0
 11
122.2268770929
 21
11.0
 31
0.0
  0
LINE
  5
6EF
330
1F
100
AcDbEntity
  8
0
  6
Continuous
 62
     7
370
    15
100
AcDbLine
 10
141.180991017
 20
11.0
 30
0.0
 11
122.2268770929
 21
41.1977848101
 31
0.0
  0
LINE
  5
6F0
330
1F
100
AcDbEntity
  8
0
  6
Continuous
 62
     7
370
    15
100
AcDbLine
 10
151.7458644347
 20
11.0
 30
0.0
 11
141.180991017
 21
11.0
 31
0.0
  0
LINE
  5
6F1
330
1F
100
AcDbEntity
  8
0
  6
Continuous
 62
     7
370
    15
100
AcDbLine
 10
151.7458644347
 20
55.0
 30
0.0
 11
151.7458644347
 21
11.0
 31
0.0
  0
LINE
  5
6F2
330
1F
100
AcDbEntity
  8
0
  6
Continuous
 62
     7
370
    15
100
AcDbLine
 10
9.7544453581
 20
55.0
 30
0.0
 11
22.7734326999
 21
55.0
 31
0.0
  0
LINE
  5
6F3
330
1F
100
AcDbEntity
  8
0
  6
Continuous
 62
     7
370
    15
100
AcDbLine
 10
-0.0359027431
 20
33.0870253165
 30
0.0
 11
9.7544453581
 21
55.0
 31
0.0
  0
LINE
  5
6F4
330
1F
100
AcDbEntity
  8
0
  6
Continuous
 62
     7
370
    15
100
AcDbLine
 10
-9.8523584393
 20
55.0
 30
0.0
 11
-0.0359027431
 21
33.0870253165
 31
0.0
  0
LINE
  5
6F5
330
1F
100
AcDbEntity
  8
0
  6
Continuous
 62
     7
370
    15
100
AcDbLine
 10
-22.897453376
 20
55.0
 30
0.0
 11
-9.8523584393
 21
55.0
 31
0.0
  0
LINE
  5
6F6
330
1F
100
AcDbEntity
  8
0
  6
Continuous
 62
     7
370
    15
100
AcDbLine
 10
-22.897453376
 20
11.0
 30
0.0
 11
-22.897453376
 21
55.0
 31
0.0
  0
LINE
  5
6F7
330
1F
100
AcDbEntity
  8
0
  6
Continuous
 62
     7
370
    15
100
AcDbLine
 10
-12.315174895
 20
11.0
 30
0.0
 11
-22.897453376
 21
11.0
 31
0.0
  0
LINE
  5
6F8
330
1F
100
AcDbEntity
  8
0
  6
Continuous
 62
     7
370
    15
100
AcDbLine
 10
-12.315174895
 20
40.5625
 30
0.0
 11
-12.315174895
 21
11.0
 31
0.0
  0
LINE
  5
6F9
330
1F
100
AcDbEntity
  8
0
  6
Continuous
 62
     7
370
    15
100
AcDbLine
 10
-4.2218204646
 20
21.582278481
 30
0.0
 11
-12.315174895
 21
40.5625
 31
0.0
  0
LINE
  5
6FA
330
1F
100
AcDbEntity
  8
0
  6
Continuous
 62
     7
370
    15
100
AcDbLine
 10
3.5408377632
 20
21.582278481
 30
0.0
 11
-4.2218204646
 21
21.582278481
 31
0.0
  0
LINE
  5
6FB
330
1F
100
AcDbEntity
  8
0
  6
Continuous
 62
     7
370
    15
100
AcDbLine
 10
11.6341921936
 20
40.5625
 30
0.0
 11
3.5408377632
 21
21.582278481
 31
0.0
  0
LINE
  5
6FC
330
1F
100
AcDbEntity
  8
0
  6
Continuous
 62
     7
370
    15
100
AcDbLine
 10
11.6341921936
 20
11.0
 30
0.0
 11
11.6341921936
 21
40.5625
 31
0.0
  0
LINE
  5
6FD
330
1F
100
AcDbEntity
  8
0
  6
Continuous
 62
     7
370
    15
100
AcDbLine
 10
22.7734326999
 20
11.0
 30
0.0
 11
11.6341921936
 21
11.0
 31
0.0
  0
LINE
  5
6FE
330
1F
100
AcDbEntity
  8
0
  6
Continuous
 62
     7
370
    15
100
AcDbLine
 10
22.7734326999
 20
55.0
 30
0.0
 11
22.7734326999
 21
11.0
 31
0.0
  0
LINE
  5
6FF
330
1F
100
AcDbEntity
  8
0
  6
Continuous
 62
     7
370
    15
100
AcDbLine
 10
-126.3663373715
 20
18.7974683544
 30
0.0
 11
-119.1258310423
 21
18.7974683544
 31
0.0
  0
LINE
  5
700
330
1F
100
AcDbEntity
  8
0
  6
Continuous
 62
     7
370
    15
100
AcDbLine
 10
-126.3663373715
 20
47.2025316456
 30
0.0
 11
-126.3663373715
 21
18.7974683544
 31
0.0
  0
LINE
  5
701
330
1F
100
AcDbEntity
  8
0
  6
Continuous
 62
     7
370
    15
100
AcDbLine
 10
-119.1258310423
 20
47.2025316456
 30
0.0
 11
-126.3663373715
 21
47.2025316456
 31
0.0
  0
LINE
  5
702
330
1F
100
AcDbEntity
  8
0
  6
Continuous
 62
     7
370
    15
100
AcDbLine
 10
-119.1258310423
 20
55.0
 30
0.0
 11
-119.1258310423
 21
47.2025316456
 31
0.0
  0
LINE
  5
703
330
1F
100
AcDbEntity
  8
0
  6
Continuous
 62
     7
370
    15
100
AcDbLine
 10
-144.7460842069
 20
55.0
 30
0.0
 11
-119.1258310423
 21
55.0
 31
0.0
  0
LINE
  5
704
330
1F
100
AcDbEntity
  8
0
  6
Continuous
 62
     7
370
    15
100
AcDbLine
 10
-144.7460842069
 20
47.2025316456
 30
0.0
 11
-144.7460842069
 21
55.0
 31
0.0
  0
LINE
  5
705
330
1F
100
AcDbEntity
  8
0
  6
Continuous
 62
     7
370
    15
100
AcDbLine
 10
-137.5055778778
 20
47.2025316456
 30
0.0
 11
-144.7460842069
 21
47.2025316456
 31
0.0
  0
LINE
  5
706
330
1F
100
AcDbEntity
  8
0
  6
Continuous
 62
     7
370
    15
100
AcDbLine
 10
-137.5055778778
 20
18.7974683544
 30
0.0
 11
-137.5055778778
 21
47.2025316456
 31
0.0
  0
LINE
  5
707
330
1F
100
AcDbEntity
  8
0
  6
Continuous
 62
     7
370
    15
100
AcDbLine
 10
-144.7460842069
 20
18.7974683544
 30
0.0
 11
-137.5055778778
 21
18.7974683544
 31
0.0
  0
LINE
  5
708
330
1F
100
AcDbEntity
  8
0
  6
Continuous
 62
     7
370
    15
100
AcDbLine
 10
-144.7460842069
 20
11.0
 30
0.0
 11
-144.7460842069
 21
18.7974683544
 31
0.0
  0
LINE
  5
709
330
1F
100
AcDbEntity
  8
0
  6
Continuous
 62
     7
370
    15
100
AcDbLine
 10
-119.1258310423
 20
11.0
 30
0.0
 11
-144.7460842069
 21
11.0
 31
0.0
  0
LINE
  5
70A
330
1F
100
AcDbEntity
  8
0
  6
Continuous
 62
     7
370
    15
100
AcDbLine
 10
-119.1258310423
 20
18.7974683544
 30
0.0
 11
-119.1258310423
 21
11.0
 31
0.0
  0
LINE
  5
70B
330
1F
100
AcDbEntity
  8
0
  6
Continuous
 62
     7
370
    15
100
AcDbLine
 10
-258.3230388412
 20
18.7974683544
 30
0.0
 11
-251.0825325121
 21
18.7974683544
 31
0.0
  0
LINE
  5
70C
330
1F
100
AcDbEntity
  8
0
  6
Continuous
 62
     7
370
    15
100
AcDbLine
 10
-258.3230388412
 20
47.2025316456
 30
0.0
 11
-258.3230388412
 21
18.7974683544
 31
0.0
  0
LINE
  5
70D
330
1F
100
AcDbEntity
  8
0
  6
Continuous
 62
     7
370
    15
100
AcDbLine
 10
-251.0825325121
 20
47.2025316456
 30
0.0
 11
-258.3230388412
 21
47.2025316456
 31
0.0
  0
LINE
  5
70E
330
1F
100
AcDbEntity
  8
0
  6
Continuous
 62
     7
370
    15
100
AcDbLine
 10
-251.0825325121
 20
55.0
 30
0.0
 11
-251.0825325121
 21
47.2025316456
 31
0.0
  0
LINE
  5
70F
330
1F
100
AcDbEntity
  8
0
  6
Continuous
 62
     7
370
    15
100
AcDbLine
 10
-276.7027856766
 20
55.0
 30
0.0
 11
-251.0825325121
 21
55.0
 31
0.0
  0
LINE
  5
710
330
1F
100
AcDbEntity
  8
0
  6
Continuous
 62
     7
370
    15
100
AcDbLine
 10
-276.7027856766
 20
47.2025316456
 30
0.0
 11
-276.7027856766
 21
55.0
 31
0.0
  0
LINE
  5
711
330
1F
100
AcDbEntity
  8
0
  6
Continuous
 62
     7
370
    15
100
AcDbLine
 10
-269.4622793475
 20
47.2025316456
 30
0.0
 11
-276.7027856766
 21
47.2025316456
 31
0.0
  0
LINE
  5
712
330
1F
100
AcDbEntity
  8
0
  6
Continuous
 62
     7
370
    15
100
AcDbLine
 10
-269.4622793475
 20
18.7974683544
 30
0.0
 11
-269.4622793475
 21
47.2025316456
 31
0.0
  0
LINE
  5
713
330
1F
100
AcDbEntity
  8
0
  6
Continuous
 62
     7
370
    15
100
AcDbLine
 10
-276.7027856766
 20
18.7974683544
 30
0.0
 11
-269.4622793475
 21
18.7974683544
 31
0.0
  0
LINE
  5
714
330
1F
100
AcDbEntity
  8
0
  6
Continuous
 62
     7
370
    15
100
AcDbLine
 10
-276.7027856766
 20
11.0
 30
0.0
 11
-276.7027856766
 21
18.7974683544
 31
0.0
  0
LINE
  5
715
330
1F
100
AcDbEntity
  8
0
  6
Continuous
 62
     7
370
    15
100
AcDbLine
 10
-251.0825325121
 20
11.0
 30
0.0
 11
-276.7027856766
 21
11.0
 31
0.0
  0
LINE
  5
716
330
1F
100
AcDbEntity
  8
0
  6
Continuous
 62
     7
370
    15
100
AcDbLine
 10
-251.0825325121
 20
18.7974683544
 30
0.0
 11
-251.0825325121
 21
11.0
 31
0.0
  0
LINE
  5
717
330
1F
100
AcDbEntity
  8
0
  6
Continuous
 62
     7
370
    15
100
AcDbLine
 10
203.4096309666
 20
84.7974683544
 30
0.0
 11
210.6501372957
 21
84.7974683544
 31
0.0
  0
LINE
  5
718
330
1F
100
AcDbEntity
  8
0
  6
Continuous
 62
     7
370
    15
100
AcDbLine
 10
203.4096309666
 20
113.2025316456
 30
0.0
 11
203.4096309666
 21
84.7974683544
 31
0.0
  0
LINE
  5
719
330
1F
100
AcDbEntity
  8
0
  6
Continuous
 62
     7
370
    15
100
AcDbLine
 10
210.6501372957
 20
113.2025316456
 30
0.0
 11
203.4096309666
 21
113.2025316456
 31
0.0
  0
LINE
  5
71A
330
1F
100
AcDbEntity
  8
0
  6
Continuous
 62
     7
370
    15
100
AcDbLine
 10
210.6501372957
 20
121.0
 30
0.0
 11
210.6501372957
 21
113.2025316456
 31
0.0
  0
LINE
  5
71B
330
1F
100
AcDbEntity
  8
0
  6
Continuous
 62
     7
370
    15
100
AcDbLine
 10
185.0298841311
 20
121.0
 30
0.0
 11
210.6501372957
 21
121.0
 31
0.0
  0
LINE
  5
71C
330
1F
100
AcDbEntity
  8
0
  6
Continuous
 62
     7
370
    15
100
AcDbLine
 10
185.0298841311
 20
113.2025316456
 30
0.0
 11
185.0298841311
 21
121.0
 31
0.0
  0
LINE
  5
71D
330
1F
100
AcDbEntity
  8
0
  6
Continuous
 62
     7
370
    15
100
AcDbLine
 10
192.2703904602
 20
113.2025316456
 30
0.0
 11
185.0298841311
 21
113.2025316456
 31
0.0
  0
LINE
  5
71E
330
1F
100
AcDbEntity
  8
0
  6
Continuous
 62
     7
370
    15
100
AcDbLine
 10
192.2703904602
 20
84.7974683544
 30
0.0
 11
192.2703904602
 21
113.2025316456
 31
0.0
  0
LINE
  5
71F
330
1F
100
AcDbEntity
  8
0
  6
Continuous
 62
     7
370
    15
100
AcDbLine
 10
185.0298841311
 20
84.7974683544
 30
0.0
 11
192.2703904602
 21
84.7974683544
 31
0.0
  0
LINE
  5
720
330
1F
100
AcDbEntity
  8
0
  6
Continuous
 62
     7
370
    15
100
AcDbLine
 10
185.0298841311
 20
77.0
 30
0.0
 11
185.0298841311
 21
84.7974683544
 31
0.0
  0
LINE
  5
721
330
1F
100
AcDbEntity
  8
0
  6
Continuous
 62
     7
370
    15
100
AcDbLine
 10
210.6501372957
 20
77.0
 30
0.0
 11
185.0298841311
 21
77.0
 31
0.0
  0
LINE
  5
722
330
1F
100
AcDbEntity
  8
0
  6
Continuous
 62
     7
370
    15
100
AcDbLine
 10
210.6501372957
 20
84.7974683544
 30
0.0
 11
210.6501372957
 21
77.0
 31
0.0
  0
LINE
  5
723
330
1F
100
AcDbEntity
  8
0
  6
Continuous
 62
     7
370
    15
100
AcDbLine
 10
193.5385794514
 20
283.3544303797
 30
0.0
 11
214.1461743881
 21
283.3544303797
 31
0.0
  0
LINE
  5
724
330
1F
100
AcDbEntity
  8
0
  6
Continuous
 62
     7
370
    15
100
AcDbLine
 10
193.5385794514
 20
294.4936708861
 30
0.0
 11
193.5385794514
 21
283.3544303797
 31
0.0
  0
LINE
  5
725
330
1F
100
AcDbEntity
  8
0
  6
Continuous
 62
     7
370
    15
100
AcDbLine
 10
212.4752883122
 20
294.4936708861
 30
0.0
 11
193.5385794514
 21
294.4936708861
 31
0.0
  0
LINE
  5
726
330
1F
100
AcDbEntity
  8
0
  6
Continuous
 62
     7
370
    15
100
AcDbLine
 10
212.4752883122
 20
302.8481012658
 30
0.0
 11
212.4752883122
 21
294.4936708861
 31
0.0
  0
LINE
  5
727
330
1F
100
AcDbEntity
  8
0
  6
Continuous
 62
     7
370
    15
100
AcDbLine
 10
193.5385794514
 20
302.8481012658
 30
0.0
 11
212.4752883122
 21
302.8481012658
 31
0.0
  0
LINE
  5
728
330
1F
100
AcDbEntity
  8
0
  6
Continuous
 62
     7
370
    15
100
AcDbLine
 10
193.5385794514
 20
310.6455696203
 30
0.0
 11
193.5385794514
 21
302.8481012658
 31
0.0
  0
LINE
  5
729
330
1F
100
AcDbEntity
  8
0
  6
Continuous
 62
     7
370
    15
100
AcDbLine
 10
214.1461743881
 20
310.6455696203
 30
0.0
 11
193.5385794514
 21
310.6455696203
 31
0.0
  0
LINE
  5
72A
330
1F
100
AcDbEntity
  8
0
  6
Continuous
 62
     7
370
    15
100
AcDbLine
 10
214.1461743881
 20
319.0
 30
0.0
 11
214.1461743881
 21
310.6455696203
 31
0.0
  0
LINE
  5
72B
330
1F
100
AcDbEntity
  8
0
  6
Continuous
 62
     7
370
    15
100
AcDbLine
 10
182.3993389451
 20
319.0
 30
0.0
 11
214.1461743881
 21
319.0
 31
0.0
  0
LINE
  5
72C
330
1F
100
AcDbEntity
  8
0
  6
Continuous
 62
     7
370
    15
100
AcDbLine
 10
182.3993389451
 20
275.0
 30
0.0
 11
182.3993389451
 21
319.0
 31
0.0
  0
LINE
  5
72D
330
1F
100
AcDbEntity
  8
0
  6
Continuous
 62
     7
370
    15
100
AcDbLine
 10
214.1461743881
 20
275.0
 30
0.0
 11
182.3993389451
 21
275.0
 31
0.0
  0
LINE
  5
72E
330
1F
100
AcDbEntity
  8
0
  6
Continuous
 62
     7
370
    15
100
AcDbLine
 10
214.1461743881
 20
283.3544303797
 30
0.0
 11
214.1461743881
 21
275.0
 31
0.0
  0
LINE
  5
72F
330
1F
100
AcDbEntity
  8
0
  6
Continuous
 62
     7
370
    15
100
AcDbLine
 10
-204.3520338502
 20
253.0
 30
0.0
 11
-191.2634262552
 21
253.0
 31
0.0
  0
LINE
  5
730
330
1F
100
AcDbEntity
  8
0
  6
Continuous
 62
     7
370
    15
100
AcDbLine
 10
-220.6431730907
 20
209.0
 30
0.0
 11
-204.3520338502
 21
253.0
 31
0.0
  0
LINE
  5
731
330
1F
100
AcDbEntity
  8
0
  6
Continuous
 62
     7
370
    15
100
AcDbLine
 10
-209.3559895464
 20
209.0
 30
0.0
 11
-220.6431730907
 21
209.0
 31
0.0
  0
LINE
  5
732
330
1F
100
AcDbEntity
  8
0
  6
Continuous
 62
     7
370
    15
100
AcDbLine
 10
-206.2752933438
 20
217.9113924051
 30
0.0
 11
-209.3559895464
 21
209.0
 31
0.0
  0
LINE
  5
733
330
1F
100
AcDbEntity
  8
0
  6
Continuous
 62
     7
370
    15
100
AcDbLine
 10
-203.6384262552
 20
225.7088607595
 30
0.0
 11
-206.2752933438
 21
217.9113924051
 31
0.0
  0
LINE
  5
734
330
1F
100
AcDbEntity
  8
0
  6
Continuous
 62
     7
370
    15
100
AcDbLine
 10
-198.1036161286
 20
241.7650316456
 30
0.0
 11
-203.6384262552
 21
225.7088607595
 31
0.0
  0
LINE
  5
735
330
1F
100
AcDbEntity
  8
0
  6
Continuous
 62
     7
370
    15
100
AcDbLine
 10
-192.5688060021
 20
225.7088607595
 30
0.0
 11
-198.1036161286
 21
241.7650316456
 31
0.0
  0
LINE
  5
736
330
1F
100
AcDbEntity
  8
0
  6
Continuous
 62
     7
370
    15
100
AcDbLine
 10
-200.4715305566
 20
225.7088607595
 30
0.0
 11
-192.5688060021
 21
225.7088607595
 31
0.0
  0
LINE
  5
737
330
1F
100
AcDbEntity
  8
0
  6
Continuous
 62
     7
370
    15
100
AcDbLine
 10
-203.1083976452
 20
217.9113924051
 30
0.0
 11
-200.4715305566
 21
225.7088607595
 31
0.0
  0
LINE
  5
738
330
1F
100
AcDbEntity
  8
0
  6
Continuous
 62
     7
370
    15
100
AcDbLine
 10
-189.9319389134
 20
217.9113924051
 30
0.0
 11
-203.1083976452
 21
217.9113924051
 31
0.0
  0
LINE
  5
739
330
1F
100
AcDbEntity
  8
0
  6
Continuous
 62
     7
370
    15
100
AcDbLine
 10
-186.8512427109
 20
209.0
 30
0.0
 11
-189.9319389134
 21
217.9113924051
 31
0.0
  0
LINE
  5
73A
330
1F
100
AcDbEntity
  8
0
  6
Continuous
 62
     7
370
    15
100
AcDbLine
 10
-174.9722870147
 20
209.0
 30
0.0
 11
-186.8512427109
 21
209.0
 31
0.0
  0
LINE
  5
73B
330
1F
100
AcDbEntity
  8
0
  6
Continuous
 62
     7
370
    15
100
AcDbLine
 10
-191.2634262552
 20
253.0
 30
0.0
 11
-174.9722870147
 21
209.0
 31
0.0
  0
LINE
  5
73C
330
1F
100
AcDbEntity
  8
0
  6
Continuous
 62
     7
370
    15
100
AcDbLine
 10
-244.6807799343
 20
224.7776898734
 30
0.0
 11
-244.6807799343
 21
253.0
 31
0.0
  0
LINE
  5
73D
330
1F
100
AcDbEntity
  8
0
  6
Continuous
 62
     7
370
    15
100
AcDbLine
 10
-244.6807799343
 20
253.0
 30
0.0
 11
-255.8200204407
 21
253.0
 31
0.0
  0
LINE
  5
73E
330
1F
100
AcDbEntity
  8
0
  6
Continuous
 62
     7
370
    15
100
AcDbLine
 10
-255.8200204407
 20
253.0
 30
0.0
 11
-255.8200204407
 21
225.3694620253
 31
0.0
  0
LINE
  5
73F
330
1F
100
AcDbEntity
  8
0
  6
Continuous
 62
     7
370
    15
100
AcDbLine
 10
-272.5288812002
 20
225.3694620253
 30
0.0
 11
-272.5288812002
 21
253.0
 31
0.0
  0
LINE
  5
740
330
1F
100
AcDbEntity
  8
0
  6
Continuous
 62
     7
370
    15
100
AcDbLine
 10
-272.5288812002
 20
253.0
 30
0.0
 11
-283.6681217065
 21
253.0
 31
0.0
  0
LINE
  5
741
330
1F
100
AcDbEntity
  8
0
  6
Continuous
 62
     7
370
    15
100
AcDbLine
 10
-283.6681217065
 20
253.0
 30
0.0
 11
-283.6681217065
 21
224.8037974684
 31
0.0
  0
LINE
  5
742
330
1F
100
AcDbEntity
  8
0
  6
Continuous
 62
     7
370
    15
100
AcDbLine
 10
352.2025883304
 20
319.0
 30
0.0
 11
336.7729997228
 21
297.6265822785
 31
0.0
  0
LINE
  5
743
330
1F
100
AcDbEntity
  8
0
  6
Continuous
 62
     7
370
    15
100
AcDbLine
 10
339.7927782038
 20
319.0
 30
0.0
 11
352.2025883304
 21
319.0
 31
0.0
  0
LINE
  5
744
330
1F
100
AcDbEntity
  8
0
  6
Continuous
 62
     7
370
    15
100
AcDbLine
 10
330.2635060519
 20
305.2151898734
 30
0.0
 11
339.7927782038
 21
319.0
 31
0.0
  0
LINE
  5
745
330
1F
100
AcDbEntity
  8
0
  6
Continuous
 62
     7
370
    15
100
AcDbLine
 10
321.1345503557
 20
319.0
 30
0.0
 11
330.2635060519
 21
305.2151898734
 31
0.0
  0
LINE
  5
746
330
1F
100
AcDbEntity
  8
0
  6
Continuous
 62
     7
370
    15
100
AcDbLine
 10
308.2025883304
 20
319.0
 30
0.0
 11
321.1345503557
 21
319.0
 31
0.0
  0
LINE
  5
747
330
1F
100
AcDbEntity
  8
0
  6
Continuous
 62
     7
370
    15
100
AcDbLine
 10
323.3362908621
 20
297.1653481013
 30
0.0
 11
308.2025883304
 21
319.0
 31
0.0
  0
LINE
  5
748
330
1F
100
AcDbEntity
  8
0
  6
Continuous
 62
     7
370
    15
100
AcDbLine
 10
307.6456263051
 20
275.0
 30
0.0
 11
323.3362908621
 21
297.1653481013
 31
0.0
  0
LINE
  5
749
330
1F
100
AcDbEntity
  8
0
  6
Continuous
 62
     7
370
    15
100
AcDbLine
 10
320.0206263051
 20
275.0
 30
0.0
 11
307.6456263051
 21
275.0
 31
0.0
  0
LINE
  5
74A
330
1F
100
AcDbEntity
  8
0
  6
Continuous
 62
     7
370
    15
100
AcDbLine
 10
329.8022718747
 20
289.5245253165
 30
0.0
 11
320.0206263051
 21
275.0
 31
0.0
  0
LINE
  5
74B
330
1F
100
AcDbEntity
  8
0
  6
Continuous
 62
     7
370
    15
100
AcDbLine
 10
339.2358161785
 20
275.0
 30
0.0
 11
329.8022718747
 21
289.5245253165
 31
0.0
  0
LINE
  5
74C
330
1F
100
AcDbEntity
  8
0
  6
Continuous
 62
     7
370
    15
100
AcDbLine
 10
352.2025883304
 20
275.0
 30
0.0
 11
339.2358161785
 21
275.0
 31
0.0
  0
LINE
  5
74D
330
1F
100
AcDbEntity
  8
0
  6
Continuous
 62
     7
370
    15
100
AcDbLine
 10
336.7729997228
 20
297.6265822785
 30
0.0
 11
352.2025883304
 21
275.0
 31
0.0
  0
LINE
  5
74E
330
1F
100
AcDbEntity
  8
0
  6
Continuous
 62
     7
370
    15
100
AcDbLine
 10
-19.4936708861
 20
319.0
 30
0.0
 11
19.4936708861
 21
319.0
 31
0.0
  0
LINE
  5
74F
330
1F
100
AcDbEntity
  8
0
  6
Continuous
 62
     7
370
    15
100
AcDbLine
 10
-19.4936708861
 20
310.6455696203
 30
0.0
 11
-19.4936708861
 21
319.0
 31
0.0
  0
LINE
  5
750
330
1F
100
AcDbEntity
  8
0
  6
Continuous
 62
     7
370
    15
100
AcDbLine
 10
-5.5696202532
 20
310.6455696203
 30
0.0
 11
-19.4936708861
 21
310.6455696203
 31
0.0
  0
LINE
  5
751
330
1F
100
AcDbEntity
  8
0
  6
Continuous
 62
     7
370
    15
100
AcDbLine
 10
-5.5696202532
 20
275.0
 30
0.0
 11
-5.5696202532
 21
310.6455696203
 31
0.0
  0
LINE
  5
752
330
1F
100
AcDbEntity
  8
0
  6
Continuous
 62
     7
370
    15
100
AcDbLine
 10
5.5696202532
 20
275.0
 30
0.0
 11
-5.5696202532
 21
275.0
 31
0.0
  0
LINE
  5
753
330
1F
100
AcDbEntity
  8
0
  6
Continuous
 62
     7
370
    15
100
AcDbLine
 10
5.5696202532
 20
310.6455696203
 30
0.0
 11
5.5696202532
 21
275.0
 31
0.0
  0
LINE
  5
754
330
1F
100
AcDbEntity
  8
0
  6
Continuous
 62
     7
370
    15
100
AcDbLine
 10
19.4936708861
 20
310.6455696203
 30
0.0
 11
5.5696202532
 21
310.6455696203
 31
0.0
  0
LINE
  5
755
330
1F
100
AcDbEntity
  8
0
  6
Continuous
 62
     7
370
    15
100
AcDbLine
 10
19.4936708861
 20
319.0
 30
0.0
 11
19.4936708861
 21
310.6455696203
 31
0.0
  0
LINE
  5
756
330
1F
100
AcDbEntity
  8
0
  6
Continuous
 62
     7
370
    15
100
AcDbLine
 10
-136.8240480929
 20
283.3544303797
 30
0.0
 11
-116.2164531562
 21
283.3544303797
 31
0.0
  0
LINE
  5
757
330
1F
100
AcDbEntity
  8
0
  6
Continuous
 62
     7
370
    15
100
AcDbLine
 10
-136.8240480929
 20
294.4936708861
 30
0.0
 11
-136.8240480929
 21
283.3544303797
 31
0.0
  0
LINE
  5
758
330
1F
100
AcDbEntity
  8
0
  6
Continuous
 62
     7
370
    15
100
AcDbLine
 10
-117.8873392322
 20
294.4936708861
 30
0.0
 11
-136.8240480929
 21
294.4936708861
 31
0.0
  0
LINE
  5
759
330
1F
100
AcDbEntity
  8
0
  6
Continuous
 62
     7
370
    15
100
AcDbLine
 10
-117.8873392322
 20
302.8481012658
 30
0.0
 11
-117.8873392322
 21
294.4936708861
 31
0.0
  0
LINE
  5
75A
330
1F
100
AcDbEntity
  8
0
  6
Continuous
 62
     7
370
    15
100
AcDbLine
 10
-136.8240480929
 20
302.8481012658
 30
0.0
 11
-117.8873392322
 21
302.8481012658
 31
0.0
  0
LINE
  5
75B
330
1F
100
AcDbEntity
  8
0
  6
Continuous
 62
     7
370
    15
100
AcDbLine
 10
-136.8240480929
 20
310.6455696203
 30
0.0
 11
-136.8240480929
 21
302.8481012658
 31
0.0
  0
LINE
  5
75C
330
1F
100
AcDbEntity
  8
0
  6
Continuous
 62
     7
370
    15
100
AcDbLine
 10
-116.2164531562
 20
310.6455696203
 30
0.0
 11
-136.8240480929
 21
310.6455696203
 31
0.0
  0
LINE
  5
75D
330
1F
100
AcDbEntity
  8
0
  6
Continuous
 62
     7
370
    15
100
AcDbLine
 10
-116.2164531562
 20
319.0
 30
0.0
 11
-116.2164531562
 21
310.6455696203
 31
0.0
  0
LINE
  5
75E
330
1F
100
AcDbEntity
  8
0
  6
Continuous
 62
     7
370
    15
100
AcDbLine
 10
-147.9632885993
 20
319.0
 30
0.0
 11
-116.2164531562
 21
319.0
 31
0.0
  0
LINE
  5
75F
330
1F
100
AcDbEntity
  8
0
  6
Continuous
 62
     7
370
    15
100
AcDbLine
 10
-147.9632885993
 20
275.0
 30
0.0
 11
-147.9632885993
 21
319.0
 31
0.0
  0
LINE
  5
760
330
1F
100
AcDbEntity
  8
0
  6
Continuous
 62
     7
370
    15
100
AcDbLine
 10
-116.2164531562
 20
275.0
 30
0.0
 11
-147.9632885993
 21
275.0
 31
0.0
  0
LINE
  5
761
330
1F
100
AcDbEntity
  8
0
  6
Continuous
 62
     7
370
    15
100
AcDbLine
 10
-116.2164531562
 20
283.3544303797
 30
0.0
 11
-116.2164531562
 21
275.0
 31
0.0
  0
LINE
  5
762
330
1F
100
AcDbEntity
  8
0
  6
Continuous
 62
     7
370
    15
100
AcDbLine
 10
-268.3793913146
 20
283.3544303797
 30
0.0
 11
-247.7717963778
 21
283.3544303797
 31
0.0
  0
LINE
  5
763
330
1F
100
AcDbEntity
  8
0
  6
Continuous
 62
     7
370
    15
100
AcDbLine
 10
-268.3793913146
 20
319.0
 30
0.0
 11
-268.3793913146
 21
283.3544303797
 31
0.0
  0
LINE
  5
764
330
1F
100
AcDbEntity
  8
0
  6
Continuous
 62
     7
370
    15
100
AcDbLine
 10
-279.5186318209
 20
319.0
 30
0.0
 11
-268.3793913146
 21
319.0
 31
0.0
  0
LINE
  5
765
330
1F
100
AcDbEntity
  8
0
  6
Continuous
 62
     7
370
    15
100
AcDbLine
 10
-279.5186318209
 20
275.0
 30
0.0
 11
-279.5186318209
 21
319.0
 31
0.0
  0
LINE
  5
766
330
1F
100
AcDbEntity
  8
0
  6
Continuous
 62
     7
370
    15
100
AcDbLine
 10
-247.7717963778
 20
275.0
 30
0.0
 11
-279.5186318209
 21
275.0
 31
0.0
  0
LINE
  5
767
330
1F
100
AcDbEntity
  8
0
  6
Continuous
 62
     7
370
    15
100
AcDbLine
 10
-247.7717963778
 20
283.3544303797
 30
0.0
 11
-247.7717963778
 21
275.0
 31
0.0
  0
LINE
  5
768
330
1F
100
AcDbEntity
  8
0
  6
Continuous
 62
     7
370
    15
100
AcDbLine
 10
-320.3108773101
 20
187.0
 30
0.0
 11
-310.2855608544
 21
187.0
 31
0.0
  0
LINE
  5
769
330
1F
100
AcDbEntity
  8
0
  6
Continuous
 62
     7
370
    15
100
AcDbLine
 10
-320.3108773101
 20
161.7974683544
 30
0.0
 11
-320.3108773101
 21
187.0
 31
0.0
  0
LINE
  5
76A
330
1F
100
AcDbEntity
  8
0
  6
Continuous
 62
     7
370
    15
100
AcDbLine
 10
-336.5933140189
 20
187.0
 30
0.0
 11
-320.3108773101
 21
161.7974683544
 31
0.0
  0
LINE
  5
76B
330
1F
100
AcDbEntity
  8
0
  6
Continuous
 62
     7
370
    15
100
AcDbLine
 10
-349.8298646518
 20
187.0
 30
0.0
 11
-336.5933140189
 21
187.0
 31
0.0
  0
LINE
  5
76C
330
1F
100
AcDbEntity
  8
0
  6
Continuous
 62
     7
370
    15
100
AcDbLine
 10
-349.8298646518
 20
143.0
 30
0.0
 11
-349.8298646518
 21
187.0
 31
0.0
  0
LINE
  5
76D
330
1F
100
AcDbEntity
  8
0
  6
Continuous
 62
     7
370
    15
100
AcDbLine
 10
-339.8045481961
 20
143.0
 30
0.0
 11
-349.8298646518
 21
143.0
 31
0.0
  0
LINE
  5
76E
330
1F
100
AcDbEntity
  8
0
  6
Continuous
 62
     7
370
    15
100
AcDbLine
 10
-339.8045481961
 20
173.1977848101
 30
0.0
 11
-339.8045481961
 21
143.0
 31
0.0
  0
LINE
  5
76F
330
1F
100
AcDbEntity
  8
0
  6
Continuous
 62
     7
370
    15
100
AcDbLine
 10
-320.8504342721
 20
143.0
 30
0.0
 11
-339.8045481961
 21
173.1977848101
 31
0.0
  0
LINE
  5
770
330
1F
100
AcDbEntity
  8
0
  6
Continuous
 62
     7
370
    15
100
AcDbLine
 10
-310.2855608544
 20
143.0
 30
0.0
 11
-320.8504342721
 21
143.0
 31
0.0
  0
LINE
  5
771
330
1F
100
AcDbEntity
  8
0
  6
Continuous
 62
     7
370
    15
100
AcDbLine
 10
-310.2855608544
 20
187.0
 30
0.0
 11
-310.2855608544
 21
143.0
 31
0.0
  0
LINE
  5
772
330
1F
100
AcDbEntity
  8
0
  6
Continuous
 62
     7
370
    15
100
AcDbLine
 10
-189.5046604048
 20
187.0
 30
0.0
 11
-178.3654198985
 21
187.0
 31
0.0
  0
LINE
  5
773
330
1F
100
AcDbEntity
  8
0
  6
Continuous
 62
     7
370
    15
100
AcDbLine
 10
-189.5046604048
 20
159.3694620253
 30
0.0
 11
-189.5046604048
 21
187.0
 31
0.0
  0
LINE
  5
774
330
1F
100
AcDbEntity
  8
0
  6
Continuous
 62
     7
370
    15
100
AcDbLine
 10
-206.2135211643
 20
187.0
 30
0.0
 11
-206.2135211643
 21
159.3694620253
 31
0.0
  0
LINE
  5
775
330
1F
100
AcDbEntity
  8
0
  6
Continuous
 62
     7
370
    15
100
AcDbLine
 10
-217.3527616706
 20
187.0
 30
0.0
 11
-206.2135211643
 21
187.0
 31
0.0
  0
LINE
  5
776
330
1F
100
AcDbEntity
  8
0
  6
Continuous
 62
     7
370
    15
100
AcDbLine
 10
-217.3527616706
 20
158.7776898734
 30
0.0
 11
-217.3527616706
 21
187.0
 31
0.0
  0
LINE
  5
777
330
1F
100
AcDbEntity
  8
0
  6
Continuous
 62
     7
370
    15
100
AcDbLine
 10
-178.3654198985
 20
187.0
 30
0.0
 11
-178.3654198985
 21
158.8037974684
 31
0.0
  0
LINE
  5
778
330
1F
100
AcDbEntity
  8
0
  6
Continuous
 62
     7
370
    15
100
AcDbLine
 10
-57.7084821458
 20
187.0
 30
0.0
 11
-46.5692416394
 21
187.0
 31
0.0
  0
LINE
  5
779
330
1F
100
AcDbEntity
  8
0
  6
Continuous
 62
     7
370
    15
100
AcDbLine
 10
-57.7084821458
 20
159.3694620253
 30
0.0
 11
-57.7084821458
 21
187.0
 31
0.0
  0
LINE
  5
77A
330
1F
100
AcDbEntity
  8
0
  6
Continuous
 62
     7
370
    15
100
AcDbLine
 10
-74.4173429053
 20
187.0
 30
0.0
 11
-74.4173429053
 21
159.3694620253
 31
0.0
  0
LINE
  5
77B
330
1F
100
AcDbEntity
  8
0
  6
Continuous
 62
     7
370
    15
100
AcDbLine
 10
-85.5565834116
 20
187.0
 30
0.0
 11
-74.4173429053
 21
187.0
 31
0.0
  0
LINE
  5
77C
330
1F
100
AcDbEntity
  8
0
  6
Continuous
 62
     7
370
    15
100
AcDbLine
 10
-85.5565834116
 20
158.7776898734
 30
0.0
 11
-85.5565834116
 21
187.0
 31
0.0
  0
LINE
  5
77D
330
1F
100
AcDbEntity
  8
0
  6
Continuous
 62
     7
370
    15
100
AcDbLine
 10
-46.5692416394
 20
187.0
 30
0.0
 11
-46.5692416394
 21
158.8037974684
 31
0.0
  0
LINE
  5
77E
330
1F
100
AcDbEntity
  8
0
  6
Continuous
 62
     7
370
    15
100
AcDbLine
 10
269.6672701374
 20
216.7974683544
 30
0.0
 11
276.9077764665
 21
216.7974683544
 31
0.0
  0
LINE
  5
77F
330
1F
100
AcDbEntity
  8
0
  6
Continuous
 62
     7
370
    15
100
AcDbLine
 10
269.6672701374
 20
245.2025316456
 30
0.0
 11
269.6672701374
 21
216.7974683544
 31
0.0
  0
LINE
  5
780
330
1F
100
AcDbEntity
  8
0
  6
Continuous
 62
     7
370
    15
100
AcDbLine
 10
276.9077764665
 20
245.2025316456
 30
0.0
 11
269.6672701374
 21
245.2025316456
 31
0.0
  0
LINE
  5
781
330
1F
100
AcDbEntity
  8
0
  6
Continuous
 62
     7
370
    15
100
AcDbLine
 10
276.9077764665
 20
253.0
 30
0.0
 11
276.9077764665
 21
245.2025316456
 31
0.0
  0
LINE
  5
782
330
1F
100
AcDbEntity
  8
0
  6
Continuous
 62
     7
370
    15
100
AcDbLine
 10
251.2875233019
 20
253.0
 30
0.0
 11
276.9077764665
 21
253.0
 31
0.0
  0
LINE
  5
783
330
1F
100
AcDbEntity
  8
0
  6
Continuous
 62
     7
370
    15
100
AcDbLine
 10
251.2875233019
 20
245.2025316456
 30
0.0
 11
251.2875233019
 21
253.0
 31
0.0
  0
LINE
  5
784
330
1F
100
AcDbEntity
  8
0
  6
Continuous
 62
     7
370
    15
100
AcDbLine
 10
258.528029631
 20
245.2025316456
 30
0.0
 11
251.2875233019
 21
245.2025316456
 31
0.0
  0
LINE
  5
785
330
1F
100
AcDbEntity
  8
0
  6
Continuous
 62
     7
370
    15
100
AcDbLine
 10
258.528029631
 20
216.7974683544
 30
0.0
 11
258.528029631
 21
245.2025316456
 31
0.0
  0
LINE
  5
786
330
1F
100
AcDbEntity
  8
0
  6
Continuous
 62
     7
370
    15
100
AcDbLine
 10
251.2875233019
 20
216.7974683544
 30
0.0
 11
258.528029631
 21
216.7974683544
 31
0.0
  0
LINE
  5
787
330
1F
100
AcDbEntity
  8
0
  6
Continuous
 62
     7
370
    15
100
AcDbLine
 10
251.2875233019
 20
209.0
 30
0.0
 11
251.2875233019
 21
216.7974683544
 31
0.0
  0
LINE
  5
788
330
1F
100
AcDbEntity
  8
0
  6
Continuous
 62
     7
370
    15
100
AcDbLine
 10
276.9077764665
 20
209.0
 30
0.0
 11
251.2875233019
 21
209.0
 31
0.0
  0
LINE
  5
789
330
1F
100
AcDbEntity
  8
0
  6
Continuous
 62
     7
370
    15
100
AcDbLine
 10
276.9077764665
 20
216.7974683544
 30
0.0
 11
276.9077764665
 21
209.0
 31
0.0
  0
LINE
  5
78A
330
1F
100
AcDbEntity
  8
0
  6
Continuous
 62
     7
370
    15
100
AcDbLine
 10
122.3697586276
 20
209.0
 30
0.0
 11
111.2305181213
 21
209.0
 31
0.0
  0
LINE
  5
78B
330
1F
100
AcDbEntity
  8
0
  6
Continuous
 62
     7
370
    15
100
AcDbLine
 10
122.3697586276
 20
225.1518987342
 30
0.0
 11
122.3697586276
 21
209.0
 31
0.0
  0
LINE
  5
78C
330
1F
100
AcDbEntity
  8
0
  6
Continuous
 62
     7
370
    15
100
AcDbLine
 10
127.1561510327
 20
225.1518987342
 30
0.0
 11
122.3697586276
 21
225.1518987342
 31
0.0
  0
LINE
  5
78D
330
1F
100
AcDbEntity
  8
0
  6
Continuous
 62
     7
370
    15
100
AcDbLine
 10
138.9654864757
 20
209.0
 30
0.0
 11
127.1561510327
 21
225.1518987342
 31
0.0
  0
LINE
  5
78E
330
1F
100
AcDbEntity
  8
0
  6
Continuous
 62
     7
370
    15
100
AcDbLine
 10
153.00267002
 20
209.0
 30
0.0
 11
138.9654864757
 21
209.0
 31
0.0
  0
LINE
  5
78F
330
1F
100
AcDbEntity
  8
0
  6
Continuous
 62
     7
370
    15
100
AcDbLine
 10
138.5216573618
 20
227.8670886076
 30
0.0
 11
153.00267002
 21
209.0
 31
0.0
  0
LINE
  5
790
330
1F
100
AcDbEntity
  8
0
  6
Continuous
 62
     7
370
    15
100
AcDbLine
 10
111.2305181213
 20
253.0
 30
0.0
 11
129.8626383744
 21
253.0
 31
0.0
  0
LINE
  5
791
330
1F
100
AcDbEntity
  8
0
  6
Continuous
 62
     7
370
    15
100
AcDbLine
 10
111.2305181213
 20
245.2025316456
 30
0.0
 11
111.2305181213
 21
253.0
 31
0.0
  0
LINE
  5
792
330
1F
100
AcDbEntity
  8
0
  6
Continuous
 62
     7
370
    15
100
AcDbLine
 10
126.3033029314
 20
245.2025316456
 30
0.0
 11
111.2305181213
 21
245.2025316456
 31
0.0
  0
LINE
  5
793
330
1F
100
AcDbEntity
  8
0
  6
Continuous
 62
     7
370
    15
100
AcDbLine
 10
111.2305181213
 20
232.9493670886
 30
0.0
 11
125.7028282478
 21
232.9493670886
 31
0.0
  0
LINE
  5
794
330
1F
100
AcDbEntity
  8
0
  6
Continuous
 62
     7
370
    15
100
AcDbLine
 10
111.2305181213
 20
209.0
 30
0.0
 11
111.2305181213
 21
232.9493670886
 31
0.0
  0
LINE
  5
795
330
1F
100
AcDbEntity
  8
0
  6
Continuous
 62
     7
370
    15
100
AcDbLine
 10
-4.0084050506
 20
217.3544303797
 30
0.0
 11
16.5991898861
 21
217.3544303797
 31
0.0
  0
LINE
  5
796
330
1F
100
AcDbEntity
  8
0
  6
Continuous
 62
     7
370
    15
100
AcDbLine
 10
-4.0084050506
 20
228.4936708861
 30
0.0
 11
-4.0084050506
 21
217.3544303797
 31
0.0
  0
LINE
  5
797
330
1F
100
AcDbEntity
  8
0
  6
Continuous
 62
     7
370
    15
100
AcDbLine
 10
14.9283038102
 20
228.4936708861
 30
0.0
 11
-4.0084050506
 21
228.4936708861
 31
0.0
  0
LINE
  5
798
330
1F
100
AcDbEntity
  8
0
  6
Continuous
 62
     7
370
    15
100
AcDbLine
 10
14.9283038102
 20
236.8481012658
 30
0.0
 11
14.9283038102
 21
228.4936708861
 31
0.0
  0
LINE
  5
799
330
1F
100
AcDbEntity
  8
0
  6
Continuous
 62
     7
370
    15
100
AcDbLine
 10
-4.0084050506
 20
236.8481012658
 30
0.0
 11
14.9283038102
 21
236.8481012658
 31
0.0
  0
LINE
  5
79A
330
1F
100
AcDbEntity
  8
0
  6
Continuous
 62
     7
370
    15
100
AcDbLine
 10
-4.0084050506
 20
244.6455696203
 30
0.0
 11
-4.0084050506
 21
236.8481012658
 31
0.0
  0
LINE
  5
79B
330
1F
100
AcDbEntity
  8
0
  6
Continuous
 62
     7
370
    15
100
AcDbLine
 10
16.5991898861
 20
244.6455696203
 30
0.0
 11
-4.0084050506
 21
244.6455696203
 31
0.0
  0
LINE
  5
79C
330
1F
100
AcDbEntity
  8
0
  6
Continuous
 62
     7
370
    15
100
AcDbLine
 10
16.5991898861
 20
253.0
 30
0.0
 11
16.5991898861
 21
244.6455696203
 31
0.0
  0
LINE
  5
79D
330
1F
100
AcDbEntity
  8
0
  6
Continuous
 62
     7
370
    15
100
AcDbLine
 10
-15.1476455569
 20
253.0
 30
0.0
 11
16.5991898861
 21
253.0
 31
0.0
  0
LINE
  5
79E
330
1F
100
AcDbEntity
  8
0
  6
Continuous
 62
     7
370
    15
100
AcDbLine
 10
-15.1476455569
 20
209.0
 30
0.0
 11
-15.1476455569
 21
253.0
 31
0.0
  0
LINE
  5
79F
330
1F
100
AcDbEntity
  8
0
  6
Continuous
 62
     7
370
    15
100
AcDbLine
 10
16.5991898861
 20
209.0
 30
0.0
 11
-15.1476455569
 21
209.0
 31
0.0
  0
LINE
  5
7A0
330
1F
100
AcDbEntity
  8
0
  6
Continuous
 62
     7
370
    15
100
AcDbLine
 10
16.5991898861
 20
217.3544303797
 30
0.0
 11
16.5991898861
 21
209.0
 31
0.0
  0
LINE
  5
7A1
330
1F
100
AcDbEntity
  8
0
  6
Continuous
 62
     7
370
    15
100
AcDbLine
 10
-151.4936708861
 20
253.0
 30
0.0
 11
-112.5063291139
 21
253.0
 31
0.0
  0
LINE
  5
7A2
330
1F
100
AcDbEntity
  8
0
  6
Continuous
 62
     7
370
    15
100
AcDbLine
 10
-151.4936708861
 20
244.6455696203
 30
0.0
 11
-151.4936708861
 21
253.0
 31
0.0
  0
LINE
  5
7A3
330
1F
100
AcDbEntity
  8
0
  6
Continuous
 62
     7
370
    15
100
AcDbLine
 10
-137.5696202532
 20
244.6455696203
 30
0.0
 11
-151.4936708861
 21
244.6455696203
 31
0.0
  0
LINE
  5
7A4
330
1F
100
AcDbEntity
  8
0
  6
Continuous
 62
     7
370
    15
100
AcDbLine
 10
-137.5696202532
 20
209.0
 30
0.0
 11
-137.5696202532
 21
244.6455696203
 31
0.0
  0
LINE
  5
7A5
330
1F
100
AcDbEntity
  8
0
  6
Continuous
 62
     7
370
    15
100
AcDbLine
 10
-126.4303797468
 20
209.0
 30
0.0
 11
-137.5696202532
 21
209.0
 31
0.0
  0
LINE
  5
7A6
330
1F
100
AcDbEntity
  8
0
  6
Continuous
 62
     7
370
    15
100
AcDbLine
 10
-126.4303797468
 20
244.6455696203
 30
0.0
 11
-126.4303797468
 21
209.0
 31
0.0
  0
LINE
  5
7A7
330
1F
100
AcDbEntity
  8
0
  6
Continuous
 62
     7
370
    15
100
AcDbLine
 10
-112.5063291139
 20
244.6455696203
 30
0.0
 11
-126.4303797468
 21
244.6455696203
 31
0.0
  0
LINE
  5
7A8
330
1F
100
AcDbEntity
  8
0
  6
Continuous
 62
     7
370
    15
100
AcDbLine
 10
-112.5063291139
 20
253.0
 30
0.0
 11
-112.5063291139
 21
244.6455696203
 31
0.0
  0
LINE
  5
7A9
330
1F
100
AcDbEntity
  8
0
  6
Continuous
 62
     7
370
    15
100
AcDbLine
 10
84.6582278481
 20
-239.6329113924
 30
0.0
 11
84.6582278481
 21
-250.2848101266
 31
0.0
  0
LINE
  5
7AA
330
1F
100
AcDbEntity
  8
0
  6
Continuous
 62
     7
370
    15
100
AcDbLine
 10
83.4833860759
 20
-239.6329113924
 30
0.0
 11
84.6582278481
 21
-239.6329113924
 31
0.0
  0
LINE
  5
7AB
330
1F
100
AcDbEntity
  8
0
  6
Continuous
 62
     7
370
    15
100
AcDbLine
 10
84.6582278481
 20
-222.3670886076
 30
0.0
 11
83.3615506329
 21
-222.3670886076
 31
0.0
  0
LINE
  5
7AC
330
1F
100
AcDbEntity
  8
0
  6
Continuous
 62
     7
370
    15
100
AcDbLine
 10
84.6582278481
 20
-211.5846518987
 30
0.0
 11
84.6582278481
 21
-222.3670886076
 31
0.0
  0
LINE
  5
7AD
330
1F
100
AcDbEntity
  8
0
  6
Continuous
 62
     7
370
    15
100
AcDbLine
 10
-85.4936708861
 20
-209.0
 30
0.0
 11
-46.5063291139
 21
-209.0
 31
0.0
  0
LINE
  5
7AE
330
1F
100
AcDbEntity
  8
0
  6
Continuous
 62
     7
370
    15
100
AcDbLine
 10
-85.4936708861
 20
-217.3544303797
 30
0.0
 11
-85.4936708861
 21
-209.0
 31
0.0
  0
LINE
  5
7AF
330
1F
100
AcDbEntity
  8
0
  6
Continuous
 62
     7
370
    15
100
AcDbLine
 10
-71.5696202532
 20
-217.3544303797
 30
0.0
 11
-85.4936708861
 21
-217.3544303797
 31
0.0
  0
LINE
  5
7B0
330
1F
100
AcDbEntity
  8
0
  6
Continuous
 62
     7
370
    15
100
AcDbLine
 10
-71.5696202532
 20
-253.0
 30
0.0
 11
-71.5696202532
 21
-217.3544303797
 31
0.0
  0
LINE
  5
7B1
330
1F
100
AcDbEntity
  8
0
  6
Continuous
 62
     7
370
    15
100
AcDbLine
 10
-60.4303797468
 20
-253.0
 30
0.0
 11
-71.5696202532
 21
-253.0
 31
0.0
  0
LINE
  5
7B2
330
1F
100
AcDbEntity
  8
0
  6
Continuous
 62
     7
370
    15
100
AcDbLine
 10
-60.4303797468
 20
-217.3544303797
 30
0.0
 11
-60.4303797468
 21
-253.0
 31
0.0
  0
LINE
  5
7B3
330
1F
100
AcDbEntity
  8
0
  6
Continuous
 62
     7
370
    15
100
AcDbLine
 10
-46.5063291139
 20
-217.3544303797
 30
0.0
 11
-60.4303797468
 21
-217.3544303797
 31
0.0
  0
LINE
  5
7B4
330
1F
100
AcDbEntity
  8
0
  6
Continuous
 62
     7
370
    15
100
AcDbLine
 10
-46.5063291139
 20
-209.0
 30
0.0
 11
-46.5063291139
 21
-217.3544303797
 31
0.0
  0
LINE
  5
7B5
330
1F
100
AcDbEntity
  8
0
  6
Continuous
 62
     7
370
    15
100
AcDbLine
 10
-188.4208538703
 20
-209.0
 30
0.0
 11
-178.3955374146
 21
-209.0
 31
0.0
  0
LINE
  5
7B6
330
1F
100
AcDbEntity
  8
0
  6
Continuous
 62
     7
370
    15
100
AcDbLine
 10
-188.4208538703
 20
-234.2025316456
 30
0.0
 11
-188.4208538703
 21
-209.0
 31
0.0
  0
LINE
  5
7B7
330
1F
100
AcDbEntity
  8
0
  6
Continuous
 62
     7
370
    15
100
AcDbLine
 10
-204.7032905792
 20
-209.0
 30
0.0
 11
-188.4208538703
 21
-234.2025316456
 31
0.0
  0
LINE
  5
7B8
330
1F
100
AcDbEntity
  8
0
  6
Continuous
 62
     7
370
    15
100
AcDbLine
 10
-217.9398412121
 20
-209.0
 30
0.0
 11
-204.7032905792
 21
-209.0
 31
0.0
  0
LINE
  5
7B9
330
1F
100
AcDbEntity
  8
0
  6
Continuous
 62
     7
370
    15
100
AcDbLine
 10
-217.9398412121
 20
-253.0
 30
0.0
 11
-217.9398412121
 21
-209.0
 31
0.0
  0
LINE
  5
7BA
330
1F
100
AcDbEntity
  8
0
  6
Continuous
 62
     7
370
    15
100
AcDbLine
 10
-207.9145247564
 20
-253.0
 30
0.0
 11
-217.9398412121
 21
-253.0
 31
0.0
  0
LINE
  5
7BB
330
1F
100
AcDbEntity
  8
0
  6
Continuous
 62
     7
370
    15
100
AcDbLine
 10
-207.9145247564
 20
-222.8022151899
 30
0.0
 11
-207.9145247564
 21
-253.0
 31
0.0
  0
LINE
  5
7BC
330
1F
100
AcDbEntity
  8
0
  6
Continuous
 62
     7
370
    15
100
AcDbLine
 10
-188.9604108323
 20
-253.0
 30
0.0
 11
-207.9145247564
 21
-222.8022151899
 31
0.0
  0
LINE
  5
7BD
330
1F
100
AcDbEntity
  8
0
  6
Continuous
 62
     7
370
    15
100
AcDbLine
 10
-178.3955374146
 20
-253.0
 30
0.0
 11
-188.9604108323
 21
-253.0
 31
0.0
  0
LINE
  5
7BE
330
1F
100
AcDbEntity
  8
0
  6
Continuous
 62
     7
370
    15
100
AcDbLine
 10
-178.3955374146
 20
-209.0
 30
0.0
 11
-178.3955374146
 21
-253.0
 31
0.0
  0
LINE
  5
7BF
330
1F
100
AcDbEntity
  8
0
  6
Continuous
 62
     7
370
    15
100
AcDbLine
 10
112.5063291139
 20
-143.0
 30
0.0
 11
151.4936708861
 21
-143.0
 31
0.0
  0
LINE
  5
7C0
330
1F
100
AcDbEntity
  8
0
  6
Continuous
 62
     7
370
    15
100
AcDbLine
 10
112.5063291139
 20
-151.3544303797
 30
0.0
 11
112.5063291139
 21
-143.0
 31
0.0
  0
LINE
  5
7C1
330
1F
100
AcDbEntity
  8
0
  6
Continuous
 62
     7
370
    15
100
AcDbLine
 10
126.4303797468
 20
-151.3544303797
 30
0.0
 11
112.5063291139
 21
-151.3544303797
 31
0.0
  0
LINE
  5
7C2
330
1F
100
AcDbEntity
  8
0
  6
Continuous
 62
     7
370
    15
100
AcDbLine
 10
126.4303797468
 20
-187.0
 30
0.0
 11
126.4303797468
 21
-151.3544303797
 31
0.0
  0
LINE
  5
7C3
330
1F
100
AcDbEntity
  8
0
  6
Continuous
 62
     7
370
    15
100
AcDbLine
 10
137.5696202532
 20
-187.0
 30
0.0
 11
126.4303797468
 21
-187.0
 31
0.0
  0
LINE
  5
7C4
330
1F
100
AcDbEntity
  8
0
  6
Continuous
 62
     7
370
    15
100
AcDbLine
 10
137.5696202532
 20
-151.3544303797
 30
0.0
 11
137.5696202532
 21
-187.0
 31
0.0
  0
LINE
  5
7C5
330
1F
100
AcDbEntity
  8
0
  6
Continuous
 62
     7
370
    15
100
AcDbLine
 10
151.4936708861
 20
-151.3544303797
 30
0.0
 11
137.5696202532
 21
-151.3544303797
 31
0.0
  0
LINE
  5
7C6
330
1F
100
AcDbEntity
  8
0
  6
Continuous
 62
     7
370
    15
100
AcDbLine
 10
151.4936708861
 20
-143.0
 30
0.0
 11
151.4936708861
 21
-151.3544303797
 31
0.0
  0
LINE
  5
7C7
330
1F
100
AcDbEntity
  8
0
  6
Continuous
 62
     7
370
    15
100
AcDbLine
 10
330.3033922058
 20
-159.7523734177
 30
0.0
 11
339.3192149906
 21
-143.0
 31
0.0
  0
LINE
  5
7C8
330
1F
100
AcDbEntity
  8
0
  6
Continuous
 62
     7
370
    15
100
AcDbLine
 10
321.139626383
 20
-143.0
 30
0.0
 11
330.3033922058
 21
-159.7523734177
 31
0.0
  0
LINE
  5
7C9
330
1F
100
AcDbEntity
  8
0
  6
Continuous
 62
     7
370
    15
100
AcDbLine
 10
308.2163668893
 20
-143.0
 30
0.0
 11
321.139626383
 21
-143.0
 31
0.0
  0
LINE
  5
7CA
330
1F
100
AcDbEntity
  8
0
  6
Continuous
 62
     7
370
    15
100
AcDbLine
 10
324.3682656235
 20
-170.5087025316
 30
0.0
 11
308.2163668893
 21
-143.0
 31
0.0
  0
LINE
  5
7CB
330
1F
100
AcDbEntity
  8
0
  6
Continuous
 62
     7
370
    15
100
AcDbLine
 10
324.3682656235
 20
-187.0
 30
0.0
 11
324.3682656235
 21
-170.5087025316
 31
0.0
  0
LINE
  5
7CC
330
1F
100
AcDbEntity
  8
0
  6
Continuous
 62
     7
370
    15
100
AcDbLine
 10
335.5075061298
 20
-187.0
 30
0.0
 11
324.3682656235
 21
-187.0
 31
0.0
  0
LINE
  5
7CD
330
1F
100
AcDbEntity
  8
0
  6
Continuous
 62
     7
370
    15
100
AcDbLine
 10
335.5075061298
 20
-169.9778481013
 30
0.0
 11
335.5075061298
 21
-187.0
 31
0.0
  0
LINE
  5
7CE
330
1F
100
AcDbEntity
  8
0
  6
Continuous
 62
     7
370
    15
100
AcDbLine
 10
351.659404864
 20
-143.0
 30
0.0
 11
335.5075061298
 21
-169.9778481013
 31
0.0
  0
LINE
  5
7CF
330
1F
100
AcDbEntity
  8
0
  6
Continuous
 62
     7
370
    15
100
AcDbLine
 10
339.3192149906
 20
-143.0
 30
0.0
 11
351.659404864
 21
-143.0
 31
0.0
  0
LINE
  5
7D0
330
1F
100
AcDbEntity
  8
0
  6
Continuous
 62
     7
370
    15
100
AcDbLine
 10
180.0357379017
 20
-143.0
 30
0.0
 11
198.6504530916
 21
-143.0
 31
0.0
  0
LINE
  5
7D1
330
1F
100
AcDbEntity
  8
0
  6
Continuous
 62
     7
370
    15
100
AcDbLine
 10
180.0357379017
 20
-151.3544303797
 30
0.0
 11
180.0357379017
 21
-143.0
 31
0.0
  0
LINE
  5
7D2
330
1F
100
AcDbEntity
  8
0
  6
Continuous
 62
     7
370
    15
100
AcDbLine
 10
193.14175056
 20
-151.3544303797
 30
0.0
 11
180.0357379017
 21
-151.3544303797
 31
0.0
  0
LINE
  5
7D3
330
1F
100
AcDbEntity
  8
0
  6
Continuous
 62
     7
370
    15
100
AcDbLine
 10
180.0357379017
 20
-164.164556962
 30
0.0
 11
194.4558328384
 21
-164.164556962
 31
0.0
  0
LINE
  5
7D4
330
1F
100
AcDbEntity
  8
0
  6
Continuous
 62
     7
370
    15
100
AcDbLine
 10
180.0357379017
 20
-187.0
 30
0.0
 11
180.0357379017
 21
-164.164556962
 31
0.0
  0
LINE
  5
7D5
330
1F
100
AcDbEntity
  8
0
  6
Continuous
 62
     7
370
    15
100
AcDbLine
 10
191.1749784081
 20
-187.0
 30
0.0
 11
180.0357379017
 21
-187.0
 31
0.0
  0
LINE
  5
7D6
330
1F
100
AcDbEntity
  8
0
  6
Continuous
 62
     7
370
    15
100
AcDbLine
 10
191.1749784081
 20
-172.5189873418
 30
0.0
 11
191.1749784081
 21
-187.0
 31
0.0
  0
LINE
  5
7D7
330
1F
100
AcDbEntity
  8
0
  6
Continuous
 62
     7
370
    15
100
AcDbLine
 10
198.2675416992
 20
-172.5189873418
 30
0.0
 11
191.1749784081
 21
-172.5189873418
 31
0.0
  0
LINE
  5
7D8
330
1F
100
AcDbEntity
  8
0
  6
Continuous
 62
     7
370
    15
100
AcDbLine
 10
257.6471704973
 20
-275.0
 30
0.0
 11
270.7357780923
 21
-275.0
 31
0.0
  0
LINE
  5
7D9
330
1F
100
AcDbEntity
  8
0
  6
Continuous
 62
     7
370
    15
100
AcDbLine
 10
241.3560312568
 20
-319.0
 30
0.0
 11
257.6471704973
 21
-275.0
 31
0.0
  0
LINE
  5
7DA
330
1F
100
AcDbEntity
  8
0
  6
Continuous
 62
     7
370
    15
100
AcDbLine
 10
252.6432148011
 20
-319.0
 30
0.0
 11
241.3560312568
 21
-319.0
 31
0.0
  0
LINE
  5
7DB
330
1F
100
AcDbEntity
  8
0
  6
Continuous
 62
     7
370
    15
100
AcDbLine
 10
255.7239110037
 20
-310.0886075949
 30
0.0
 11
252.6432148011
 21
-319.0
 31
0.0
  0
LINE
  5
7DC
330
1F
100
AcDbEntity
  8
0
  6
Continuous
 62
     7
370
    15
100
AcDbLine
 10
258.3607780923
 20
-302.2911392405
 30
0.0
 11
255.7239110037
 21
-310.0886075949
 31
0.0
  0
LINE
  5
7DD
330
1F
100
AcDbEntity
  8
0
  6
Continuous
 62
     7
370
    15
100
AcDbLine
 10
263.8955882189
 20
-286.2349683544
 30
0.0
 11
258.3607780923
 21
-302.2911392405
 31
0.0
  0
LINE
  5
7DE
330
1F
100
AcDbEntity
  8
0
  6
Continuous
 62
     7
370
    15
100
AcDbLine
 10
269.4303983454
 20
-302.2911392405
 30
0.0
 11
263.8955882189
 21
-286.2349683544
 31
0.0
  0
LINE
  5
7DF
330
1F
100
AcDbEntity
  8
0
  6
Continuous
 62
     7
370
    15
100
AcDbLine
 10
261.5276737909
 20
-302.2911392405
 30
0.0
 11
269.4303983454
 21
-302.2911392405
 31
0.0
  0
LINE
  5
7E0
330
1F
100
AcDbEntity
  8
0
  6
Continuous
 62
     7
370
    15
100
AcDbLine
 10
258.8908067023
 20
-310.0886075949
 30
0.0
 11
261.5276737909
 21
-302.2911392405
 31
0.0
  0
LINE
  5
7E1
330
1F
100
AcDbEntity
  8
0
  6
Continuous
 62
     7
370
    15
100
AcDbLine
 10
272.0672654341
 20
-310.0886075949
 30
0.0
 11
258.8908067023
 21
-310.0886075949
 31
0.0
  0
LINE
  5
7E2
330
1F
100
AcDbEntity
  8
0
  6
Continuous
 62
     7
370
    15
100
AcDbLine
 10
275.1479616366
 20
-319.0
 30
0.0
 11
272.0672654341
 21
-310.0886075949
 31
0.0
  0
LINE
  5
7E3
330
1F
100
AcDbEntity
  8
0
  6
Continuous
 62
     7
370
    15
100
AcDbLine
 10
287.0269173328
 20
-319.0
 30
0.0
 11
275.1479616366
 21
-319.0
 31
0.0
  0
LINE
  5
7E4
330
1F
100
AcDbEntity
  8
0
  6
Continuous
 62
     7
370
    15
100
AcDbLine
 10
270.7357780923
 20
-275.0
 30
0.0
 11
287.0269173328
 21
-319.0
 31
0.0
  0
LINE
  5
7E5
330
1F
100
AcDbEntity
  8
0
  6
Continuous
 62
     7
370
    15
100
AcDbLine
 10
128.1012658228
 20
-310.6455696203
 30
0.0
 11
148.7088607595
 21
-310.6455696203
 31
0.0
  0
LINE
  5
7E6
330
1F
100
AcDbEntity
  8
0
  6
Continuous
 62
     7
370
    15
100
AcDbLine
 10
128.1012658228
 20
-299.5063291139
 30
0.0
 11
128.1012658228
 21
-310.6455696203
 31
0.0
  0
LINE
  5
7E7
330
1F
100
AcDbEntity
  8
0
  6
Continuous
 62
     7
370
    15
100
AcDbLine
 10
147.0379746835
 20
-299.5063291139
 30
0.0
 11
128.1012658228
 21
-299.5063291139
 31
0.0
  0
LINE
  5
7E8
330
1F
100
AcDbEntity
  8
0
  6
Continuous
 62
     7
370
    15
100
AcDbLine
 10
147.0379746835
 20
-291.1518987342
 30
0.0
 11
147.0379746835
 21
-299.5063291139
 31
0.0
  0
LINE
  5
7E9
330
1F
100
AcDbEntity
  8
0
  6
Continuous
 62
     7
370
    15
100
AcDbLine
 10
128.1012658228
 20
-291.1518987342
 30
0.0
 11
147.0379746835
 21
-291.1518987342
 31
0.0
  0
LINE
  5
7EA
330
1F
100
AcDbEntity
  8
0
  6
Continuous
 62
     7
370
    15
100
AcDbLine
 10
128.1012658228
 20
-283.3544303797
 30
0.0
 11
128.1012658228
 21
-291.1518987342
 31
0.0
  0
LINE
  5
7EB
330
1F
100
AcDbEntity
  8
0
  6
Continuous
 62
     7
370
    15
100
AcDbLine
 10
148.7088607595
 20
-283.3544303797
 30
0.0
 11
128.1012658228
 21
-283.3544303797
 31
0.0
  0
LINE
  5
7EC
330
1F
100
AcDbEntity
  8
0
  6
Continuous
 62
     7
370
    15
100
AcDbLine
 10
148.7088607595
 20
-275.0
 30
0.0
 11
148.7088607595
 21
-283.3544303797
 31
0.0
  0
LINE
  5
7ED
330
1F
100
AcDbEntity
  8
0
  6
Continuous
 62
     7
370
    15
100
AcDbLine
 10
116.9620253165
 20
-275.0
 30
0.0
 11
148.7088607595
 21
-275.0
 31
0.0
  0
LINE
  5
7EE
330
1F
100
AcDbEntity
  8
0
  6
Continuous
 62
     7
370
    15
100
AcDbLine
 10
116.9620253165
 20
-319.0
 30
0.0
 11
116.9620253165
 21
-275.0
 31
0.0
  0
LINE
  5
7EF
330
1F
100
AcDbEntity
  8
0
  6
Continuous
 62
     7
370
    15
100
AcDbLine
 10
148.7088607595
 20
-319.0
 30
0.0
 11
116.9620253165
 21
-319.0
 31
0.0
  0
LINE
  5
7F0
330
1F
100
AcDbEntity
  8
0
  6
Continuous
 62
     7
370
    15
100
AcDbLine
 10
148.7088607595
 20
-310.6455696203
 30
0.0
 11
148.7088607595
 21
-319.0
 31
0.0
  0
LINE
  5
7F1
330
1F
100
AcDbEntity
  8
0
  6
Continuous
 62
     7
370
    15
100
AcDbLine
 10
9.7606288484
 20
-275.0
 30
0.0
 11
22.7796161902
 21
-275.0
 31
0.0
  0
LINE
  5
7F2
330
1F
100
AcDbEntity
  8
0
  6
Continuous
 62
     7
370
    15
100
AcDbLine
 10
-0.0297192528
 20
-296.9129746835
 30
0.0
 11
9.7606288484
 21
-275.0
 31
0.0
  0
LINE
  5
7F3
330
1F
100
AcDbEntity
  8
0
  6
Continuous
 62
     7
370
    15
100
AcDbLine
 10
-9.846174949
 20
-275.0
 30
0.0
 11
-0.0297192528
 21
-296.9129746835
 31
0.0
  0
LINE
  5
7F4
330
1F
100
AcDbEntity
  8
0
  6
Continuous
 62
     7
370
    15
100
AcDbLine
 10
-22.8912698857
 20
-275.0
 30
0.0
 11
-9.846174949
 21
-275.0
 31
0.0
  0
LINE
  5
7F5
330
1F
100
AcDbEntity
  8
0
  6
Continuous
 62
     7
370
    15
100
AcDbLine
 10
-22.8912698857
 20
-319.0
 30
0.0
 11
-22.8912698857
 21
-275.0
 31
0.0
  0
LINE
  5
7F6
330
1F
100
AcDbEntity
  8
0
  6
Continuous
 62
     7
370
    15
100
AcDbLine
 10
-12.3089914047
 20
-319.0
 30
0.0
 11
-22.8912698857
 21
-319.0
 31
0.0
  0
LINE
  5
7F7
330
1F
100
AcDbEntity
  8
0
  6
Continuous
 62
     7
370
    15
100
AcDbLine
 10
-12.3089914047
 20
-289.4375
 30
0.0
 11
-12.3089914047
 21
-319.0
 31
0.0
  0
LINE
  5
7F8
330
1F
100
AcDbEntity
  8
0
  6
Continuous
 62
     7
370
    15
100
AcDbLine
 10
-4.2156369743
 20
-308.417721519
 30
0.0
 11
-12.3089914047
 21
-289.4375
 31
0.0
  0
LINE
  5
7F9
330
1F
100
AcDbEntity
  8
0
  6
Continuous
 62
     7
370
    15
100
AcDbLine
 10
3.5470212535
 20
-308.417721519
 30
0.0
 11
-4.2156369743
 21
-308.417721519
 31
0.0
  0
LINE
  5
7FA
330
1F
100
AcDbEntity
  8
0
  6
Continuous
 62
     7
370
    15
100
AcDbLine
 10
11.6403756839
 20
-289.4375
 30
0.0
 11
3.5470212535
 21
-308.417721519
 31
0.0
  0
LINE
  5
7FB
330
1F
100
AcDbEntity
  8
0
  6
Continuous
 62
     7
370
    15
100
AcDbLine
 10
11.6403756839
 20
-319.0
 30
0.0
 11
11.6403756839
 21
-289.4375
 31
0.0
  0
LINE
  5
7FC
330
1F
100
AcDbEntity
  8
0
  6
Continuous
 62
     7
370
    15
100
AcDbLine
 10
22.7796161902
 20
-319.0
 30
0.0
 11
11.6403756839
 21
-319.0
 31
0.0
  0
LINE
  5
7FD
330
1F
100
AcDbEntity
  8
0
  6
Continuous
 62
     7
370
    15
100
AcDbLine
 10
22.7796161902
 20
-275.0
 30
0.0
 11
22.7796161902
 21
-319.0
 31
0.0
  0
LINE
  5
7FE
330
1F
100
AcDbEntity
  8
0
  6
Continuous
 62
     7
370
    15
100
AcDbLine
 10
-152.691084322
 20
-275.0
 30
0.0
 11
-136.6610210309
 21
-275.0
 31
0.0
  0
LINE
  5
7FF
330
1F
100
AcDbEntity
  8
0
  6
Continuous
 62
     7
370
    15
100
AcDbLine
 10
-152.691084322
 20
-307.6455696203
 30
0.0
 11
-152.691084322
 21
-275.0
 31
0.0
  0
LINE
  5
800
330
1F
100
AcDbEntity
  8
0
  6
Continuous
 62
     7
370
    15
100
AcDbLine
 10
-141.5518438157
 20
-307.6455696203
 30
0.0
 11
-152.691084322
 21
-307.6455696203
 31
0.0
  0
LINE
  5
801
330
1F
100
AcDbEntity
  8
0
  6
Continuous
 62
     7
370
    15
100
AcDbLine
 10
-141.5518438157
 20
-283.3544303797
 30
0.0
 11
-141.5518438157
 21
-307.6455696203
 31
0.0
  0
LINE
  5
802
330
1F
100
AcDbEntity
  8
0
  6
Continuous
 62
     7
370
    15
100
AcDbLine
 10
-138.6190906511
 20
-283.3544303797
 30
0.0
 11
-141.5518438157
 21
-283.3544303797
 31
0.0
  0
LINE
  5
803
330
1F
100
AcDbEntity
  8
0
  6
Continuous
 62
     7
370
    15
100
AcDbLine
 10
-152.691084322
 20
-310.6455696203
 30
0.0
 11
-138.6190906511
 21
-310.6455696203
 31
0.0
  0
LINE
  5
804
330
1F
100
AcDbEntity
  8
0
  6
Continuous
 62
     7
370
    15
100
AcDbLine
 10
-152.691084322
 20
-319.0
 30
0.0
 11
-152.691084322
 21
-310.6455696203
 31
0.0
  0
LINE
  5
805
330
1F
100
AcDbEntity
  8
0
  6
Continuous
 62
     7
370
    15
100
AcDbLine
 10
-137.1048501448
 20
-319.0
 30
0.0
 11
-152.691084322
 21
-319.0
 31
0.0
  0
LINE
  5
806
330
1F
100
AcDbEntity
  8
0
  6
Continuous
 62
     7
370
    15
100
AcDbLine
 10
-283.4936708861
 20
-275.0
 30
0.0
 11
-244.5063291139
 21
-275.0
 31
0.0
  0
LINE
  5
807
330
1F
100
AcDbEntity
  8
0
  6
Continuous
 62
     7
370
    15
100
AcDbLine
 10
-283.4936708861
 20
-283.3544303797
 30
0.0
 11
-283.4936708861
 21
-275.0
 31
0.0
  0
LINE
  5
808
330
1F
100
AcDbEntity
  8
0
  6
Continuous
 62
     7
370
    15
100
AcDbLine
 10
-269.5696202532
 20
-283.3544303797
 30
0.0
 11
-283.4936708861
 21
-283.3544303797
 31
0.0
  0
LINE
  5
809
330
1F
100
AcDbEntity
  8
0
  6
Continuous
 62
     7
370
    15
100
AcDbLine
 10
-269.5696202532
 20
-319.0
 30
0.0
 11
-269.5696202532
 21
-283.3544303797
 31
0.0
  0
LINE
  5
80A
330
1F
100
AcDbEntity
  8
0
  6
Continuous
 62
     7
370
    15
100
AcDbLine
 10
-258.4303797468
 20
-319.0
 30
0.0
 11
-269.5696202532
 21
-319.0
 31
0.0
  0
LINE
  5
80B
330
1F
100
AcDbEntity
  8
0
  6
Continuous
 62
     7
370
    15
100
AcDbLine
 10
-258.4303797468
 20
-283.3544303797
 30
0.0
 11
-258.4303797468
 21
-319.0
 31
0.0
  0
LINE
  5
80C
330
1F
100
AcDbEntity
  8
0
  6
Continuous
 62
     7
370
    15
100
AcDbLine
 10
-244.5063291139
 20
-283.3544303797
 30
0.0
 11
-258.4303797468
 21
-283.3544303797
 31
0.0
  0
LINE
  5
80D
330
1F
100
AcDbEntity
  8
0
  6
Continuous
 62
     7
370
    15
100
AcDbLine
 10
-244.5063291139
 20
-275.0
 30
0.0
 11
-244.5063291139
 21
-283.3544303797
 31
0.0
  0
LINE
  5
80E
330
1F
100
AcDbEntity
  8
0
  6
Continuous
 62
     7
370
    15
100
AcDbLine
 10
338.1753896805
 20
-209.0
 30
0.0
 11
349.3146301868
 21
-209.0
 31
0.0
  0
LINE
  5
80F
330
1F
100
AcDbEntity
  8
0
  6
Continuous
 62
     7
370
    15
100
AcDbLine
 10
338.1753896805
 20
-236.6305379747
 30
0.0
 11
338.1753896805
 21
-209.0
 31
0.0
  0
LINE
  5
810
330
1F
100
AcDbEntity
  8
0
  6
Continuous
 62
     7
370
    15
100
AcDbLine
 10
321.466528921
 20
-209.0
 30
0.0
 11
321.466528921
 21
-236.6305379747
 31
0.0
  0
LINE
  5
811
330
1F
100
AcDbEntity
  8
0
  6
Continuous
 62
     7
370
    15
100
AcDbLine
 10
310.3272884147
 20
-209.0
 30
0.0
 11
321.466528921
 21
-209.0
 31
0.0
  0
LINE
  5
812
330
1F
100
AcDbEntity
  8
0
  6
Continuous
 62
     7
370
    15
100
AcDbLine
 10
310.3272884147
 20
-237.2223101266
 30
0.0
 11
310.3272884147
 21
-209.0
 31
0.0
  0
LINE
  5
813
330
1F
100
AcDbEntity
  8
0
  6
Continuous
 62
     7
370
    15
100
AcDbLine
 10
349.3146301868
 20
-209.0
 30
0.0
 11
349.3146301868
 21
-237.1962025316
 31
0.0
  0
LINE
  5
814
330
1F
100
AcDbEntity
  8
0
  6
Continuous
 62
     7
370
    15
100
AcDbLine
 10
207.7730846429
 20
-209.0
 30
0.0
 11
217.7984010986
 21
-209.0
 31
0.0
  0
LINE
  5
815
330
1F
100
AcDbEntity
  8
0
  6
Continuous
 62
     7
370
    15
100
AcDbLine
 10
207.7730846429
 20
-234.2025316456
 30
0.0
 11
207.7730846429
 21
-209.0
 31
0.0
  0
LINE
  5
816
330
1F
100
AcDbEntity
  8
0
  6
Continuous
 62
     7
370
    15
100
AcDbLine
 10
191.490647934
 20
-209.0
 30
0.0
 11
207.7730846429
 21
-234.2025316456
 31
0.0
  0
LINE
  5
817
330
1F
100
AcDbEntity
  8
0
  6
Continuous
 62
     7
370
    15
100
AcDbLine
 10
178.2540973011
 20
-209.0
 30
0.0
 11
191.490647934
 21
-209.0
 31
0.0
  0
LINE
  5
818
330
1F
100
AcDbEntity
  8
0
  6
Continuous
 62
     7
370
    15
100
AcDbLine
 10
178.2540973011
 20
-253.0
 30
0.0
 11
178.2540973011
 21
-209.0
 31
0.0
  0
LINE
  5
819
330
1F
100
AcDbEntity
  8
0
  6
Continuous
 62
     7
370
    15
100
AcDbLine
 10
188.2794137568
 20
-253.0
 30
0.0
 11
178.2540973011
 21
-253.0
 31
0.0
  0
LINE
  5
81A
330
1F
100
AcDbEntity
  8
0
  6
Continuous
 62
     7
370
    15
100
AcDbLine
 10
188.2794137568
 20
-222.8022151899
 30
0.0
 11
188.2794137568
 21
-253.0
 31
0.0
  0
LINE
  5
81B
330
1F
100
AcDbEntity
  8
0
  6
Continuous
 62
     7
370
    15
100
AcDbLine
 10
207.2335276808
 20
-253.0
 30
0.0
 11
188.2794137568
 21
-222.8022151899
 31
0.0
  0
LINE
  5
81C
330
1F
100
AcDbEntity
  8
0
  6
Continuous
 62
     7
370
    15
100
AcDbLine
 10
217.7984010986
 20
-253.0
 30
0.0
 11
207.2335276808
 21
-253.0
 31
0.0
  0
LINE
  5
81D
330
1F
100
AcDbEntity
  8
0
  6
Continuous
 62
     7
370
    15
100
AcDbLine
 10
217.7984010986
 20
-209.0
 30
0.0
 11
217.7984010986
 21
-253.0
 31
0.0
  0
LINE
  5
81E
330
1F
100
AcDbEntity
  8
0
  6
Continuous
 62
     7
370
    15
100
AcDbLine
 10
140.2541500297
 20
-11.0
 30
0.0
 11
151.3933905361
 21
-11.0
 31
0.0
  0
LINE
  5
81F
330
1F
100
AcDbEntity
  8
0
  6
Continuous
 62
     7
370
    15
100
AcDbLine
 10
140.2541500297
 20
-38.6305379747
 30
0.0
 11
140.2541500297
 21
-11.0
 31
0.0
  0
LINE
  5
820
330
1F
100
AcDbEntity
  8
0
  6
Continuous
 62
     7
370
    15
100
AcDbLine
 10
123.5452892702
 20
-11.0
 30
0.0
 11
123.5452892702
 21
-38.6305379747
 31
0.0
  0
LINE
  5
821
330
1F
100
AcDbEntity
  8
0
  6
Continuous
 62
     7
370
    15
100
AcDbLine
 10
112.4060487639
 20
-11.0
 30
0.0
 11
123.5452892702
 21
-11.0
 31
0.0
  0
LINE
  5
822
330
1F
100
AcDbEntity
  8
0
  6
Continuous
 62
     7
370
    15
100
AcDbLine
 10
112.4060487639
 20
-39.2223101266
 30
0.0
 11
112.4060487639
 21
-11.0
 31
0.0
  0
LINE
  5
823
330
1F
100
AcDbEntity
  8
0
  6
Continuous
 62
     7
370
    15
100
AcDbLine
 10
151.3933905361
 20
-11.0
 30
0.0
 11
151.3933905361
 21
-39.1962025316
 31
0.0
  0
LINE
  5
824
330
1F
100
AcDbEntity
  8
0
  6
Continuous
 62
     7
370
    15
100
AcDbLine
 10
260.1012658228
 20
-46.6455696203
 30
0.0
 11
280.7088607595
 21
-46.6455696203
 31
0.0
  0
LINE
  5
825
330
1F
100
AcDbEntity
  8
0
  6
Continuous
 62
     7
370
    15
100
AcDbLine
 10
260.1012658228
 20
-35.5063291139
 30
0.0
 11
260.1012658228
 21
-46.6455696203
 31
0.0
  0
LINE
  5
826
330
1F
100
AcDbEntity
  8
0
  6
Continuous
 62
     7
370
    15
100
AcDbLine
 10
279.0379746835
 20
-35.5063291139
 30
0.0
 11
260.1012658228
 21
-35.5063291139
 31
0.0
  0
LINE
  5
827
330
1F
100
AcDbEntity
  8
0
  6
Continuous
 62
     7
370
    15
100
AcDbLine
 10
279.0379746835
 20
-27.1518987342
 30
0.0
 11
279.0379746835
 21
-35.5063291139
 31
0.0
  0
LINE
  5
828
330
1F
100
AcDbEntity
  8
0
  6
Continuous
 62
     7
370
    15
100
AcDbLine
 10
260.1012658228
 20
-27.1518987342
 30
0.0
 11
279.0379746835
 21
-27.1518987342
 31
0.0
  0
LINE
  5
829
330
1F
100
AcDbEntity
  8
0
  6
Continuous
 62
     7
370
    15
100
AcDbLine
 10
260.1012658228
 20
-19.3544303797
 30
0.0
 11
260.1012658228
 21
-27.1518987342
 31
0.0
  0
LINE
  5
82A
330
1F
100
AcDbEntity
  8
0
  6
Continuous
 62
     7
370
    15
100
AcDbLine
 10
280.7088607595
 20
-19.3544303797
 30
0.0
 11
260.1012658228
 21
-19.3544303797
 31
0.0
  0
LINE
  5
82B
330
1F
100
AcDbEntity
  8
0
  6
Continuous
 62
     7
370
    15
100
AcDbLine
 10
280.7088607595
 20
-11.0
 30
0.0
 11
280.7088607595
 21
-19.3544303797
 31
0.0
  0
LINE
  5
82C
330
1F
100
AcDbEntity
  8
0
  6
Continuous
 62
     7
370
    15
100
AcDbLine
 10
248.9620253165
 20
-11.0
 30
0.0
 11
280.7088607595
 21
-11.0
 31
0.0
  0
LINE
  5
82D
330
1F
100
AcDbEntity
  8
0
  6
Continuous
 62
     7
370
    15
100
AcDbLine
 10
248.9620253165
 20
-55.0
 30
0.0
 11
248.9620253165
 21
-11.0
 31
0.0
  0
LINE
  5
82E
330
1F
100
AcDbEntity
  8
0
  6
Continuous
 62
     7
370
    15
100
AcDbLine
 10
280.7088607595
 20
-55.0
 30
0.0
 11
248.9620253165
 21
-55.0
 31
0.0
  0
LINE
  5
82F
330
1F
100
AcDbEntity
  8
0
  6
Continuous
 62
     7
370
    15
100
AcDbLine
 10
280.7088607595
 20
-46.6455696203
 30
0.0
 11
280.7088607595
 21
-55.0
 31
0.0
  0
LINE
  5
830
330
1F
100
AcDbEntity
  8
0
  6
Continuous
 62
     7
370
    15
100
AcDbLine
 10
-320.2394171756
 20
-77.0
 30
0.0
 11
-307.2204298338
 21
-77.0
 31
0.0
  0
LINE
  5
831
330
1F
100
AcDbEntity
  8
0
  6
Continuous
 62
     7
370
    15
100
AcDbLine
 10
-330.0297652769
 20
-98.9129746835
 30
0.0
 11
-320.2394171756
 21
-77.0
 31
0.0
  0
LINE
  5
832
330
1F
100
AcDbEntity
  8
0
  6
Continuous
 62
     7
370
    15
100
AcDbLine
 10
-339.8462209731
 20
-77.0
 30
0.0
 11
-330.0297652769
 21
-98.9129746835
 31
0.0
  0
LINE
  5
833
330
1F
100
AcDbEntity
  8
0
  6
Continuous
 62
     7
370
    15
100
AcDbLine
 10
-352.8913159098
 20
-77.0
 30
0.0
 11
-339.8462209731
 21
-77.0
 31
0.0
  0
LINE
  5
834
330
1F
100
AcDbEntity
  8
0
  6
Continuous
 62
     7
370
    15
100
AcDbLine
 10
-352.8913159098
 20
-121.0
 30
0.0
 11
-352.8913159098
 21
-77.0
 31
0.0
  0
LINE
  5
835
330
1F
100
AcDbEntity
  8
0
  6
Continuous
 62
     7
370
    15
100
AcDbLine
 10
-342.3090374288
 20
-121.0
 30
0.0
 11
-352.8913159098
 21
-121.0
 31
0.0
  0
LINE
  5
836
330
1F
100
AcDbEntity
  8
0
  6
Continuous
 62
     7
370
    15
100
AcDbLine
 10
-342.3090374288
 20
-91.4375
 30
0.0
 11
-342.3090374288
 21
-121.0
 31
0.0
  0
LINE
  5
837
330
1F
100
AcDbEntity
  8
0
  6
Continuous
 62
     7
370
    15
100
AcDbLine
 10
-334.2156829984
 20
-110.417721519
 30
0.0
 11
-342.3090374288
 21
-91.4375
 31
0.0
  0
LINE
  5
838
330
1F
100
AcDbEntity
  8
0
  6
Continuous
 62
     7
370
    15
100
AcDbLine
 10
-326.4530247705
 20
-110.417721519
 30
0.0
 11
-334.2156829984
 21
-110.417721519
 31
0.0
  0
LINE
  5
839
330
1F
100
AcDbEntity
  8
0
  6
Continuous
 62
     7
370
    15
100
AcDbLine
 10
-318.3596703402
 20
-91.4375
 30
0.0
 11
-326.4530247705
 21
-110.417721519
 31
0.0
  0
LINE
  5
83A
330
1F
100
AcDbEntity
  8
0
  6
Continuous
 62
     7
370
    15
100
AcDbLine
 10
-318.3596703402
 20
-121.0
 30
0.0
 11
-318.3596703402
 21
-91.4375
 31
0.0
  0
LINE
  5
83B
330
1F
100
AcDbEntity
  8
0
  6
Continuous
 62
     7
370
    15
100
AcDbLine
 10
-307.2204298338
 20
-121.0
 30
0.0
 11
-318.3596703402
 21
-121.0
 31
0.0
  0
LINE
  5
83C
330
1F
100
AcDbEntity
  8
0
  6
Continuous
 62
     7
370
    15
100
AcDbLine
 10
-307.2204298338
 20
-77.0
 30
0.0
 11
-307.2204298338
 21
-121.0
 31
0.0
  0
LINE
  5
83D
330
1F
100
AcDbEntity
  8
0
  6
Continuous
 62
     7
370
    15
100
AcDbLine
 10
8.3351009054
 20
-11.0
 30
0.0
 11
19.4743414117
 21
-11.0
 31
0.0
  0
LINE
  5
83E
330
1F
100
AcDbEntity
  8
0
  6
Continuous
 62
     7
370
    15
100
AcDbLine
 10
8.3351009054
 20
-27.1518987342
 30
0.0
 11
8.3351009054
 21
-11.0
 31
0.0
  0
LINE
  5
83F
330
1F
100
AcDbEntity
  8
0
  6
Continuous
 62
     7
370
    15
100
AcDbLine
 10
-8.3737598541
 20
-27.1518987342
 30
0.0
 11
8.3351009054
 21
-27.1518987342
 31
0.0
  0
LINE
  5
840
330
1F
100
AcDbEntity
  8
0
  6
Continuous
 62
     7
370
    15
100
AcDbLine
 10
-8.3737598541
 20
-11.0
 30
0.0
 11
-8.3737598541
 21
-27.1518987342
 31
0.0
  0
LINE
  5
841
330
1F
100
AcDbEntity
  8
0
  6
Continuous
 62
     7
370
    15
100
AcDbLine
 10
-19.5130003605
 20
-11.0
 30
0.0
 11
-8.3737598541
 21
-11.0
 31
0.0
  0
LINE
  5
842
330
1F
100
AcDbEntity
  8
0
  6
Continuous
 62
     7
370
    15
100
AcDbLine
 10
-19.5130003605
 20
-55.0
 30
0.0
 11
-19.5130003605
 21
-11.0
 31
0.0
  0
LINE
  5
843
330
1F
100
AcDbEntity
  8
0
  6
Continuous
 62
     7
370
    15
100
AcDbLine
 10
-8.3737598541
 20
-55.0
 30
0.0
 11
-19.5130003605
 21
-55.0
 31
0.0
  0
LINE
  5
844
330
1F
100
AcDbEntity
  8
0
  6
Continuous
 62
     7
370
    15
100
AcDbLine
 10
-8.3737598541
 20
-35.5063291139
 30
0.0
 11
-8.3737598541
 21
-55.0
 31
0.0
  0
LINE
  5
845
330
1F
100
AcDbEntity
  8
0
  6
Continuous
 62
     7
370
    15
100
AcDbLine
 10
8.3351009054
 20
-35.5063291139
 30
0.0
 11
-8.3737598541
 21
-35.5063291139
 31
0.0
  0
LINE
  5
846
330
1F
100
AcDbEntity
  8
0
  6
Continuous
 62
     7
370
    15
100
AcDbLine
 10
8.3351009054
 20
-55.0
 30
0.0
 11
8.3351009054
 21
-35.5063291139
 31
0.0
  0
LINE
  5
847
330
1F
100
AcDbEntity
  8
0
  6
Continuous
 62
     7
370
    15
100
AcDbLine
 10
19.4743414117
 20
-55.0
 30
0.0
 11
8.3351009054
 21
-55.0
 31
0.0
  0
LINE
  5
848
330
1F
100
AcDbEntity
  8
0
  6
Continuous
 62
     7
370
    15
100
AcDbLine
 10
19.4743414117
 20
-11.0
 30
0.0
 11
19.4743414117
 21
-55.0
 31
0.0
  0
LINE
  5
849
330
1F
100
AcDbEntity
  8
0
  6
Continuous
 62
     7
370
    15
100
AcDbLine
 10
-136.4329915305
 20
-46.6455696203
 30
0.0
 11
-115.8253965937
 21
-46.6455696203
 31
0.0
  0
LINE
  5
84A
330
1F
100
AcDbEntity
  8
0
  6
Continuous
 62
     7
370
    15
100
AcDbLine
 10
-136.4329915305
 20
-35.5063291139
 30
0.0
 11
-136.4329915305
 21
-46.6455696203
 31
0.0
  0
LINE
  5
84B
330
1F
100
AcDbEntity
  8
0
  6
Continuous
 62
     7
370
    15
100
AcDbLine
 10
-117.4962826697
 20
-35.5063291139
 30
0.0
 11
-136.4329915305
 21
-35.5063291139
 31
0.0
  0
LINE
  5
84C
330
1F
100
AcDbEntity
  8
0
  6
Continuous
 62
     7
370
    15
100
AcDbLine
 10
-117.4962826697
 20
-27.1518987342
 30
0.0
 11
-117.4962826697
 21
-35.5063291139
 31
0.0
  0
LINE
  5
84D
330
1F
100
AcDbEntity
  8
0
  6
Continuous
 62
     7
370
    15
100
AcDbLine
 10
-136.4329915305
 20
-27.1518987342
 30
0.0
 11
-117.4962826697
 21
-27.1518987342
 31
0.0
  0
LINE
  5
84E
330
1F
100
AcDbEntity
  8
0
  6
Continuous
 62
     7
370
    15
100
AcDbLine
 10
-136.4329915305
 20
-19.3544303797
 30
0.0
 11
-136.4329915305
 21
-27.1518987342
 31
0.0
  0
LINE
  5
84F
330
1F
100
AcDbEntity
  8
0
  6
Continuous
 62
     7
370
    15
100
AcDbLine
 10
-115.8253965937
 20
-19.3544303797
 30
0.0
 11
-136.4329915305
 21
-19.3544303797
 31
0.0
  0
LINE
  5
850
330
1F
100
AcDbEntity
  8
0
  6
Continuous
 62
     7
370
    15
100
AcDbLine
 10
-115.8253965937
 20
-11.0
 30
0.0
 11
-115.8253965937
 21
-19.3544303797
 31
0.0
  0
LINE
  5
851
330
1F
100
AcDbEntity
  8
0
  6
Continuous
 62
     7
370
    15
100
AcDbLine
 10
-147.5722320368
 20
-11.0
 30
0.0
 11
-115.8253965937
 21
-11.0
 31
0.0
  0
LINE
  5
852
330
1F
100
AcDbEntity
  8
0
  6
Continuous
 62
     7
370
    15
100
AcDbLine
 10
-147.5722320368
 20
-55.0
 30
0.0
 11
-147.5722320368
 21
-11.0
 31
0.0
  0
LINE
  5
853
330
1F
100
AcDbEntity
  8
0
  6
Continuous
 62
     7
370
    15
100
AcDbLine
 10
-115.8253965937
 20
-55.0
 30
0.0
 11
-147.5722320368
 21
-55.0
 31
0.0
  0
LINE
  5
854
330
1F
100
AcDbEntity
  8
0
  6
Continuous
 62
     7
370
    15
100
AcDbLine
 10
-115.8253965937
 20
-46.6455696203
 30
0.0
 11
-115.8253965937
 21
-55.0
 31
0.0
  0
LINE
  5
855
330
1F
100
AcDbEntity
  8
0
  6
Continuous
 62
     7
370
    15
100
AcDbLine
 10
-254.365479806
 20
-11.0
 30
0.0
 11
-244.3401633503
 21
-11.0
 31
0.0
  0
LINE
  5
856
330
1F
100
AcDbEntity
  8
0
  6
Continuous
 62
     7
370
    15
100
AcDbLine
 10
-254.365479806
 20
-36.2025316456
 30
0.0
 11
-254.365479806
 21
-11.0
 31
0.0
  0
LINE
  5
857
330
1F
100
AcDbEntity
  8
0
  6
Continuous
 62
     7
370
    15
100
AcDbLine
 10
-270.6479165149
 20
-11.0
 30
0.0
 11
-254.365479806
 21
-36.2025316456
 31
0.0
  0
LINE
  5
858
330
1F
100
AcDbEntity
  8
0
  6
Continuous
 62
     7
370
    15
100
AcDbLine
 10
-283.8844671478
 20
-11.0
 30
0.0
 11
-270.6479165149
 21
-11.0
 31
0.0
  0
LINE
  5
859
330
1F
100
AcDbEntity
  8
0
  6
Continuous
 62
     7
370
    15
100
AcDbLine
 10
-283.8844671478
 20
-55.0
 30
0.0
 11
-283.8844671478
 21
-11.0
 31
0.0
  0
LINE
  5
85A
330
1F
100
AcDbEntity
  8
0
  6
Continuous
 62
     7
370
    15
100
AcDbLine
 10
-273.8591506921
 20
-55.0
 30
0.0
 11
-283.8844671478
 21
-55.0
 31
0.0
  0
LINE
  5
85B
330
1F
100
AcDbEntity
  8
0
  6
Continuous
 62
     7
370
    15
100
AcDbLine
 10
-273.8591506921
 20
-24.8022151899
 30
0.0
 11
-273.8591506921
 21
-55.0
 31
0.0
  0
LINE
  5
85C
330
1F
100
AcDbEntity
  8
0
  6
Continuous
 62
     7
370
    15
100
AcDbLine
 10
-254.905036768
 20
-55.0
 30
0.0
 11
-273.8591506921
 21
-24.8022151899
 31
0.0
  0
LINE
  5
85D
330
1F
100
AcDbEntity
  8
0
  6
Continuous
 62
     7
370
    15
100
AcDbLine
 10
-244.3401633503
 20
-55.0
 30
0.0
 11
-254.905036768
 21
-55.0
 31
0.0
  0
LINE
  5
85E
330
1F
100
AcDbEntity
  8
0
  6
Continuous
 62
     7
370
    15
100
AcDbLine
 10
-244.3401633503
 20
-11.0
 30
0.0
 11
-244.3401633503
 21
-55.0
 31
0.0
  0
LINE
  5
85F
330
1F
100
AcDbEntity
  8
0
  6
Continuous
 62
     7
370
    15
100
AcDbLine
 10
-333.8987341772
 20
-178.6455696203
 30
0.0
 11
-313.2911392405
 21
-178.6455696203
 31
0.0
  0
LINE
  5
860
330
1F
100
AcDbEntity
  8
0
  6
Continuous
 62
     7
370
    15
100
AcDbLine
 10
-333.8987341772
 20
-167.5063291139
 30
0.0
 11
-333.8987341772
 21
-178.6455696203
 31
0.0
  0
LINE
  5
861
330
1F
100
AcDbEntity
  8
0
  6
Continuous
 62
     7
370
    15
100
AcDbLine
 10
-314.9620253165
 20
-167.5063291139
 30
0.0
 11
-333.8987341772
 21
-167.5063291139
 31
0.0
  0
LINE
  5
862
330
1F
100
AcDbEntity
  8
0
  6
Continuous
 62
     7
370
    15
100
AcDbLine
 10
-314.9620253165
 20
-159.1518987342
 30
0.0
 11
-314.9620253165
 21
-167.5063291139
 31
0.0
  0
LINE
  5
863
330
1F
100
AcDbEntity
  8
0
  6
Continuous
 62
     7
370
    15
100
AcDbLine
 10
-333.8987341772
 20
-159.1518987342
 30
0.0
 11
-314.9620253165
 21
-159.1518987342
 31
0.0
  0
LINE
  5
864
330
1F
100
AcDbEntity
  8
0
  6
Continuous
 62
     7
370
    15
100
AcDbLine
 10
-333.8987341772
 20
-151.3544303797
 30
0.0
 11
-333.8987341772
 21
-159.1518987342
 31
0.0
  0
LINE
  5
865
330
1F
100
AcDbEntity
  8
0
  6
Continuous
 62
     7
370
    15
100
AcDbLine
 10
-313.2911392405
 20
-151.3544303797
 30
0.0
 11
-333.8987341772
 21
-151.3544303797
 31
0.0
  0
LINE
  5
866
330
1F
100
AcDbEntity
  8
0
  6
Continuous
 62
     7
370
    15
100
AcDbLine
 10
-313.2911392405
 20
-143.0
 30
0.0
 11
-313.2911392405
 21
-151.3544303797
 31
0.0
  0
LINE
  5
867
330
1F
100
AcDbEntity
  8
0
  6
Continuous
 62
     7
370
    15
100
AcDbLine
 10
-345.0379746835
 20
-143.0
 30
0.0
 11
-313.2911392405
 21
-143.0
 31
0.0
  0
LINE
  5
868
330
1F
100
AcDbEntity
  8
0
  6
Continuous
 62
     7
370
    15
100
AcDbLine
 10
-345.0379746835
 20
-187.0
 30
0.0
 11
-345.0379746835
 21
-143.0
 31
0.0
  0
LINE
  5
869
330
1F
100
AcDbEntity
  8
0
  6
Continuous
 62
     7
370
    15
100
AcDbLine
 10
-313.2911392405
 20
-187.0
 30
0.0
 11
-345.0379746835
 21
-187.0
 31
0.0
  0
LINE
  5
86A
330
1F
100
AcDbEntity
  8
0
  6
Continuous
 62
     7
370
    15
100
AcDbLine
 10
-313.2911392405
 20
-178.6455696203
 30
0.0
 11
-313.2911392405
 21
-187.0
 31
0.0
  0
LINE
  5
86B
330
1F
100
AcDbEntity
  8
0
  6
Continuous
 62
     7
370
    15
100
AcDbLine
 10
269.4932949323
 20
-113.2025316456
 30
0.0
 11
276.7338012614
 21
-113.2025316456
 31
0.0
  0
LINE
  5
86C
330
1F
100
AcDbEntity
  8
0
  6
Continuous
 62
     7
370
    15
100
AcDbLine
 10
269.4932949323
 20
-84.7974683544
 30
0.0
 11
269.4932949323
 21
-113.2025316456
 31
0.0
  0
LINE
  5
86D
330
1F
100
AcDbEntity
  8
0
  6
Continuous
 62
     7
370
    15
100
AcDbLine
 10
276.7338012614
 20
-84.7974683544
 30
0.0
 11
269.4932949323
 21
-84.7974683544
 31
0.0
  0
LINE
  5
86E
330
1F
100
AcDbEntity
  8
0
  6
Continuous
 62
     7
370
    15
100
AcDbLine
 10
276.7338012614
 20
-77.0
 30
0.0
 11
276.7338012614
 21
-84.7974683544
 31
0.0
  0
LINE
  5
86F
330
1F
100
AcDbEntity
  8
0
  6
Continuous
 62
     7
370
    15
100
AcDbLine
 10
251.1135480968
 20
-77.0
 30
0.0
 11
276.7338012614
 21
-77.0
 31
0.0
  0
LINE
  5
870
330
1F
100
AcDbEntity
  8
0
  6
Continuous
 62
     7
370
    15
100
AcDbLine
 10
251.1135480968
 20
-84.7974683544
 30
0.0
 11
251.1135480968
 21
-77.0
 31
0.0
  0
LINE
  5
871
330
1F
100
AcDbEntity
  8
0
  6
Continuous
 62
     7
370
    15
100
AcDbLine
 10
258.354054426
 20
-84.7974683544
 30
0.0
 11
251.1135480968
 21
-84.7974683544
 31
0.0
  0
LINE
  5
872
330
1F
100
AcDbEntity
  8
0
  6
Continuous
 62
     7
370
    15
100
AcDbLine
 10
258.354054426
 20
-113.2025316456
 30
0.0
 11
258.354054426
 21
-84.7974683544
 31
0.0
  0
LINE
  5
873
330
1F
100
AcDbEntity
  8
0
  6
Continuous
 62
     7
370
    15
100
AcDbLine
 10
251.1135480968
 20
-113.2025316456
 30
0.0
 11
258.354054426
 21
-113.2025316456
 31
0.0
  0
LINE
  5
874
330
1F
100
AcDbEntity
  8
0
  6
Continuous
 62
     7
370
    15
100
AcDbLine
 10
251.1135480968
 20
-121.0
 30
0.0
 11
251.1135480968
 21
-113.2025316456
 31
0.0
  0
LINE
  5
875
330
1F
100
AcDbEntity
  8
0
  6
Continuous
 62
     7
370
    15
100
AcDbLine
 10
276.7338012614
 20
-121.0
 30
0.0
 11
251.1135480968
 21
-121.0
 31
0.0
  0
LINE
  5
876
330
1F
100
AcDbEntity
  8
0
  6
Continuous
 62
     7
370
    15
100
AcDbLine
 10
276.7338012614
 20
-113.2025316456
 30
0.0
 11
276.7338012614
 21
-121.0
 31
0.0
  0
LINE
  5
877
330
1F
100
AcDbEntity
  8
0
  6
Continuous
 62
     7
370
    15
100
AcDbLine
 10
-218.9203470312
 20
-143.0
 30
0.0
 11
-200.2882267781
 21
-143.0
 31
0.0
  0
LINE
  5
878
330
1F
100
AcDbEntity
  8
0
  6
Continuous
 62
     7
370
    15
100
AcDbLine
 10
-218.9203470312
 20
-150.7692119522
 30
0.0
 11
-218.9203470312
 21
-143.0
 31
0.0
  0
LINE
  5
879
330
1F
100
AcDbEntity
  8
0
  6
Continuous
 62
     7
370
    15
100
AcDbLine
 10
-207.7811065249
 20
-150.7692119522
 30
0.0
 11
-218.9203470312
 21
-150.7692119522
 31
0.0
  0
LINE
  5
87A
330
1F
100
AcDbEntity
  8
0
  6
Continuous
 62
     7
370
    15
100
AcDbLine
 10
-207.7811065249
 20
-150.7974683544
 30
0.0
 11
-207.7811065249
 21
-150.7692119522
 31
0.0
  0
LINE
  5
87B
330
1F
100
AcDbEntity
  8
0
  6
Continuous
 62
     7
370
    15
100
AcDbLine
 10
-203.8475622211
 20
-150.7974683544
 30
0.0
 11
-207.7811065249
 21
-150.7974683544
 31
0.0
  0
LINE
  5
87C
330
1F
100
AcDbEntity
  8
0
  6
Continuous
 62
     7
370
    15
100
AcDbLine
 10
-218.9203470312
 20
-163.0506329114
 30
0.0
 11
-204.4480369047
 21
-163.0506329114
 31
0.0
  0
LINE
  5
87D
330
1F
100
AcDbEntity
  8
0
  6
Continuous
 62
     7
370
    15
100
AcDbLine
 10
-218.9203470312
 20
-187.0
 30
0.0
 11
-218.9203470312
 21
-163.0506329114
 31
0.0
  0
LINE
  5
87E
330
1F
100
AcDbEntity
  8
0
  6
Continuous
 62
     7
370
    15
100
AcDbLine
 10
-207.7811065249
 20
-187.0
 30
0.0
 11
-218.9203470312
 21
-187.0
 31
0.0
  0
LINE
  5
87F
330
1F
100
AcDbEntity
  8
0
  6
Continuous
 62
     7
370
    15
100
AcDbLine
 10
-207.7811065249
 20
-170.8481012658
 30
0.0
 11
-207.7811065249
 21
-187.0
 31
0.0
  0
LINE
  5
880
330
1F
100
AcDbEntity
  8
0
  6
Continuous
 62
     7
370
    15
100
AcDbLine
 10
-202.9947141199
 20
-170.8481012658
 30
0.0
 11
-207.7811065249
 21
-170.8481012658
 31
0.0
  0
LINE
  5
881
330
1F
100
AcDbEntity
  8
0
  6
Continuous
 62
     7
370
    15
100
AcDbLine
 10
-191.1853786768
 20
-187.0
 30
0.0
 11
-202.9947141199
 21
-170.8481012658
 31
0.0
  0
LINE
  5
882
330
1F
100
AcDbEntity
  8
0
  6
Continuous
 62
     7
370
    15
100
AcDbLine
 10
-177.1481951325
 20
-187.0
 30
0.0
 11
-191.1853786768
 21
-187.0
 31
0.0
  0
LINE
  5
883
330
1F
100
AcDbEntity
  8
0
  6
Continuous
 62
     7
370
    15
100
AcDbLine
 10
-191.6292077907
 20
-168.1329113924
 30
0.0
 11
-177.1481951325
 21
-187.0
 31
0.0
  0
LINE
  5
884
330
1F
100
AcDbEntity
  8
0
  6
Continuous
 62
     7
370
    15
100
AcDbLine
 10
177.1357608198
 20
-77.0
 30
0.0
 11
193.1658241109
 21
-77.0
 31
0.0
  0
LINE
  5
885
330
1F
100
AcDbEntity
  8
0
  6
Continuous
 62
     7
370
    15
100
AcDbLine
 10
177.1357608198
 20
-109.6455696203
 30
0.0
 11
177.1357608198
 21
-77.0
 31
0.0
  0
LINE
  5
886
330
1F
100
AcDbEntity
  8
0
  6
Continuous
 62
     7
370
    15
100
AcDbLine
 10
188.2750013261
 20
-109.6455696203
 30
0.0
 11
177.1357608198
 21
-109.6455696203
 31
0.0
  0
LINE
  5
887
330
1F
100
AcDbEntity
  8
0
  6
Continuous
 62
     7
370
    15
100
AcDbLine
 10
188.2750013261
 20
-85.3544303797
 30
0.0
 11
188.2750013261
 21
-109.6455696203
 31
0.0
  0
LINE
  5
888
330
1F
100
AcDbEntity
  8
0
  6
Continuous
 62
     7
370
    15
100
AcDbLine
 10
191.2077544907
 20
-85.3544303797
 30
0.0
 11
188.2750013261
 21
-85.3544303797
 31
0.0
  0
LINE
  5
889
330
1F
100
AcDbEntity
  8
0
  6
Continuous
 62
     7
370
    15
100
AcDbLine
 10
177.1357608198
 20
-112.6455696203
 30
0.0
 11
191.2077544907
 21
-112.6455696203
 31
0.0
  0
LINE
  5
88A
330
1F
100
AcDbEntity
  8
0
  6
Continuous
 62
     7
370
    15
100
AcDbLine
 10
177.1357608198
 20
-121.0
 30
0.0
 11
177.1357608198
 21
-112.6455696203
 31
0.0
  0
LINE
  5
88B
330
1F
100
AcDbEntity
  8
0
  6
Continuous
 62
     7
370
    15
100
AcDbLine
 10
192.721994997
 20
-121.0
 30
0.0
 11
177.1357608198
 21
-121.0
 31
0.0
  0
LINE
  5
88C
330
1F
100
AcDbEntity
  8
0
  6
Continuous
 62
     7
370
    15
100
AcDbLine
 10
60.7088607595
 20
-112.6455696203
 30
0.0
 11
81.3164556962
 21
-112.6455696203
 31
0.0
  0
LINE
  5
88D
330
1F
100
AcDbEntity
  8
0
  6
Continuous
 62
     7
370
    15
100
AcDbLine
 10
60.7088607595
 20
-77.0
 30
0.0
 11
60.7088607595
 21
-112.6455696203
 31
0.0
  0
LINE
  5
88E
330
1F
100
AcDbEntity
  8
0
  6
Continuous
 62
     7
370
    15
100
AcDbLine
 10
49.5696202532
 20
-77.0
 30
0.0
 11
60.7088607595
 21
-77.0
 31
0.0
  0
LINE
  5
88F
330
1F
100
AcDbEntity
  8
0
  6
Continuous
 62
     7
370
    15
100
AcDbLine
 10
49.5696202532
 20
-121.0
 30
0.0
 11
49.5696202532
 21
-77.0
 31
0.0
  0
LINE
  5
890
330
1F
100
AcDbEntity
  8
0
  6
Continuous
 62
     7
370
    15
100
AcDbLine
 10
81.3164556962
 20
-121.0
 30
0.0
 11
49.5696202532
 21
-121.0
 31
0.0
  0
LINE
  5
891
330
1F
100
AcDbEntity
  8
0
  6
Continuous
 62
     7
370
    15
100
AcDbLine
 10
81.3164556962
 20
-112.6455696203
 30
0.0
 11
81.3164556962
 21
-121.0
 31
0.0
  0
LINE
  5
892
330
1F
100
AcDbEntity
  8
0
  6
Continuous
 62
     7
370
    15
100
AcDbLine
 10
-20.6236536915
 20
-121.0
 30
0.0
 11
-8.0833055903
 21
-121.0
 31
0.0
  0
LINE
  5
893
330
1F
100
AcDbEntity
  8
0
  6
Continuous
 62
     7
370
    15
100
AcDbLine
 10
-8.0833055903
 20
-121.0
 30
0.0
 11
-0.1030840713
 21
-92.3338607595
 31
0.0
  0
LINE
  5
894
330
1F
100
AcDbEntity
  8
0
  6
Continuous
 62
     7
370
    15
100
AcDbLine
 10
-0.1030840713
 20
-92.3338607595
 30
0.0
 11
7.9641627642
 21
-121.0
 31
0.0
  0
LINE
  5
895
330
1F
100
AcDbEntity
  8
0
  6
Continuous
 62
     7
370
    15
100
AcDbLine
 10
7.9641627642
 20
-121.0
 30
0.0
 11
20.2086247895
 21
-121.0
 31
0.0
  0
LINE
  5
896
330
1F
100
AcDbEntity
  8
0
  6
Continuous
 62
     7
370
    15
100
AcDbLine
 10
-32.5113119194
 20
-77.0
 30
0.0
 11
-20.6236536915
 21
-121.0
 31
0.0
  0
LINE
  5
897
330
1F
100
AcDbEntity
  8
0
  6
Continuous
 62
     7
370
    15
100
AcDbLine
 10
-122.4044984767
 20
-77.0
 30
0.0
 11
-112.379182021
 21
-77.0
 31
0.0
  0
LINE
  5
898
330
1F
100
AcDbEntity
  8
0
  6
Continuous
 62
     7
370
    15
100
AcDbLine
 10
-122.4044984767
 20
-102.2025316456
 30
0.0
 11
-122.4044984767
 21
-77.0
 31
0.0
  0
LINE
  5
899
330
1F
100
AcDbEntity
  8
0
  6
Continuous
 62
     7
370
    15
100
AcDbLine
 10
-138.6869351856
 20
-77.0
 30
0.0
 11
-122.4044984767
 21
-102.2025316456
 31
0.0
  0
LINE
  5
89A
330
1F
100
AcDbEntity
  8
0
  6
Continuous
 62
     7
370
    15
100
AcDbLine
 10
-151.9234858185
 20
-77.0
 30
0.0
 11
-138.6869351856
 21
-77.0
 31
0.0
  0
LINE
  5
89B
330
1F
100
AcDbEntity
  8
0
  6
Continuous
 62
     7
370
    15
100
AcDbLine
 10
-151.9234858185
 20
-121.0
 30
0.0
 11
-151.9234858185
 21
-77.0
 31
0.0
  0
LINE
  5
89C
330
1F
100
AcDbEntity
  8
0
  6
Continuous
 62
     7
370
    15
100
AcDbLine
 10
-141.8981693628
 20
-121.0
 30
0.0
 11
-151.9234858185
 21
-121.0
 31
0.0
  0
LINE
  5
89D
330
1F
100
AcDbEntity
  8
0
  6
Continuous
 62
     7
370
    15
100
AcDbLine
 10
-141.8981693628
 20
-90.8022151899
 30
0.0
 11
-141.8981693628
 21
-121.0
 31
0.0
  0
LINE
  5
89E
330
1F
100
AcDbEntity
  8
0
  6
Continuous
 62
     7
370
    15
100
AcDbLine
 10
-122.9440554387
 20
-121.0
 30
0.0
 11
-141.8981693628
 21
-90.8022151899
 31
0.0
  0
LINE
  5
89F
330
1F
100
AcDbEntity
  8
0
  6
Continuous
 62
     7
370
    15
100
AcDbLine
 10
-112.379182021
 20
-121.0
 30
0.0
 11
-122.9440554387
 21
-121.0
 31
0.0
  0
LINE
  5
8A0
330
1F
100
AcDbEntity
  8
0
  6
Continuous
 62
     7
370
    15
100
AcDbLine
 10
-112.379182021
 20
-77.0
 30
0.0
 11
-112.379182021
 21
-121.0
 31
0.0
  0
LINE
  5
8A1
330
1F
100
AcDbEntity
  8
0
  6
Continuous
 62
     7
370
    15
100
AcDbLine
 10
483.0
 20
450.0
 30
0.0
 11
-483.0
 21
450.0
 31
0.0
  0
LINE
  5
8A2
330
1F
100
AcDbEntity
  8
0
  6
Continuous
 62
     7
370
    15
100
AcDbLine
 10
483.0
 20
-450.0
 30
0.0
 11
483.0
 21
450.0
 31
0.0
  0
LINE
  5
8A3
330
1F
100
AcDbEntity
  8
0
  6
Continuous
 62
     7
370
    15
100
AcDbLine
 10
-483.0
 20
-450.0
 30
0.0
 11
483.0
 21
-450.0
 31
0.0
  0
LINE
  5
8A4
330
1F
100
AcDbEntity
  8
0
  6
Continuous
 62
     7
370
    15
100
AcDbLine
 10
-483.0
 20
450.0
 30
0.0
 11
-483.0
 21
-450.0
 31
0.0
  0
LINE
  5
8A5
330
1F
100
AcDbEntity
  8
0
  6
Continuous
 62
     7
370
    15
100
AcDbLine
 10
-6.0
 20
372.8303796455
 30
0.0
 11
-6.0
 21
369.149671665
 31
0.0
  0
LINE
  5
8A6
330
1F
100
AcDbEntity
  8
0
  6
Continuous
 62
     7
370
    15
100
AcDbLine
 10
-5.0
 20
368.149671665
 30
0.0
 11
5.0
 21
368.149671665
 31
0.0
  0
LINE
  5
8A7
330
1F
100
AcDbEntity
  8
0
  6
Continuous
 62
     7
370
    15
100
AcDbLine
 10
6.0
 20
369.149671665
 30
0.0
 11
6.0
 21
372.8303796455
 31
0.0
  0
LINE
  5
8A8
330
1F
100
AcDbEntity
  8
0
  6
Continuous
 62
     7
370
    15
100
AcDbLine
 10
2.8649875281
 20
362.649671665
 30
0.0
 11
5.0
 21
362.649671665
 31
0.0
  0
LINE
  5
8A9
330
1F
100
AcDbEntity
  8
0
  6
Continuous
 62
     7
370
    15
100
AcDbLine
 10
6.0
 20
363.649671665
 30
0.0
 11
6.0
 21
365.649671665
 31
0.0
  0
LINE
  5
8AA
330
1F
100
AcDbEntity
  8
0
  6
Continuous
 62
     7
370
    15
100
AcDbLine
 10
5.0
 20
366.649671665
 30
0.0
 11
-5.0
 21
366.649671665
 31
0.0
  0
LINE
  5
8AB
330
1F
100
AcDbEntity
  8
0
  6
Continuous
 62
     7
370
    15
100
AcDbLine
 10
-6.0
 20
365.649671665
 30
0.0
 11
-6.0
 21
363.649671665
 31
0.0
  0
LINE
  5
8AC
330
1F
100
AcDbEntity
  8
0
  6
Continuous
 62
     7
370
    15
100
AcDbLine
 10
-5.0
 20
362.649671665
 30
0.0
 11
-2.8649875281
 21
362.649671665
 31
0.0
  0
LINE
  5
8AD
330
1F
100
AcDbEntity
  8
0
  6
Continuous
 62
     7
370
    15
100
AcDbLine
 10
-317.3154598752
 20
275.0
 30
0.0
 11
-317.3154598752
 21
282.7974683544
 31
0.0
  0
LINE
  5
8AE
330
1F
100
AcDbEntity
  8
0
  6
Continuous
 62
     7
370
    15
100
AcDbLine
 10
-317.3154598752
 20
282.7974683544
 30
0.0
 11
-324.5559662043
 21
282.7974683544
 31
0.0
  0
LINE
  5
8AF
330
1F
100
AcDbEntity
  8
0
  6
Continuous
 62
     7
370
    15
100
AcDbLine
 10
-324.5559662043
 20
282.7974683544
 30
0.0
 11
-324.5559662043
 21
311.2025316456
 31
0.0
  0
LINE
  5
8B0
330
1F
100
AcDbEntity
  8
0
  6
Continuous
 62
     7
370
    15
100
AcDbLine
 10
-324.5559662043
 20
311.2025316456
 30
0.0
 11
-317.3154598752
 21
311.2025316456
 31
0.0
  0
LINE
  5
8B1
330
1F
100
AcDbEntity
  8
0
  6
Continuous
 62
     7
370
    15
100
AcDbLine
 10
-317.3154598752
 20
311.2025316456
 30
0.0
 11
-317.3154598752
 21
319.0
 31
0.0
  0
LINE
  5
8B2
330
1F
100
AcDbEntity
  8
0
  6
Continuous
 62
     7
370
    15
100
AcDbLine
 10
-317.3154598752
 20
319.0
 30
0.0
 11
-342.9357130397
 21
319.0
 31
0.0
  0
LINE
  5
8B3
330
1F
100
AcDbEntity
  8
0
  6
Continuous
 62
     7
370
    15
100
AcDbLine
 10
-342.9357130397
 20
319.0
 30
0.0
 11
-342.9357130397
 21
311.2025316456
 31
0.0
  0
LINE
  5
8B4
330
1F
100
AcDbEntity
  8
0
  6
Continuous
 62
     7
370
    15
100
AcDbLine
 10
-342.9357130397
 20
311.2025316456
 30
0.0
 11
-335.6952067106
 21
311.2025316456
 31
0.0
  0
LINE
  5
8B5
330
1F
100
AcDbEntity
  8
0
  6
Continuous
 62
     7
370
    15
100
AcDbLine
 10
-335.6952067106
 20
311.2025316456
 30
0.0
 11
-335.6952067106
 21
282.7974683544
 31
0.0
  0
LINE
  5
8B6
330
1F
100
AcDbEntity
  8
0
  6
Continuous
 62
     7
370
    15
100
AcDbLine
 10
-335.6952067106
 20
282.7974683544
 30
0.0
 11
-342.9357130397
 21
282.7974683544
 31
0.0
  0
LINE
  5
8B7
330
1F
100
AcDbEntity
  8
0
  6
Continuous
 62
     7
370
    15
100
AcDbLine
 10
-342.9357130397
 20
282.7974683544
 30
0.0
 11
-342.9357130397
 21
275.0
 31
0.0
  0
LINE
  5
8B8
330
1F
100
AcDbEntity
  8
0
  6
Continuous
 62
     7
370
    15
100
AcDbLine
 10
-342.9357130397
 20
275.0
 30
0.0
 11
-317.3154598752
 21
275.0
 31
0.0
  0
LINE
  5
8B9
330
1F
100
AcDbEntity
  8
0
  6
Continuous
 62
     7
370
    15
100
AcDbLine
 10
-192.5650839369
 20
-113.2025316456
 30
0.0
 11
-185.3245776078
 21
-113.2025316456
 31
0.0
  0
LINE
  5
8BA
330
1F
100
AcDbEntity
  8
0
  6
Continuous
 62
     7
370
    15
100
AcDbLine
 10
-192.5650839369
 20
-84.7974683544
 30
0.0
 11
-192.5650839369
 21
-113.2025316456
 31
0.0
  0
LINE
  5
8BB
330
1F
100
AcDbEntity
  8
0
  6
Continuous
 62
     7
370
    15
100
AcDbLine
 10
-185.3245776078
 20
-84.7974683544
 30
0.0
 11
-192.5650839369
 21
-84.7974683544
 31
0.0
  0
LINE
  5
8BC
330
1F
100
AcDbEntity
  8
0
  6
Continuous
 62
     7
370
    15
100
AcDbLine
 10
-185.3245776078
 20
-77.0
 30
0.0
 11
-185.3245776078
 21
-84.7974683544
 31
0.0
  0
LINE
  5
8BD
330
1F
100
AcDbEntity
  8
0
  6
Continuous
 62
     7
370
    15
100
AcDbLine
 10
-210.9448307724
 20
-77.0
 30
0.0
 11
-185.3245776078
 21
-77.0
 31
0.0
  0
LINE
  5
8BE
330
1F
100
AcDbEntity
  8
0
  6
Continuous
 62
     7
370
    15
100
AcDbLine
 10
-210.9448307724
 20
-84.7974683544
 30
0.0
 11
-210.9448307724
 21
-77.0
 31
0.0
  0
LINE
  5
8BF
330
1F
100
AcDbEntity
  8
0
  6
Continuous
 62
     7
370
    15
100
AcDbLine
 10
-203.7043244433
 20
-84.7974683544
 30
0.0
 11
-210.9448307724
 21
-84.7974683544
 31
0.0
  0
LINE
  5
8C0
330
1F
100
AcDbEntity
  8
0
  6
Continuous
 62
     7
370
    15
100
AcDbLine
 10
-203.7043244433
 20
-113.2025316456
 30
0.0
 11
-203.7043244433
 21
-84.7974683544
 31
0.0
  0
LINE
  5
8C1
330
1F
100
AcDbEntity
  8
0
  6
Continuous
 62
     7
370
    15
100
AcDbLine
 10
-210.9448307724
 20
-113.2025316456
 30
0.0
 11
-203.7043244433
 21
-113.2025316456
 31
0.0
  0
LINE
  5
8C2
330
1F
100
AcDbEntity
  8
0
  6
Continuous
 62
     7
370
    15
100
AcDbLine
 10
-210.9448307724
 20
-121.0
 30
0.0
 11
-210.9448307724
 21
-113.2025316456
 31
0.0
  0
LINE
  5
8C3
330
1F
100
AcDbEntity
  8
0
  6
Continuous
 62
     7
370
    15
100
AcDbLine
 10
-185.3245776078
 20
-121.0
 30
0.0
 11
-210.9448307724
 21
-121.0
 31
0.0
  0
LINE
  5
8C4
330
1F
100
AcDbEntity
  8
0
  6
Continuous
 62
     7
370
    15
100
AcDbLine
 10
-185.3245776078
 20
-113.2025316456
 30
0.0
 11
-185.3245776078
 21
-121.0
 31
0.0
  0
LINE
  5
8C5
330
1F
100
AcDbEntity
  8
0
  6
Continuous
 62
     7
370
    15
100
AcDbLine
 10
-49.0126582278
 20
-88.6962025316
 30
0.0
 11
-50.2571202532
 21
-88.6962025316
 31
0.0
  0
LINE
  5
8C6
330
1F
100
AcDbEntity
  8
0
  6
Continuous
 62
     7
370
    15
100
AcDbLine
 10
-49.0126582278
 20
-78.7753164557
 30
0.0
 11
-49.0126582278
 21
-88.6962025316
 31
0.0
  0
LINE
  5
8C7
330
1F
100
AcDbEntity
  8
0
  6
Continuous
 62
     7
370
    15
100
AcDbLine
 10
-85.2151898734
 20
-108.1898734177
 30
0.0
 11
-83.9620253165
 21
-108.1898734177
 31
0.0
  0
LINE
  5
8C8
330
1F
100
AcDbEntity
  8
0
  6
Continuous
 62
     7
370
    15
100
AcDbLine
 10
-85.2151898734
 20
-118.7199367089
 30
0.0
 11
-85.2151898734
 21
-108.1898734177
 31
0.0
  0
LINE
  5
8C9
330
1F
100
AcDbEntity
  8
0
  6
Continuous
 62
     7
370
    15
100
AcDbLine
 10
128.1012658228
 20
-112.6455696203
 30
0.0
 11
148.7088607595
 21
-112.6455696203
 31
0.0
  0
LINE
  5
8CA
330
1F
100
AcDbEntity
  8
0
  6
Continuous
 62
     7
370
    15
100
AcDbLine
 10
128.1012658228
 20
-101.5063291139
 30
0.0
 11
128.1012658228
 21
-112.6455696203
 31
0.0
  0
LINE
  5
8CB
330
1F
100
AcDbEntity
  8
0
  6
Continuous
 62
     7
370
    15
100
AcDbLine
 10
147.0379746835
 20
-101.5063291139
 30
0.0
 11
128.1012658228
 21
-101.5063291139
 31
0.0
  0
LINE
  5
8CC
330
1F
100
AcDbEntity
  8
0
  6
Continuous
 62
     7
370
    15
100
AcDbLine
 10
147.0379746835
 20
-93.1518987342
 30
0.0
 11
147.0379746835
 21
-101.5063291139
 31
0.0
  0
LINE
  5
8CD
330
1F
100
AcDbEntity
  8
0
  6
Continuous
 62
     7
370
    15
100
AcDbLine
 10
128.1012658228
 20
-93.1518987342
 30
0.0
 11
147.0379746835
 21
-93.1518987342
 31
0.0
  0
LINE
  5
8CE
330
1F
100
AcDbEntity
  8
0
  6
Continuous
 62
     7
370
    15
100
AcDbLine
 10
128.1012658228
 20
-85.3544303797
 30
0.0
 11
128.1012658228
 21
-93.1518987342
 31
0.0
  0
LINE
  5
8CF
330
1F
100
AcDbEntity
  8
0
  6
Continuous
 62
     7
370
    15
100
AcDbLine
 10
148.7088607595
 20
-85.3544303797
 30
0.0
 11
128.1012658228
 21
-85.3544303797
 31
0.0
  0
LINE
  5
8D0
330
1F
100
AcDbEntity
  8
0
  6
Continuous
 62
     7
370
    15
100
AcDbLine
 10
148.7088607595
 20
-77.0
 30
0.0
 11
148.7088607595
 21
-85.3544303797
 31
0.0
  0
LINE
  5
8D1
330
1F
100
AcDbEntity
  8
0
  6
Continuous
 62
     7
370
    15
100
AcDbLine
 10
116.9620253165
 20
-77.0
 30
0.0
 11
148.7088607595
 21
-77.0
 31
0.0
  0
LINE
  5
8D2
330
1F
100
AcDbEntity
  8
0
  6
Continuous
 62
     7
370
    15
100
AcDbLine
 10
116.9620253165
 20
-121.0
 30
0.0
 11
116.9620253165
 21
-77.0
 31
0.0
  0
LINE
  5
8D3
330
1F
100
AcDbEntity
  8
0
  6
Continuous
 62
     7
370
    15
100
AcDbLine
 10
148.7088607595
 20
-121.0
 30
0.0
 11
116.9620253165
 21
-121.0
 31
0.0
  0
LINE
  5
8D4
330
1F
100
AcDbEntity
  8
0
  6
Continuous
 62
     7
370
    15
100
AcDbLine
 10
148.7088607595
 20
-112.6455696203
 30
0.0
 11
148.7088607595
 21
-121.0
 31
0.0
  0
LINE
  5
8D5
330
1F
100
AcDbEntity
  8
0
  6
Continuous
 62
     7
370
    15
100
AcDbLine
 10
-283.4936708861
 20
-143.0
 30
0.0
 11
-244.5063291139
 21
-143.0
 31
0.0
  0
LINE
  5
8D6
330
1F
100
AcDbEntity
  8
0
  6
Continuous
 62
     7
370
    15
100
AcDbLine
 10
-283.4936708861
 20
-151.3544303797
 30
0.0
 11
-283.4936708861
 21
-143.0
 31
0.0
  0
LINE
  5
8D7
330
1F
100
AcDbEntity
  8
0
  6
Continuous
 62
     7
370
    15
100
AcDbLine
 10
-269.5696202532
 20
-151.3544303797
 30
0.0
 11
-283.4936708861
 21
-151.3544303797
 31
0.0
  0
LINE
  5
8D8
330
1F
100
AcDbEntity
  8
0
  6
Continuous
 62
     7
370
    15
100
AcDbLine
 10
-269.5696202532
 20
-187.0
 30
0.0
 11
-269.5696202532
 21
-151.3544303797
 31
0.0
  0
LINE
  5
8D9
330
1F
100
AcDbEntity
  8
0
  6
Continuous
 62
     7
370
    15
100
AcDbLine
 10
-258.4303797468
 20
-187.0
 30
0.0
 11
-269.5696202532
 21
-187.0
 31
0.0
  0
LINE
  5
8DA
330
1F
100
AcDbEntity
  8
0
  6
Continuous
 62
     7
370
    15
100
AcDbLine
 10
-258.4303797468
 20
-151.3544303797
 30
0.0
 11
-258.4303797468
 21
-187.0
 31
0.0
  0
LINE
  5
8DB
330
1F
100
AcDbEntity
  8
0
  6
Continuous
 62
     7
370
    15
100
AcDbLine
 10
-244.5063291139
 20
-151.3544303797
 30
0.0
 11
-258.4303797468
 21
-151.3544303797
 31
0.0
  0
LINE
  5
8DC
330
1F
100
AcDbEntity
  8
0
  6
Continuous
 62
     7
370
    15
100
AcDbLine
 10
-244.5063291139
 20
-143.0
 30
0.0
 11
-244.5063291139
 21
-151.3544303797
 31
0.0
  0
LINE
  5
8DD
330
1F
100
AcDbEntity
  8
0
  6
Continuous
 62
     7
370
    15
100
AcDbLine
 10
352.2808736467
 20
-77.0
 30
0.0
 11
336.8512850391
 21
-98.3734177215
 31
0.0
  0
LINE
  5
8DE
330
1F
100
AcDbEntity
  8
0
  6
Continuous
 62
     7
370
    15
100
AcDbLine
 10
339.8710635202
 20
-77.0
 30
0.0
 11
352.2808736467
 21
-77.0
 31
0.0
  0
LINE
  5
8DF
330
1F
100
AcDbEntity
  8
0
  6
Continuous
 62
     7
370
    15
100
AcDbLine
 10
330.3417913683
 20
-90.7848101266
 30
0.0
 11
339.8710635202
 21
-77.0
 31
0.0
  0
LINE
  5
8E0
330
1F
100
AcDbEntity
  8
0
  6
Continuous
 62
     7
370
    15
100
AcDbLine
 10
321.2128356721
 20
-77.0
 30
0.0
 11
330.3417913683
 21
-90.7848101266
 31
0.0
  0
LINE
  5
8E1
330
1F
100
AcDbEntity
  8
0
  6
Continuous
 62
     7
370
    15
100
AcDbLine
 10
308.2808736467
 20
-77.0
 30
0.0
 11
321.2128356721
 21
-77.0
 31
0.0
  0
LINE
  5
8E2
330
1F
100
AcDbEntity
  8
0
  6
Continuous
 62
     7
370
    15
100
AcDbLine
 10
323.4145761784
 20
-98.8346518987
 30
0.0
 11
308.2808736467
 21
-77.0
 31
0.0
  0
LINE
  5
8E3
330
1F
100
AcDbEntity
  8
0
  6
Continuous
 62
     7
370
    15
100
AcDbLine
 10
307.7239116214
 20
-121.0
 30
0.0
 11
323.4145761784
 21
-98.8346518987
 31
0.0
  0
LINE
  5
8E4
330
1F
100
AcDbEntity
  8
0
  6
Continuous
 62
     7
370
    15
100
AcDbLine
 10
320.0989116214
 20
-121.0
 30
0.0
 11
307.7239116214
 21
-121.0
 31
0.0
  0
LINE
  5
8E5
330
1F
100
AcDbEntity
  8
0
  6
Continuous
 62
     7
370
    15
100
AcDbLine
 10
329.880557191
 20
-106.4754746835
 30
0.0
 11
320.0989116214
 21
-121.0
 31
0.0
  0
LINE
  5
8E6
330
1F
100
AcDbEntity
  8
0
  6
Continuous
 62
     7
370
    15
100
AcDbLine
 10
339.3141014948
 20
-121.0
 30
0.0
 11
329.880557191
 21
-106.4754746835
 31
0.0
  0
LINE
  5
8E7
330
1F
100
AcDbEntity
  8
0
  6
Continuous
 62
     7
370
    15
100
AcDbLine
 10
352.2808736467
 20
-121.0
 30
0.0
 11
339.3141014948
 21
-121.0
 31
0.0
  0
LINE
  5
8E8
330
1F
100
AcDbEntity
  8
0
  6
Continuous
 62
     7
370
    15
100
AcDbLine
 10
336.8512850391
 20
-98.3734177215
 30
0.0
 11
352.2808736467
 21
-121.0
 31
0.0
  0
LINE
  5
8E9
330
1F
100
AcDbEntity
  8
0
  6
Continuous
 62
     7
370
    15
100
AcDbLine
 10
-202.6973349339
 20
-46.6455696203
 30
0.0
 11
-179.4876830352
 21
-46.6455696203
 31
0.0
  0
LINE
  5
8EA
330
1F
100
AcDbEntity
  8
0
  6
Continuous
 62
     7
370
    15
100
AcDbLine
 10
-180.6016070858
 20
-19.3544303797
 30
0.0
 11
-202.6973349339
 21
-46.6455696203
 31
0.0
  0
LINE
  5
8EB
330
1F
100
AcDbEntity
  8
0
  6
Continuous
 62
     7
370
    15
100
AcDbLine
 10
-180.6016070858
 20
-11.0
 30
0.0
 11
-180.6016070858
 21
-19.3544303797
 31
0.0
  0
LINE
  5
8EC
330
1F
100
AcDbEntity
  8
0
  6
Continuous
 62
     7
370
    15
100
AcDbLine
 10
-215.1332526554
 20
-11.0
 30
0.0
 11
-180.6016070858
 21
-11.0
 31
0.0
  0
LINE
  5
8ED
330
1F
100
AcDbEntity
  8
0
  6
Continuous
 62
     7
370
    15
100
AcDbLine
 10
-215.1332526554
 20
-19.3544303797
 30
0.0
 11
-215.1332526554
 21
-11.0
 31
0.0
  0
LINE
  5
8EE
330
1F
100
AcDbEntity
  8
0
  6
Continuous
 62
     7
370
    15
100
AcDbLine
 10
-194.1601513896
 20
-19.3544303797
 30
0.0
 11
-215.1332526554
 21
-19.3544303797
 31
0.0
  0
LINE
  5
8EF
330
1F
100
AcDbEntity
  8
0
  6
Continuous
 62
     7
370
    15
100
AcDbLine
 10
-216.247176706
 20
-46.6455696203
 30
0.0
 11
-194.1601513896
 21
-19.3544303797
 31
0.0
  0
LINE
  5
8F0
330
1F
100
AcDbEntity
  8
0
  6
Continuous
 62
     7
370
    15
100
AcDbLine
 10
-216.247176706
 20
-55.0
 30
0.0
 11
-216.247176706
 21
-46.6455696203
 31
0.0
  0
LINE
  5
8F1
330
1F
100
AcDbEntity
  8
0
  6
Continuous
 62
     7
370
    15
100
AcDbLine
 10
-179.4876830352
 20
-55.0
 30
0.0
 11
-216.247176706
 21
-55.0
 31
0.0
  0
LINE
  5
8F2
330
1F
100
AcDbEntity
  8
0
  6
Continuous
 62
     7
370
    15
100
AcDbLine
 10
-179.4876830352
 20
-46.6455696203
 30
0.0
 11
-179.4876830352
 21
-55.0
 31
0.0
  0
LINE
  5
8F3
330
1F
100
AcDbEntity
  8
0
  6
Continuous
 62
     7
370
    15
100
AcDbLine
 10
-46.2256969062
 20
-11.0
 30
0.0
 11
-63.0389880454
 21
-31.3639240506
 31
0.0
  0
LINE
  5
8F4
330
1F
100
AcDbEntity
  8
0
  6
Continuous
 62
     7
370
    15
100
AcDbLine
 10
-59.218576653
 20
-11.0
 30
0.0
 11
-46.2256969062
 21
-11.0
 31
0.0
  0
LINE
  5
8F5
330
1F
100
AcDbEntity
  8
0
  6
Continuous
 62
     7
370
    15
100
AcDbLine
 10
-74.6307601973
 20
-31.0158227848
 30
0.0
 11
-59.218576653
 21
-11.0
 31
0.0
  0
LINE
  5
8F6
330
1F
100
AcDbEntity
  8
0
  6
Continuous
 62
     7
370
    15
100
AcDbLine
 10
-74.6307601973
 20
-11.0
 30
0.0
 11
-74.6307601973
 21
-31.0158227848
 31
0.0
  0
LINE
  5
8F7
330
1F
100
AcDbEntity
  8
0
  6
Continuous
 62
     7
370
    15
100
AcDbLine
 10
-85.7700007037
 20
-11.0
 30
0.0
 11
-74.6307601973
 21
-11.0
 31
0.0
  0
LINE
  5
8F8
330
1F
100
AcDbEntity
  8
0
  6
Continuous
 62
     7
370
    15
100
AcDbLine
 10
-85.7700007037
 20
-55.0
 30
0.0
 11
-85.7700007037
 21
-11.0
 31
0.0
  0
LINE
  5
8F9
330
1F
100
AcDbEntity
  8
0
  6
Continuous
 62
     7
370
    15
100
AcDbLine
 10
-74.6307601973
 20
-55.0
 30
0.0
 11
-85.7700007037
 21
-55.0
 31
0.0
  0
LINE
  5
8FA
330
1F
100
AcDbEntity
  8
0
  6
Continuous
 62
     7
370
    15
100
AcDbLine
 10
-74.6307601973
 20
-40.8409810127
 30
0.0
 11
-74.6307601973
 21
-55.0
 31
0.0
  0
LINE
  5
8FB
330
1F
100
AcDbEntity
  8
0
  6
Continuous
 62
     7
370
    15
100
AcDbLine
 10
-72.0200007037
 20
-37.5775316456
 30
0.0
 11
-74.6307601973
 21
-40.8409810127
 31
0.0
  0
LINE
  5
8FC
330
1F
100
AcDbEntity
  8
0
  6
Continuous
 62
     7
370
    15
100
AcDbLine
 10
-59.09674121
 20
-55.0
 30
0.0
 11
-72.0200007037
 21
-37.5775316456
 31
0.0
  0
LINE
  5
8FD
330
1F
100
AcDbEntity
  8
0
  6
Continuous
 62
     7
370
    15
100
AcDbLine
 10
-45.1117728556
 20
-55.0
 30
0.0
 11
-59.09674121
 21
-55.0
 31
0.0
  0
LINE
  5
8FE
330
1F
100
AcDbEntity
  8
0
  6
Continuous
 62
     7
370
    15
100
AcDbLine
 10
-63.0389880454
 20
-31.3639240506
 30
0.0
 11
-45.1117728556
 21
-55.0
 31
0.0
  0
LINE
  5
8FF
330
1F
100
AcDbEntity
  8
0
  6
Continuous
 62
     7
370
    15
100
AcDbLine
 10
347.5443037975
 20
-22.6962025316
 30
0.0
 11
346.2998417721
 21
-22.6962025316
 31
0.0
  0
LINE
  5
900
330
1F
100
AcDbEntity
  8
0
  6
Continuous
 62
     7
370
    15
100
AcDbLine
 10
347.5443037975
 20
-12.7753164557
 30
0.0
 11
347.5443037975
 21
-22.6962025316
 31
0.0
  0
LINE
  5
901
330
1F
100
AcDbEntity
  8
0
  6
Continuous
 62
     7
370
    15
100
AcDbLine
 10
311.3417721519
 20
-42.1898734177
 30
0.0
 11
312.5949367089
 21
-42.1898734177
 31
0.0
  0
LINE
  5
902
330
1F
100
AcDbEntity
  8
0
  6
Continuous
 62
     7
370
    15
100
AcDbLine
 10
311.3417721519
 20
-52.7199367089
 30
0.0
 11
311.3417721519
 21
-42.1898734177
 31
0.0
  0
LINE
  5
903
330
1F
100
AcDbEntity
  8
0
  6
Continuous
 62
     7
370
    15
100
AcDbLine
 10
177.1357608198
 20
-11.0
 30
0.0
 11
195.7678810729
 21
-11.0
 31
0.0
  0
LINE
  5
904
330
1F
100
AcDbEntity
  8
0
  6
Continuous
 62
     7
370
    15
100
AcDbLine
 10
177.1357608198
 20
-18.7974683544
 30
0.0
 11
177.1357608198
 21
-11.0
 31
0.0
  0
LINE
  5
905
330
1F
100
AcDbEntity
  8
0
  6
Continuous
 62
     7
370
    15
100
AcDbLine
 10
192.2085456299
 20
-18.7974683544
 30
0.0
 11
177.1357608198
 21
-18.7974683544
 31
0.0
  0
LINE
  5
906
330
1F
100
AcDbEntity
  8
0
  6
Continuous
 62
     7
370
    15
100
AcDbLine
 10
177.1357608198
 20
-31.0506329114
 30
0.0
 11
191.6080709464
 21
-31.0506329114
 31
0.0
  0
LINE
  5
907
330
1F
100
AcDbEntity
  8
0
  6
Continuous
 62
     7
370
    15
100
AcDbLine
 10
177.1357608198
 20
-55.0
 30
0.0
 11
177.1357608198
 21
-31.0506329114
 31
0.0
  0
LINE
  5
908
330
1F
100
AcDbEntity
  8
0
  6
Continuous
 62
     7
370
    15
100
AcDbLine
 10
188.2750013261
 20
-55.0
 30
0.0
 11
177.1357608198
 21
-55.0
 31
0.0
  0
LINE
  5
909
330
1F
100
AcDbEntity
  8
0
  6
Continuous
 62
     7
370
    15
100
AcDbLine
 10
188.2750013261
 20
-38.8481012658
 30
0.0
 11
188.2750013261
 21
-55.0
 31
0.0
  0
LINE
  5
90A
330
1F
100
AcDbEntity
  8
0
  6
Continuous
 62
     7
370
    15
100
AcDbLine
 10
193.0613937312
 20
-38.8481012658
 30
0.0
 11
188.2750013261
 21
-38.8481012658
 31
0.0
  0
LINE
  5
90B
330
1F
100
AcDbEntity
  8
0
  6
Continuous
 62
     7
370
    15
100
AcDbLine
 10
204.8707291742
 20
-55.0
 30
0.0
 11
193.0613937312
 21
-38.8481012658
 31
0.0
  0
LINE
  5
90C
330
1F
100
AcDbEntity
  8
0
  6
Continuous
 62
     7
370
    15
100
AcDbLine
 10
218.9079127185
 20
-55.0
 30
0.0
 11
204.8707291742
 21
-55.0
 31
0.0
  0
LINE
  5
90D
330
1F
100
AcDbEntity
  8
0
  6
Continuous
 62
     7
370
    15
100
AcDbLine
 10
204.4269000603
 20
-36.1329113924
 30
0.0
 11
218.9079127185
 21
-55.0
 31
0.0
  0
LINE
  5
90E
330
1F
100
AcDbEntity
  8
0
  6
Continuous
 62
     7
370
    15
100
AcDbLine
 10
62.1012658228
 20
-46.6455696203
 30
0.0
 11
82.7088607595
 21
-46.6455696203
 31
0.0
  0
LINE
  5
90F
330
1F
100
AcDbEntity
  8
0
  6
Continuous
 62
     7
370
    15
100
AcDbLine
 10
62.1012658228
 20
-35.5063291139
 30
0.0
 11
62.1012658228
 21
-46.6455696203
 31
0.0
  0
LINE
  5
910
330
1F
100
AcDbEntity
  8
0
  6
Continuous
 62
     7
370
    15
100
AcDbLine
 10
81.0379746835
 20
-35.5063291139
 30
0.0
 11
62.1012658228
 21
-35.5063291139
 31
0.0
  0
LINE
  5
911
330
1F
100
AcDbEntity
  8
0
  6
Continuous
 62
     7
370
    15
100
AcDbLine
 10
81.0379746835
 20
-27.1518987342
 30
0.0
 11
81.0379746835
 21
-35.5063291139
 31
0.0
  0
LINE
  5
912
330
1F
100
AcDbEntity
  8
0
  6
Continuous
 62
     7
370
    15
100
AcDbLine
 10
62.1012658228
 20
-27.1518987342
 30
0.0
 11
81.0379746835
 21
-27.1518987342
 31
0.0
  0
LINE
  5
913
330
1F
100
AcDbEntity
  8
0
  6
Continuous
 62
     7
370
    15
100
AcDbLine
 10
62.1012658228
 20
-19.3544303797
 30
0.0
 11
62.1012658228
 21
-27.1518987342
 31
0.0
  0
LINE
  5
914
330
1F
100
AcDbEntity
  8
0
  6
Continuous
 62
     7
370
    15
100
AcDbLine
 10
82.7088607595
 20
-19.3544303797
 30
0.0
 11
62.1012658228
 21
-19.3544303797
 31
0.0
  0
LINE
  5
915
330
1F
100
AcDbEntity
  8
0
  6
Continuous
 62
     7
370
    15
100
AcDbLine
 10
82.7088607595
 20
-11.0
 30
0.0
 11
82.7088607595
 21
-19.3544303797
 31
0.0
  0
LINE
  5
916
330
1F
100
AcDbEntity
  8
0
  6
Continuous
 62
     7
370
    15
100
AcDbLine
 10
50.9620253165
 20
-11.0
 30
0.0
 11
82.7088607595
 21
-11.0
 31
0.0
  0
LINE
  5
917
330
1F
100
AcDbEntity
  8
0
  6
Continuous
 62
     7
370
    15
100
AcDbLine
 10
50.9620253165
 20
-55.0
 30
0.0
 11
50.9620253165
 21
-11.0
 31
0.0
  0
LINE
  5
918
330
1F
100
AcDbEntity
  8
0
  6
Continuous
 62
     7
370
    15
100
AcDbLine
 10
82.7088607595
 20
-55.0
 30
0.0
 11
50.9620253165
 21
-55.0
 31
0.0
  0
LINE
  5
919
330
1F
100
AcDbEntity
  8
0
  6
Continuous
 62
     7
370
    15
100
AcDbLine
 10
82.7088607595
 20
-46.6455696203
 30
0.0
 11
82.7088607595
 21
-55.0
 31
0.0
  0
LINE
  5
91A
330
1F
100
AcDbEntity
  8
0
  6
Continuous
 62
     7
370
    15
100
AcDbLine
 10
-333.8987341772
 20
-310.6455696203
 30
0.0
 11
-313.2911392405
 21
-310.6455696203
 31
0.0
  0
LINE
  5
91B
330
1F
100
AcDbEntity
  8
0
  6
Continuous
 62
     7
370
    15
100
AcDbLine
 10
-333.8987341772
 20
-299.5063291139
 30
0.0
 11
-333.8987341772
 21
-310.6455696203
 31
0.0
  0
LINE
  5
91C
330
1F
100
AcDbEntity
  8
0
  6
Continuous
 62
     7
370
    15
100
AcDbLine
 10
-314.9620253165
 20
-299.5063291139
 30
0.0
 11
-333.8987341772
 21
-299.5063291139
 31
0.0
  0
LINE
  5
91D
330
1F
100
AcDbEntity
  8
0
  6
Continuous
 62
     7
370
    15
100
AcDbLine
 10
-314.9620253165
 20
-291.1518987342
 30
0.0
 11
-314.9620253165
 21
-299.5063291139
 31
0.0
  0
LINE
  5
91E
330
1F
100
AcDbEntity
  8
0
  6
Continuous
 62
     7
370
    15
100
AcDbLine
 10
-333.8987341772
 20
-291.1518987342
 30
0.0
 11
-314.9620253165
 21
-291.1518987342
 31
0.0
  0
LINE
  5
91F
330
1F
100
AcDbEntity
  8
0
  6
Continuous
 62
     7
370
    15
100
AcDbLine
 10
-333.8987341772
 20
-283.3544303797
 30
0.0
 11
-333.8987341772
 21
-291.1518987342
 31
0.0
  0
LINE
  5
920
330
1F
100
AcDbEntity
  8
0
  6
Continuous
 62
     7
370
    15
100
AcDbLine
 10
-313.2911392405
 20
-283.3544303797
 30
0.0
 11
-333.8987341772
 21
-283.3544303797
 31
0.0
  0
LINE
  5
921
330
1F
100
AcDbEntity
  8
0
  6
Continuous
 62
     7
370
    15
100
AcDbLine
 10
-313.2911392405
 20
-275.0
 30
0.0
 11
-313.2911392405
 21
-283.3544303797
 31
0.0
  0
LINE
  5
922
330
1F
100
AcDbEntity
  8
0
  6
Continuous
 62
     7
370
    15
100
AcDbLine
 10
-345.0379746835
 20
-275.0
 30
0.0
 11
-313.2911392405
 21
-275.0
 31
0.0
  0
LINE
  5
923
330
1F
100
AcDbEntity
  8
0
  6
Continuous
 62
     7
370
    15
100
AcDbLine
 10
-345.0379746835
 20
-319.0
 30
0.0
 11
-345.0379746835
 21
-275.0
 31
0.0
  0
LINE
  5
924
330
1F
100
AcDbEntity
  8
0
  6
Continuous
 62
     7
370
    15
100
AcDbLine
 10
-313.2911392405
 20
-319.0
 30
0.0
 11
-345.0379746835
 21
-319.0
 31
0.0
  0
LINE
  5
925
330
1F
100
AcDbEntity
  8
0
  6
Continuous
 62
     7
370
    15
100
AcDbLine
 10
-313.2911392405
 20
-310.6455696203
 30
0.0
 11
-313.2911392405
 21
-319.0
 31
0.0
  0
LINE
  5
926
330
1F
100
AcDbEntity
  8
0
  6
Continuous
 62
     7
370
    15
100
AcDbLine
 10
-180.4824704897
 20
-286.6962025316
 30
0.0
 11
-181.726932515
 21
-286.6962025316
 31
0.0
  0
LINE
  5
927
330
1F
100
AcDbEntity
  8
0
  6
Continuous
 62
     7
370
    15
100
AcDbLine
 10
-180.4824704897
 20
-276.7753164557
 30
0.0
 11
-180.4824704897
 21
-286.6962025316
 31
0.0
  0
LINE
  5
928
330
1F
100
AcDbEntity
  8
0
  6
Continuous
 62
     7
370
    15
100
AcDbLine
 10
-216.6850021353
 20
-306.1898734177
 30
0.0
 11
-215.4318375783
 21
-306.1898734177
 31
0.0
  0
LINE
  5
929
330
1F
100
AcDbEntity
  8
0
  6
Continuous
 62
     7
370
    15
100
AcDbLine
 10
-216.6850021353
 20
-316.7199367089
 30
0.0
 11
-216.6850021353
 21
-306.1898734177
 31
0.0
  0
LINE
  5
92A
330
1F
100
AcDbEntity
  8
0
  6
Continuous
 62
     7
370
    15
100
AcDbLine
 10
-69.8987341772
 20
-310.6455696203
 30
0.0
 11
-49.2911392405
 21
-310.6455696203
 31
0.0
  0
LINE
  5
92B
330
1F
100
AcDbEntity
  8
0
  6
Continuous
 62
     7
370
    15
100
AcDbLine
 10
-69.8987341772
 20
-299.5063291139
 30
0.0
 11
-69.8987341772
 21
-310.6455696203
 31
0.0
  0
LINE
  5
92C
330
1F
100
AcDbEntity
  8
0
  6
Continuous
 62
     7
370
    15
100
AcDbLine
 10
-50.9620253165
 20
-299.5063291139
 30
0.0
 11
-69.8987341772
 21
-299.5063291139
 31
0.0
  0
LINE
  5
92D
330
1F
100
AcDbEntity
  8
0
  6
Continuous
 62
     7
370
    15
100
AcDbLine
 10
-50.9620253165
 20
-291.1518987342
 30
0.0
 11
-50.9620253165
 21
-299.5063291139
 31
0.0
  0
LINE
  5
92E
330
1F
100
AcDbEntity
  8
0
  6
Continuous
 62
     7
370
    15
100
AcDbLine
 10
-69.8987341772
 20
-291.1518987342
 30
0.0
 11
-50.9620253165
 21
-291.1518987342
 31
0.0
  0
LINE
  5
92F
330
1F
100
AcDbEntity
  8
0
  6
Continuous
 62
     7
370
    15
100
AcDbLine
 10
-69.8987341772
 20
-283.3544303797
 30
0.0
 11
-69.8987341772
 21
-291.1518987342
 31
0.0
  0
LINE
  5
930
330
1F
100
AcDbEntity
  8
0
  6
Continuous
 62
     7
370
    15
100
AcDbLine
 10
-49.2911392405
 20
-283.3544303797
 30
0.0
 11
-69.8987341772
 21
-283.3544303797
 31
0.0
  0
LINE
  5
931
330
1F
100
AcDbEntity
  8
0
  6
Continuous
 62
     7
370
    15
100
AcDbLine
 10
-49.2911392405
 20
-275.0
 30
0.0
 11
-49.2911392405
 21
-283.3544303797
 31
0.0
  0
LINE
  5
932
330
1F
100
AcDbEntity
  8
0
  6
Continuous
 62
     7
370
    15
100
AcDbLine
 10
-81.0379746835
 20
-275.0
 30
0.0
 11
-49.2911392405
 21
-275.0
 31
0.0
  0
LINE
  5
933
330
1F
100
AcDbEntity
  8
0
  6
Continuous
 62
     7
370
    15
100
AcDbLine
 10
-81.0379746835
 20
-319.0
 30
0.0
 11
-81.0379746835
 21
-275.0
 31
0.0
  0
LINE
  5
934
330
1F
100
AcDbEntity
  8
0
  6
Continuous
 62
     7
370
    15
100
AcDbLine
 10
-49.2911392405
 20
-319.0
 30
0.0
 11
-81.0379746835
 21
-319.0
 31
0.0
  0
LINE
  5
935
330
1F
100
AcDbEntity
  8
0
  6
Continuous
 62
     7
370
    15
100
AcDbLine
 10
-49.2911392405
 20
-310.6455696203
 30
0.0
 11
-49.2911392405
 21
-319.0
 31
0.0
  0
LINE
  5
936
330
1F
100
AcDbEntity
  8
0
  6
Continuous
 62
     7
370
    15
100
AcDbLine
 10
71.3620666756
 20
-311.2025316456
 30
0.0
 11
78.6025730048
 21
-311.2025316456
 31
0.0
  0
LINE
  5
937
330
1F
100
AcDbEntity
  8
0
  6
Continuous
 62
     7
370
    15
100
AcDbLine
 10
71.3620666756
 20
-282.7974683544
 30
0.0
 11
71.3620666756
 21
-311.2025316456
 31
0.0
  0
LINE
  5
938
330
1F
100
AcDbEntity
  8
0
  6
Continuous
 62
     7
370
    15
100
AcDbLine
 10
78.6025730048
 20
-282.7974683544
 30
0.0
 11
71.3620666756
 21
-282.7974683544
 31
0.0
  0
LINE
  5
939
330
1F
100
AcDbEntity
  8
0
  6
Continuous
 62
     7
370
    15
100
AcDbLine
 10
78.6025730048
 20
-275.0
 30
0.0
 11
78.6025730048
 21
-282.7974683544
 31
0.0
  0
LINE
  5
93A
330
1F
100
AcDbEntity
  8
0
  6
Continuous
 62
     7
370
    15
100
AcDbLine
 10
52.9823198402
 20
-275.0
 30
0.0
 11
78.6025730048
 21
-275.0
 31
0.0
  0
LINE
  5
93B
330
1F
100
AcDbEntity
  8
0
  6
Continuous
 62
     7
370
    15
100
AcDbLine
 10
52.9823198402
 20
-282.7974683544
 30
0.0
 11
52.9823198402
 21
-275.0
 31
0.0
  0
LINE
  5
93C
330
1F
100
AcDbEntity
  8
0
  6
Continuous
 62
     7
370
    15
100
AcDbLine
 10
60.2228261693
 20
-282.7974683544
 30
0.0
 11
52.9823198402
 21
-282.7974683544
 31
0.0
  0
LINE
  5
93D
330
1F
100
AcDbEntity
  8
0
  6
Continuous
 62
     7
370
    15
100
AcDbLine
 10
60.2228261693
 20
-311.2025316456
 30
0.0
 11
60.2228261693
 21
-282.7974683544
 31
0.0
  0
LINE
  5
93E
330
1F
100
AcDbEntity
  8
0
  6
Continuous
 62
     7
370
    15
100
AcDbLine
 10
52.9823198402
 20
-311.2025316456
 30
0.0
 11
60.2228261693
 21
-311.2025316456
 31
0.0
  0
LINE
  5
93F
330
1F
100
AcDbEntity
  8
0
  6
Continuous
 62
     7
370
    15
100
AcDbLine
 10
52.9823198402
 20
-319.0
 30
0.0
 11
52.9823198402
 21
-311.2025316456
 31
0.0
  0
LINE
  5
940
330
1F
100
AcDbEntity
  8
0
  6
Continuous
 62
     7
370
    15
100
AcDbLine
 10
78.6025730048
 20
-319.0
 30
0.0
 11
52.9823198402
 21
-319.0
 31
0.0
  0
LINE
  5
941
330
1F
100
AcDbEntity
  8
0
  6
Continuous
 62
     7
370
    15
100
AcDbLine
 10
78.6025730048
 20
-311.2025316456
 30
0.0
 11
78.6025730048
 21
-319.0
 31
0.0
  0
LINE
  5
942
330
1F
100
AcDbEntity
  8
0
  6
Continuous
 62
     7
370
    15
100
AcDbLine
 10
180.6124474252
 20
-275.0
 30
0.0
 11
199.2271626151
 21
-275.0
 31
0.0
  0
LINE
  5
943
330
1F
100
AcDbEntity
  8
0
  6
Continuous
 62
     7
370
    15
100
AcDbLine
 10
180.6124474252
 20
-283.3544303797
 30
0.0
 11
180.6124474252
 21
-275.0
 31
0.0
  0
LINE
  5
944
330
1F
100
AcDbEntity
  8
0
  6
Continuous
 62
     7
370
    15
100
AcDbLine
 10
193.7184600835
 20
-283.3544303797
 30
0.0
 11
180.6124474252
 21
-283.3544303797
 31
0.0
  0
LINE
  5
945
330
1F
100
AcDbEntity
  8
0
  6
Continuous
 62
     7
370
    15
100
AcDbLine
 10
180.6124474252
 20
-296.164556962
 30
0.0
 11
195.0325423619
 21
-296.164556962
 31
0.0
  0
LINE
  5
946
330
1F
100
AcDbEntity
  8
0
  6
Continuous
 62
     7
370
    15
100
AcDbLine
 10
180.6124474252
 20
-319.0
 30
0.0
 11
180.6124474252
 21
-296.164556962
 31
0.0
  0
LINE
  5
947
330
1F
100
AcDbEntity
  8
0
  6
Continuous
 62
     7
370
    15
100
AcDbLine
 10
191.7516879316
 20
-319.0
 30
0.0
 11
180.6124474252
 21
-319.0
 31
0.0
  0
LINE
  5
948
330
1F
100
AcDbEntity
  8
0
  6
Continuous
 62
     7
370
    15
100
AcDbLine
 10
191.7516879316
 20
-304.5189873418
 30
0.0
 11
191.7516879316
 21
-319.0
 31
0.0
  0
LINE
  5
949
330
1F
100
AcDbEntity
  8
0
  6
Continuous
 62
     7
370
    15
100
AcDbLine
 10
198.8442512227
 20
-304.5189873418
 30
0.0
 11
191.7516879316
 21
-304.5189873418
 31
0.0
  0
LINE
  5
94A
330
1F
100
AcDbEntity
  8
0
  6
Continuous
 62
     7
370
    15
100
AcDbLine
 10
339.9210660471
 20
-275.0
 30
0.0
 11
352.9400533888
 21
-275.0
 31
0.0
  0
LINE
  5
94B
330
1F
100
AcDbEntity
  8
0
  6
Continuous
 62
     7
370
    15
100
AcDbLine
 10
330.1307179458
 20
-296.9129746835
 30
0.0
 11
339.9210660471
 21
-275.0
 31
0.0
  0
LINE
  5
94C
330
1F
100
AcDbEntity
  8
0
  6
Continuous
 62
     7
370
    15
100
AcDbLine
 10
320.3142622496
 20
-275.0
 30
0.0
 11
330.1307179458
 21
-296.9129746835
 31
0.0
  0
LINE
  5
94D
330
1F
100
AcDbEntity
  8
0
  6
Continuous
 62
     7
370
    15
100
AcDbLine
 10
307.2691673129
 20
-275.0
 30
0.0
 11
320.3142622496
 21
-275.0
 31
0.0
  0
LINE
  5
94E
330
1F
100
AcDbEntity
  8
0
  6
Continuous
 62
     7
370
    15
100
AcDbLine
 10
307.2691673129
 20
-319.0
 30
0.0
 11
307.2691673129
 21
-275.0
 31
0.0
  0
LINE
  5
94F
330
1F
100
AcDbEntity
  8
0
  6
Continuous
 62
     7
370
    15
100
AcDbLine
 10
317.8514457939
 20
-319.0
 30
0.0
 11
307.2691673129
 21
-319.0
 31
0.0
  0
LINE
  5
950
330
1F
100
AcDbEntity
  8
0
  6
Continuous
 62
     7
370
    15
100
AcDbLine
 10
317.8514457939
 20
-289.4375
 30
0.0
 11
317.8514457939
 21
-319.0
 31
0.0
  0
LINE
  5
951
330
1F
100
AcDbEntity
  8
0
  6
Continuous
 62
     7
370
    15
100
AcDbLine
 10
325.9448002243
 20
-308.417721519
 30
0.0
 11
317.8514457939
 21
-289.4375
 31
0.0
  0
LINE
  5
952
330
1F
100
AcDbEntity
  8
0
  6
Continuous
 62
     7
370
    15
100
AcDbLine
 10
333.7074584521
 20
-308.417721519
 30
0.0
 11
325.9448002243
 21
-308.417721519
 31
0.0
  0
LINE
  5
953
330
1F
100
AcDbEntity
  8
0
  6
Continuous
 62
     7
370
    15
100
AcDbLine
 10
341.8008128825
 20
-289.4375
 30
0.0
 11
333.7074584521
 21
-308.417721519
 31
0.0
  0
LINE
  5
954
330
1F
100
AcDbEntity
  8
0
  6
Continuous
 62
     7
370
    15
100
AcDbLine
 10
341.8008128825
 20
-319.0
 30
0.0
 11
341.8008128825
 21
-289.4375
 31
0.0
  0
LINE
  5
955
330
1F
100
AcDbEntity
  8
0
  6
Continuous
 62
     7
370
    15
100
AcDbLine
 10
352.9400533888
 20
-319.0
 30
0.0
 11
341.8008128825
 21
-319.0
 31
0.0
  0
LINE
  5
956
330
1F
100
AcDbEntity
  8
0
  6
Continuous
 62
     7
370
    15
100
AcDbLine
 10
352.9400533888
 20
-275.0
 30
0.0
 11
352.9400533888
 21
-319.0
 31
0.0
  0
LINE
  5
957
330
1F
100
AcDbEntity
  8
0
  6
Continuous
 62
     7
370
    15
100
AcDbLine
 10
273.8343156275
 20
-143.0
 30
0.0
 11
286.8533029693
 21
-143.0
 31
0.0
  0
LINE
  5
958
330
1F
100
AcDbEntity
  8
0
  6
Continuous
 62
     7
370
    15
100
AcDbLine
 10
264.0439675262
 20
-164.9129746835
 30
0.0
 11
273.8343156275
 21
-143.0
 31
0.0
  0
LINE
  5
959
330
1F
100
AcDbEntity
  8
0
  6
Continuous
 62
     7
370
    15
100
AcDbLine
 10
254.22751183
 20
-143.0
 30
0.0
 11
264.0439675262
 21
-164.9129746835
 31
0.0
  0
LINE
  5
95A
330
1F
100
AcDbEntity
  8
0
  6
Continuous
 62
     7
370
    15
100
AcDbLine
 10
241.1824168933
 20
-143.0
 30
0.0
 11
254.22751183
 21
-143.0
 31
0.0
  0
LINE
  5
95B
330
1F
100
AcDbEntity
  8
0
  6
Continuous
 62
     7
370
    15
100
AcDbLine
 10
241.1824168933
 20
-187.0
 30
0.0
 11
241.1824168933
 21
-143.0
 31
0.0
  0
LINE
  5
95C
330
1F
100
AcDbEntity
  8
0
  6
Continuous
 62
     7
370
    15
100
AcDbLine
 10
251.7646953743
 20
-187.0
 30
0.0
 11
241.1824168933
 21
-187.0
 31
0.0
  0
LINE
  5
95D
330
1F
100
AcDbEntity
  8
0
  6
Continuous
 62
     7
370
    15
100
AcDbLine
 10
251.7646953743
 20
-157.4375
 30
0.0
 11
251.7646953743
 21
-187.0
 31
0.0
  0
LINE
  5
95E
330
1F
100
AcDbEntity
  8
0
  6
Continuous
 62
     7
370
    15
100
AcDbLine
 10
259.8580498047
 20
-176.417721519
 30
0.0
 11
251.7646953743
 21
-157.4375
 31
0.0
  0
LINE
  5
95F
330
1F
100
AcDbEntity
  8
0
  6
Continuous
 62
     7
370
    15
100
AcDbLine
 10
267.6207080325
 20
-176.417721519
 30
0.0
 11
259.8580498047
 21
-176.417721519
 31
0.0
  0
LINE
  5
960
330
1F
100
AcDbEntity
  8
0
  6
Continuous
 62
     7
370
    15
100
AcDbLine
 10
275.7140624629
 20
-157.4375
 30
0.0
 11
267.6207080325
 21
-176.417721519
 31
0.0
  0
LINE
  5
961
330
1F
100
AcDbEntity
  8
0
  6
Continuous
 62
     7
370
    15
100
AcDbLine
 10
275.7140624629
 20
-187.0
 30
0.0
 11
275.7140624629
 21
-157.4375
 31
0.0
  0
LINE
  5
962
330
1F
100
AcDbEntity
  8
0
  6
Continuous
 62
     7
370
    15
100
AcDbLine
 10
286.8533029693
 20
-187.0
 30
0.0
 11
275.7140624629
 21
-187.0
 31
0.0
  0
LINE
  5
963
330
1F
100
AcDbEntity
  8
0
  6
Continuous
 62
     7
370
    15
100
AcDbLine
 10
286.8533029693
 20
-143.0
 30
0.0
 11
286.8533029693
 21
-187.0
 31
0.0
  0
LINE
  5
964
330
1F
100
AcDbEntity
  8
0
  6
Continuous
 62
     7
370
    15
100
AcDbLine
 10
-329.7444354833
 20
-240.2943037975
 30
0.0
 11
-319.0229164959
 21
-209.0
 31
0.0
  0
LINE
  5
965
330
1F
100
AcDbEntity
  8
0
  6
Continuous
 62
     7
370
    15
100
AcDbLine
 10
-340.4659544706
 20
-209.0
 30
0.0
 11
-329.7444354833
 21
-240.2943037975
 31
0.0
  0
LINE
  5
966
330
1F
100
AcDbEntity
  8
0
  6
Continuous
 62
     7
370
    15
100
AcDbLine
 10
-352.3188025719
 20
-209.0
 30
0.0
 11
-340.4659544706
 21
-209.0
 31
0.0
  0
LINE
  5
967
330
1F
100
AcDbEntity
  8
0
  6
Continuous
 62
     7
370
    15
100
AcDbLine
 10
-336.3583595339
 20
-253.0
 30
0.0
 11
-352.3188025719
 21
-209.0
 31
0.0
  0
LINE
  5
968
330
1F
100
AcDbEntity
  8
0
  6
Continuous
 62
     7
370
    15
100
AcDbLine
 10
-323.7222835845
 20
-253.0
 30
0.0
 11
-336.3583595339
 21
-253.0
 31
0.0
  0
LINE
  5
969
330
1F
100
AcDbEntity
  8
0
  6
Continuous
 62
     7
370
    15
100
AcDbLine
 10
-307.7618405466
 20
-209.0
 30
0.0
 11
-323.7222835845
 21
-253.0
 31
0.0
  0
LINE
  5
96A
330
1F
100
AcDbEntity
  8
0
  6
Continuous
 62
     7
370
    15
100
AcDbLine
 10
-319.0229164959
 20
-209.0
 30
0.0
 11
-307.7618405466
 21
-209.0
 31
0.0
  0
LINE
  5
96B
330
1F
100
AcDbEntity
  8
0
  6
Continuous
 62
     7
370
    15
100
AcDbLine
 10
45.3316829154
 20
-143.0
 30
0.0
 11
63.9638031685
 21
-143.0
 31
0.0
  0
LINE
  5
96C
330
1F
100
AcDbEntity
  8
0
  6
Continuous
 62
     7
370
    15
100
AcDbLine
 10
45.3316829154
 20
-150.7974683544
 30
0.0
 11
45.3316829154
 21
-143.0
 31
0.0
  0
LINE
  5
96D
330
1F
100
AcDbEntity
  8
0
  6
Continuous
 62
     7
370
    15
100
AcDbLine
 10
60.4044677255
 20
-150.7974683544
 30
0.0
 11
45.3316829154
 21
-150.7974683544
 31
0.0
  0
LINE
  5
96E
330
1F
100
AcDbEntity
  8
0
  6
Continuous
 62
     7
370
    15
100
AcDbLine
 10
45.3316829154
 20
-163.0506329114
 30
0.0
 11
59.803993042
 21
-163.0506329114
 31
0.0
  0
LINE
  5
96F
330
1F
100
AcDbEntity
  8
0
  6
Continuous
 62
     7
370
    15
100
AcDbLine
 10
45.3316829154
 20
-187.0
 30
0.0
 11
45.3316829154
 21
-163.0506329114
 31
0.0
  0
LINE
  5
970
330
1F
100
AcDbEntity
  8
0
  6
Continuous
 62
     7
370
    15
100
AcDbLine
 10
56.4709234217
 20
-187.0
 30
0.0
 11
45.3316829154
 21
-187.0
 31
0.0
  0
LINE
  5
971
330
1F
100
AcDbEntity
  8
0
  6
Continuous
 62
     7
370
    15
100
AcDbLine
 10
56.4709234217
 20
-170.8481012658
 30
0.0
 11
56.4709234217
 21
-187.0
 31
0.0
  0
LINE
  5
972
330
1F
100
AcDbEntity
  8
0
  6
Continuous
 62
     7
370
    15
100
AcDbLine
 10
61.2573158268
 20
-170.8481012658
 30
0.0
 11
56.4709234217
 21
-170.8481012658
 31
0.0
  0
LINE
  5
973
330
1F
100
AcDbEntity
  8
0
  6
Continuous
 62
     7
370
    15
100
AcDbLine
 10
73.0666512698
 20
-187.0
 30
0.0
 11
61.2573158268
 21
-170.8481012658
 31
0.0
  0
LINE
  5
974
330
1F
100
AcDbEntity
  8
0
  6
Continuous
 62
     7
370
    15
100
AcDbLine
 10
87.1038348141
 20
-187.0
 30
0.0
 11
73.0666512698
 21
-187.0
 31
0.0
  0
LINE
  5
975
330
1F
100
AcDbEntity
  8
0
  6
Continuous
 62
     7
370
    15
100
AcDbLine
 10
72.6228221559
 20
-168.1329113924
 30
0.0
 11
87.1038348141
 21
-187.0
 31
0.0
  0
LINE
  5
976
330
1F
100
AcDbEntity
  8
0
  6
Continuous
 62
     7
370
    15
100
AcDbLine
 10
-11.0109061057
 20
-187.0
 30
0.0
 11
-7.9302099032
 21
-178.0886075949
 31
0.0
  0
LINE
  5
977
330
1F
100
AcDbEntity
  8
0
  6
Continuous
 62
     7
370
    15
100
AcDbLine
 10
-5.2933428146
 20
-170.2911392405
 30
0.0
 11
-7.9302099032
 21
-178.0886075949
 31
0.0
  0
LINE
  5
978
330
1F
100
AcDbEntity
  8
0
  6
Continuous
 62
     7
370
    15
100
AcDbLine
 10
-5.2933428146
 20
-170.2911392405
 30
0.0
 11
0.241467312
 21
-154.2349683544
 31
0.0
  0
LINE
  5
979
330
1F
100
AcDbEntity
  8
0
  6
Continuous
 62
     7
370
    15
100
AcDbLine
 10
0.241467312
 20
-154.2349683544
 30
0.0
 11
5.7762774386
 21
-170.2911392405
 31
0.0
  0
LINE
  5
97A
330
1F
100
AcDbEntity
  8
0
  6
Continuous
 62
     7
370
    15
100
AcDbLine
 10
5.7762774386
 20
-170.2911392405
 30
0.0
 11
-2.1264471159
 21
-170.2911392405
 31
0.0
  0
LINE
  5
97B
330
1F
100
AcDbEntity
  8
0
  6
Continuous
 62
     7
370
    15
100
AcDbLine
 10
-4.7633142045
 20
-178.0886075949
 30
0.0
 11
-2.1264471159
 21
-170.2911392405
 31
0.0
  0
LINE
  5
97C
330
1F
100
AcDbEntity
  8
0
  6
Continuous
 62
     7
370
    15
100
AcDbLine
 10
-4.7633142045
 20
-178.0886075949
 30
0.0
 11
8.4131445272
 21
-178.0886075949
 31
0.0
  0
LINE
  5
97D
330
1F
100
AcDbEntity
  8
0
  6
Continuous
 62
     7
370
    15
100
AcDbLine
 10
8.4131445272
 20
-178.0886075949
 30
0.0
 11
11.4938407298
 21
-187.0
 31
0.0
  0
LINE
  5
97E
330
1F
100
AcDbEntity
  8
0
  6
Continuous
 62
     7
370
    15
100
AcDbLine
 10
11.4938407298
 20
-187.0
 30
0.0
 11
22.7810242741
 21
-187.0
 31
0.0
  0
LINE
  5
97F
330
1F
100
AcDbEntity
  8
0
  6
Continuous
 62
     7
370
    15
100
AcDbLine
 10
-22.8898618019
 20
-187.0
 30
0.0
 11
-11.0109061057
 21
-187.0
 31
0.0
  0
LINE
  5
980
330
1F
100
AcDbEntity
  8
0
  6
Continuous
 62
     7
370
    15
100
AcDbLine
 10
-258.6249737723
 20
-245.2025316456
 30
0.0
 11
-251.3844674431
 21
-245.2025316456
 31
0.0
  0
LINE
  5
981
330
1F
100
AcDbEntity
  8
0
  6
Continuous
 62
     7
370
    15
100
AcDbLine
 10
-258.6249737723
 20
-216.7974683544
 30
0.0
 11
-258.6249737723
 21
-245.2025316456
 31
0.0
  0
LINE
  5
982
330
1F
100
AcDbEntity
  8
0
  6
Continuous
 62
     7
370
    15
100
AcDbLine
 10
-251.3844674431
 20
-216.7974683544
 30
0.0
 11
-258.6249737723
 21
-216.7974683544
 31
0.0
  0
LINE
  5
983
330
1F
100
AcDbEntity
  8
0
  6
Continuous
 62
     7
370
    15
100
AcDbLine
 10
-251.3844674431
 20
-209.0
 30
0.0
 11
-251.3844674431
 21
-216.7974683544
 31
0.0
  0
LINE
  5
984
330
1F
100
AcDbEntity
  8
0
  6
Continuous
 62
     7
370
    15
100
AcDbLine
 10
-277.0047206077
 20
-209.0
 30
0.0
 11
-251.3844674431
 21
-209.0
 31
0.0
  0
LINE
  5
985
330
1F
100
AcDbEntity
  8
0
  6
Continuous
 62
     7
370
    15
100
AcDbLine
 10
-277.0047206077
 20
-216.7974683544
 30
0.0
 11
-277.0047206077
 21
-209.0
 31
0.0
  0
LINE
  5
986
330
1F
100
AcDbEntity
  8
0
  6
Continuous
 62
     7
370
    15
100
AcDbLine
 10
-269.7642142786
 20
-216.7974683544
 30
0.0
 11
-277.0047206077
 21
-216.7974683544
 31
0.0
  0
LINE
  5
987
330
1F
100
AcDbEntity
  8
0
  6
Continuous
 62
     7
370
    15
100
AcDbLine
 10
-269.7642142786
 20
-245.2025316456
 30
0.0
 11
-269.7642142786
 21
-216.7974683544
 31
0.0
  0
LINE
  5
988
330
1F
100
AcDbEntity
  8
0
  6
Continuous
 62
     7
370
    15
100
AcDbLine
 10
-277.0047206077
 20
-245.2025316456
 30
0.0
 11
-269.7642142786
 21
-245.2025316456
 31
0.0
  0
LINE
  5
989
330
1F
100
AcDbEntity
  8
0
  6
Continuous
 62
     7
370
    15
100
AcDbLine
 10
-277.0047206077
 20
-253.0
 30
0.0
 11
-277.0047206077
 21
-245.2025316456
 31
0.0
  0
LINE
  5
98A
330
1F
100
AcDbEntity
  8
0
  6
Continuous
 62
     7
370
    15
100
AcDbLine
 10
-251.3844674431
 20
-253.0
 30
0.0
 11
-277.0047206077
 21
-253.0
 31
0.0
  0
LINE
  5
98B
330
1F
100
AcDbEntity
  8
0
  6
Continuous
 62
     7
370
    15
100
AcDbLine
 10
-251.3844674431
 20
-245.2025316456
 30
0.0
 11
-251.3844674431
 21
-253.0
 31
0.0
  0
LINE
  5
98C
330
1F
100
AcDbEntity
  8
0
  6
Continuous
 62
     7
370
    15
100
AcDbLine
 10
-132.5794469056
 20
-228.4936708861
 30
0.0
 11
-111.9718519689
 21
-228.4936708861
 31
0.0
  0
LINE
  5
98D
330
1F
100
AcDbEntity
  8
0
  6
Continuous
 62
     7
370
    15
100
AcDbLine
 10
-132.5794469056
 20
-236.8481012658
 30
0.0
 11
-132.5794469056
 21
-228.4936708861
 31
0.0
  0
LINE
  5
98E
330
1F
100
AcDbEntity
  8
0
  6
Continuous
 62
     7
370
    15
100
AcDbLine
 10
-123.6680545005
 20
-236.8481012658
 30
0.0
 11
-132.5794469056
 21
-236.8481012658
 31
0.0
  0
LINE
  5
98F
330
1F
100
AcDbEntity
  8
0
  6
Continuous
 62
     7
370
    15
100
AcDbLine
 10
-123.6680545005
 20
-246.1859177215
 30
0.0
 11
-123.6680545005
 21
-236.8481012658
 31
0.0
  0
LINE
  5
990
330
1F
100
AcDbEntity
  8
0
  6
Continuous
 62
     7
370
    15
100
AcDbLine
 10
-111.9718519689
 20
-221.8101265823
 30
0.0
 11
-113.268529184
 21
-221.8101265823
 31
0.0
  0
LINE
  5
991
330
1F
100
AcDbEntity
  8
0
  6
Continuous
 62
     7
370
    15
100
AcDbLine
 10
-111.9718519689
 20
-211.7064873418
 30
0.0
 11
-111.9718519689
 21
-221.8101265823
 31
0.0
  0
LINE
  5
992
330
1F
100
AcDbEntity
  8
0
  6
Continuous
 62
     7
370
    15
100
AcDbLine
 10
-111.9718519689
 20
-228.4936708861
 30
0.0
 11
-111.9718519689
 21
-250.6242088608
 31
0.0
  0
LINE
  5
993
330
1F
100
AcDbEntity
  8
0
  6
Continuous
 62
     7
370
    15
100
AcDbLine
 10
-11.4806099256
 20
-229.0506329114
 30
0.0
 11
10.797871087
 21
-229.0506329114
 31
0.0
  0
LINE
  5
994
330
1F
100
AcDbEntity
  8
0
  6
Continuous
 62
     7
370
    15
100
AcDbLine
 10
-11.4806099256
 20
-237.4050632911
 30
0.0
 11
-11.4806099256
 21
-229.0506329114
 31
0.0
  0
LINE
  5
995
330
1F
100
AcDbEntity
  8
0
  6
Continuous
 62
     7
370
    15
100
AcDbLine
 10
10.797871087
 20
-237.4050632911
 30
0.0
 11
-11.4806099256
 21
-237.4050632911
 31
0.0
  0
LINE
  5
996
330
1F
100
AcDbEntity
  8
0
  6
Continuous
 62
     7
370
    15
100
AcDbLine
 10
10.797871087
 20
-229.0506329114
 30
0.0
 11
10.797871087
 21
-237.4050632911
 31
0.0
  0
LINE
  5
997
330
1F
100
AcDbEntity
  8
0
  6
Continuous
 62
     7
370
    15
100
AcDbLine
 10
137.6791448125
 20
-245.2025316456
 30
0.0
 11
144.9196511416
 21
-245.2025316456
 31
0.0
  0
LINE
  5
998
330
1F
100
AcDbEntity
  8
0
  6
Continuous
 62
     7
370
    15
100
AcDbLine
 10
137.6791448125
 20
-216.7974683544
 30
0.0
 11
137.6791448125
 21
-245.2025316456
 31
0.0
  0
LINE
  5
999
330
1F
100
AcDbEntity
  8
0
  6
Continuous
 62
     7
370
    15
100
AcDbLine
 10
144.9196511416
 20
-216.7974683544
 30
0.0
 11
137.6791448125
 21
-216.7974683544
 31
0.0
  0
LINE
  5
99A
330
1F
100
AcDbEntity
  8
0
  6
Continuous
 62
     7
370
    15
100
AcDbLine
 10
144.9196511416
 20
-209.0
 30
0.0
 11
144.9196511416
 21
-216.7974683544
 31
0.0
  0
LINE
  5
99B
330
1F
100
AcDbEntity
  8
0
  6
Continuous
 62
     7
370
    15
100
AcDbLine
 10
119.299397977
 20
-209.0
 30
0.0
 11
144.9196511416
 21
-209.0
 31
0.0
  0
LINE
  5
99C
330
1F
100
AcDbEntity
  8
0
  6
Continuous
 62
     7
370
    15
100
AcDbLine
 10
119.299397977
 20
-216.7974683544
 30
0.0
 11
119.299397977
 21
-209.0
 31
0.0
  0
LINE
  5
99D
330
1F
100
AcDbEntity
  8
0
  6
Continuous
 62
     7
370
    15
100
AcDbLine
 10
126.5399043061
 20
-216.7974683544
 30
0.0
 11
119.299397977
 21
-216.7974683544
 31
0.0
  0
LINE
  5
99E
330
1F
100
AcDbEntity
  8
0
  6
Continuous
 62
     7
370
    15
100
AcDbLine
 10
126.5399043061
 20
-245.2025316456
 30
0.0
 11
126.5399043061
 21
-216.7974683544
 31
0.0
  0
LINE
  5
99F
330
1F
100
AcDbEntity
  8
0
  6
Continuous
 62
     7
370
    15
100
AcDbLine
 10
119.299397977
 20
-245.2025316456
 30
0.0
 11
126.5399043061
 21
-245.2025316456
 31
0.0
  0
LINE
  5
9A0
330
1F
100
AcDbEntity
  8
0
  6
Continuous
 62
     7
370
    15
100
AcDbLine
 10
119.299397977
 20
-253.0
 30
0.0
 11
119.299397977
 21
-245.2025316456
 31
0.0
  0
LINE
  5
9A1
330
1F
100
AcDbEntity
  8
0
  6
Continuous
 62
     7
370
    15
100
AcDbLine
 10
144.9196511416
 20
-253.0
 30
0.0
 11
119.299397977
 21
-253.0
 31
0.0
  0
LINE
  5
9A2
330
1F
100
AcDbEntity
  8
0
  6
Continuous
 62
     7
370
    15
100
AcDbLine
 10
144.9196511416
 20
-245.2025316456
 30
0.0
 11
144.9196511416
 21
-253.0
 31
0.0
  0
LINE
  5
9A3
330
1F
100
AcDbEntity
  8
0
  6
Continuous
 62
     7
370
    15
100
AcDbLine
 10
46.5063291139
 20
253.0
 30
0.0
 11
85.4936708861
 21
253.0
 31
0.0
  0
LINE
  5
9A4
330
1F
100
AcDbEntity
  8
0
  6
Continuous
 62
     7
370
    15
100
AcDbLine
 10
46.5063291139
 20
244.6455696203
 30
0.0
 11
46.5063291139
 21
253.0
 31
0.0
  0
LINE
  5
9A5
330
1F
100
AcDbEntity
  8
0
  6
Continuous
 62
     7
370
    15
100
AcDbLine
 10
60.4303797468
 20
244.6455696203
 30
0.0
 11
46.5063291139
 21
244.6455696203
 31
0.0
  0
LINE
  5
9A6
330
1F
100
AcDbEntity
  8
0
  6
Continuous
 62
     7
370
    15
100
AcDbLine
 10
60.4303797468
 20
209.0
 30
0.0
 11
60.4303797468
 21
244.6455696203
 31
0.0
  0
LINE
  5
9A7
330
1F
100
AcDbEntity
  8
0
  6
Continuous
 62
     7
370
    15
100
AcDbLine
 10
71.5696202532
 20
209.0
 30
0.0
 11
60.4303797468
 21
209.0
 31
0.0
  0
LINE
  5
9A8
330
1F
100
AcDbEntity
  8
0
  6
Continuous
 62
     7
370
    15
100
AcDbLine
 10
71.5696202532
 20
244.6455696203
 30
0.0
 11
71.5696202532
 21
209.0
 31
0.0
  0
LINE
  5
9A9
330
1F
100
AcDbEntity
  8
0
  6
Continuous
 62
     7
370
    15
100
AcDbLine
 10
85.4936708861
 20
244.6455696203
 30
0.0
 11
71.5696202532
 21
244.6455696203
 31
0.0
  0
LINE
  5
9AA
330
1F
100
AcDbEntity
  8
0
  6
Continuous
 62
     7
370
    15
100
AcDbLine
 10
85.4936708861
 20
253.0
 30
0.0
 11
85.4936708861
 21
244.6455696203
 31
0.0
  0
LINE
  5
9AB
330
1F
100
AcDbEntity
  8
0
  6
Continuous
 62
     7
370
    15
100
AcDbLine
 10
9.7327438445
 20
187.0
 30
0.0
 11
19.7580603002
 21
187.0
 31
0.0
  0
LINE
  5
9AC
330
1F
100
AcDbEntity
  8
0
  6
Continuous
 62
     7
370
    15
100
AcDbLine
 10
9.7327438445
 20
161.7974683544
 30
0.0
 11
9.7327438445
 21
187.0
 31
0.0
  0
LINE
  5
9AD
330
1F
100
AcDbEntity
  8
0
  6
Continuous
 62
     7
370
    15
100
AcDbLine
 10
-6.5496928644
 20
187.0
 30
0.0
 11
9.7327438445
 21
161.7974683544
 31
0.0
  0
LINE
  5
9AE
330
1F
100
AcDbEntity
  8
0
  6
Continuous
 62
     7
370
    15
100
AcDbLine
 10
-19.7862434973
 20
187.0
 30
0.0
 11
-6.5496928644
 21
187.0
 31
0.0
  0
LINE
  5
9AF
330
1F
100
AcDbEntity
  8
0
  6
Continuous
 62
     7
370
    15
100
AcDbLine
 10
-19.7862434973
 20
143.0
 30
0.0
 11
-19.7862434973
 21
187.0
 31
0.0
  0
LINE
  5
9B0
330
1F
100
AcDbEntity
  8
0
  6
Continuous
 62
     7
370
    15
100
AcDbLine
 10
-9.7609270416
 20
143.0
 30
0.0
 11
-19.7862434973
 21
143.0
 31
0.0
  0
LINE
  5
9B1
330
1F
100
AcDbEntity
  8
0
  6
Continuous
 62
     7
370
    15
100
AcDbLine
 10
-9.7609270416
 20
173.1977848101
 30
0.0
 11
-9.7609270416
 21
143.0
 31
0.0
  0
LINE
  5
9B2
330
1F
100
AcDbEntity
  8
0
  6
Continuous
 62
     7
370
    15
100
AcDbLine
 10
9.1931868824
 20
143.0
 30
0.0
 11
-9.7609270416
 21
173.1977848101
 31
0.0
  0
LINE
  5
9B3
330
1F
100
AcDbEntity
  8
0
  6
Continuous
 62
     7
370
    15
100
AcDbLine
 10
19.7580603002
 20
143.0
 30
0.0
 11
9.1931868824
 21
143.0
 31
0.0
  0
LINE
  5
9B4
330
1F
100
AcDbEntity
  8
0
  6
Continuous
 62
     7
370
    15
100
AcDbLine
 10
19.7580603002
 20
187.0
 30
0.0
 11
19.7580603002
 21
143.0
 31
0.0
  0
LINE
  5
9B5
330
1F
100
AcDbEntity
  8
0
  6
Continuous
 62
     7
370
    15
100
AcDbLine
 10
-147.3422384363
 20
187.0
 30
0.0
 11
-116.1523650186
 21
187.0
 31
0.0
  0
LINE
  5
9B6
330
1F
100
AcDbEntity
  8
0
  6
Continuous
 62
     7
370
    15
100
AcDbLine
 10
-147.3422384363
 20
143.0
 30
0.0
 11
-147.3422384363
 21
187.0
 31
0.0
  0
LINE
  5
9B7
330
1F
100
AcDbEntity
  8
0
  6
Continuous
 62
     7
370
    15
100
AcDbLine
 10
-136.20299793
 20
143.0
 30
0.0
 11
-147.3422384363
 21
143.0
 31
0.0
  0
LINE
  5
9B8
330
1F
100
AcDbEntity
  8
0
  6
Continuous
 62
     7
370
    15
100
AcDbLine
 10
-136.20299793
 20
161.9367088608
 30
0.0
 11
-136.20299793
 21
143.0
 31
0.0
  0
LINE
  5
9B9
330
1F
100
AcDbEntity
  8
0
  6
Continuous
 62
     7
370
    15
100
AcDbLine
 10
-117.8232510946
 20
161.9367088608
 30
0.0
 11
-136.20299793
 21
161.9367088608
 31
0.0
  0
LINE
  5
9BA
330
1F
100
AcDbEntity
  8
0
  6
Continuous
 62
     7
370
    15
100
AcDbLine
 10
-117.8232510946
 20
170.2911392405
 30
0.0
 11
-117.8232510946
 21
161.9367088608
 31
0.0
  0
LINE
  5
9BB
330
1F
100
AcDbEntity
  8
0
  6
Continuous
 62
     7
370
    15
100
AcDbLine
 10
-136.20299793
 20
170.2911392405
 30
0.0
 11
-117.8232510946
 21
170.2911392405
 31
0.0
  0
LINE
  5
9BC
330
1F
100
AcDbEntity
  8
0
  6
Continuous
 62
     7
370
    15
100
AcDbLine
 10
-136.20299793
 20
178.6455696203
 30
0.0
 11
-136.20299793
 21
170.2911392405
 31
0.0
  0
LINE
  5
9BD
330
1F
100
AcDbEntity
  8
0
  6
Continuous
 62
     7
370
    15
100
AcDbLine
 10
-116.1523650186
 20
178.6455696203
 30
0.0
 11
-136.20299793
 21
178.6455696203
 31
0.0
  0
LINE
  5
9BE
330
1F
100
AcDbEntity
  8
0
  6
Continuous
 62
     7
370
    15
100
AcDbLine
 10
-116.1523650186
 20
187.0
 30
0.0
 11
-116.1523650186
 21
178.6455696203
 31
0.0
  0
LINE
  5
9BF
330
1F
100
AcDbEntity
  8
0
  6
Continuous
 62
     7
370
    15
100
AcDbLine
 10
-268.5865714954
 20
151.3544303797
 30
0.0
 11
-247.9789765587
 21
151.3544303797
 31
0.0
  0
LINE
  5
9C0
330
1F
100
AcDbEntity
  8
0
  6
Continuous
 62
     7
370
    15
100
AcDbLine
 10
-268.5865714954
 20
162.4936708861
 30
0.0
 11
-268.5865714954
 21
151.3544303797
 31
0.0
  0
LINE
  5
9C1
330
1F
100
AcDbEntity
  8
0
  6
Continuous
 62
     7
370
    15
100
AcDbLine
 10
-249.6498626346
 20
162.4936708861
 30
0.0
 11
-268.5865714954
 21
162.4936708861
 31
0.0
  0
LINE
  5
9C2
330
1F
100
AcDbEntity
  8
0
  6
Continuous
 62
     7
370
    15
100
AcDbLine
 10
-249.6498626346
 20
170.8481012658
 30
0.0
 11
-249.6498626346
 21
162.4936708861
 31
0.0
  0
LINE
  5
9C3
330
1F
100
AcDbEntity
  8
0
  6
Continuous
 62
     7
370
    15
100
AcDbLine
 10
-268.5865714954
 20
170.8481012658
 30
0.0
 11
-249.6498626346
 21
170.8481012658
 31
0.0
  0
LINE
  5
9C4
330
1F
100
AcDbEntity
  8
0
  6
Continuous
 62
     7
370
    15
100
AcDbLine
 10
-268.5865714954
 20
178.6455696203
 30
0.0
 11
-268.5865714954
 21
170.8481012658
 31
0.0
  0
LINE
  5
9C5
330
1F
100
AcDbEntity
  8
0
  6
Continuous
 62
     7
370
    15
100
AcDbLine
 10
-247.9789765587
 20
178.6455696203
 30
0.0
 11
-268.5865714954
 21
178.6455696203
 31
0.0
  0
LINE
  5
9C6
330
1F
100
AcDbEntity
  8
0
  6
Continuous
 62
     7
370
    15
100
AcDbLine
 10
-247.9789765587
 20
187.0
 30
0.0
 11
-247.9789765587
 21
178.6455696203
 31
0.0
  0
LINE
  5
9C7
330
1F
100
AcDbEntity
  8
0
  6
Continuous
 62
     7
370
    15
100
AcDbLine
 10
-279.7258120017
 20
187.0
 30
0.0
 11
-247.9789765587
 21
187.0
 31
0.0
  0
LINE
  5
9C8
330
1F
100
AcDbEntity
  8
0
  6
Continuous
 62
     7
370
    15
100
AcDbLine
 10
-279.7258120017
 20
143.0
 30
0.0
 11
-279.7258120017
 21
187.0
 31
0.0
  0
LINE
  5
9C9
330
1F
100
AcDbEntity
  8
0
  6
Continuous
 62
     7
370
    15
100
AcDbLine
 10
-247.9789765587
 20
143.0
 30
0.0
 11
-279.7258120017
 21
143.0
 31
0.0
  0
LINE
  5
9CA
330
1F
100
AcDbEntity
  8
0
  6
Continuous
 62
     7
370
    15
100
AcDbLine
 10
-247.9789765587
 20
151.3544303797
 30
0.0
 11
-247.9789765587
 21
143.0
 31
0.0
  0
LINE
  5
9CB
330
1F
100
AcDbEntity
  8
0
  6
Continuous
 62
     7
370
    15
100
AcDbLine
 10
347.4567949986
 20
241.3037974684
 30
0.0
 11
346.2123329733
 21
241.3037974684
 31
0.0
  0
LINE
  5
9CC
330
1F
100
AcDbEntity
  8
0
  6
Continuous
 62
     7
370
    15
100
AcDbLine
 10
347.4567949986
 20
251.2246835443
 30
0.0
 11
347.4567949986
 21
241.3037974684
 31
0.0
  0
LINE
  5
9CD
330
1F
100
AcDbEntity
  8
0
  6
Continuous
 62
     7
370
    15
100
AcDbLine
 10
311.254263353
 20
221.8101265823
 30
0.0
 11
312.50742791
 21
221.8101265823
 31
0.0
  0
LINE
  5
9CE
330
1F
100
AcDbEntity
  8
0
  6
Continuous
 62
     7
370
    15
100
AcDbLine
 10
311.254263353
 20
211.2800632911
 30
0.0
 11
311.254263353
 21
221.8101265823
 31
0.0
  0
LINE
  5
9CF
330
1F
100
AcDbEntity
  8
0
  6
Continuous
 62
     7
370
    15
100
AcDbLine
 10
-48.5744076724
 20
307.3037974684
 30
0.0
 11
-49.8188696977
 21
307.3037974684
 31
0.0
  0
LINE
  5
9D0
330
1F
100
AcDbEntity
  8
0
  6
Continuous
 62
     7
370
    15
100
AcDbLine
 10
-48.5744076724
 20
317.2246835443
 30
0.0
 11
-48.5744076724
 21
307.3037974684
 31
0.0
  0
LINE
  5
9D1
330
1F
100
AcDbEntity
  8
0
  6
Continuous
 62
     7
370
    15
100
AcDbLine
 10
-84.7769393179
 20
287.8101265823
 30
0.0
 11
-83.523774761
 21
287.8101265823
 31
0.0
  0
LINE
  5
9D2
330
1F
100
AcDbEntity
  8
0
  6
Continuous
 62
     7
370
    15
100
AcDbLine
 10
-84.7769393179
 20
277.2800632911
 30
0.0
 11
-84.7769393179
 21
287.8101265823
 31
0.0
  0
LINE
  5
9D3
330
1F
100
AcDbEntity
  8
0
  6
Continuous
 62
     7
370
    15
100
AcDbLine
 10
58.5714846805
 20
319.0
 30
0.0
 11
79.7360416425
 21
319.0
 31
0.0
  0
LINE
  5
9D4
330
1F
100
AcDbEntity
  8
0
  6
Continuous
 62
     7
370
    15
100
AcDbLine
 10
58.5714846805
 20
311.2025316456
 30
0.0
 11
58.5714846805
 21
319.0
 31
0.0
  0
LINE
  5
9D5
330
1F
100
AcDbEntity
  8
0
  6
Continuous
 62
     7
370
    15
100
AcDbLine
 10
68.5968011362
 20
311.2025316456
 30
0.0
 11
58.5714846805
 21
311.2025316456
 31
0.0
  0
LINE
  5
9D6
330
1F
100
AcDbEntity
  8
0
  6
Continuous
 62
     7
370
    15
100
AcDbLine
 10
68.5968011362
 20
293.2405063291
 30
0.0
 11
68.5968011362
 21
311.2025316456
 31
0.0
  0
LINE
  5
9D7
330
1F
100
AcDbEntity
  8
0
  6
Continuous
 62
     7
370
    15
100
AcDbLine
 10
52.444902402
 20
283.9113924051
 30
0.0
 11
53.5240163261
 21
283.9113924051
 31
0.0
  0
LINE
  5
9D8
330
1F
100
AcDbEntity
  8
0
  6
Continuous
 62
     7
370
    15
100
AcDbLine
 10
52.444902402
 20
274.7650316456
 30
0.0
 11
52.444902402
 21
283.9113924051
 31
0.0
  0
LINE
  5
9D9
330
1F
100
AcDbEntity
  8
0
  6
Continuous
 62
     7
370
    15
100
AcDbLine
 10
79.7360416425
 20
319.0
 30
0.0
 11
79.7360416425
 21
287.6099683544
 31
0.0
  0
LINE
  5
9DA
330
1F
100
AcDbEntity
  8
0
  6
Continuous
 62
     7
370
    15
100
AcDbLine
 10
272.2735363206
 20
319.0
 30
0.0
 11
283.412776827
 21
319.0
 31
0.0
  0
LINE
  5
9DB
330
1F
100
AcDbEntity
  8
0
  6
Continuous
 62
     7
370
    15
100
AcDbLine
 10
272.2735363206
 20
291.3694620253
 30
0.0
 11
272.2735363206
 21
319.0
 31
0.0
  0
LINE
  5
9DC
330
1F
100
AcDbEntity
  8
0
  6
Continuous
 62
     7
370
    15
100
AcDbLine
 10
255.5646755611
 20
319.0
 30
0.0
 11
255.5646755611
 21
291.3694620253
 31
0.0
  0
LINE
  5
9DD
330
1F
100
AcDbEntity
  8
0
  6
Continuous
 62
     7
370
    15
100
AcDbLine
 10
244.4254350548
 20
319.0
 30
0.0
 11
255.5646755611
 21
319.0
 31
0.0
  0
LINE
  5
9DE
330
1F
100
AcDbEntity
  8
0
  6
Continuous
 62
     7
370
    15
100
AcDbLine
 10
244.4254350548
 20
290.7776898734
 30
0.0
 11
244.4254350548
 21
319.0
 31
0.0
  0
LINE
  5
9DF
330
1F
100
AcDbEntity
  8
0
  6
Continuous
 62
     7
370
    15
100
AcDbLine
 10
283.412776827
 20
319.0
 30
0.0
 11
283.412776827
 21
290.8037974684
 31
0.0
  0
LINE
  5
9E0
330
1F
100
AcDbEntity
  8
0
  6
Continuous
 62
     7
370
    15
100
AcDbLine
 10
126.7295661454
 20
275.0
 30
0.0
 11
111.1433319682
 21
275.0
 31
0.0
  0
LINE
  5
9E1
330
1F
100
AcDbEntity
  8
0
  6
Continuous
 62
     7
370
    15
100
AcDbLine
 10
111.1433319682
 20
319.0
 30
0.0
 11
127.1733952593
 21
319.0
 31
0.0
  0
LINE
  5
9E2
330
1F
100
AcDbEntity
  8
0
  6
Continuous
 62
     7
370
    15
100
AcDbLine
 10
111.1433319682
 20
286.3544303797
 30
0.0
 11
111.1433319682
 21
319.0
 31
0.0
  0
LINE
  5
9E3
330
1F
100
AcDbEntity
  8
0
  6
Continuous
 62
     7
370
    15
100
AcDbLine
 10
122.2825724745
 20
286.3544303797
 30
0.0
 11
111.1433319682
 21
286.3544303797
 31
0.0
  0
LINE
  5
9E4
330
1F
100
AcDbEntity
  8
0
  6
Continuous
 62
     7
370
    15
100
AcDbLine
 10
122.2825724745
 20
310.6455696203
 30
0.0
 11
122.2825724745
 21
286.3544303797
 31
0.0
  0
LINE
  5
9E5
330
1F
100
AcDbEntity
  8
0
  6
Continuous
 62
     7
370
    15
100
AcDbLine
 10
125.2153256391
 20
310.6455696203
 30
0.0
 11
122.2825724745
 21
310.6455696203
 31
0.0
  0
LINE
  5
9E6
330
1F
100
AcDbEntity
  8
0
  6
Continuous
 62
     7
370
    15
100
AcDbLine
 10
111.1433319682
 20
283.3544303797
 30
0.0
 11
125.2153256391
 21
283.3544303797
 31
0.0
  0
LINE
  5
9E7
330
1F
100
AcDbEntity
  8
0
  6
Continuous
 62
     7
370
    15
100
AcDbLine
 10
111.1433319682
 20
275.0
 30
0.0
 11
111.1433319682
 21
283.3544303797
 31
0.0
  0
LINE
  5
9E8
330
1F
100
AcDbEntity
  8
0
  6
Continuous
 62
     7
370
    15
100
AcDbLine
 10
273.6366545961
 20
121.0
 30
0.0
 11
283.6619710518
 21
121.0
 31
0.0
  0
LINE
  5
9E9
330
1F
100
AcDbEntity
  8
0
  6
Continuous
 62
     7
370
    15
100
AcDbLine
 10
273.6366545961
 20
95.7974683544
 30
0.0
 11
273.6366545961
 21
121.0
 31
0.0
  0
LINE
  5
9EA
330
1F
100
AcDbEntity
  8
0
  6
Continuous
 62
     7
370
    15
100
AcDbLine
 10
257.3542178872
 20
121.0
 30
0.0
 11
273.6366545961
 21
95.7974683544
 31
0.0
  0
LINE
  5
9EB
330
1F
100
AcDbEntity
  8
0
  6
Continuous
 62
     7
370
    15
100
AcDbLine
 10
244.1176672543
 20
121.0
 30
0.0
 11
257.3542178872
 21
121.0
 31
0.0
  0
LINE
  5
9EC
330
1F
100
AcDbEntity
  8
0
  6
Continuous
 62
     7
370
    15
100
AcDbLine
 10
244.1176672543
 20
77.0
 30
0.0
 11
244.1176672543
 21
121.0
 31
0.0
  0
LINE
  5
9ED
330
1F
100
AcDbEntity
  8
0
  6
Continuous
 62
     7
370
    15
100
AcDbLine
 10
254.14298371
 20
77.0
 30
0.0
 11
244.1176672543
 21
77.0
 31
0.0
  0
LINE
  5
9EE
330
1F
100
AcDbEntity
  8
0
  6
Continuous
 62
     7
370
    15
100
AcDbLine
 10
254.14298371
 20
107.1977848101
 30
0.0
 11
254.14298371
 21
77.0
 31
0.0
  0
LINE
  5
9EF
330
1F
100
AcDbEntity
  8
0
  6
Continuous
 62
     7
370
    15
100
AcDbLine
 10
273.0970976341
 20
77.0
 30
0.0
 11
254.14298371
 21
107.1977848101
 31
0.0
  0
LINE
  5
9F0
330
1F
100
AcDbEntity
  8
0
  6
Continuous
 62
     7
370
    15
100
AcDbLine
 10
283.6619710518
 20
77.0
 30
0.0
 11
273.0970976341
 21
77.0
 31
0.0
  0
LINE
  5
9F1
330
1F
100
AcDbEntity
  8
0
  6
Continuous
 62
     7
370
    15
100
AcDbLine
 10
283.6619710518
 20
121.0
 30
0.0
 11
283.6619710518
 21
77.0
 31
0.0
  0
LINE
  5
9F2
330
1F
100
AcDbEntity
  8
0
  6
Continuous
 62
     7
370
    15
100
AcDbLine
 10
-320.2394171756
 20
55.0
 30
0.0
 11
-307.2204298338
 21
55.0
 31
0.0
  0
LINE
  5
9F3
330
1F
100
AcDbEntity
  8
0
  6
Continuous
 62
     7
370
    15
100
AcDbLine
 10
-330.0297652769
 20
33.0870253165
 30
0.0
 11
-320.2394171756
 21
55.0
 31
0.0
  0
LINE
  5
9F4
330
1F
100
AcDbEntity
  8
0
  6
Continuous
 62
     7
370
    15
100
AcDbLine
 10
-339.8462209731
 20
55.0
 30
0.0
 11
-330.0297652769
 21
33.0870253165
 31
0.0
  0
LINE
  5
9F5
330
1F
100
AcDbEntity
  8
0
  6
Continuous
 62
     7
370
    15
100
AcDbLine
 10
-352.8913159098
 20
55.0
 30
0.0
 11
-339.8462209731
 21
55.0
 31
0.0
  0
LINE
  5
9F6
330
1F
100
AcDbEntity
  8
0
  6
Continuous
 62
     7
370
    15
100
AcDbLine
 10
-352.8913159098
 20
11.0
 30
0.0
 11
-352.8913159098
 21
55.0
 31
0.0
  0
LINE
  5
9F7
330
1F
100
AcDbEntity
  8
0
  6
Continuous
 62
     7
370
    15
100
AcDbLine
 10
-342.3090374288
 20
11.0
 30
0.0
 11
-352.8913159098
 21
11.0
 31
0.0
  0
LINE
  5
9F8
330
1F
100
AcDbEntity
  8
0
  6
Continuous
 62
     7
370
    15
100
AcDbLine
 10
-342.3090374288
 20
40.5625
 30
0.0
 11
-342.3090374288
 21
11.0
 31
0.0
  0
LINE
  5
9F9
330
1F
100
AcDbEntity
  8
0
  6
Continuous
 62
     7
370
    15
100
AcDbLine
 10
-334.2156829984
 20
21.582278481
 30
0.0
 11
-342.3090374288
 21
40.5625
 31
0.0
  0
LINE
  5
9FA
330
1F
100
AcDbEntity
  8
0
  6
Continuous
 62
     7
370
    15
100
AcDbLine
 10
-326.4530247705
 20
21.582278481
 30
0.0
 11
-334.2156829984
 21
21.582278481
 31
0.0
  0
LINE
  5
9FB
330
1F
100
AcDbEntity
  8
0
  6
Continuous
 62
     7
370
    15
100
AcDbLine
 10
-318.3596703402
 20
40.5625
 30
0.0
 11
-326.4530247705
 21
21.582278481
 31
0.0
  0
LINE
  5
9FC
330
1F
100
AcDbEntity
  8
0
  6
Continuous
 62
     7
370
    15
100
AcDbLine
 10
-318.3596703402
 20
11.0
 30
0.0
 11
-318.3596703402
 21
40.5625
 31
0.0
  0
LINE
  5
9FD
330
1F
100
AcDbEntity
  8
0
  6
Continuous
 62
     7
370
    15
100
AcDbLine
 10
-307.2204298338
 20
11.0
 30
0.0
 11
-318.3596703402
 21
11.0
 31
0.0
  0
LINE
  5
9FE
330
1F
100
AcDbEntity
  8
0
  6
Continuous
 62
     7
370
    15
100
AcDbLine
 10
-307.2204298338
 20
55.0
 30
0.0
 11
-307.2204298338
 21
11.0
 31
0.0
  0
LINE
  5
9FF
330
1F
100
AcDbEntity
  8
0
  6
Continuous
 62
     7
370
    15
100
AcDbLine
 10
-218.9722870147
 20
55.0
 30
0.0
 11
-202.9422237236
 21
55.0
 31
0.0
  0
LINE
  5
A00
330
1F
100
AcDbEntity
  8
0
  6
Continuous
 62
     7
370
    15
100
AcDbLine
 10
-218.9722870147
 20
22.3544303797
 30
0.0
 11
-218.9722870147
 21
55.0
 31
0.0
  0
LINE
  5
A01
330
1F
100
AcDbEntity
  8
0
  6
Continuous
 62
     7
370
    15
100
AcDbLine
 10
-207.8330465084
 20
22.3544303797
 30
0.0
 11
-218.9722870147
 21
22.3544303797
 31
0.0
  0
LINE
  5
A02
330
1F
100
AcDbEntity
  8
0
  6
Continuous
 62
     7
370
    15
100
AcDbLine
 10
-207.8330465084
 20
46.6455696203
 30
0.0
 11
-207.8330465084
 21
22.3544303797
 31
0.0
  0
LINE
  5
A03
330
1F
100
AcDbEntity
  8
0
  6
Continuous
 62
     7
370
    15
100
AcDbLine
 10
-204.9002933438
 20
46.6455696203
 30
0.0
 11
-207.8330465084
 21
46.6455696203
 31
0.0
  0
LINE
  5
A04
330
1F
100
AcDbEntity
  8
0
  6
Continuous
 62
     7
370
    15
100
AcDbLine
 10
-218.9722870147
 20
19.3544303797
 30
0.0
 11
-204.9002933438
 21
19.3544303797
 31
0.0
  0
LINE
  5
A05
330
1F
100
AcDbEntity
  8
0
  6
Continuous
 62
     7
370
    15
100
AcDbLine
 10
-218.9722870147
 20
11.0
 30
0.0
 11
-218.9722870147
 21
19.3544303797
 31
0.0
  0
LINE
  5
A06
330
1F
100
AcDbEntity
  8
0
  6
Continuous
 62
     7
370
    15
100
AcDbLine
 10
-203.3860528375
 20
11.0
 30
0.0
 11
-218.9722870147
 21
11.0
 31
0.0
  0
LINE
  5
A07
330
1F
100
AcDbEntity
  8
0
  6
Continuous
 62
     7
370
    15
100
AcDbLine
 10
-43.6676953544
 20
55.0
 30
0.0
 11
-59.097283962
 21
33.6265822785
 31
0.0
  0
LINE
  5
A08
330
1F
100
AcDbEntity
  8
0
  6
Continuous
 62
     7
370
    15
100
AcDbLine
 10
-56.077505481
 20
55.0
 30
0.0
 11
-43.6676953544
 21
55.0
 31
0.0
  0
LINE
  5
A09
330
1F
100
AcDbEntity
  8
0
  6
Continuous
 62
     7
370
    15
100
AcDbLine
 10
-65.6067776329
 20
41.2151898734
 30
0.0
 11
-56.077505481
 21
55.0
 31
0.0
  0
LINE
  5
A0A
330
1F
100
AcDbEntity
  8
0
  6
Continuous
 62
     7
370
    15
100
AcDbLine
 10
-74.7357333291
 20
55.0
 30
0.0
 11
-65.6067776329
 21
41.2151898734
 31
0.0
  0
LINE
  5
A0B
330
1F
100
AcDbEntity
  8
0
  6
Continuous
 62
     7
370
    15
100
AcDbLine
 10
-87.6676953544
 20
55.0
 30
0.0
 11
-74.7357333291
 21
55.0
 31
0.0
  0
LINE
  5
A0C
330
1F
100
AcDbEntity
  8
0
  6
Continuous
 62
     7
370
    15
100
AcDbLine
 10
-72.5339928228
 20
33.1653481013
 30
0.0
 11
-87.6676953544
 21
55.0
 31
0.0
  0
LINE
  5
A0D
330
1F
100
AcDbEntity
  8
0
  6
Continuous
 62
     7
370
    15
100
AcDbLine
 10
-88.2246573797
 20
11.0
 30
0.0
 11
-72.5339928228
 21
33.1653481013
 31
0.0
  0
LINE
  5
A0E
330
1F
100
AcDbEntity
  8
0
  6
Continuous
 62
     7
370
    15
100
AcDbLine
 10
-75.8496573797
 20
11.0
 30
0.0
 11
-88.2246573797
 21
11.0
 31
0.0
  0
LINE
  5
A0F
330
1F
100
AcDbEntity
  8
0
  6
Continuous
 62
     7
370
    15
100
AcDbLine
 10
-66.0680118101
 20
25.5245253165
 30
0.0
 11
-75.8496573797
 21
11.0
 31
0.0
  0
LINE
  5
A10
330
1F
100
AcDbEntity
  8
0
  6
Continuous
 62
     7
370
    15
100
AcDbLine
 10
-56.6344675063
 20
11.0
 30
0.0
 11
-66.0680118101
 21
25.5245253165
 31
0.0
  0
LINE
  5
A11
330
1F
100
AcDbEntity
  8
0
  6
Continuous
 62
     7
370
    15
100
AcDbLine
 10
-43.6676953544
 20
11.0
 30
0.0
 11
-56.6344675063
 21
11.0
 31
0.0
  0
LINE
  5
A12
330
1F
100
AcDbEntity
  8
0
  6
Continuous
 62
     7
370
    15
100
AcDbLine
 10
-59.097283962
 20
33.6265822785
 30
0.0
 11
-43.6676953544
 21
11.0
 31
0.0
  0
LINE
  5
A13
330
1F
100
AcDbEntity
  8
0
  6
Continuous
 62
     7
370
    15
100
AcDbLine
 10
71.4665080429
 20
18.7974683544
 30
0.0
 11
78.707014372
 21
18.7974683544
 31
0.0
  0
LINE
  5
A14
330
1F
100
AcDbEntity
  8
0
  6
Continuous
 62
     7
370
    15
100
AcDbLine
 10
71.4665080429
 20
47.2025316456
 30
0.0
 11
71.4665080429
 21
18.7974683544
 31
0.0
  0
LINE
  5
A15
330
1F
100
AcDbEntity
  8
0
  6
Continuous
 62
     7
370
    15
100
AcDbLine
 10
78.707014372
 20
47.2025316456
 30
0.0
 11
71.4665080429
 21
47.2025316456
 31
0.0
  0
LINE
  5
A16
330
1F
100
AcDbEntity
  8
0
  6
Continuous
 62
     7
370
    15
100
AcDbLine
 10
78.707014372
 20
55.0
 30
0.0
 11
78.707014372
 21
47.2025316456
 31
0.0
  0
LINE
  5
A17
330
1F
100
AcDbEntity
  8
0
  6
Continuous
 62
     7
370
    15
100
AcDbLine
 10
53.0867612074
 20
55.0
 30
0.0
 11
78.707014372
 21
55.0
 31
0.0
  0
LINE
  5
A18
330
1F
100
AcDbEntity
  8
0
  6
Continuous
 62
     7
370
    15
100
AcDbLine
 10
53.0867612074
 20
47.2025316456
 30
0.0
 11
53.0867612074
 21
55.0
 31
0.0
  0
LINE
  5
A19
330
1F
100
AcDbEntity
  8
0
  6
Continuous
 62
     7
370
    15
100
AcDbLine
 10
60.3272675366
 20
47.2025316456
 30
0.0
 11
53.0867612074
 21
47.2025316456
 31
0.0
  0
LINE
  5
A1A
330
1F
100
AcDbEntity
  8
0
  6
Continuous
 62
     7
370
    15
100
AcDbLine
 10
60.3272675366
 20
18.7974683544
 30
0.0
 11
60.3272675366
 21
47.2025316456
 31
0.0
  0
LINE
  5
A1B
330
1F
100
AcDbEntity
  8
0
  6
Continuous
 62
     7
370
    15
100
AcDbLine
 10
53.0867612074
 20
18.7974683544
 30
0.0
 11
60.3272675366
 21
18.7974683544
 31
0.0
  0
LINE
  5
A1C
330
1F
100
AcDbEntity
  8
0
  6
Continuous
 62
     7
370
    15
100
AcDbLine
 10
53.0867612074
 20
11.0
 30
0.0
 11
53.0867612074
 21
18.7974683544
 31
0.0
  0
LINE
  5
A1D
330
1F
100
AcDbEntity
  8
0
  6
Continuous
 62
     7
370
    15
100
AcDbLine
 10
78.707014372
 20
11.0
 30
0.0
 11
53.0867612074
 21
11.0
 31
0.0
  0
LINE
  5
A1E
330
1F
100
AcDbEntity
  8
0
  6
Continuous
 62
     7
370
    15
100
AcDbLine
 10
78.707014372
 20
18.7974683544
 30
0.0
 11
78.707014372
 21
11.0
 31
0.0
  0
LINE
  5
A1F
330
1F
100
AcDbEntity
  8
0
  6
Continuous
 62
     7
370
    15
100
AcDbLine
 10
206.2923467733
 20
55.0
 30
0.0
 11
217.4315872796
 21
55.0
 31
0.0
  0
LINE
  5
A20
330
1F
100
AcDbEntity
  8
0
  6
Continuous
 62
     7
370
    15
100
AcDbLine
 10
206.2923467733
 20
27.3694620253
 30
0.0
 11
206.2923467733
 21
55.0
 31
0.0
  0
LINE
  5
A21
330
1F
100
AcDbEntity
  8
0
  6
Continuous
 62
     7
370
    15
100
AcDbLine
 10
189.5834860138
 20
55.0
 30
0.0
 11
189.5834860138
 21
27.3694620253
 31
0.0
  0
LINE
  5
A22
330
1F
100
AcDbEntity
  8
0
  6
Continuous
 62
     7
370
    15
100
AcDbLine
 10
178.4442455075
 20
55.0
 30
0.0
 11
189.5834860138
 21
55.0
 31
0.0
  0
LINE
  5
A23
330
1F
100
AcDbEntity
  8
0
  6
Continuous
 62
     7
370
    15
100
AcDbLine
 10
178.4442455075
 20
26.7776898734
 30
0.0
 11
178.4442455075
 21
55.0
 31
0.0
  0
LINE
  5
A24
330
1F
100
AcDbEntity
  8
0
  6
Continuous
 62
     7
370
    15
100
AcDbLine
 10
217.4315872796
 20
55.0
 30
0.0
 11
217.4315872796
 21
26.8037974684
 31
0.0
  0
LINE
  5
A25
330
1F
100
AcDbEntity
  8
0
  6
Continuous
 62
     7
370
    15
100
AcDbLine
 10
310.5063291139
 20
55.0
 30
0.0
 11
349.4936708861
 21
55.0
 31
0.0
  0
LINE
  5
A26
330
1F
100
AcDbEntity
  8
0
  6
Continuous
 62
     7
370
    15
100
AcDbLine
 10
310.5063291139
 20
46.6455696203
 30
0.0
 11
310.5063291139
 21
55.0
 31
0.0
  0
LINE
  5
A27
330
1F
100
AcDbEntity
  8
0
  6
Continuous
 62
     7
370
    15
100
AcDbLine
 10
324.4303797468
 20
46.6455696203
 30
0.0
 11
310.5063291139
 21
46.6455696203
 31
0.0
  0
LINE
  5
A28
330
1F
100
AcDbEntity
  8
0
  6
Continuous
 62
     7
370
    15
100
AcDbLine
 10
324.4303797468
 20
11.0
 30
0.0
 11
324.4303797468
 21
46.6455696203
 31
0.0
  0
LINE
  5
A29
330
1F
100
AcDbEntity
  8
0
  6
Continuous
 62
     7
370
    15
100
AcDbLine
 10
335.5696202532
 20
11.0
 30
0.0
 11
324.4303797468
 21
11.0
 31
0.0
  0
LINE
  5
A2A
330
1F
100
AcDbEntity
  8
0
  6
Continuous
 62
     7
370
    15
100
AcDbLine
 10
335.5696202532
 20
46.6455696203
 30
0.0
 11
335.5696202532
 21
11.0
 31
0.0
  0
LINE
  5
A2B
330
1F
100
AcDbEntity
  8
0
  6
Continuous
 62
     7
370
    15
100
AcDbLine
 10
349.4936708861
 20
46.6455696203
 30
0.0
 11
335.5696202532
 21
46.6455696203
 31
0.0
  0
LINE
  5
A2C
330
1F
100
AcDbEntity
  8
0
  6
Continuous
 62
     7
370
    15
100
AcDbLine
 10
349.4936708861
 20
55.0
 30
0.0
 11
349.4936708861
 21
46.6455696203
 31
0.0
  0
LINE
  5
A2D
330
1F
100
AcDbEntity
  8
0
  6
Continuous
 62
     7
370
    15
100
AcDbLine
 10
310.5063291139
 20
187.0
 30
0.0
 11
349.4936708861
 21
187.0
 31
0.0
  0
LINE
  5
A2E
330
1F
100
AcDbEntity
  8
0
  6
Continuous
 62
     7
370
    15
100
AcDbLine
 10
310.5063291139
 20
178.6455696203
 30
0.0
 11
310.5063291139
 21
187.0
 31
0.0
  0
LINE
  5
A2F
330
1F
100
AcDbEntity
  8
0
  6
Continuous
 62
     7
370
    15
100
AcDbLine
 10
324.4303797468
 20
178.6455696203
 30
0.0
 11
310.5063291139
 21
178.6455696203
 31
0.0
  0
LINE
  5
A30
330
1F
100
AcDbEntity
  8
0
  6
Continuous
 62
     7
370
    15
100
AcDbLine
 10
324.4303797468
 20
143.0
 30
0.0
 11
324.4303797468
 21
178.6455696203
 31
0.0
  0
LINE
  5
A31
330
1F
100
AcDbEntity
  8
0
  6
Continuous
 62
     7
370
    15
100
AcDbLine
 10
335.5696202532
 20
143.0
 30
0.0
 11
324.4303797468
 21
143.0
 31
0.0
  0
LINE
  5
A32
330
1F
100
AcDbEntity
  8
0
  6
Continuous
 62
     7
370
    15
100
AcDbLine
 10
335.5696202532
 20
178.6455696203
 30
0.0
 11
335.5696202532
 21
143.0
 31
0.0
  0
LINE
  5
A33
330
1F
100
AcDbEntity
  8
0
  6
Continuous
 62
     7
370
    15
100
AcDbLine
 10
349.4936708861
 20
178.6455696203
 30
0.0
 11
335.5696202532
 21
178.6455696203
 31
0.0
  0
LINE
  5
A34
330
1F
100
AcDbEntity
  8
0
  6
Continuous
 62
     7
370
    15
100
AcDbLine
 10
349.4936708861
 20
187.0
 30
0.0
 11
349.4936708861
 21
178.6455696203
 31
0.0
  0
LINE
  5
A35
330
1F
100
AcDbEntity
  8
0
  6
Continuous
 62
     7
370
    15
100
AcDbLine
 10
149.0594678432
 20
175.3037974684
 30
0.0
 11
147.8150058179
 21
175.3037974684
 31
0.0
  0
LINE
  5
A36
330
1F
100
AcDbEntity
  8
0
  6
Continuous
 62
     7
370
    15
100
AcDbLine
 10
149.0594678432
 20
185.2246835443
 30
0.0
 11
149.0594678432
 21
175.3037974684
 31
0.0
  0
LINE
  5
A37
330
1F
100
AcDbEntity
  8
0
  6
Continuous
 62
     7
370
    15
100
AcDbLine
 10
112.8569361976
 20
155.8101265823
 30
0.0
 11
114.1101007546
 21
155.8101265823
 31
0.0
  0
LINE
  5
A38
330
1F
100
AcDbEntity
  8
0
  6
Continuous
 62
     7
370
    15
100
AcDbLine
 10
112.8569361976
 20
145.2800632911
 30
0.0
 11
112.8569361976
 21
155.8101265823
 31
0.0
  0
LINE
  5
A39
330
1F
100
AcDbEntity
  8
0
  6
Continuous
 62
     7
370
    15
100
AcDbLine
 10
-255.5789775397
 20
121.0
 30
0.0
 11
-244.4397370334
 21
121.0
 31
0.0
  0
LINE
  5
A3A
330
1F
100
AcDbEntity
  8
0
  6
Continuous
 62
     7
370
    15
100
AcDbLine
 10
-255.5789775397
 20
93.3694620253
 30
0.0
 11
-255.5789775397
 21
121.0
 31
0.0
  0
LINE
  5
A3B
330
1F
100
AcDbEntity
  8
0
  6
Continuous
 62
     7
370
    15
100
AcDbLine
 10
-272.2878382992
 20
121.0
 30
0.0
 11
-272.2878382992
 21
93.3694620253
 31
0.0
  0
LINE
  5
A3C
330
1F
100
AcDbEntity
  8
0
  6
Continuous
 62
     7
370
    15
100
AcDbLine
 10
-283.4270788056
 20
121.0
 30
0.0
 11
-272.2878382992
 21
121.0
 31
0.0
  0
LINE
  5
A3D
330
1F
100
AcDbEntity
  8
0
  6
Continuous
 62
     7
370
    15
100
AcDbLine
 10
-283.4270788056
 20
92.7776898734
 30
0.0
 11
-283.4270788056
 21
121.0
 31
0.0
  0
LINE
  5
A3E
330
1F
100
AcDbEntity
  8
0
  6
Continuous
 62
     7
370
    15
100
AcDbLine
 10
-244.4397370334
 20
121.0
 30
0.0
 11
-244.4397370334
 21
92.8037974684
 31
0.0
  0
LINE
  5
A3F
330
1F
100
AcDbEntity
  8
0
  6
Continuous
 62
     7
370
    15
100
AcDbLine
 10
-151.5169914477
 20
121.0
 30
0.0
 11
-112.5296496755
 21
121.0
 31
0.0
  0
LINE
  5
A40
330
1F
100
AcDbEntity
  8
0
  6
Continuous
 62
     7
370
    15
100
AcDbLine
 10
-151.5169914477
 20
112.6455696203
 30
0.0
 11
-151.5169914477
 21
121.0
 31
0.0
  0
LINE
  5
A41
330
1F
100
AcDbEntity
  8
0
  6
Continuous
 62
     7
370
    15
100
AcDbLine
 10
-137.5929408148
 20
112.6455696203
 30
0.0
 11
-151.5169914477
 21
112.6455696203
 31
0.0
  0
LINE
  5
A42
330
1F
100
AcDbEntity
  8
0
  6
Continuous
 62
     7
370
    15
100
AcDbLine
 10
-137.5929408148
 20
77.0
 30
0.0
 11
-137.5929408148
 21
112.6455696203
 31
0.0
  0
LINE
  5
A43
330
1F
100
AcDbEntity
  8
0
  6
Continuous
 62
     7
370
    15
100
AcDbLine
 10
-126.4537003084
 20
77.0
 30
0.0
 11
-137.5929408148
 21
77.0
 31
0.0
  0
LINE
  5
A44
330
1F
100
AcDbEntity
  8
0
  6
Continuous
 62
     7
370
    15
100
AcDbLine
 10
-126.4537003084
 20
112.6455696203
 30
0.0
 11
-126.4537003084
 21
77.0
 31
0.0
  0
LINE
  5
A45
330
1F
100
AcDbEntity
  8
0
  6
Continuous
 62
     7
370
    15
100
AcDbLine
 10
-112.5296496755
 20
112.6455696203
 30
0.0
 11
-126.4537003084
 21
112.6455696203
 31
0.0
  0
LINE
  5
A46
330
1F
100
AcDbEntity
  8
0
  6
Continuous
 62
     7
370
    15
100
AcDbLine
 10
-112.5296496755
 20
121.0
 30
0.0
 11
-112.5296496755
 21
112.6455696203
 31
0.0
  0
LINE
  5
A47
330
1F
100
AcDbEntity
  8
0
  6
Continuous
 62
     7
370
    15
100
AcDbLine
 10
5.675379525
 20
84.7974683544
 30
0.0
 11
12.9158858541
 21
84.7974683544
 31
0.0
  0
LINE
  5
A48
330
1F
100
AcDbEntity
  8
0
  6
Continuous
 62
     7
370
    15
100
AcDbLine
 10
5.675379525
 20
113.2025316456
 30
0.0
 11
5.675379525
 21
84.7974683544
 31
0.0
  0
LINE
  5
A49
330
1F
100
AcDbEntity
  8
0
  6
Continuous
 62
     7
370
    15
100
AcDbLine
 10
12.9158858541
 20
113.2025316456
 30
0.0
 11
5.675379525
 21
113.2025316456
 31
0.0
  0
LINE
  5
A4A
330
1F
100
AcDbEntity
  8
0
  6
Continuous
 62
     7
370
    15
100
AcDbLine
 10
12.9158858541
 20
121.0
 30
0.0
 11
12.9158858541
 21
113.2025316456
 31
0.0
  0
LINE
  5
A4B
330
1F
100
AcDbEntity
  8
0
  6
Continuous
 62
     7
370
    15
100
AcDbLine
 10
-12.7043673104
 20
121.0
 30
0.0
 11
12.9158858541
 21
121.0
 31
0.0
  0
LINE
  5
A4C
330
1F
100
AcDbEntity
  8
0
  6
Continuous
 62
     7
370
    15
100
AcDbLine
 10
-12.7043673104
 20
113.2025316456
 30
0.0
 11
-12.7043673104
 21
121.0
 31
0.0
  0
LINE
  5
A4D
330
1F
100
AcDbEntity
  8
0
  6
Continuous
 62
     7
370
    15
100
AcDbLine
 10
-5.4638609813
 20
113.2025316456
 30
0.0
 11
-12.7043673104
 21
113.2025316456
 31
0.0
  0
LINE
  5
A4E
330
1F
100
AcDbEntity
  8
0
  6
Continuous
 62
     7
370
    15
100
AcDbLine
 10
-5.4638609813
 20
84.7974683544
 30
0.0
 11
-5.4638609813
 21
113.2025316456
 31
0.0
  0
LINE
  5
A4F
330
1F
100
AcDbEntity
  8
0
  6
Continuous
 62
     7
370
    15
100
AcDbLine
 10
-12.7043673104
 20
84.7974683544
 30
0.0
 11
-5.4638609813
 21
84.7974683544
 31
0.0
  0
LINE
  5
A50
330
1F
100
AcDbEntity
  8
0
  6
Continuous
 62
     7
370
    15
100
AcDbLine
 10
-12.7043673104
 20
77.0
 30
0.0
 11
-12.7043673104
 21
84.7974683544
 31
0.0
  0
LINE
  5
A51
330
1F
100
AcDbEntity
  8
0
  6
Continuous
 62
     7
370
    15
100
AcDbLine
 10
12.9158858541
 20
77.0
 30
0.0
 11
-12.7043673104
 21
77.0
 31
0.0
  0
LINE
  5
A52
330
1F
100
AcDbEntity
  8
0
  6
Continuous
 62
     7
370
    15
100
AcDbLine
 10
12.9158858541
 20
84.7974683544
 30
0.0
 11
12.9158858541
 21
77.0
 31
0.0
  0
LINE
  5
A53
330
1F
100
AcDbEntity
  8
0
  6
Continuous
 62
     7
370
    15
100
AcDbLine
 10
149.6608978681
 20
90.3670886076
 30
0.0
 11
149.6608978681
 21
79.7151898734
 31
0.0
  0
LINE
  5
A54
330
1F
100
AcDbEntity
  8
0
  6
Continuous
 62
     7
370
    15
100
AcDbLine
 10
148.4860560959
 20
90.3670886076
 30
0.0
 11
149.6608978681
 21
90.3670886076
 31
0.0
  0
LINE
  5
A55
330
1F
100
AcDbEntity
  8
0
  6
Continuous
 62
     7
370
    15
100
AcDbLine
 10
149.6608978681
 20
107.6329113924
 30
0.0
 11
148.3642206529
 21
107.6329113924
 31
0.0
  0
LINE
  5
A56
330
1F
100
AcDbEntity
  8
0
  6
Continuous
 62
     7
370
    15
100
AcDbLine
 10
149.6608978681
 20
118.4153481013
 30
0.0
 11
149.6608978681
 21
107.6329113924
 31
0.0
  0
LINE
  5
A57
330
1F
100
AcDbEntity
  8
0
  6
Continuous
 62
     7
370
    15
100
AcDbLine
 10
180.9608994794
 20
245.9177801771
 30
0.0
 11
188.5608651888
 21
238.3178144668
 31
0.0
  0
LINE
  5
A58
330
1F
100
AcDbEntity
  8
0
  6
Continuous
 62
     7
370
    15
100
AcDbLine
 10
205.991451499
 20
220.8872281574
 30
0.0
 11
212.9879318122
 21
213.8907478442
 31
0.0
  0
LINE
  5
A59
330
1F
100
AcDbEntity
  8
0
  6
Continuous
 62
     7
370
    15
100
AcDbLine
 10
190.0291880515
 20
241.092132292
 30
0.0
 11
183.0516612347
 21
248.0696591089
 31
0.0
  0
LINE
  5
A5A
330
1F
100
AcDbEntity
  8
0
  6
Continuous
 62
     7
370
    15
100
AcDbLine
 10
215.0690941508
 20
216.0522261928
 30
0.0
 11
207.4518158774
 21
223.669504467
 31
0.0
  0
LINE
  5
A5B
330
1F
100
AcDbEntity
  8
0
  6
Continuous
 62
     7
370
    15
100
AcDbLine
 10
321.745623228
 20
109.3756971155
 30
0.0
 11
314.6952041852
 21
116.4261161583
 31
0.0
  0
LINE
  5
A5C
330
1F
100
AcDbEntity
  8
0
  6
Continuous
 62
     7
370
    15
100
AcDbLine
 10
346.7805902447
 20
84.3407300989
 30
0.0
 11
339.2676521952
 21
91.8536681349
 31
0.0
  0
LINE
  5
A5D
330
1F
100
AcDbEntity
  8
0
  6
Continuous
 62
     7
370
    15
100
AcDbLine
 10
312.6579386608
 20
114.2207409957
 30
0.0
 11
320.3824889404
 21
106.4961907156
 31
0.0
  0
LINE
  5
A5E
330
1F
100
AcDbEntity
  8
0
  6
Continuous
 62
     7
370
    15
100
AcDbLine
 10
350.7119814597
 20
74.884015451
 30
0.0
 11
350.7119814597
 21
67.324680008
 31
0.0
  0
LINE
  5
A5F
330
1F
100
AcDbEntity
  8
0
  6
Continuous
 62
     7
370
    15
100
AcDbLine
 10
349.6071555103
 20
74.884015451
 30
0.0
 11
350.7119814597
 21
74.884015451
 31
0.0
  0
LINE
  5
A60
330
1F
100
AcDbEntity
  8
0
  6
Continuous
 62
     7
370
    15
100
AcDbLine
 10
337.6970354362
 20
89.1816442203
 30
0.0
 11
344.6187440662
 21
82.2599355902
 31
0.0
  0
LINE
  5
A61
330
1F
100
AcDbEntity
  8
0
  6
Continuous
 62
     7
370
    15
100
AcDbLine
 10
-337.9527787628
 20
-22.9259008936
 30
0.0
 11
-344.9319458802
 21
-15.9467337763
 31
0.0
  0
LINE
  5
A62
330
1F
100
AcDbEntity
  8
0
  6
Continuous
 62
     7
370
    15
100
AcDbLine
 10
-312.901280338
 20
-47.9773993185
 30
0.0
 11
-320.5098901129
 21
-40.3687895434
 31
0.0
  0
LINE
  5
A63
330
1F
100
AcDbEntity
  8
0
  6
Continuous
 62
     7
370
    15
100
AcDbLine
 10
-347.0241868356
 20
-18.097133508
 30
0.0
 11
-339.4096783258
 21
-25.7116420041
 31
0.0
  0
LINE
  5
A64
330
1F
100
AcDbEntity
  8
0
  6
Continuous
 62
     7
370
    15
100
AcDbLine
 10
-321.9891451397
 20
-43.1321752039
 30
0.0
 11
-314.9847525514
 21
-50.1365677922
 31
0.0
  0
LINE
  5
A65
330
1F
100
AcDbEntity
  8
0
  6
Continuous
 62
     7
370
    15
100
AcDbLine
 10
-271.9833216786
 20
-88.8953579779
 30
0.0
 11
-278.9649518065
 21
-81.91372785
 31
0.0
  0
LINE
  5
A66
330
1F
100
AcDbEntity
  8
0
  6
Continuous
 62
     7
370
    15
100
AcDbLine
 10
-246.9324002178
 20
-113.9462794386
 30
0.0
 11
-254.5371277564
 21
-106.3415518999
 31
0.0
  0
LINE
  5
A67
330
1F
100
AcDbEntity
  8
0
  6
Continuous
 62
     7
370
    15
100
AcDbLine
 10
-281.0553221082
 20
-84.0659982353
 30
0.0
 11
-273.4368682153
 21
-91.6844521284
 31
0.0
  0
LINE
  5
A68
330
1F
100
AcDbEntity
  8
0
  6
Continuous
 62
     7
370
    15
100
AcDbLine
 10
-256.0196000353
 20
-109.1017203083
 30
0.0
 11
-249.0176580094
 21
-116.1036623342
 31
0.0
  0
LINE
  5
A69
330
1F
100
AcDbEntity
  8
0
  6
Continuous
 62
     7
370
    15
100
AcDbLine
 10
-140.4125561376
 20
-154.4661235188
 30
0.0
 11
-147.4987696653
 21
-147.3799099888
 31
0.0
  0
LINE
  5
A6A
330
1F
100
AcDbEntity
  8
0
  6
Continuous
 62
     7
370
    15
100
AcDbLine
 10
-115.3997748537
 20
-179.4789048028
 30
0.0
 11
-122.8677600252
 21
-172.0109196448
 31
0.0
  0
LINE
  5
A6B
330
1F
100
AcDbEntity
  8
0
  6
Continuous
 62
     7
370
    15
100
AcDbLine
 10
-149.5139555768
 20
-149.6073647668
 30
0.0
 11
-141.7387083638
 21
-157.3826119803
 31
0.0
  0
LINE
  5
A6C
330
1F
100
AcDbEntity
  8
0
  6
Continuous
 62
     7
370
    15
100
AcDbLine
 10
-111.3389405765
 20
-188.7889539171
 30
0.0
 11
-111.3389405765
 21
-196.3482893602
 31
0.0
  0
LINE
  5
A6D
330
1F
100
AcDbEntity
  8
0
  6
Continuous
 62
     7
370
    15
100
AcDbLine
 10
-112.4437665258
 20
-188.7889539171
 30
0.0
 11
-111.3389405765
 21
-188.7889539171
 31
0.0
  0
LINE
  5
A6E
330
1F
100
AcDbEntity
  8
0
  6
Continuous
 62
     7
370
    15
100
AcDbLine
 10
-124.4744148124
 20
-174.6469055312
 30
0.0
 11
-117.5860796914
 21
-181.5352406521
 31
0.0
  0
LINE
  5
A6F
330
1F
100
AcDbEntity
  8
0
  6
Continuous
 62
     7
370
    15
100
AcDbLine
 10
255.7185191408
 20
-220.5971987973
 30
0.0
 11
248.6587336523
 21
-213.5374133087
 31
0.0
  0
LINE
  5
A70
330
1F
100
AcDbEntity
  8
0
  6
Continuous
 62
     7
370
    15
100
AcDbLine
 10
280.7480531971
 20
-245.6267328536
 30
0.0
 11
273.2472050118
 21
-238.1258846818
 31
0.0
  0
LINE
  5
A71
330
1F
100
AcDbEntity
  8
0
  6
Continuous
 62
     7
370
    15
100
AcDbLine
 10
246.6273718299
 20
-215.7486921734
 30
0.0
 11
254.3653739919
 21
-223.4866943359
 31
0.0
  0
LINE
  5
A72
330
1F
100
AcDbEntity
  8
0
  6
Continuous
 62
     7
370
    15
100
AcDbLine
 10
284.7138436253
 20
-255.0441387296
 30
0.0
 11
284.7138436253
 21
-262.6034741727
 31
0.0
  0
LINE
  5
A73
330
1F
100
AcDbEntity
  8
0
  6
Continuous
 62
     7
370
    15
100
AcDbLine
 10
283.6090176759
 20
-255.0441387296
 30
0.0
 11
284.7138436253
 21
-255.0441387296
 31
0.0
  0
LINE
  5
A74
330
1F
100
AcDbEntity
  8
0
  6
Continuous
 62
     7
370
    15
100
AcDbLine
 10
271.6668009214
 20
-240.7881212649
 30
0.0
 11
278.579683538
 21
-247.7010038815
 31
0.0
  0
LINE
  5
A75
330
1F
100
AcDbEntity
  8
0
  6
Continuous
 62
     7
370
    15
100
AcDbLine
 10
1.5
 20
413.1432101645
 30
0.0
 11
1.5
 21
426.1432101645
 31
0.0
  0
LINE
  5
A76
330
1F
100
AcDbEntity
  8
0
  6
Continuous
 62
     7
370
    15
100
AcDbLine
 10
0.5
 20
427.1432101645
 30
0.0
 11
-0.5
 21
427.1432101645
 31
0.0
  0
LINE
  5
A77
330
1F
100
AcDbEntity
  8
0
  6
Continuous
 62
     7
370
    15
100
AcDbLine
 10
-1.5
 20
426.1432101645
 30
0.0
 11
-1.5
 21
413.1432101645
 31
0.0
  0
LINE
  5
A78
330
1F
100
AcDbEntity
  8
0
  6
Continuous
 62
     7
370
    15
100
AcDbLine
 10
-0.5
 20
412.1432101645
 30
0.0
 11
0.5
 21
412.1432101645
 31
0.0
  0
LINE
  5
A79
330
1F
100
AcDbEntity
  8
0
  6
Continuous
 62
     7
370
    15
100
AcDbLine
 10
-13.0842146532
 20
409.5417305064
 30
0.0
 11
-20.725422933
 21
420.0589514333
 31
0.0
  0
LINE
  5
A7A
330
1F
100
AcDbEntity
  8
0
  6
Continuous
 62
     7
370
    15
100
AcDbLine
 10
-22.1222251797
 20
420.2801831753
 30
0.0
 11
-22.9312421741
 21
419.6923979231
 31
0.0
  0
LINE
  5
A7B
330
1F
100
AcDbEntity
  8
0
  6
Continuous
 62
     7
370
    15
100
AcDbLine
 10
-23.1524739161
 20
418.2955956764
 30
0.0
 11
-15.5112656363
 21
407.7783747495
 31
0.0
  0
LINE
  5
A7C
330
1F
100
AcDbEntity
  8
0
  6
Continuous
 62
     7
370
    15
100
AcDbLine
 10
-14.1144633897
 20
407.5571430074
 30
0.0
 11
-13.3054463953
 21
408.1449282597
 31
0.0
  0
LINE
  5
A7D
330
1F
100
AcDbEntity
  8
0
  6
Continuous
 62
     7
370
    15
100
AcDbLine
 10
-22.7661955278
 20
398.0556859686
 30
0.0
 11
-35.1299302396
 21
402.0729068955
 31
0.0
  0
LINE
  5
A7E
330
1F
100
AcDbEntity
  8
0
  6
Continuous
 62
     7
370
    15
100
AcDbLine
 10
-36.3900037503
 20
401.4308673736
 30
0.0
 11
-36.6990207447
 21
400.4798108573
 31
0.0
  0
LINE
  5
A7F
330
1F
100
AcDbEntity
  8
0
  6
Continuous
 62
     7
370
    15
100
AcDbLine
 10
-36.0569812228
 20
399.2197373466
 30
0.0
 11
-23.6932465109
 21
395.2025164198
 31
0.0
  0
LINE
  5
A80
330
1F
100
AcDbEntity
  8
0
  6
Continuous
 62
     7
370
    15
100
AcDbLine
 10
-22.4331730003
 20
395.8445559417
 30
0.0
 11
-22.1241560059
 21
396.795612458
 31
0.0
  0
LINE
  5
A81
330
1F
100
AcDbEntity
  8
0
  6
Continuous
 62
     7
370
    15
100
AcDbLine
 10
-23.8477550081
 20
383.0723551684
 30
0.0
 11
-36.2114897199
 21
379.0551342415
 31
0.0
  0
LINE
  5
A82
330
1F
100
AcDbEntity
  8
0
  6
Continuous
 62
     7
370
    15
100
AcDbLine
 10
-36.8535292418
 20
377.7950607309
 30
0.0
 11
-36.5445122475
 21
376.8440042146
 31
0.0
  0
LINE
  5
A83
330
1F
100
AcDbEntity
  8
0
  6
Continuous
 62
     7
370
    15
100
AcDbLine
 10
-35.2844387368
 20
376.2019646926
 30
0.0
 11
-22.920704025
 21
380.2191856195
 31
0.0
  0
LINE
  5
A84
330
1F
100
AcDbEntity
  8
0
  6
Continuous
 62
     7
370
    15
100
AcDbLine
 10
-22.278664503
 20
381.4792591302
 30
0.0
 11
-22.5876814974
 21
382.4303156465
 31
0.0
  0
LINE
  5
A85
330
1F
100
AcDbEntity
  8
0
  6
Continuous
 62
     7
370
    15
100
AcDbLine
 10
22.2661955279
 20
379.7436573614
 30
0.0
 11
34.6299302397
 21
375.7264364346
 31
0.0
  0
LINE
  5
A86
330
1F
100
AcDbEntity
  8
0
  6
Continuous
 62
     7
370
    15
100
AcDbLine
 10
35.8900037504
 20
376.3684759565
 30
0.0
 11
36.1990207447
 21
377.3195324728
 31
0.0
  0
LINE
  5
A87
330
1F
100
AcDbEntity
  8
0
  6
Continuous
 62
     7
370
    15
100
AcDbLine
 10
35.5569812228
 20
378.5796059834
 30
0.0
 11
23.193246511
 21
382.5968269103
 31
0.0
  0
LINE
  5
A88
330
1F
100
AcDbEntity
  8
0
  6
Continuous
 62
     7
370
    15
100
AcDbLine
 10
21.9331730003
 20
381.9547873884
 30
0.0
 11
21.6241560059
 21
381.0037308721
 31
0.0
  0
LINE
  5
A89
330
1F
100
AcDbEntity
  8
0
  6
Continuous
 62
     7
370
    15
100
AcDbLine
 10
23.3477550082
 20
394.7269881617
 30
0.0
 11
35.71148972
 21
398.7442090885
 31
0.0
  0
LINE
  5
A8A
330
1F
100
AcDbEntity
  8
0
  6
Continuous
 62
     7
370
    15
100
AcDbLine
 10
36.3535292419
 20
400.0042825992
 30
0.0
 11
36.0445122475
 21
400.9553391155
 31
0.0
  0
LINE
  5
A8B
330
1F
100
AcDbEntity
  8
0
  6
Continuous
 62
     7
370
    15
100
AcDbLine
 10
34.7844387369
 20
401.5973786374
 30
0.0
 11
22.420704025
 21
397.5801577106
 31
0.0
  0
LINE
  5
A8C
330
1F
100
AcDbEntity
  8
0
  6
Continuous
 62
     7
370
    15
100
AcDbLine
 10
21.7786645031
 20
396.3200841999
 30
0.0
 11
22.0876814975
 21
395.3690276836
 31
0.0
  0
LINE
  5
A8D
330
1F
100
AcDbEntity
  8
0
  6
Continuous
 62
     7
370
    15
100
AcDbLine
 10
15.4157741335
 20
407.4844821234
 30
0.0
 11
23.0569824133
 21
418.0017030503
 31
0.0
  0
LINE
  5
A8E
330
1F
100
AcDbEntity
  8
0
  6
Continuous
 62
     7
370
    15
100
AcDbLine
 10
22.8357506713
 20
419.3985052969
 30
0.0
 11
22.0267336769
 21
419.9862905492
 31
0.0
  0
LINE
  5
A8F
330
1F
100
AcDbEntity
  8
0
  6
Continuous
 62
     7
370
    15
100
AcDbLine
 10
20.6299314302
 20
419.7650588072
 30
0.0
 11
12.9887231504
 21
409.2478378803
 31
0.0
  0
LINE
  5
A90
330
1F
100
AcDbEntity
  8
0
  6
Continuous
 62
     7
370
    15
100
AcDbLine
 10
13.2099548925
 20
407.8510356336
 30
0.0
 11
14.0189718869
 21
407.2632503813
 31
0.0
  0
LINE
  5
A91
330
1F
100
AcDbEntity
  8
0
  6
Continuous
 62
     7
370
    15
100
AcDbLine
 10
-74.4173429053
 20
-143.0
 30
0.0
 11
-85.5565834116
 21
-143.0
 31
0.0
  0
LINE
  5
A92
330
1F
100
AcDbEntity
  8
0
  6
Continuous
 62
     7
370
    15
100
AcDbLine
 10
22.7810242741
 20
-187.0
 30
0.0
 11
6.4898850335
 21
-143.0
 31
0.0
  0
LINE
  5
A93
330
1F
100
AcDbEntity
  8
0
  6
Continuous
 62
     7
370
    15
100
AcDbLine
 10
6.4898850335
 20
-143.0
 30
0.0
 11
-6.5987225614
 21
-143.0
 31
0.0
  0
LINE
  5
A94
330
1F
100
AcDbEntity
  8
0
  6
Continuous
 62
     7
370
    15
100
AcDbLine
 10
-85.5565834116
 20
-143.0
 30
0.0
 11
-85.5565834116
 21
-171.1962025316
 31
0.0
  0
LINE
  5
A95
330
1F
100
AcDbEntity
  8
0
  6
Continuous
 62
     7
370
    15
100
AcDbLine
 10
20.2086247895
 20
-121.0
 30
0.0
 11
32.0962830173
 21
-77.0
 31
0.0
  0
LINE
  5
A96
330
1F
100
AcDbEntity
  8
0
  6
Continuous
 62
     7
370
    15
100
AcDbLine
 10
5.292485549
 20
-77.0
 30
0.0
 11
-6.0643182485
 21
-77.0
 31
0.0
  0
LINE
  5
A97
330
1F
100
AcDbEntity
  8
0
  6
Continuous
 62
     7
370
    15
100
AcDbLine
 10
-6.0643182485
 20
-77.0
 30
0.0
 11
-13.8443815396
 21
-107.2848101266
 31
0.0
  0
LINE
  5
A98
330
1F
100
AcDbEntity
  8
0
  6
Continuous
 62
     7
370
    15
100
AcDbLine
 10
-13.8443815396
 20
-107.2848101266
 30
0.0
 11
-20.9717549574
 21
-77.0
 31
0.0
  0
LINE
  5
A99
330
1F
100
AcDbEntity
  8
0
  6
Continuous
 62
     7
370
    15
100
AcDbLine
 10
-20.9717549574
 20
-77.0
 30
0.0
 11
-32.5113119194
 21
-77.0
 31
0.0
  0
LINE
  5
A9A
330
1F
100
AcDbEntity
  8
0
  6
Continuous
 62
     7
370
    15
100
AcDbLine
 10
-6.5987225614
 20
-143.0
 30
0.0
 11
-22.8898618019
 21
-187.0
 31
0.0
  0
LINE
  5
A9B
330
1F
100
AcDbEntity
  8
0
  6
Continuous
 62
     7
370
    15
100
AcDbLine
 10
13.7687513718
 20
-107.2848101266
 30
0.0
 11
5.292485549
 21
-77.0
 31
0.0
  0
LINE
  5
A9C
330
1F
100
AcDbEntity
  8
0
  6
Continuous
 62
     7
370
    15
100
AcDbLine
 10
-46.5692416394
 20
-171.2223101266
 30
0.0
 11
-46.5692416394
 21
-143.0
 31
0.0
  0
LINE
  5
A9D
330
1F
100
AcDbEntity
  8
0
  6
Continuous
 62
     7
370
    15
100
AcDbLine
 10
-46.5692416394
 20
-143.0
 30
0.0
 11
-57.7084821458
 21
-143.0
 31
0.0
  0
LINE
  5
A9E
330
1F
100
AcDbEntity
  8
0
  6
Continuous
 62
     7
370
    15
100
AcDbLine
 10
-57.7084821458
 20
-143.0
 30
0.0
 11
-57.7084821458
 21
-170.6305379747
 31
0.0
  0
LINE
  5
A9F
330
1F
100
AcDbEntity
  8
0
  6
Continuous
 62
     7
370
    15
100
AcDbLine
 10
32.0962830173
 20
-77.0
 30
0.0
 11
20.5567260553
 21
-77.0
 31
0.0
  0
LINE
  5
AA0
330
1F
100
AcDbEntity
  8
0
  6
Continuous
 62
     7
370
    15
100
AcDbLine
 10
20.5567260553
 20
-77.0
 30
0.0
 11
13.7687513718
 21
-107.2848101266
 31
0.0
  0
LINE
  5
AA1
330
1F
100
AcDbEntity
  8
0
  6
Continuous
 62
     7
370
    15
100
AcDbLine
 10
-74.4173429053
 20
-170.6305379747
 30
0.0
 11
-74.4173429053
 21
-143.0
 31
0.0
  0
ARC
  5
AA2
330
1F
100
AcDbEntity
  8
0
  6
Continuous
 62
     7
370
    15
100
AcDbCircle
 10
-16.0
 20
372.8303796455
 30
0.0
 40
10.00000000000009
100
AcDbArc
 50
0.0
 51
44.6746095644
  0
ARC
  5
AA3
330
1F
100
AcDbEntity
  8
0
  6
Continuous
 62
     7
370
    15
100
AcDbCircle
 10
-5.0
 20
369.149671665
 30
0.0
 40
0.999999999999952
100
AcDbArc
 50
180.0
 51
270.0
  0
ARC
  5
AA4
330
1F
100
AcDbEntity
  8
0
  6
Continuous
 62
     7
370
    15
100
AcDbCircle
 10
5.0
 20
369.149671665
 30
0.0
 40
0.9999999999999485
100
AcDbArc
 50
270.0
 51
0.0
  0
ARC
  5
AA5
330
1F
100
AcDbEntity
  8
0
  6
Continuous
 62
     7
370
    15
100
AcDbCircle
 10
16.0
 20
372.8303796455
 30
0.0
 40
9.999999999999874
100
AcDbArc
 50
135.3253904356
 51
180.0
  0
ARC
  5
AA6
330
1F
100
AcDbEntity
  8
0
  6
Continuous
 62
     7
370
    15
100
AcDbCircle
 10
0.0
 20
388.649671665
 30
0.0
 40
12.49999999999999
100
AcDbArc
 50
315.3253904356
 51
224.6746095644
  0
ARC
  5
AA7
330
1F
100
AcDbEntity
  8
0
  6
Continuous
 62
     7
370
    15
100
AcDbCircle
 10
-2.8649875281
 20
361.649671665
 30
0.0
 40
1.0
100
AcDbArc
 50
35.058312537
 51
90.0
  0
ARC
  5
AA8
330
1F
100
AcDbEntity
  8
0
  6
Continuous
 62
     7
370
    15
100
AcDbCircle
 10
0.0
 20
363.6601060619
 30
0.0
 40
2.500000000000039
100
AcDbArc
 50
215.058312537
 51
324.941687463
  0
ARC
  5
AA9
330
1F
100
AcDbEntity
  8
0
  6
Continuous
 62
     7
370
    15
100
AcDbCircle
 10
2.8649875281
 20
361.649671665
 30
0.0
 40
1.000000000000057
100
AcDbArc
 50
90.0
 51
144.941687463
  0
ARC
  5
AAA
330
1F
100
AcDbEntity
  8
0
  6
Continuous
 62
     7
370
    15
100
AcDbCircle
 10
5.0
 20
363.649671665
 30
0.0
 40
0.9999999999999432
100
AcDbArc
 50
270.0
 51
0.0
  0
ARC
  5
AAB
330
1F
100
AcDbEntity
  8
0
  6
Continuous
 62
     7
370
    15
100
AcDbCircle
 10
5.0
 20
365.649671665
 30
0.0
 40
1.000000000000057
100
AcDbArc
 50
0.0
 51
90.0
  0
ARC
  5
AAC
330
1F
100
AcDbEntity
  8
0
  6
Continuous
 62
     7
370
    15
100
AcDbCircle
 10
-5.0
 20
365.649671665
 30
0.0
 40
1.000000000000057
100
AcDbArc
 50
90.0
 51
180.0
  0
ARC
  5
AAD
330
1F
100
AcDbEntity
  8
0
  6
Continuous
 62
     7
370
    15
100
AcDbCircle
 10
-5.0
 20
363.649671665
 30
0.0
 40
0.9999999999999432
100
AcDbArc
 50
180.0
 51
270.0
  0
ARC
  5
AAE
330
1F
100
AcDbEntity
  8
0
  6
Continuous
 62
     7
370
    15
100
AcDbCircle
 10
0.5
 20
413.1432101645
 30
0.0
 40
0.9999999999999432
100
AcDbArc
 50
270.0
 51
0.0
  0
ARC
  5
AAF
330
1F
100
AcDbEntity
  8
0
  6
Continuous
 62
     7
370
    15
100
AcDbCircle
 10
0.5
 20
426.1432101645
 30
0.0
 40
1.000000000000057
100
AcDbArc
 50
0.0
 51
90.0
  0
ARC
  5
AB0
330
1F
100
AcDbEntity
  8
0
  6
Continuous
 62
     7
370
    15
100
AcDbCircle
 10
-0.5
 20
426.1432101645
 30
0.0
 40
1.000000000000057
100
AcDbArc
 50
90.0
 51
180.0
  0
ARC
  5
AB1
330
1F
100
AcDbEntity
  8
0
  6
Continuous
 62
     7
370
    15
100
AcDbCircle
 10
-0.5
 20
413.1432101645
 30
0.0
 40
0.9999999999999432
100
AcDbArc
 50
180.0
 51
270.0
  0
ARC
  5
AB2
330
1F
100
AcDbEntity
  8
0
  6
Continuous
 62
     7
370
    15
100
AcDbCircle
 10
-13.8932316476
 20
408.9539452541
 30
0.0
 40
0.9999999999999979
100
AcDbArc
 50
306.0
 51
36.0
  0
ARC
  5
AB3
330
1F
100
AcDbEntity
  8
0
  6
Continuous
 62
     7
370
    15
100
AcDbCircle
 10
-21.5344399274
 20
419.471166181
 30
0.0
 40
0.9999999999997905
100
AcDbArc
 50
36.0
 51
126.0
  0
ARC
  5
AB4
330
1F
100
AcDbEntity
  8
0
  6
Continuous
 62
     7
370
    15
100
AcDbCircle
 10
-22.3434569218
 20
418.8833809287
 30
0.0
 40
1.000000000000014
100
AcDbArc
 50
126.0
 51
216.0
  0
ARC
  5
AB5
330
1F
100
AcDbEntity
  8
0
  6
Continuous
 62
     7
370
    15
100
AcDbCircle
 10
-14.702248642
 20
408.3661600018
 30
0.0
 40
1.000000000000018
100
AcDbArc
 50
216.0
 51
306.0
  0
ARC
  5
AB6
330
1F
100
AcDbEntity
  8
0
  6
Continuous
 62
     7
370
    15
100
AcDbCircle
 10
-23.0752125222
 20
397.1046294524
 30
0.0
 40
0.9999999999998539
100
AcDbArc
 50
342.0
 51
72.0
  0
ARC
  5
AB7
330
1F
100
AcDbEntity
  8
0
  6
Continuous
 62
     7
370
    15
100
AcDbCircle
 10
-35.438947234
 20
401.1218503792
 30
0.0
 40
1.000000000000001
100
AcDbArc
 50
72.0
 51
162.0
  0
ARC
  5
AB8
330
1F
100
AcDbEntity
  8
0
  6
Continuous
 62
     7
370
    15
100
AcDbCircle
 10
-35.7479642284
 20
400.1707938629
 30
0.0
 40
1.000000000000104
100
AcDbArc
 50
162.0
 51
252.0
  0
ARC
  5
AB9
330
1F
100
AcDbEntity
  8
0
  6
Continuous
 62
     7
370
    15
100
AcDbCircle
 10
-23.3842295165
 20
396.1535729361
 30
0.0
 40
1.000000000000072
100
AcDbArc
 50
252.0
 51
342.0
  0
ARC
  5
ABA
330
1F
100
AcDbEntity
  8
0
  6
Continuous
 62
     7
370
    15
100
AcDbCircle
 10
-23.5387380137
 20
382.1212986521
 30
0.0
 40
0.9999999999999197
100
AcDbArc
 50
18.0
 51
108.0
  0
ARC
  5
ABB
330
1F
100
AcDbEntity
  8
0
  6
Continuous
 62
     7
370
    15
100
AcDbCircle
 10
-35.9024727256
 20
378.1040777252
 30
0.0
 40
1.000000000000093
100
AcDbArc
 50
108.0
 51
198.0
  0
ARC
  5
ABC
330
1F
100
AcDbEntity
  8
0
  6
Continuous
 62
     7
370
    15
100
AcDbCircle
 10
-35.5934557312
 20
377.1530212089
 30
0.0
 40
1.000000000000039
100
AcDbArc
 50
198.0
 51
288.0
  0
ARC
  5
ABD
330
1F
100
AcDbEntity
  8
0
  6
Continuous
 62
     7
370
    15
100
AcDbCircle
 10
-23.2297210193
 20
381.1702421358
 30
0.0
 40
1.000000000000004
100
AcDbArc
 50
288.0
 51
18.0
  0
ARC
  5
ABE
330
1F
100
AcDbEntity
  8
0
  6
Continuous
 62
     7
370
    15
100
AcDbCircle
 10
22.5752125222
 20
380.6947138777
 30
0.0
 40
1.000000000000005
100
AcDbArc
 50
162.0
 51
252.0
  0
ARC
  5
ABF
330
1F
100
AcDbEntity
  8
0
  6
Continuous
 62
     7
370
    15
100
AcDbCircle
 10
34.9389472341
 20
376.6774929509
 30
0.0
 40
1.000000000000039
100
AcDbArc
 50
252.0
 51
342.0
  0
ARC
  5
AC0
330
1F
100
AcDbEntity
  8
0
  6
Continuous
 62
     7
370
    15
100
AcDbCircle
 10
35.2479642284
 20
377.6285494671
 30
0.0
 40
1.000000000000106
100
AcDbArc
 50
342.0
 51
72.0
  0
ARC
  5
AC1
330
1F
100
AcDbEntity
  8
0
  6
Continuous
 62
     7
370
    15
100
AcDbCircle
 10
22.8842295166
 20
381.645770394
 30
0.0
 40
1.000000000000131
100
AcDbArc
 50
72.0
 51
162.0
  0
ARC
  5
AC2
330
1F
100
AcDbEntity
  8
0
  6
Continuous
 62
     7
370
    15
100
AcDbCircle
 10
23.0387380138
 20
395.678044678
 30
0.0
 40
1.000000000000073
100
AcDbArc
 50
198.0
 51
288.0
  0
ARC
  5
AC3
330
1F
100
AcDbEntity
  8
0
  6
Continuous
 62
     7
370
    15
100
AcDbCircle
 10
35.4024727256
 20
399.6952656048
 30
0.0
 40
1.000000000000117
100
AcDbArc
 50
288.0
 51
18.0
  0
ARC
  5
AC4
330
1F
100
AcDbEntity
  8
0
  6
Continuous
 62
     7
370
    15
100
AcDbCircle
 10
35.0934557312
 20
400.6463221211
 30
0.0
 40
1.000000000000037
100
AcDbArc
 50
18.0
 51
108.0
  0
ARC
  5
AC5
330
1F
100
AcDbEntity
  8
0
  6
Continuous
 62
     7
370
    15
100
AcDbCircle
 10
22.7297210194
 20
396.6291011943
 30
0.0
 40
0.9999999999999738
100
AcDbArc
 50
108.0
 51
198.0
  0
ARC
  5
AC6
330
1F
100
AcDbEntity
  8
0
  6
Continuous
 62
     7
370
    15
100
AcDbCircle
 10
14.6067571392
 20
408.0722673757
 30
0.0
 40
1.000000000000197
100
AcDbArc
 50
234.0
 51
324.0
  0
ARC
  5
AC7
330
1F
100
AcDbEntity
  8
0
  6
Continuous
 62
     7
370
    15
100
AcDbCircle
 10
22.247965419
 20
418.5894883026
 30
0.0
 40
1.000000000000167
100
AcDbArc
 50
324.0
 51
54.0
  0
ARC
  5
AC8
330
1F
100
AcDbEntity
  8
0
  6
Continuous
 62
     7
370
    15
100
AcDbCircle
 10
21.4389484246
 20
419.1772735549
 30
0.0
 40
0.9999999999997301
100
AcDbArc
 50
54.0
 51
144.0
  0
ARC
  5
AC9
330
1F
100
AcDbEntity
  8
0
  6
Continuous
 62
     7
370
    15
100
AcDbCircle
 10
13.7977401448
 20
408.660052628
 30
0.0
 40
0.9999999999997808
100
AcDbArc
 50
144.0
 51
234.0
  0
ENDSEC
  0
SECTION
  2
OBJECTS
  0
DICTIONARY
  5
C
330
0
100
AcDbDictionary
281
     1
  3
ACAD_GROUP
350
D
  3
ACAD_LAYOUT
350
1A
  3
ACAD_MLINESTYLE
350
17
  3
ACAD_PLOTSETTINGS
350
19
  3
ACAD_PLOTSTYLENAME
350
E
  3
ACAD_SCALELIST
350
47
  0
DICTIONARY
  5
D
102
{ACAD_REACTORS
330
C
102
}
330
C
100
AcDbDictionary
281
     1
  0
DICTIONARY
  5
1A
102
{ACAD_REACTORS
330
C
102
}
330
C
100
AcDbDictionary
281
     1
  3
Layout1
350
1E
  3
Layout2
350
26
  3
Model
350
22
  0
DICTIONARY
  5
17
102
{ACAD_REACTORS
330
C
102
}
330
C
100
AcDbDictionary
281
     1
  3
Standard
350
18
  0
DICTIONARY
  5
19
102
{ACAD_REACTORS
330
C
102
}
330
C
100
AcDbDictionary
281
     1
  0
ACDBDICTIONARYWDFLT
  5
E
102
{ACAD_REACTORS
330
C
102
}
330
C
100
AcDbDictionary
281
     1
  3
Normal
350
F
100
AcDbDictionaryWithDefault
340
F
  0
DICTIONARY
  5
47
102
{ACAD_REACTORS
330
C
102
}
330
C
100
AcDbDictionary
281
     1
  3
A0
350
48
  3
A1
350
49
  3
A2
350
4A
  3
A3
350
4B
  3
A4
350
4C
  3
A5
350
4D
  3
A6
350
4E
  3
A7
350
4F
  3
A8
350
50
  3
A9
350
51
  3
B0
350
52
  3
B1
350
53
  3
B2
350
54
  3
B3
350
55
  3
B4
350
56
  3
B5
350
57
  3
B6
350
58
  3
B7
350
59
  3
B8
350
5A
  3
B9
350
5B
  3
C0
350
5C
  3
C1
350
5D
  3
C2
350
5E
  3
C3
350
5F
  3
C4
350
60
  3
C5
350
61
  3
C6
350
62
  3
C7
350
63
  3
C8
350
64
  3
C9
350
65
  3
D0
350
66
  3
D1
350
67
  3
D2
350
68
  0
LAYOUT
  5
1E
102
{ACAD_REACTORS
330
1A
102
}
330
1A
100
AcDbPlotSettings
  1

  2
none_device
  4

  6

 40
0.0
 41
0.0
 42
0.0
 43
0.0
 44
0.0
 45
0.0
 46
0.0
 47
0.0
 48
0.0
 49
0.0
140
0.0
141
0.0
142
1.0
143
1.0
 70
   688
 72
     1
 73
     0
 74
     5
  7

 75
    16
147
1.0
148
0.0
149
0.0
100
AcDbLayout
  1
Layout1
 70
     1
 71
     1
 10
0.0
 20
0.0
 11
420.0
 21
297.0
 12
0.0
 22
0.0
 32
0.0
 14
1.0000000000E+20
 24
1.0000000000E+20
 34
1.0000000000E+20
 15
-1.0000000000E+20
 25
-1.0000000000E+20
 35
-1.0000000000E+20
146
0.0
 13
0.0
 23
0.0
 33
0.0
 16
1.0
 26
0.0
 36
0.0
 17
0.0
 27
1.0
 37
0.0
 76
     0
330
1B
  0
LAYOUT
  5
26
102
{ACAD_REACTORS
330
1A
102
}
330
1A
100
AcDbPlotSettings
  1

  2
none_device
  4

  6

 40
0.0
 41
0.0
 42
0.0
 43
0.0
 44
0.0
 45
0.0
 46
0.0
 47
0.0
 48
0.0
 49
0.0
140
0.0
141
0.0
142
1.0
143
1.0
 70
   688
 72
     1
 73
     0
 74
     5
  7

 75
    16
147
1.0
148
0.0
149
0.0
100
AcDbLayout
  1
Layout2
 70
     1
 71
     2
 10
0.0
 20
0.0
 11
0.0
 21
0.0
 12
0.0
 22
0.0
 32
0.0
 14
0.0
 24
0.0
 34
0.0
 15
0.0
 25
0.0
 35
0.0
146
0.0
 13
0.0
 23
0.0
 33
0.0
 16
1.0
 26
0.0
 36
0.0
 17
0.0
 27
1.0
 37
0.0
 76
     0
330
23
  0
LAYOUT
  5
22
102
{ACAD_REACTORS
330
1A
102
}
330
1A
100
AcDbPlotSettings
  1

  2
none_device
  4
ANSI_A_(11.00_x_8.50_Inches)
  6

 40
6.35
 41
19.05
 42
6.35000508
 43
19.05000254
 44
279.4
 45
215.9
 46
133.34999746
 47
88.89999873
 48
0.0
 49
0.0
140
0.0
141
0.0
142
0.00935
143
1.0
 70
  1696
 72
     0
 73
     0
 74
     0
  7

 75
     0
147
0.0179189148
148
-1300.4909072572
149
0.0
100
AcDbLayout
  1
Model
 70
     1
 71
     0
 10
0.0
 20
0.0
 11
420.0
 21
297.0
 12
0.0
 22
0.0
 32
0.0
 14
-483.0
 24
-450.0
 34
0.0
 15
483.0
 25
450.0
 35
0.0
146
0.0
 13
0.0
 23
0.0
 33
0.0
 16
1.0
 26
0.0
 36
0.0
 17
0.0
 27
1.0
 37
0.0
 76
     0
330
1F
331
29
  0
MLINESTYLE
  5
18
102
{ACAD_REACTORS
330
17
102
}
330
17
100
AcDbMlineStyle
  2
Standard
 70
     0
  3

 62
   256
 51
90.0
 52
90.0
 71
     2
 49
0.5
 62
   256
  6
BYLAYER
 49
-0.5
 62
   256
  6
BYLAYER
  0
ACDBPLACEHOLDER
  5
F
102
{ACAD_REACTORS
330
E
102
}
330
E
  0
SCALE
  5
48
102
{ACAD_REACTORS
330
47
102
}
330
47
100
AcDbScale
 70
     0
300
1:1
140
1.0
141
1.0
290
     1
  0
SCALE
  5
49
102
{ACAD_REACTORS
330
47
102
}
330
47
100
AcDbScale
 70
     0
300
1:2
140
1.0
141
2.0
290
     0
  0
SCALE
  5
4A
102
{ACAD_REACTORS
330
47
102
}
330
47
100
AcDbScale
 70
     0
300
1:4
140
1.0
141
4.0
290
     0
  0
SCALE
  5
4B
102
{ACAD_REACTORS
330
47
102
}
330
47
100
AcDbScale
 70
     0
300
1:5
140
1.0
141
5.0
290
     0
  0
SCALE
  5
4C
102
{ACAD_REACTORS
330
47
102
}
330
47
100
AcDbScale
 70
     0
300
1:8
140
1.0
141
8.0
290
     0
  0
SCALE
  5
4D
102
{ACAD_REACTORS
330
47
102
}
330
47
100
AcDbScale
 70
     0
300
1:10
140
1.0
141
10.0
290
     0
  0
SCALE
  5
4E
102
{ACAD_REACTORS
330
47
102
}
330
47
100
AcDbScale
 70
     0
300
1:16
140
1.0
141
16.0
290
     0
  0
SCALE
  5
4F
102
{ACAD_REACTORS
330
47
102
}
330
47
100
AcDbScale
 70
     0
300
1:20
140
1.0
141
20.0
290
     0
  0
SCALE
  5
50
102
{ACAD_REACTORS
330
47
102
}
330
47
100
AcDbScale
 70
     0
300
1:30
140
1.0
141
30.0
290
     0
  0
SCALE
  5
51
102
{ACAD_REACTORS
330
47
102
}
330
47
100
AcDbScale
 70
     0
300
1:40
140
1.0
141
40.0
290
     0
  0
SCALE
  5
52
102
{ACAD_REACTORS
330
47
102
}
330
47
100
AcDbScale
 70
     0
300
1:50
140
1.0
141
50.0
290
     0
  0
SCALE
  5
53
102
{ACAD_REACTORS
330
47
102
}
330
47
100
AcDbScale
 70
     0
300
1:100
140
1.0
141
100.0
290
     0
  0
SCALE
  5
54
102
{ACAD_REACTORS
330
47
102
}
330
47
100
AcDbScale
 70
     0
300
2:1
140
2.0
141
1.0
290
     0
  0
SCALE
  5
55
102
{ACAD_REACTORS
330
47
102
}
330
47
100
AcDbScale
 70
     0
300
4:1
140
4.0
141
1.0
290
     0
  0
SCALE
  5
56
102
{ACAD_REACTORS
330
47
102
}
330
47
100
AcDbScale
 70
     0
300
8:1
140
8.0
141
1.0
290
     0
  0
SCALE
  5
57
102
{ACAD_REACTORS
330
47
102
}
330
47
100
AcDbScale
 70
     0
300
10:1
140
10.0
141
1.0
290
     0
  0
SCALE
  5
58
102
{ACAD_REACTORS
330
47
102
}
330
47
100
AcDbScale
 70
     0
300
100:1
140
100.0
141
1.0
290
     0
  0
SCALE
  5
59
102
{ACAD_REACTORS
330
47
102
}
330
47
100
AcDbScale
 70
     0
300
1/128" = 1'-0"
140
0.0078125
141
12.0
290
     0
  0
SCALE
  5
5A
102
{ACAD_REACTORS
330
47
102
}
330
47
100
AcDbScale
 70
     0
300
1/64" = 1'-0"
140
0.015625
141
12.0
290
     0
  0
SCALE
  5
5B
102
{ACAD_REACTORS
330
47
102
}
330
47
100
AcDbScale
 70
     0
300
1/32" = 1'-0"
140
0.03125
141
12.0
290
     0
  0
SCALE
  5
5C
102
{ACAD_REACTORS
330
47
102
}
330
47
100
AcDbScale
 70
     0
300
1/16" = 1'-0"
140
0.0625
141
12.0
290
     0
  0
SCALE
  5
5D
102
{ACAD_REACTORS
330
47
102
}
330
47
100
AcDbScale
 70
     0
300
3/32" = 1'-0"
140
0.09375
141
12.0
290
     0
  0
SCALE
  5
5E
102
{ACAD_REACTORS
330
47
102
}
330
47
100
AcDbScale
 70
     0
300
1/8" = 1'-0"
140
0.125
141
12.0
290
     0
  0
SCALE
  5
5F
102
{ACAD_REACTORS
330
47
102
}
330
47
100
AcDbScale
 70
     0
300
3/16" = 1'-0"
140
0.1875
141
12.0
290
     0
  0
SCALE
  5
60
102
{ACAD_REACTORS
330
47
102
}
330
47
100
AcDbScale
 70
     0
300
1/4" = 1'-0"
140
0.25
141
12.0
290
     0
  0
SCALE
  5
61
102
{ACAD_REACTORS
330
47
102
}
330
47
100
AcDbScale
 70
     0
300
3/8" = 1'-0"
140
0.375
141
12.0
290
     0
  0
SCALE
  5
62
102
{ACAD_REACTORS
330
47
102
}
330
47
100
AcDbScale
 70
     0
300
1/2" = 1'-0"
140
0.5
141
12.0
290
     0
  0
SCALE
  5
63
102
{ACAD_REACTORS
330
47
102
}
330
47
100
AcDbScale
 70
     0
300
3/4" = 1'-0"
140
0.75
141
12.0
290
     0
  0
SCALE
  5
64
102
{ACAD_REACTORS
330
47
102
}
330
47
100
AcDbScale
 70
     0
300
1" = 1'-0"
140
1.0
141
12.0
290
     0
  0
SCALE
  5
65
102
{ACAD_REACTORS
330
47
102
}
330
47
100
AcDbScale
 70
     0
300
1-1/2" = 1'-0"
140
1.5
141
12.0
290
     0
  0
SCALE
  5
66
102
{ACAD_REACTORS
330
47
102
}
330
47
100
AcDbScale
 70
     0
300
3" = 1'-0"
140
3.0
141
12.0
290
     0
  0
SCALE
  5
67
102
{ACAD_REACTORS
330
47
102
}
330
47
100
AcDbScale
 70
     0
300
6" = 1'-0"
140
6.0
141
12.0
290
     0
  0
SCALE
  5
68
102
{ACAD_REACTORS
330
47
102
}
330
47
100
AcDbScale
 70
     0
300
1'-0" = 1'-0"
140
12.0
141
12.0
290
     0
  0
ENDSEC
  0
EOF
