  0
SECTION
  2
HEADER
  9
$ACADVER
  1
AC1015
  9
$ACADMAINTVER
 70
     6
  9
$DWGCODEPAGE
  3
ANSI_1252
  9
$INSBASE
 10
0.0
 20
0.0
 30
0.0
  9
$EXTMIN
 10
-483.0
 20
-450.0
 30
0.0
  9
$EXTMAX
 10
483.0
 20
450.0
 30
0.0
  9
$LIMMIN
 10
0.0
 20
0.0
  9
$LIMMAX
 10
420.0
 20
297.0
  9
$ORTHOMODE
 70
     0
  9
$REGENMODE
 70
     1
  9
$FILLMODE
 70
     1
  9
$QTEXTMODE
 70
     0
  9
$MIRRTEXT
 70
     1
  9
$LTSCALE
 40
1.0
  9
$ATTMODE
 70
     1
  9
$TEXTSIZE
 40
3.5
  9
$TRACEWID
 40
1.0
  9
$TEXTSTYLE
  7
Standard
  9
$CLAYER
  8
0
  9
$CELTYPE
  6
ByLayer
  9
$CECOLOR
 62
   256
  9
$CELTSCALE
 40
1.0
  9
$DISPSILH
 70
     0
  9
$DIMSCALE
 40
1.0
  9
$DIMASZ
 40
3.302
  9
$DIMEXO
 40
0.0
  9
$DIMDLI
 40
3.75
  9
$DIMRND
 40
0.0
  9
$DIMDLE
 40
0.0
  9
$DIMEXE
 40
1.0
  9
$DIMTP
 40
0.0
  9
$DIMTM
 40
0.0
  9
$DIMTXT
 40
3.5
  9
$DIMCEN
 40
2.5
  9
$DIMTSZ
 40
0.0
  9
$DIMTOL
 70
     0
  9
$DIMLIM
 70
     0
  9
$DIMTIH
 70
     1
  9
$DIMTOH
 70
     1
  9
$DIMSE1
 70
     0
  9
$DIMSE2
 70
     0
  9
$DIMTAD
 70
     1
  9
$DIMZIN
 70
     0
  9
$DIMBLK
  1

  9
$DIMASO
 70
     1
  9
$DIMSHO
 70
     1
  9
$DIMPOST
  1

  9
$DIMAPOST
  1

  9
$DIMALT
 70
     0
  9
$DIMALTD
 70
     3
  9
$DIMALTF
 40
0.0393700787
  9
$DIMLFAC
 40
1.0
  9
$DIMTOFL
 70
     1
  9
$DIMTVP
 40
0.0
  9
$DIMTIX
 70
     0
  9
$DIMSOXD
 70
     0
  9
$DIMSAH
 70
     0
  9
$DIMBLK1
  1

  9
$DIMBLK2
  1

  9
$DIMSTYLE
  2
ISO-25
  9
$DIMCLRD
 70
     0
  9
$DIMCLRE
 70
     0
  9
$DIMCLRT
 70
     0
  9
$DIMTFAC
 40
1.0
  9
$DIMGAP
 40
1.524
  9
$DIMJUST
 70
     0
  9
$DIMSD1
 70
     0
  9
$DIMSD2
 70
     0
  9
$DIMTOLJ
 70
     0
  9
$DIMTZIN
 70
     0
  9
$DIMALTZ
 70
     0
  9
$DIMALTTZ
 70
     0
  9
$DIMUPT
 70
     0
  9
$DIMDEC
 70
     2
  9
$DIMTDEC
 70
     2
  9
$DIMALTU
 70
     2
  9
$DIMALTTD
 70
     3
  9
$DIMTXSTY
  7
Standard
  9
$DIMAUNIT
 70
     0
  9
$DIMADEC
 70
     2
  9
$DIMALTRND
 40
0.0
  9
$DIMAZIN
 70
     0
  9
$DIMDSEP
 70
    44
  9
$DIMATFIT
 70
     3
  9
$DIMFRAC
 70
     0
  9
$DIMLDRBLK
  1

  9
$DIMLUNIT
 70
     2
  9
$DIMLWD
 70
    -2
  9
$DIMLWE
 70
    -2
  9
$DIMTMOVE
 70
     0
  9
$LUNITS
 70
     2
  9
$LUPREC
 70
     2
  9
$SKETCHINC
 40
1.0
  9
$FILLETRAD
 40
0.0
  9
$AUNITS
 70
     0
  9
$AUPREC
 70
     2
  9
$MENU
  1
.
  9
$ELEVATION
 40
0.0
  9
$PELEVATION
 40
0.0
  9
$THICKNESS
 40
0.0
  9
$LIMCHECK
 70
     0
  9
$CHAMFERA
 40
0.0
  9
$CHAMFERB
 40
0.0
  9
$CHAMFERC
 40
0.0
  9
$CHAMFERD
 40
0.0
  9
$SKPOLY
 70
     0
  9
$TDCREATE
 40
2460680.94878566
  9
$TDUCREATE
 40
2460680.907118993
  9
$TDUPDATE
 40
2460680.948862824
  9
$TDUUPDATE
 40
2460680.907196158
  9
$TDINDWG
 40
0.0000000116
  9
$TDUSRTIMER
 40
0.0000000116
  9
$USRTIMER
 70
     1
  9
$ANGBASE
 50
0.0
  9
$ANGDIR
 70
     0
  9
$PDMODE
 70
     0
  9
$PDSIZE
 40
-1.0
  9
$PLINEWID
 40
0.0
  9
$SPLFRAME
 70
     0
  9
$SPLINETYPE
 70
     6
  9
$SPLINESEGS
 70
     8
  9
$HANDSEED
  5
EF8
  9
$SURFTAB1
 70
     6
  9
$SURFTAB2
 70
     6
  9
$SURFTYPE
 70
     6
  9
$SURFU
 70
     6
  9
$SURFV
 70
     6
  9
$UCSBASE
  2

  9
$UCSNAME
  2

  9
$UCSORG
 10
0.0
 20
0.0
 30
0.0
  9
$UCSXDIR
 10
1.0
 20
0.0
 30
0.0
  9
$UCSYDIR
 10
0.0
 20
1.0
 30
0.0
  9
$UCSORTHOREF
  2

  9
$UCSORTHOVIEW
 70
     0
  9
$UCSORGTOP
 10
0.0
 20
0.0
 30
0.0
  9
$UCSORGBOTTOM
 10
0.0
 20
0.0
 30
0.0
  9
$UCSORGLEFT
 10
0.0
 20
0.0
 30
0.0
  9
$UCSORGRIGHT
 10
0.0
 20
0.0
 30
0.0
  9
$UCSORGFRONT
 10
0.0
 20
0.0
 30
0.0
  9
$UCSORGBACK
 10
0.0
 20
0.0
 30
0.0
  9
$PUCSBASE
  2

  9
$PUCSNAME
  2

  9
$PUCSORG
 10
0.0
 20
0.0
 30
0.0
  9
$PUCSXDIR
 10
1.0
 20
0.0
 30
0.0
  9
$PUCSYDIR
 10
0.0
 20
1.0
 30
0.0
  9
$PUCSORTHOREF
  2

  9
$PUCSORTHOVIEW
 70
     0
  9
$PUCSORGTOP
 10
0.0
 20
0.0
 30
0.0
  9
$PUCSORGBOTTOM
 10
0.0
 20
0.0
 30
0.0
  9
$PUCSORGLEFT
 10
0.0
 20
0.0
 30
0.0
  9
$PUCSORGRIGHT
 10
0.0
 20
0.0
 30
0.0
  9
$PUCSORGFRONT
 10
0.0
 20
0.0
 30
0.0
  9
$PUCSORGBACK
 10
0.0
 20
0.0
 30
0.0
  9
$USERI1
 70
     0
  9
$USERI2
 70
     0
  9
$USERI3
 70
     0
  9
$USERI4
 70
     0
  9
$USERI5
 70
     0
  9
$USERR1
 40
0.0
  9
$USERR2
 40
0.0
  9
$USERR3
 40
0.0
  9
$USERR4
 40
0.0
  9
$USERR5
 40
0.0
  9
$WORLDVIEW
 70
     1
  9
$SHADEDGE
 70
     3
  9
$SHADEDIF
 70
    70
  9
$TILEMODE
 70
     1
  9
$MAXACTVP
 70
    64
  9
$PINSBASE
 10
0.0
 20
0.0
 30
0.0
  9
$PLIMCHECK
 70
     0
  9
$PEXTMIN
 10
1.0000000000E+20
 20
1.0000000000E+20
 30
1.0000000000E+20
  9
$PEXTMAX
 10
-1.0000000000E+20
 20
-1.0000000000E+20
 30
-1.0000000000E+20
  9
$PLIMMIN
 10
0.0
 20
0.0
  9
$PLIMMAX
 10
420.0
 20
297.0
  9
$UNITMODE
 70
     0
  9
$VISRETAIN
 70
     1
  9
$PLINEGEN
 70
     0
  9
$PSLTSCALE
 70
     1
  9
$TREEDEPTH
 70
  3020
  9
$CMLSTYLE
  2
Standard
  9
$CMLJUST
 70
     0
  9
$CMLSCALE
 40
20.0
  9
$PROXYGRAPHICS
 70
     1
  9
$MEASUREMENT
 70
     1
  9
$CELWEIGHT
370
    -1
  9
$ENDCAPS
280
     0
  9
$JOINSTYLE
280
     0
  9
$LWDISPLAY
290
     1
  9
$INSUNITS
 70
     4
  9
$HYPERLINKBASE
  1

  9
$STYLESHEET
  1

  9
$XEDIT
290
     1
  9
$CEPSNTYPE
380
     0
  9
$PSTYLEMODE
290
     1
  9
$FINGERPRINTGUID
  2
{e3b323b1-07b7-4a80-87f0-c10851d91258}
  9
$VERSIONGUID
  2
{FAEB1C32-E019-11D5-929B-00C0DF256EC4}
  9
$EXTNAMES
290
     1
  9
$PSVPSCALE
 40
0.0
  9
$OLESTARTUP
290
     0
  0
ENDSEC
  0
SECTION
  2
CLASSES
  0
CLASS
  1
ACDBDICTIONARYWDFLT
  2
AcDbDictionaryWithDefault
  3
ObjectDBX Classes
 90
        0
280
     0
281
     0
  0
CLASS
  1
VISUALSTYLE
  2
AcDbVisualStyle
  3
ObjectDBX Classes
 90
     4095
280
     0
281
     0
  0
CLASS
  1
MATERIAL
  2
AcDbMaterial
  3
ObjectDBX Classes
 90
     1153
280
     0
281
     0
  0
CLASS
  1
SCALE
  2
AcDbScale
  3
ObjectDBX Classes
 90
     1153
280
     0
281
     0
  0
CLASS
  1
TABLESTYLE
  2
AcDbTableStyle
  3
ObjectDBX Classes
 90
     4095
280
     0
281
     0
  0
CLASS
  1
MLEADERSTYLE
  2
AcDbMLeaderStyle
  3
ACDB_MLEADERSTYLE_CLASS
 90
     4095
280
     0
281
     0
  0
CLASS
  1
SUN
  2
AcDbSun
  3
SCENEOE
 90
     1153
280
     0
281
     0
  0
CLASS
  1
ACDBPLACEHOLDER
  2
AcDbPlaceHolder
  3
ObjectDBX Classes
 90
        0
280
     0
281
     0
  0
CLASS
  1
LAYOUT
  2
AcDbLayout
  3
ObjectDBX Classes
 90
        0
280
     0
281
     0
  0
ENDSEC
  0
SECTION
  2
TABLES
  0
TABLE
  2
VPORT
  5
8
330
0
100
AcDbSymbolTable
 70
     1
  0
VPORT
  5
29
330
8
100
AcDbSymbolTableRecord
100
AcDbViewportTableRecord
  2
*Active
 70
     0
 10
0.0
 20
0.0
 11
1.0
 21
1.0
 12
0.0
 22
0.0
 13
0.0
 23
0.0
 14
10.0
 24
10.0
 15
10.0
 25
10.0
 16
0.0
 26
0.0
 36
1.0
 17
0.0
 27
0.0
 37
0.0
 40
918.0
 41
1.0733333333
 42
50.0
 43
0.0
 44
0.0
 50
0.0
 51
0.0
 71
     0
 72
   100
 73
     1
 74
     3
 75
     0
 76
     0
 77
     0
 78
     0
281
     0
 65
     1
110
0.0
120
0.0
130
0.0
111
1.0
121
0.0
131
0.0
112
0.0
122
1.0
132
0.0
 79
     0
146
0.0
  0
ENDTAB
  0
TABLE
  2
LTYPE
  5
5
330
0
100
AcDbSymbolTable
 70
     6
  0
LTYPE
  5
14
330
5
100
AcDbSymbolTableRecord
100
AcDbLinetypeTableRecord
  2
ByBlock
 70
     0
  3

 72
    65
 73
     0
 40
0.0
  0
LTYPE
  5
15
330
5
100
AcDbSymbolTableRecord
100
AcDbLinetypeTableRecord
  2
ByLayer
 70
     0
  3

 72
    65
 73
     0
 40
0.0
  0
LTYPE
  5
16
330
5
100
AcDbSymbolTableRecord
100
AcDbLinetypeTableRecord
  2
Continuous
 70
     0
  3
Solid line
 72
    65
 73
     0
 40
0.0
  0
LTYPE
  5
5E
330
5
100
AcDbSymbolTableRecord
100
AcDbLinetypeTableRecord
  2
HIDDEN
 70
     0
  3
Hidden __ __ __ __ __ __ __ __ __ __ __ __ __ __
 72
    65
 73
     2
 40
1.905
 49
1.27
 74
     0
 49
-0.635
 74
     0
  0
LTYPE
  5
5F
330
5
100
AcDbSymbolTableRecord
100
AcDbLinetypeTableRecord
  2
PHANTOM
 70
     0
  3
Phantom ______  __  __  ______  __  __  ______
 72
    65
 73
     6
 40
12.7
 49
6.35
 74
     0
 49
-1.27
 74
     0
 49
1.27
 74
     0
 49
-1.27
 74
     0
 49
1.27
 74
     0
 49
-1.27
 74
     0
  0
LTYPE
  5
60
330
5
100
AcDbSymbolTableRecord
100
AcDbLinetypeTableRecord
  2
CENTER
 70
     0
  3
Center ____ _ ____ _ ____ _ ____ _ ____ _ ____
 72
    65
 73
     4
 40
10.16
 49
6.35
 74
     0
 49
-1.27
 74
     0
 49
1.27
 74
     0
 49
-1.27
 74
     0
  0
LTYPE
  5
61
330
5
100
AcDbSymbolTableRecord
100
AcDbLinetypeTableRecord
  2
CENTERX2
 70
     0
  3
Center (2x) ________  __  ________  __  _____
 72
    65
 73
     4
 40
20.32
 49
12.7
 74
     0
 49
-2.54
 74
     0
 49
2.54
 74
     0
 49
-2.54
 74
     0
  0
LTYPE
  5
62
330
5
100
AcDbSymbolTableRecord
100
AcDbLinetypeTableRecord
  2
DOT2
 70
     0
  3
Dot (.5x) ........................................
 72
    65
 73
     2
 40
0.635
 49
0.0
 74
     0
 49
-0.635
 74
     0
  0
ENDTAB
  0
TABLE
  2
LAYER
  5
2
330
0
100
AcDbSymbolTable
 70
     1
  0
LAYER
  5
10
330
2
100
AcDbSymbolTableRecord
100
AcDbLayerTableRecord
  2
0
 70
     0
 62
     7
  6
Continuous
370
    -3
390
F
  0
ENDTAB
  0
TABLE
  2
STYLE
  5
3
330
0
100
AcDbSymbolTable
 70
     1
  0
STYLE
  5
11
330
3
100
AcDbSymbolTableRecord
100
AcDbTextStyleTableRecord
  2
Standard
 70
     0
 40
0.0
 41
1.0
 50
0.0
 71
     0
 42
3.5
  3
txt
  4

  0
ENDTAB
  0
TABLE
  2
VIEW
  5
6
330
0
100
AcDbSymbolTable
 70
     0
  0
ENDTAB
  0
TABLE
  2
UCS
  5
7
330
0
100
AcDbSymbolTable
 70
     0
  0
ENDTAB
  0
TABLE
  2
APPID
  5
9
330
0
100
AcDbSymbolTable
 70
     1
  0
APPID
  5
12
330
9
100
AcDbSymbolTableRecord
100
AcDbRegAppTableRecord
  2
ACAD
 70
     0
  0
ENDTAB
  0
TABLE
  2
DIMSTYLE
  5
A
330
0
100
AcDbSymbolTable
 70
     1
100
AcDbDimStyleTable
  0
DIMSTYLE
105
27
330
A
100
AcDbSymbolTableRecord
100
AcDbDimStyleTableRecord
  2
ISO-25
 70
     0
 41
2.5
 42
0.625
 43
3.75
 44
1.25
 73
     0
 74
     0
 77
     1
 78
     8
140
2.5
141
2.5
143
0.0393700787
147
0.625
171
     3
172
     1
178
     0
271
     2
272
     2
274
     3
278
    44
283
     0
284
     8
340
11
  0
ENDTAB
  0
TABLE
  2
BLOCK_RECORD
  5
1
330
0
100
AcDbSymbolTable
 70
     1
  0
BLOCK_RECORD
  5
1F
330
1
100
AcDbSymbolTableRecord
100
AcDbBlockTableRecord
  2
*Model_Space
340
22
  0
BLOCK_RECORD
  5
1B
330
1
100
AcDbSymbolTableRecord
100
AcDbBlockTableRecord
  2
*Paper_Space
340
1E
  0
BLOCK_RECORD
  5
23
330
1
100
AcDbSymbolTableRecord
100
AcDbBlockTableRecord
  2
*Paper_Space0
340
26
  0
ENDTAB
  0
ENDSEC
  0
SECTION
  2
BLOCKS
  0
BLOCK
  5
20
330
1F
100
AcDbEntity
  8
0
100
AcDbBlockBegin
  2
*Model_Space
 70
     0
 10
0.0
 20
0.0
 30
0.0
  3
*Model_Space
  1

  0
ENDBLK
  5
21
330
1F
100
AcDbEntity
  8
0
100
AcDbBlockEnd
  0
BLOCK
  5
1C
330
1B
100
AcDbEntity
 67
     1
  8
0
100
AcDbBlockBegin
  2
*Paper_Space
 70
     0
 10
0.0
 20
0.0
 30
0.0
  3
*Paper_Space
  1

  0
ENDBLK
  5
1D
330
1B
100
AcDbEntity
 67
     1
  8
0
100
AcDbBlockEnd
  0
BLOCK
  5
24
330
23
100
AcDbEntity
  8
0
100
AcDbBlockBegin
  2
*Paper_Space0
 70
     0
 10
0.0
 20
0.0
 30
0.0
  3
*Paper_Space0
  1

  0
ENDBLK
  5
25
330
23
100
AcDbEntity
  8
0
100
AcDbBlockEnd
  0
ENDSEC
  0
SECTION
  2
ENTITIES
  0
LINE
  5
7AD
330
1F
100
AcDbEntity
  8
0
  6
Continuous
 62
     7
370
    25
100
AcDbLine
 10
337.45
 20
404.5531907673
 30
0.0
 11
337.45
 21
412.5
 31
0.0
  0
LINE
  5
7AE
330
1F
100
AcDbEntity
  8
0
  6
Continuous
 62
     7
370
    25
100
AcDbLine
 10
342.55
 20
404.5531907673
 30
0.0
 11
342.55
 21
412.5
 31
0.0
  0
LINE
  5
7AF
330
1F
100
AcDbEntity
  8
0
  6
Continuous
 62
     7
370
    25
100
AcDbLine
 10
-337.45
 20
404.5531907673
 30
0.0
 11
-337.45
 21
412.5
 31
0.0
  0
LINE
  5
7B0
330
1F
100
AcDbEntity
  8
0
  6
Continuous
 62
     7
370
    25
100
AcDbLine
 10
-342.55
 20
404.5531907673
 30
0.0
 11
-342.55
 21
412.5
 31
0.0
  0
LINE
  5
7B1
330
1F
100
AcDbEntity
  8
0
  6
Continuous
 62
     7
370
    25
100
AcDbLine
 10
-463.0
 20
-426.6748501792
 30
0.0
 11
-463.0
 21
426.6748501792
 31
0.0
  0
LINE
  5
7B2
330
1F
100
AcDbEntity
  8
0
  6
Continuous
 62
     7
370
    25
100
AcDbLine
 10
-459.6748501792
 20
-430.0
 30
0.0
 11
-435.475797408
 21
-430.0
 31
0.0
  0
LINE
  5
7B3
330
1F
100
AcDbEntity
  8
0
  6
Continuous
 62
     7
370
    25
100
AcDbLine
 10
-432.1506475871
 20
-376.9748214859
 30
0.0
 11
-432.1506475871
 21
-426.6748501792
 31
0.0
  0
LINE
  5
7B4
330
1F
100
AcDbEntity
  8
0
  6
Continuous
 62
     7
370
    25
100
AcDbLine
 10
-428.8254977663
 20
-373.649671665
 30
0.0
 11
-405.475797408
 21
-373.649671665
 31
0.0
  0
LINE
  5
7B5
330
1F
100
AcDbEntity
  8
0
  6
Continuous
 62
     7
370
    25
100
AcDbLine
 10
-402.1506475871
 20
-376.9748214859
 30
0.0
 11
-402.1506475871
 21
-426.6748501792
 31
0.0
  0
LINE
  5
7B6
330
1F
100
AcDbEntity
  8
0
  6
Continuous
 62
     7
370
    25
100
AcDbLine
 10
-378.5
 20
-430.0
 30
0.0
 11
-398.8254977663
 21
-430.0
 31
0.0
  0
LINE
  5
7B7
330
1F
100
AcDbEntity
  8
0
  6
Continuous
 62
     7
370
    25
100
AcDbLine
 10
-378.5
 20
-430.0
 30
0.0
 11
-378.5
 21
337.1748501792
 31
0.0
  0
LINE
  5
7B8
330
1F
100
AcDbEntity
  8
0
  6
Continuous
 62
     7
370
    25
100
AcDbLine
 10
375.1748501792
 20
340.5
 30
0.0
 11
-375.1748501792
 21
340.5
 31
0.0
  0
LINE
  5
7B9
330
1F
100
AcDbEntity
  8
0
  6
Continuous
 62
     7
370
    25
100
AcDbLine
 10
378.5
 20
337.1748501792
 30
0.0
 11
378.5
 21
-430.0
 31
0.0
  0
LINE
  5
7BA
330
1F
100
AcDbEntity
  8
0
  6
Continuous
 62
     7
370
    25
100
AcDbLine
 10
378.5
 20
-430.0
 30
0.0
 11
398.8254977663
 21
-430.0
 31
0.0
  0
LINE
  5
7BB
330
1F
100
AcDbEntity
  8
0
  6
Continuous
 62
     7
370
    25
100
AcDbLine
 10
402.1506475871
 20
-376.9748214859
 30
0.0
 11
402.1506475871
 21
-426.6748501792
 31
0.0
  0
LINE
  5
7BC
330
1F
100
AcDbEntity
  8
0
  6
Continuous
 62
     7
370
    25
100
AcDbLine
 10
428.8254977663
 20
-373.649671665
 30
0.0
 11
405.475797408
 21
-373.649671665
 31
0.0
  0
LINE
  5
7BD
330
1F
100
AcDbEntity
  8
0
  6
Continuous
 62
     7
370
    25
100
AcDbLine
 10
432.1506475871
 20
-376.9748214859
 30
0.0
 11
432.1506475871
 21
-426.6748501792
 31
0.0
  0
LINE
  5
7BE
330
1F
100
AcDbEntity
  8
0
  6
Continuous
 62
     7
370
    25
100
AcDbLine
 10
459.6748501792
 20
-430.0
 30
0.0
 11
435.475797408
 21
-430.0
 31
0.0
  0
LINE
  5
7BF
330
1F
100
AcDbEntity
  8
0
  6
Continuous
 62
     7
370
    25
100
AcDbLine
 10
463.0
 20
426.6748501792
 30
0.0
 11
463.0
 21
-426.6748501792
 31
0.0
  0
LINE
  5
7C0
330
1F
100
AcDbEntity
  8
0
  6
Continuous
 62
     7
370
    25
100
AcDbLine
 10
459.6748501792
 20
430.0
 30
0.0
 11
435.475797408
 21
430.0
 31
0.0
  0
LINE
  5
7C1
330
1F
100
AcDbEntity
  8
0
  6
Continuous
 62
     7
370
    25
100
AcDbLine
 10
432.1506475871
 20
376.9748214859
 30
0.0
 11
432.1506475871
 21
426.6748501792
 31
0.0
  0
LINE
  5
7C2
330
1F
100
AcDbEntity
  8
0
  6
Continuous
 62
     7
370
    25
100
AcDbLine
 10
428.8254977663
 20
373.649671665
 30
0.0
 11
405.475797408
 21
373.649671665
 31
0.0
  0
LINE
  5
7C3
330
1F
100
AcDbEntity
  8
0
  6
Continuous
 62
     7
370
    25
100
AcDbLine
 10
402.1506475871
 20
376.9748214859
 30
0.0
 11
402.1506475871
 21
426.6748501792
 31
0.0
  0
LINE
  5
7C4
330
1F
100
AcDbEntity
  8
0
  6
Continuous
 62
     7
370
    25
100
AcDbLine
 10
365.0
 20
410.0
 30
0.0
 11
365.0
 21
400.0
 31
0.0
  0
LINE
  5
7C5
330
1F
100
AcDbEntity
  8
0
  6
Continuous
 62
     7
370
    25
100
AcDbLine
 10
345.0
 20
380.0
 30
0.0
 11
335.0
 21
380.0
 31
0.0
  0
LINE
  5
7C6
330
1F
100
AcDbEntity
  8
0
  6
Continuous
 62
     7
370
    25
100
AcDbLine
 10
315.0
 20
410.0
 30
0.0
 11
315.0
 21
400.0
 31
0.0
  0
LINE
  5
7C7
330
1F
100
AcDbEntity
  8
0
  6
Continuous
 62
     7
370
    25
100
AcDbLine
 10
-315.0
 20
410.0
 30
0.0
 11
-315.0
 21
400.0
 31
0.0
  0
LINE
  5
7C8
330
1F
100
AcDbEntity
  8
0
  6
Continuous
 62
     7
370
    25
100
AcDbLine
 10
-345.0
 20
380.0
 30
0.0
 11
-335.0
 21
380.0
 31
0.0
  0
LINE
  5
7C9
330
1F
100
AcDbEntity
  8
0
  6
Continuous
 62
     7
370
    25
100
AcDbLine
 10
-365.0
 20
410.0
 30
0.0
 11
-365.0
 21
400.0
 31
0.0
  0
LINE
  5
7CA
330
1F
100
AcDbEntity
  8
0
  6
Continuous
 62
     7
370
    25
100
AcDbLine
 10
-398.8254977663
 20
430.0
 30
0.0
 11
-385.0
 21
430.0
 31
0.0
  0
LINE
  5
7CB
330
1F
100
AcDbEntity
  8
0
  6
Continuous
 62
     7
370
    25
100
AcDbLine
 10
-402.1506475871
 20
376.9748214859
 30
0.0
 11
-402.1506475871
 21
426.6748501792
 31
0.0
  0
LINE
  5
7CC
330
1F
100
AcDbEntity
  8
0
  6
Continuous
 62
     7
370
    25
100
AcDbLine
 10
-428.8254977663
 20
373.649671665
 30
0.0
 11
-405.475797408
 21
373.649671665
 31
0.0
  0
LINE
  5
7CD
330
1F
100
AcDbEntity
  8
0
  6
Continuous
 62
     7
370
    25
100
AcDbLine
 10
-432.1506475871
 20
376.9748214859
 30
0.0
 11
-432.1506475871
 21
426.6748501792
 31
0.0
  0
LINE
  5
7CE
330
1F
100
AcDbEntity
  8
0
  6
Continuous
 62
     7
370
    25
100
AcDbLine
 10
-459.6748501792
 20
430.0
 30
0.0
 11
-435.475797408
 21
430.0
 31
0.0
  0
LINE
  5
7CF
330
1F
100
AcDbEntity
  8
0
  6
Continuous
 62
     7
370
    25
100
AcDbLine
 10
413.6506475871
 20
-387.149671665
 30
0.0
 11
413.6506475871
 21
-390.149671665
 31
0.0
  0
LINE
  5
7D0
330
1F
100
AcDbEntity
  8
0
  6
Continuous
 62
     7
370
    25
100
AcDbLine
 10
415.1506475871
 20
-391.649671665
 30
0.0
 11
419.1506475871
 21
-391.649671665
 31
0.0
  0
LINE
  5
7D1
330
1F
100
AcDbEntity
  8
0
  6
Continuous
 62
     7
370
    25
100
AcDbLine
 10
420.6506475871
 20
-390.149671665
 30
0.0
 11
420.6506475871
 21
-387.149671665
 31
0.0
  0
LINE
  5
7D2
330
1F
100
AcDbEntity
  8
0
  6
Continuous
 62
     7
370
    25
100
AcDbLine
 10
419.1506475871
 20
-385.649671665
 30
0.0
 11
415.1506475871
 21
-385.649671665
 31
0.0
  0
LINE
  5
7D3
330
1F
100
AcDbEntity
  8
0
  6
Continuous
 62
     7
370
    25
100
AcDbLine
 10
420.6506475871
 20
390.149671665
 30
0.0
 11
420.6506475871
 21
387.149671665
 31
0.0
  0
LINE
  5
7D4
330
1F
100
AcDbEntity
  8
0
  6
Continuous
 62
     7
370
    25
100
AcDbLine
 10
415.1506475871
 20
391.649671665
 30
0.0
 11
419.1506475871
 21
391.649671665
 31
0.0
  0
LINE
  5
7D5
330
1F
100
AcDbEntity
  8
0
  6
Continuous
 62
     7
370
    25
100
AcDbLine
 10
413.6506475871
 20
387.149671665
 30
0.0
 11
413.6506475871
 21
390.149671665
 31
0.0
  0
LINE
  5
7D6
330
1F
100
AcDbEntity
  8
0
  6
Continuous
 62
     7
370
    25
100
AcDbLine
 10
419.1506475871
 20
385.649671665
 30
0.0
 11
415.1506475871
 21
385.649671665
 31
0.0
  0
LINE
  5
7D7
330
1F
100
AcDbEntity
  8
0
  6
Continuous
 62
     7
370
    25
100
AcDbLine
 10
-354.53493
 20
293.5
 30
0.0
 11
-354.53493
 21
290.5
 31
0.0
  0
LINE
  5
7D8
330
1F
100
AcDbEntity
  8
0
  6
Continuous
 62
     7
370
    25
100
AcDbLine
 10
-353.03493
 20
289.0
 30
0.0
 11
-347.03493
 21
289.0
 31
0.0
  0
LINE
  5
7D9
330
1F
100
AcDbEntity
  8
0
  6
Continuous
 62
     7
370
    25
100
AcDbLine
 10
-345.53493
 20
290.5
 30
0.0
 11
-345.53493
 21
293.5
 31
0.0
  0
LINE
  5
7DA
330
1F
100
AcDbEntity
  8
0
  6
Continuous
 62
     7
370
    25
100
AcDbLine
 10
-347.03493
 20
295.0
 30
0.0
 11
-353.03493
 21
295.0
 31
0.0
  0
LINE
  5
7DB
330
1F
100
AcDbEntity
  8
0
  6
Continuous
 62
     7
370
    25
100
AcDbLine
 10
-321.2016
 20
293.5
 30
0.0
 11
-321.2016
 21
290.5
 31
0.0
  0
LINE
  5
7DC
330
1F
100
AcDbEntity
  8
0
  6
Continuous
 62
     7
370
    25
100
AcDbLine
 10
-319.7016
 20
289.0
 30
0.0
 11
-313.7016
 21
289.0
 31
0.0
  0
LINE
  5
7DD
330
1F
100
AcDbEntity
  8
0
  6
Continuous
 62
     7
370
    25
100
AcDbLine
 10
-312.2016
 20
290.5
 30
0.0
 11
-312.2016
 21
293.5
 31
0.0
  0
LINE
  5
7DE
330
1F
100
AcDbEntity
  8
0
  6
Continuous
 62
     7
370
    25
100
AcDbLine
 10
-313.7016
 20
295.0
 30
0.0
 11
-319.7016
 21
295.0
 31
0.0
  0
LINE
  5
7DF
330
1F
100
AcDbEntity
  8
0
  6
Continuous
 62
     7
370
    25
100
AcDbLine
 10
-287.86827
 20
293.5
 30
0.0
 11
-287.86827
 21
290.5
 31
0.0
  0
LINE
  5
7E0
330
1F
100
AcDbEntity
  8
0
  6
Continuous
 62
     7
370
    25
100
AcDbLine
 10
-286.36827
 20
289.0
 30
0.0
 11
-280.36827
 21
289.0
 31
0.0
  0
LINE
  5
7E1
330
1F
100
AcDbEntity
  8
0
  6
Continuous
 62
     7
370
    25
100
AcDbLine
 10
-278.86827
 20
290.5
 30
0.0
 11
-278.86827
 21
293.5
 31
0.0
  0
LINE
  5
7E2
330
1F
100
AcDbEntity
  8
0
  6
Continuous
 62
     7
370
    25
100
AcDbLine
 10
-280.36827
 20
295.0
 30
0.0
 11
-286.36827
 21
295.0
 31
0.0
  0
LINE
  5
7E3
330
1F
100
AcDbEntity
  8
0
  6
Continuous
 62
     7
370
    25
100
AcDbLine
 10
-254.53494
 20
293.5
 30
0.0
 11
-254.53494
 21
290.5
 31
0.0
  0
LINE
  5
7E4
330
1F
100
AcDbEntity
  8
0
  6
Continuous
 62
     7
370
    25
100
AcDbLine
 10
-253.03494
 20
289.0
 30
0.0
 11
-247.03494
 21
289.0
 31
0.0
  0
LINE
  5
7E5
330
1F
100
AcDbEntity
  8
0
  6
Continuous
 62
     7
370
    25
100
AcDbLine
 10
-245.53494
 20
290.5
 30
0.0
 11
-245.53494
 21
293.5
 31
0.0
  0
LINE
  5
7E6
330
1F
100
AcDbEntity
  8
0
  6
Continuous
 62
     7
370
    25
100
AcDbLine
 10
-247.03494
 20
295.0
 30
0.0
 11
-253.03494
 21
295.0
 31
0.0
  0
LINE
  5
7E7
330
1F
100
AcDbEntity
  8
0
  6
Continuous
 62
     7
370
    25
100
AcDbLine
 10
-221.20161
 20
293.5
 30
0.0
 11
-221.20161
 21
290.5
 31
0.0
  0
LINE
  5
7E8
330
1F
100
AcDbEntity
  8
0
  6
Continuous
 62
     7
370
    25
100
AcDbLine
 10
-219.70161
 20
289.0
 30
0.0
 11
-213.70161
 21
289.0
 31
0.0
  0
LINE
  5
7E9
330
1F
100
AcDbEntity
  8
0
  6
Continuous
 62
     7
370
    25
100
AcDbLine
 10
-212.20161
 20
290.5
 30
0.0
 11
-212.20161
 21
293.5
 31
0.0
  0
LINE
  5
7EA
330
1F
100
AcDbEntity
  8
0
  6
Continuous
 62
     7
370
    25
100
AcDbLine
 10
-213.70161
 20
295.0
 30
0.0
 11
-219.70161
 21
295.0
 31
0.0
  0
LINE
  5
7EB
330
1F
100
AcDbEntity
  8
0
  6
Continuous
 62
     7
370
    25
100
AcDbLine
 10
-187.86828
 20
293.5
 30
0.0
 11
-187.86828
 21
290.5
 31
0.0
  0
LINE
  5
7EC
330
1F
100
AcDbEntity
  8
0
  6
Continuous
 62
     7
370
    25
100
AcDbLine
 10
-186.36828
 20
289.0
 30
0.0
 11
-180.36828
 21
289.0
 31
0.0
  0
LINE
  5
7ED
330
1F
100
AcDbEntity
  8
0
  6
Continuous
 62
     7
370
    25
100
AcDbLine
 10
-178.86828
 20
290.5
 30
0.0
 11
-178.86828
 21
293.5
 31
0.0
  0
LINE
  5
7EE
330
1F
100
AcDbEntity
  8
0
  6
Continuous
 62
     7
370
    25
100
AcDbLine
 10
-180.36828
 20
295.0
 30
0.0
 11
-186.36828
 21
295.0
 31
0.0
  0
LINE
  5
7EF
330
1F
100
AcDbEntity
  8
0
  6
Continuous
 62
     7
370
    25
100
AcDbLine
 10
-154.53495
 20
293.5
 30
0.0
 11
-154.53495
 21
290.5
 31
0.0
  0
LINE
  5
7F0
330
1F
100
AcDbEntity
  8
0
  6
Continuous
 62
     7
370
    25
100
AcDbLine
 10
-153.03495
 20
289.0
 30
0.0
 11
-147.03495
 21
289.0
 31
0.0
  0
LINE
  5
7F1
330
1F
100
AcDbEntity
  8
0
  6
Continuous
 62
     7
370
    25
100
AcDbLine
 10
-145.53495
 20
290.5
 30
0.0
 11
-145.53495
 21
293.5
 31
0.0
  0
LINE
  5
7F2
330
1F
100
AcDbEntity
  8
0
  6
Continuous
 62
     7
370
    25
100
AcDbLine
 10
-147.03495
 20
295.0
 30
0.0
 11
-153.03495
 21
295.0
 31
0.0
  0
LINE
  5
7F3
330
1F
100
AcDbEntity
  8
0
  6
Continuous
 62
     7
370
    25
100
AcDbLine
 10
-121.20162
 20
293.5
 30
0.0
 11
-121.20162
 21
290.5
 31
0.0
  0
LINE
  5
7F4
330
1F
100
AcDbEntity
  8
0
  6
Continuous
 62
     7
370
    25
100
AcDbLine
 10
-119.70162
 20
289.0
 30
0.0
 11
-113.70162
 21
289.0
 31
0.0
  0
LINE
  5
7F5
330
1F
100
AcDbEntity
  8
0
  6
Continuous
 62
     7
370
    25
100
AcDbLine
 10
-112.20162
 20
290.5
 30
0.0
 11
-112.20162
 21
293.5
 31
0.0
  0
LINE
  5
7F6
330
1F
100
AcDbEntity
  8
0
  6
Continuous
 62
     7
370
    25
100
AcDbLine
 10
-113.70162
 20
295.0
 30
0.0
 11
-119.70162
 21
295.0
 31
0.0
  0
LINE
  5
7F7
330
1F
100
AcDbEntity
  8
0
  6
Continuous
 62
     7
370
    25
100
AcDbLine
 10
-87.86829
 20
293.5
 30
0.0
 11
-87.86829
 21
290.5
 31
0.0
  0
LINE
  5
7F8
330
1F
100
AcDbEntity
  8
0
  6
Continuous
 62
     7
370
    25
100
AcDbLine
 10
-86.36829
 20
289.0
 30
0.0
 11
-80.36829
 21
289.0
 31
0.0
  0
LINE
  5
7F9
330
1F
100
AcDbEntity
  8
0
  6
Continuous
 62
     7
370
    25
100
AcDbLine
 10
-78.86829
 20
290.5
 30
0.0
 11
-78.86829
 21
293.5
 31
0.0
  0
LINE
  5
7FA
330
1F
100
AcDbEntity
  8
0
  6
Continuous
 62
     7
370
    25
100
AcDbLine
 10
-80.36829
 20
295.0
 30
0.0
 11
-86.36829
 21
295.0
 31
0.0
  0
LINE
  5
7FB
330
1F
100
AcDbEntity
  8
0
  6
Continuous
 62
     7
370
    25
100
AcDbLine
 10
-54.53496
 20
293.5
 30
0.0
 11
-54.53496
 21
290.5
 31
0.0
  0
LINE
  5
7FC
330
1F
100
AcDbEntity
  8
0
  6
Continuous
 62
     7
370
    25
100
AcDbLine
 10
-53.03496
 20
289.0
 30
0.0
 11
-47.03496
 21
289.0
 31
0.0
  0
LINE
  5
7FD
330
1F
100
AcDbEntity
  8
0
  6
Continuous
 62
     7
370
    25
100
AcDbLine
 10
-45.53496
 20
290.5
 30
0.0
 11
-45.53496
 21
293.5
 31
0.0
  0
LINE
  5
7FE
330
1F
100
AcDbEntity
  8
0
  6
Continuous
 62
     7
370
    25
100
AcDbLine
 10
-47.03496
 20
295.0
 30
0.0
 11
-53.03496
 21
295.0
 31
0.0
  0
LINE
  5
7FF
330
1F
100
AcDbEntity
  8
0
  6
Continuous
 62
     7
370
    25
100
AcDbLine
 10
-21.20163
 20
293.5
 30
0.0
 11
-21.20163
 21
290.5
 31
0.0
  0
LINE
  5
800
330
1F
100
AcDbEntity
  8
0
  6
Continuous
 62
     7
370
    25
100
AcDbLine
 10
-19.70163
 20
289.0
 30
0.0
 11
-13.70163
 21
289.0
 31
0.0
  0
LINE
  5
801
330
1F
100
AcDbEntity
  8
0
  6
Continuous
 62
     7
370
    25
100
AcDbLine
 10
-12.20163
 20
290.5
 30
0.0
 11
-12.20163
 21
293.5
 31
0.0
  0
LINE
  5
802
330
1F
100
AcDbEntity
  8
0
  6
Continuous
 62
     7
370
    25
100
AcDbLine
 10
-13.70163
 20
295.0
 30
0.0
 11
-19.70163
 21
295.0
 31
0.0
  0
LINE
  5
803
330
1F
100
AcDbEntity
  8
0
  6
Continuous
 62
     7
370
    25
100
AcDbLine
 10
12.1317
 20
293.5
 30
0.0
 11
12.1317
 21
290.5
 31
0.0
  0
LINE
  5
804
330
1F
100
AcDbEntity
  8
0
  6
Continuous
 62
     7
370
    25
100
AcDbLine
 10
13.6317
 20
289.0
 30
0.0
 11
19.6317
 21
289.0
 31
0.0
  0
LINE
  5
805
330
1F
100
AcDbEntity
  8
0
  6
Continuous
 62
     7
370
    25
100
AcDbLine
 10
21.1317
 20
290.5
 30
0.0
 11
21.1317
 21
293.5
 31
0.0
  0
LINE
  5
806
330
1F
100
AcDbEntity
  8
0
  6
Continuous
 62
     7
370
    25
100
AcDbLine
 10
19.6317
 20
295.0
 30
0.0
 11
13.6317
 21
295.0
 31
0.0
  0
LINE
  5
807
330
1F
100
AcDbEntity
  8
0
  6
Continuous
 62
     7
370
    25
100
AcDbLine
 10
45.46503
 20
293.5
 30
0.0
 11
45.46503
 21
290.5
 31
0.0
  0
LINE
  5
808
330
1F
100
AcDbEntity
  8
0
  6
Continuous
 62
     7
370
    25
100
AcDbLine
 10
46.96503
 20
289.0
 30
0.0
 11
52.96503
 21
289.0
 31
0.0
  0
LINE
  5
809
330
1F
100
AcDbEntity
  8
0
  6
Continuous
 62
     7
370
    25
100
AcDbLine
 10
54.46503
 20
290.5
 30
0.0
 11
54.46503
 21
293.5
 31
0.0
  0
LINE
  5
80A
330
1F
100
AcDbEntity
  8
0
  6
Continuous
 62
     7
370
    25
100
AcDbLine
 10
52.96503
 20
295.0
 30
0.0
 11
46.96503
 21
295.0
 31
0.0
  0
LINE
  5
80B
330
1F
100
AcDbEntity
  8
0
  6
Continuous
 62
     7
370
    25
100
AcDbLine
 10
78.79836
 20
293.5
 30
0.0
 11
78.79836
 21
290.5
 31
0.0
  0
LINE
  5
80C
330
1F
100
AcDbEntity
  8
0
  6
Continuous
 62
     7
370
    25
100
AcDbLine
 10
80.29836
 20
289.0
 30
0.0
 11
86.29836
 21
289.0
 31
0.0
  0
LINE
  5
80D
330
1F
100
AcDbEntity
  8
0
  6
Continuous
 62
     7
370
    25
100
AcDbLine
 10
87.79836
 20
290.5
 30
0.0
 11
87.79836
 21
293.5
 31
0.0
  0
LINE
  5
80E
330
1F
100
AcDbEntity
  8
0
  6
Continuous
 62
     7
370
    25
100
AcDbLine
 10
86.29836
 20
295.0
 30
0.0
 11
80.29836
 21
295.0
 31
0.0
  0
LINE
  5
80F
330
1F
100
AcDbEntity
  8
0
  6
Continuous
 62
     7
370
    25
100
AcDbLine
 10
112.13169
 20
293.5
 30
0.0
 11
112.13169
 21
290.5
 31
0.0
  0
LINE
  5
810
330
1F
100
AcDbEntity
  8
0
  6
Continuous
 62
     7
370
    25
100
AcDbLine
 10
113.63169
 20
289.0
 30
0.0
 11
119.63169
 21
289.0
 31
0.0
  0
LINE
  5
811
330
1F
100
AcDbEntity
  8
0
  6
Continuous
 62
     7
370
    25
100
AcDbLine
 10
121.13169
 20
290.5
 30
0.0
 11
121.13169
 21
293.5
 31
0.0
  0
LINE
  5
812
330
1F
100
AcDbEntity
  8
0
  6
Continuous
 62
     7
370
    25
100
AcDbLine
 10
119.63169
 20
295.0
 30
0.0
 11
113.63169
 21
295.0
 31
0.0
  0
LINE
  5
813
330
1F
100
AcDbEntity
  8
0
  6
Continuous
 62
     7
370
    25
100
AcDbLine
 10
145.46502
 20
293.5
 30
0.0
 11
145.46502
 21
290.5
 31
0.0
  0
LINE
  5
814
330
1F
100
AcDbEntity
  8
0
  6
Continuous
 62
     7
370
    25
100
AcDbLine
 10
146.96502
 20
289.0
 30
0.0
 11
152.96502
 21
289.0
 31
0.0
  0
LINE
  5
815
330
1F
100
AcDbEntity
  8
0
  6
Continuous
 62
     7
370
    25
100
AcDbLine
 10
154.46502
 20
290.5
 30
0.0
 11
154.46502
 21
293.5
 31
0.0
  0
LINE
  5
816
330
1F
100
AcDbEntity
  8
0
  6
Continuous
 62
     7
370
    25
100
AcDbLine
 10
152.96502
 20
295.0
 30
0.0
 11
146.96502
 21
295.0
 31
0.0
  0
LINE
  5
817
330
1F
100
AcDbEntity
  8
0
  6
Continuous
 62
     7
370
    25
100
AcDbLine
 10
178.79835
 20
293.5
 30
0.0
 11
178.79835
 21
290.5
 31
0.0
  0
LINE
  5
818
330
1F
100
AcDbEntity
  8
0
  6
Continuous
 62
     7
370
    25
100
AcDbLine
 10
180.29835
 20
289.0
 30
0.0
 11
186.29835
 21
289.0
 31
0.0
  0
LINE
  5
819
330
1F
100
AcDbEntity
  8
0
  6
Continuous
 62
     7
370
    25
100
AcDbLine
 10
187.79835
 20
290.5
 30
0.0
 11
187.79835
 21
293.5
 31
0.0
  0
LINE
  5
81A
330
1F
100
AcDbEntity
  8
0
  6
Continuous
 62
     7
370
    25
100
AcDbLine
 10
186.29835
 20
295.0
 30
0.0
 11
180.29835
 21
295.0
 31
0.0
  0
LINE
  5
81B
330
1F
100
AcDbEntity
  8
0
  6
Continuous
 62
     7
370
    25
100
AcDbLine
 10
212.13168
 20
293.5
 30
0.0
 11
212.13168
 21
290.5
 31
0.0
  0
LINE
  5
81C
330
1F
100
AcDbEntity
  8
0
  6
Continuous
 62
     7
370
    25
100
AcDbLine
 10
213.63168
 20
289.0
 30
0.0
 11
219.63168
 21
289.0
 31
0.0
  0
LINE
  5
81D
330
1F
100
AcDbEntity
  8
0
  6
Continuous
 62
     7
370
    25
100
AcDbLine
 10
221.13168
 20
290.5
 30
0.0
 11
221.13168
 21
293.5
 31
0.0
  0
LINE
  5
81E
330
1F
100
AcDbEntity
  8
0
  6
Continuous
 62
     7
370
    25
100
AcDbLine
 10
219.63168
 20
295.0
 30
0.0
 11
213.63168
 21
295.0
 31
0.0
  0
LINE
  5
81F
330
1F
100
AcDbEntity
  8
0
  6
Continuous
 62
     7
370
    25
100
AcDbLine
 10
245.46501
 20
293.5
 30
0.0
 11
245.46501
 21
290.5
 31
0.0
  0
LINE
  5
820
330
1F
100
AcDbEntity
  8
0
  6
Continuous
 62
     7
370
    25
100
AcDbLine
 10
246.96501
 20
289.0
 30
0.0
 11
252.96501
 21
289.0
 31
0.0
  0
LINE
  5
821
330
1F
100
AcDbEntity
  8
0
  6
Continuous
 62
     7
370
    25
100
AcDbLine
 10
254.46501
 20
290.5
 30
0.0
 11
254.46501
 21
293.5
 31
0.0
  0
LINE
  5
822
330
1F
100
AcDbEntity
  8
0
  6
Continuous
 62
     7
370
    25
100
AcDbLine
 10
252.96501
 20
295.0
 30
0.0
 11
246.96501
 21
295.0
 31
0.0
  0
LINE
  5
823
330
1F
100
AcDbEntity
  8
0
  6
Continuous
 62
     7
370
    25
100
AcDbLine
 10
278.79834
 20
293.5
 30
0.0
 11
278.79834
 21
290.5
 31
0.0
  0
LINE
  5
824
330
1F
100
AcDbEntity
  8
0
  6
Continuous
 62
     7
370
    25
100
AcDbLine
 10
280.29834
 20
289.0
 30
0.0
 11
286.29834
 21
289.0
 31
0.0
  0
LINE
  5
825
330
1F
100
AcDbEntity
  8
0
  6
Continuous
 62
     7
370
    25
100
AcDbLine
 10
287.79834
 20
290.5
 30
0.0
 11
287.79834
 21
293.5
 31
0.0
  0
LINE
  5
826
330
1F
100
AcDbEntity
  8
0
  6
Continuous
 62
     7
370
    25
100
AcDbLine
 10
286.29834
 20
295.0
 30
0.0
 11
280.29834
 21
295.0
 31
0.0
  0
LINE
  5
827
330
1F
100
AcDbEntity
  8
0
  6
Continuous
 62
     7
370
    25
100
AcDbLine
 10
312.13167
 20
293.5
 30
0.0
 11
312.13167
 21
290.5
 31
0.0
  0
LINE
  5
828
330
1F
100
AcDbEntity
  8
0
  6
Continuous
 62
     7
370
    25
100
AcDbLine
 10
313.63167
 20
289.0
 30
0.0
 11
319.63167
 21
289.0
 31
0.0
  0
LINE
  5
829
330
1F
100
AcDbEntity
  8
0
  6
Continuous
 62
     7
370
    25
100
AcDbLine
 10
321.13167
 20
290.5
 30
0.0
 11
321.13167
 21
293.5
 31
0.0
  0
LINE
  5
82A
330
1F
100
AcDbEntity
  8
0
  6
Continuous
 62
     7
370
    25
100
AcDbLine
 10
319.63167
 20
295.0
 30
0.0
 11
313.63167
 21
295.0
 31
0.0
  0
LINE
  5
82B
330
1F
100
AcDbEntity
  8
0
  6
Continuous
 62
     7
370
    25
100
AcDbLine
 10
345.465
 20
293.5
 30
0.0
 11
345.465
 21
290.5
 31
0.0
  0
LINE
  5
82C
330
1F
100
AcDbEntity
  8
0
  6
Continuous
 62
     7
370
    25
100
AcDbLine
 10
346.965
 20
289.0
 30
0.0
 11
352.965
 21
289.0
 31
0.0
  0
LINE
  5
82D
330
1F
100
AcDbEntity
  8
0
  6
Continuous
 62
     7
370
    25
100
AcDbLine
 10
354.465
 20
290.5
 30
0.0
 11
354.465
 21
293.5
 31
0.0
  0
LINE
  5
82E
330
1F
100
AcDbEntity
  8
0
  6
Continuous
 62
     7
370
    25
100
AcDbLine
 10
352.965
 20
295.0
 30
0.0
 11
346.965
 21
295.0
 31
0.0
  0
LINE
  5
82F
330
1F
100
AcDbEntity
  8
0
  6
Continuous
 62
     7
370
    25
100
AcDbLine
 10
-354.53493
 20
227.5
 30
0.0
 11
-354.53493
 21
224.5
 31
0.0
  0
LINE
  5
830
330
1F
100
AcDbEntity
  8
0
  6
Continuous
 62
     7
370
    25
100
AcDbLine
 10
-353.03493
 20
223.0
 30
0.0
 11
-347.03493
 21
223.0
 31
0.0
  0
LINE
  5
831
330
1F
100
AcDbEntity
  8
0
  6
Continuous
 62
     7
370
    25
100
AcDbLine
 10
-345.53493
 20
224.5
 30
0.0
 11
-345.53493
 21
227.5
 31
0.0
  0
LINE
  5
832
330
1F
100
AcDbEntity
  8
0
  6
Continuous
 62
     7
370
    25
100
AcDbLine
 10
-347.03493
 20
229.0
 30
0.0
 11
-353.03493
 21
229.0
 31
0.0
  0
LINE
  5
833
330
1F
100
AcDbEntity
  8
0
  6
Continuous
 62
     7
370
    25
100
AcDbLine
 10
-321.2016
 20
227.5
 30
0.0
 11
-321.2016
 21
224.5
 31
0.0
  0
LINE
  5
834
330
1F
100
AcDbEntity
  8
0
  6
Continuous
 62
     7
370
    25
100
AcDbLine
 10
-319.7016
 20
223.0
 30
0.0
 11
-313.7016
 21
223.0
 31
0.0
  0
LINE
  5
835
330
1F
100
AcDbEntity
  8
0
  6
Continuous
 62
     7
370
    25
100
AcDbLine
 10
-312.2016
 20
224.5
 30
0.0
 11
-312.2016
 21
227.5
 31
0.0
  0
LINE
  5
836
330
1F
100
AcDbEntity
  8
0
  6
Continuous
 62
     7
370
    25
100
AcDbLine
 10
-313.7016
 20
229.0
 30
0.0
 11
-319.7016
 21
229.0
 31
0.0
  0
LINE
  5
837
330
1F
100
AcDbEntity
  8
0
  6
Continuous
 62
     7
370
    25
100
AcDbLine
 10
-287.86827
 20
227.5
 30
0.0
 11
-287.86827
 21
224.5
 31
0.0
  0
LINE
  5
838
330
1F
100
AcDbEntity
  8
0
  6
Continuous
 62
     7
370
    25
100
AcDbLine
 10
-286.36827
 20
223.0
 30
0.0
 11
-280.36827
 21
223.0
 31
0.0
  0
LINE
  5
839
330
1F
100
AcDbEntity
  8
0
  6
Continuous
 62
     7
370
    25
100
AcDbLine
 10
-278.86827
 20
224.5
 30
0.0
 11
-278.86827
 21
227.5
 31
0.0
  0
LINE
  5
83A
330
1F
100
AcDbEntity
  8
0
  6
Continuous
 62
     7
370
    25
100
AcDbLine
 10
-280.36827
 20
229.0
 30
0.0
 11
-286.36827
 21
229.0
 31
0.0
  0
LINE
  5
83B
330
1F
100
AcDbEntity
  8
0
  6
Continuous
 62
     7
370
    25
100
AcDbLine
 10
-254.53494
 20
227.5
 30
0.0
 11
-254.53494
 21
224.5
 31
0.0
  0
LINE
  5
83C
330
1F
100
AcDbEntity
  8
0
  6
Continuous
 62
     7
370
    25
100
AcDbLine
 10
-253.03494
 20
223.0
 30
0.0
 11
-247.03494
 21
223.0
 31
0.0
  0
LINE
  5
83D
330
1F
100
AcDbEntity
  8
0
  6
Continuous
 62
     7
370
    25
100
AcDbLine
 10
-245.53494
 20
224.5
 30
0.0
 11
-245.53494
 21
227.5
 31
0.0
  0
LINE
  5
83E
330
1F
100
AcDbEntity
  8
0
  6
Continuous
 62
     7
370
    25
100
AcDbLine
 10
-247.03494
 20
229.0
 30
0.0
 11
-253.03494
 21
229.0
 31
0.0
  0
LINE
  5
83F
330
1F
100
AcDbEntity
  8
0
  6
Continuous
 62
     7
370
    25
100
AcDbLine
 10
-221.20161
 20
227.5
 30
0.0
 11
-221.20161
 21
224.5
 31
0.0
  0
LINE
  5
840
330
1F
100
AcDbEntity
  8
0
  6
Continuous
 62
     7
370
    25
100
AcDbLine
 10
-219.70161
 20
223.0
 30
0.0
 11
-213.70161
 21
223.0
 31
0.0
  0
LINE
  5
841
330
1F
100
AcDbEntity
  8
0
  6
Continuous
 62
     7
370
    25
100
AcDbLine
 10
-212.20161
 20
224.5
 30
0.0
 11
-212.20161
 21
227.5
 31
0.0
  0
LINE
  5
842
330
1F
100
AcDbEntity
  8
0
  6
Continuous
 62
     7
370
    25
100
AcDbLine
 10
-213.70161
 20
229.0
 30
0.0
 11
-219.70161
 21
229.0
 31
0.0
  0
LINE
  5
843
330
1F
100
AcDbEntity
  8
0
  6
Continuous
 62
     7
370
    25
100
AcDbLine
 10
-187.86828
 20
227.5
 30
0.0
 11
-187.86828
 21
224.5
 31
0.0
  0
LINE
  5
844
330
1F
100
AcDbEntity
  8
0
  6
Continuous
 62
     7
370
    25
100
AcDbLine
 10
-186.36828
 20
223.0
 30
0.0
 11
-180.36828
 21
223.0
 31
0.0
  0
LINE
  5
845
330
1F
100
AcDbEntity
  8
0
  6
Continuous
 62
     7
370
    25
100
AcDbLine
 10
-178.86828
 20
224.5
 30
0.0
 11
-178.86828
 21
227.5
 31
0.0
  0
LINE
  5
846
330
1F
100
AcDbEntity
  8
0
  6
Continuous
 62
     7
370
    25
100
AcDbLine
 10
-180.36828
 20
229.0
 30
0.0
 11
-186.36828
 21
229.0
 31
0.0
  0
LINE
  5
847
330
1F
100
AcDbEntity
  8
0
  6
Continuous
 62
     7
370
    25
100
AcDbLine
 10
-154.53495
 20
227.5
 30
0.0
 11
-154.53495
 21
224.5
 31
0.0
  0
LINE
  5
848
330
1F
100
AcDbEntity
  8
0
  6
Continuous
 62
     7
370
    25
100
AcDbLine
 10
-153.03495
 20
223.0
 30
0.0
 11
-147.03495
 21
223.0
 31
0.0
  0
LINE
  5
849
330
1F
100
AcDbEntity
  8
0
  6
Continuous
 62
     7
370
    25
100
AcDbLine
 10
-145.53495
 20
224.5
 30
0.0
 11
-145.53495
 21
227.5
 31
0.0
  0
LINE
  5
84A
330
1F
100
AcDbEntity
  8
0
  6
Continuous
 62
     7
370
    25
100
AcDbLine
 10
-147.03495
 20
229.0
 30
0.0
 11
-153.03495
 21
229.0
 31
0.0
  0
LINE
  5
84B
330
1F
100
AcDbEntity
  8
0
  6
Continuous
 62
     7
370
    25
100
AcDbLine
 10
-121.20162
 20
227.5
 30
0.0
 11
-121.20162
 21
224.5
 31
0.0
  0
LINE
  5
84C
330
1F
100
AcDbEntity
  8
0
  6
Continuous
 62
     7
370
    25
100
AcDbLine
 10
-119.70162
 20
223.0
 30
0.0
 11
-113.70162
 21
223.0
 31
0.0
  0
LINE
  5
84D
330
1F
100
AcDbEntity
  8
0
  6
Continuous
 62
     7
370
    25
100
AcDbLine
 10
-112.20162
 20
224.5
 30
0.0
 11
-112.20162
 21
227.5
 31
0.0
  0
LINE
  5
84E
330
1F
100
AcDbEntity
  8
0
  6
Continuous
 62
     7
370
    25
100
AcDbLine
 10
-113.70162
 20
229.0
 30
0.0
 11
-119.70162
 21
229.0
 31
0.0
  0
LINE
  5
84F
330
1F
100
AcDbEntity
  8
0
  6
Continuous
 62
     7
370
    25
100
AcDbLine
 10
-87.86829
 20
227.5
 30
0.0
 11
-87.86829
 21
224.5
 31
0.0
  0
LINE
  5
850
330
1F
100
AcDbEntity
  8
0
  6
Continuous
 62
     7
370
    25
100
AcDbLine
 10
-86.36829
 20
223.0
 30
0.0
 11
-80.36829
 21
223.0
 31
0.0
  0
LINE
  5
851
330
1F
100
AcDbEntity
  8
0
  6
Continuous
 62
     7
370
    25
100
AcDbLine
 10
-78.86829
 20
224.5
 30
0.0
 11
-78.86829
 21
227.5
 31
0.0
  0
LINE
  5
852
330
1F
100
AcDbEntity
  8
0
  6
Continuous
 62
     7
370
    25
100
AcDbLine
 10
-80.36829
 20
229.0
 30
0.0
 11
-86.36829
 21
229.0
 31
0.0
  0
LINE
  5
853
330
1F
100
AcDbEntity
  8
0
  6
Continuous
 62
     7
370
    25
100
AcDbLine
 10
-54.53496
 20
227.5
 30
0.0
 11
-54.53496
 21
224.5
 31
0.0
  0
LINE
  5
854
330
1F
100
AcDbEntity
  8
0
  6
Continuous
 62
     7
370
    25
100
AcDbLine
 10
-53.03496
 20
223.0
 30
0.0
 11
-47.03496
 21
223.0
 31
0.0
  0
LINE
  5
855
330
1F
100
AcDbEntity
  8
0
  6
Continuous
 62
     7
370
    25
100
AcDbLine
 10
-45.53496
 20
224.5
 30
0.0
 11
-45.53496
 21
227.5
 31
0.0
  0
LINE
  5
856
330
1F
100
AcDbEntity
  8
0
  6
Continuous
 62
     7
370
    25
100
AcDbLine
 10
-47.03496
 20
229.0
 30
0.0
 11
-53.03496
 21
229.0
 31
0.0
  0
LINE
  5
857
330
1F
100
AcDbEntity
  8
0
  6
Continuous
 62
     7
370
    25
100
AcDbLine
 10
-21.20163
 20
227.5
 30
0.0
 11
-21.20163
 21
224.5
 31
0.0
  0
LINE
  5
858
330
1F
100
AcDbEntity
  8
0
  6
Continuous
 62
     7
370
    25
100
AcDbLine
 10
-19.70163
 20
223.0
 30
0.0
 11
-13.70163
 21
223.0
 31
0.0
  0
LINE
  5
859
330
1F
100
AcDbEntity
  8
0
  6
Continuous
 62
     7
370
    25
100
AcDbLine
 10
-12.20163
 20
224.5
 30
0.0
 11
-12.20163
 21
227.5
 31
0.0
  0
LINE
  5
85A
330
1F
100
AcDbEntity
  8
0
  6
Continuous
 62
     7
370
    25
100
AcDbLine
 10
-13.70163
 20
229.0
 30
0.0
 11
-19.70163
 21
229.0
 31
0.0
  0
LINE
  5
85B
330
1F
100
AcDbEntity
  8
0
  6
Continuous
 62
     7
370
    25
100
AcDbLine
 10
12.1317
 20
227.5
 30
0.0
 11
12.1317
 21
224.5
 31
0.0
  0
LINE
  5
85C
330
1F
100
AcDbEntity
  8
0
  6
Continuous
 62
     7
370
    25
100
AcDbLine
 10
13.6317
 20
223.0
 30
0.0
 11
19.6317
 21
223.0
 31
0.0
  0
LINE
  5
85D
330
1F
100
AcDbEntity
  8
0
  6
Continuous
 62
     7
370
    25
100
AcDbLine
 10
21.1317
 20
224.5
 30
0.0
 11
21.1317
 21
227.5
 31
0.0
  0
LINE
  5
85E
330
1F
100
AcDbEntity
  8
0
  6
Continuous
 62
     7
370
    25
100
AcDbLine
 10
19.6317
 20
229.0
 30
0.0
 11
13.6317
 21
229.0
 31
0.0
  0
LINE
  5
85F
330
1F
100
AcDbEntity
  8
0
  6
Continuous
 62
     7
370
    25
100
AcDbLine
 10
45.46503
 20
227.5
 30
0.0
 11
45.46503
 21
224.5
 31
0.0
  0
LINE
  5
860
330
1F
100
AcDbEntity
  8
0
  6
Continuous
 62
     7
370
    25
100
AcDbLine
 10
46.96503
 20
223.0
 30
0.0
 11
52.96503
 21
223.0
 31
0.0
  0
LINE
  5
861
330
1F
100
AcDbEntity
  8
0
  6
Continuous
 62
     7
370
    25
100
AcDbLine
 10
54.46503
 20
224.5
 30
0.0
 11
54.46503
 21
227.5
 31
0.0
  0
LINE
  5
862
330
1F
100
AcDbEntity
  8
0
  6
Continuous
 62
     7
370
    25
100
AcDbLine
 10
52.96503
 20
229.0
 30
0.0
 11
46.96503
 21
229.0
 31
0.0
  0
LINE
  5
863
330
1F
100
AcDbEntity
  8
0
  6
Continuous
 62
     7
370
    25
100
AcDbLine
 10
78.79836
 20
227.5
 30
0.0
 11
78.79836
 21
224.5
 31
0.0
  0
LINE
  5
864
330
1F
100
AcDbEntity
  8
0
  6
Continuous
 62
     7
370
    25
100
AcDbLine
 10
80.29836
 20
223.0
 30
0.0
 11
86.29836
 21
223.0
 31
0.0
  0
LINE
  5
865
330
1F
100
AcDbEntity
  8
0
  6
Continuous
 62
     7
370
    25
100
AcDbLine
 10
87.79836
 20
224.5
 30
0.0
 11
87.79836
 21
227.5
 31
0.0
  0
LINE
  5
866
330
1F
100
AcDbEntity
  8
0
  6
Continuous
 62
     7
370
    25
100
AcDbLine
 10
86.29836
 20
229.0
 30
0.0
 11
80.29836
 21
229.0
 31
0.0
  0
LINE
  5
867
330
1F
100
AcDbEntity
  8
0
  6
Continuous
 62
     7
370
    25
100
AcDbLine
 10
112.13169
 20
227.5
 30
0.0
 11
112.13169
 21
224.5
 31
0.0
  0
LINE
  5
868
330
1F
100
AcDbEntity
  8
0
  6
Continuous
 62
     7
370
    25
100
AcDbLine
 10
113.63169
 20
223.0
 30
0.0
 11
119.63169
 21
223.0
 31
0.0
  0
LINE
  5
869
330
1F
100
AcDbEntity
  8
0
  6
Continuous
 62
     7
370
    25
100
AcDbLine
 10
121.13169
 20
224.5
 30
0.0
 11
121.13169
 21
227.5
 31
0.0
  0
LINE
  5
86A
330
1F
100
AcDbEntity
  8
0
  6
Continuous
 62
     7
370
    25
100
AcDbLine
 10
119.63169
 20
229.0
 30
0.0
 11
113.63169
 21
229.0
 31
0.0
  0
LINE
  5
86B
330
1F
100
AcDbEntity
  8
0
  6
Continuous
 62
     7
370
    25
100
AcDbLine
 10
145.46502
 20
227.5
 30
0.0
 11
145.46502
 21
224.5
 31
0.0
  0
LINE
  5
86C
330
1F
100
AcDbEntity
  8
0
  6
Continuous
 62
     7
370
    25
100
AcDbLine
 10
146.96502
 20
223.0
 30
0.0
 11
152.96502
 21
223.0
 31
0.0
  0
LINE
  5
86D
330
1F
100
AcDbEntity
  8
0
  6
Continuous
 62
     7
370
    25
100
AcDbLine
 10
154.46502
 20
224.5
 30
0.0
 11
154.46502
 21
227.5
 31
0.0
  0
LINE
  5
86E
330
1F
100
AcDbEntity
  8
0
  6
Continuous
 62
     7
370
    25
100
AcDbLine
 10
152.96502
 20
229.0
 30
0.0
 11
146.96502
 21
229.0
 31
0.0
  0
LINE
  5
86F
330
1F
100
AcDbEntity
  8
0
  6
Continuous
 62
     7
370
    25
100
AcDbLine
 10
178.79835
 20
227.5
 30
0.0
 11
178.79835
 21
224.5
 31
0.0
  0
LINE
  5
870
330
1F
100
AcDbEntity
  8
0
  6
Continuous
 62
     7
370
    25
100
AcDbLine
 10
180.29835
 20
223.0
 30
0.0
 11
186.29835
 21
223.0
 31
0.0
  0
LINE
  5
871
330
1F
100
AcDbEntity
  8
0
  6
Continuous
 62
     7
370
    25
100
AcDbLine
 10
187.79835
 20
224.5
 30
0.0
 11
187.79835
 21
227.5
 31
0.0
  0
LINE
  5
872
330
1F
100
AcDbEntity
  8
0
  6
Continuous
 62
     7
370
    25
100
AcDbLine
 10
186.29835
 20
229.0
 30
0.0
 11
180.29835
 21
229.0
 31
0.0
  0
LINE
  5
873
330
1F
100
AcDbEntity
  8
0
  6
Continuous
 62
     7
370
    25
100
AcDbLine
 10
212.13168
 20
227.5
 30
0.0
 11
212.13168
 21
224.5
 31
0.0
  0
LINE
  5
874
330
1F
100
AcDbEntity
  8
0
  6
Continuous
 62
     7
370
    25
100
AcDbLine
 10
213.63168
 20
223.0
 30
0.0
 11
219.63168
 21
223.0
 31
0.0
  0
LINE
  5
875
330
1F
100
AcDbEntity
  8
0
  6
Continuous
 62
     7
370
    25
100
AcDbLine
 10
221.13168
 20
224.5
 30
0.0
 11
221.13168
 21
227.5
 31
0.0
  0
LINE
  5
876
330
1F
100
AcDbEntity
  8
0
  6
Continuous
 62
     7
370
    25
100
AcDbLine
 10
219.63168
 20
229.0
 30
0.0
 11
213.63168
 21
229.0
 31
0.0
  0
LINE
  5
877
330
1F
100
AcDbEntity
  8
0
  6
Continuous
 62
     7
370
    25
100
AcDbLine
 10
245.46501
 20
227.5
 30
0.0
 11
245.46501
 21
224.5
 31
0.0
  0
LINE
  5
878
330
1F
100
AcDbEntity
  8
0
  6
Continuous
 62
     7
370
    25
100
AcDbLine
 10
246.96501
 20
223.0
 30
0.0
 11
252.96501
 21
223.0
 31
0.0
  0
LINE
  5
879
330
1F
100
AcDbEntity
  8
0
  6
Continuous
 62
     7
370
    25
100
AcDbLine
 10
254.46501
 20
224.5
 30
0.0
 11
254.46501
 21
227.5
 31
0.0
  0
LINE
  5
87A
330
1F
100
AcDbEntity
  8
0
  6
Continuous
 62
     7
370
    25
100
AcDbLine
 10
252.96501
 20
229.0
 30
0.0
 11
246.96501
 21
229.0
 31
0.0
  0
LINE
  5
87B
330
1F
100
AcDbEntity
  8
0
  6
Continuous
 62
     7
370
    25
100
AcDbLine
 10
278.79834
 20
227.5
 30
0.0
 11
278.79834
 21
224.5
 31
0.0
  0
LINE
  5
87C
330
1F
100
AcDbEntity
  8
0
  6
Continuous
 62
     7
370
    25
100
AcDbLine
 10
280.29834
 20
223.0
 30
0.0
 11
286.29834
 21
223.0
 31
0.0
  0
LINE
  5
87D
330
1F
100
AcDbEntity
  8
0
  6
Continuous
 62
     7
370
    25
100
AcDbLine
 10
287.79834
 20
224.5
 30
0.0
 11
287.79834
 21
227.5
 31
0.0
  0
LINE
  5
87E
330
1F
100
AcDbEntity
  8
0
  6
Continuous
 62
     7
370
    25
100
AcDbLine
 10
286.29834
 20
229.0
 30
0.0
 11
280.29834
 21
229.0
 31
0.0
  0
LINE
  5
87F
330
1F
100
AcDbEntity
  8
0
  6
Continuous
 62
     7
370
    25
100
AcDbLine
 10
312.13167
 20
227.5
 30
0.0
 11
312.13167
 21
224.5
 31
0.0
  0
LINE
  5
880
330
1F
100
AcDbEntity
  8
0
  6
Continuous
 62
     7
370
    25
100
AcDbLine
 10
313.63167
 20
223.0
 30
0.0
 11
319.63167
 21
223.0
 31
0.0
  0
LINE
  5
881
330
1F
100
AcDbEntity
  8
0
  6
Continuous
 62
     7
370
    25
100
AcDbLine
 10
321.13167
 20
224.5
 30
0.0
 11
321.13167
 21
227.5
 31
0.0
  0
LINE
  5
882
330
1F
100
AcDbEntity
  8
0
  6
Continuous
 62
     7
370
    25
100
AcDbLine
 10
319.63167
 20
229.0
 30
0.0
 11
313.63167
 21
229.0
 31
0.0
  0
LINE
  5
883
330
1F
100
AcDbEntity
  8
0
  6
Continuous
 62
     7
370
    25
100
AcDbLine
 10
345.465
 20
227.5
 30
0.0
 11
345.465
 21
224.5
 31
0.0
  0
LINE
  5
884
330
1F
100
AcDbEntity
  8
0
  6
Continuous
 62
     7
370
    25
100
AcDbLine
 10
346.965
 20
223.0
 30
0.0
 11
352.965
 21
223.0
 31
0.0
  0
LINE
  5
885
330
1F
100
AcDbEntity
  8
0
  6
Continuous
 62
     7
370
    25
100
AcDbLine
 10
354.465
 20
224.5
 30
0.0
 11
354.465
 21
227.5
 31
0.0
  0
LINE
  5
886
330
1F
100
AcDbEntity
  8
0
  6
Continuous
 62
     7
370
    25
100
AcDbLine
 10
352.965
 20
229.0
 30
0.0
 11
346.965
 21
229.0
 31
0.0
  0
LINE
  5
887
330
1F
100
AcDbEntity
  8
0
  6
Continuous
 62
     7
370
    25
100
AcDbLine
 10
-354.53493
 20
161.5
 30
0.0
 11
-354.53493
 21
158.5
 31
0.0
  0
LINE
  5
888
330
1F
100
AcDbEntity
  8
0
  6
Continuous
 62
     7
370
    25
100
AcDbLine
 10
-353.03493
 20
157.0
 30
0.0
 11
-347.03493
 21
157.0
 31
0.0
  0
LINE
  5
889
330
1F
100
AcDbEntity
  8
0
  6
Continuous
 62
     7
370
    25
100
AcDbLine
 10
-345.53493
 20
158.5
 30
0.0
 11
-345.53493
 21
161.5
 31
0.0
  0
LINE
  5
88A
330
1F
100
AcDbEntity
  8
0
  6
Continuous
 62
     7
370
    25
100
AcDbLine
 10
-347.03493
 20
163.0
 30
0.0
 11
-353.03493
 21
163.0
 31
0.0
  0
LINE
  5
88B
330
1F
100
AcDbEntity
  8
0
  6
Continuous
 62
     7
370
    25
100
AcDbLine
 10
-321.2016
 20
161.5
 30
0.0
 11
-321.2016
 21
158.5
 31
0.0
  0
LINE
  5
88C
330
1F
100
AcDbEntity
  8
0
  6
Continuous
 62
     7
370
    25
100
AcDbLine
 10
-319.7016
 20
157.0
 30
0.0
 11
-313.7016
 21
157.0
 31
0.0
  0
LINE
  5
88D
330
1F
100
AcDbEntity
  8
0
  6
Continuous
 62
     7
370
    25
100
AcDbLine
 10
-312.2016
 20
158.5
 30
0.0
 11
-312.2016
 21
161.5
 31
0.0
  0
LINE
  5
88E
330
1F
100
AcDbEntity
  8
0
  6
Continuous
 62
     7
370
    25
100
AcDbLine
 10
-313.7016
 20
163.0
 30
0.0
 11
-319.7016
 21
163.0
 31
0.0
  0
LINE
  5
88F
330
1F
100
AcDbEntity
  8
0
  6
Continuous
 62
     7
370
    25
100
AcDbLine
 10
-287.86827
 20
161.5
 30
0.0
 11
-287.86827
 21
158.5
 31
0.0
  0
LINE
  5
890
330
1F
100
AcDbEntity
  8
0
  6
Continuous
 62
     7
370
    25
100
AcDbLine
 10
-286.36827
 20
157.0
 30
0.0
 11
-280.36827
 21
157.0
 31
0.0
  0
LINE
  5
891
330
1F
100
AcDbEntity
  8
0
  6
Continuous
 62
     7
370
    25
100
AcDbLine
 10
-278.86827
 20
158.5
 30
0.0
 11
-278.86827
 21
161.5
 31
0.0
  0
LINE
  5
892
330
1F
100
AcDbEntity
  8
0
  6
Continuous
 62
     7
370
    25
100
AcDbLine
 10
-280.36827
 20
163.0
 30
0.0
 11
-286.36827
 21
163.0
 31
0.0
  0
LINE
  5
893
330
1F
100
AcDbEntity
  8
0
  6
Continuous
 62
     7
370
    25
100
AcDbLine
 10
-254.53494
 20
161.5
 30
0.0
 11
-254.53494
 21
158.5
 31
0.0
  0
LINE
  5
894
330
1F
100
AcDbEntity
  8
0
  6
Continuous
 62
     7
370
    25
100
AcDbLine
 10
-253.03494
 20
157.0
 30
0.0
 11
-247.03494
 21
157.0
 31
0.0
  0
LINE
  5
895
330
1F
100
AcDbEntity
  8
0
  6
Continuous
 62
     7
370
    25
100
AcDbLine
 10
-245.53494
 20
158.5
 30
0.0
 11
-245.53494
 21
161.5
 31
0.0
  0
LINE
  5
896
330
1F
100
AcDbEntity
  8
0
  6
Continuous
 62
     7
370
    25
100
AcDbLine
 10
-247.03494
 20
163.0
 30
0.0
 11
-253.03494
 21
163.0
 31
0.0
  0
LINE
  5
897
330
1F
100
AcDbEntity
  8
0
  6
Continuous
 62
     7
370
    25
100
AcDbLine
 10
-221.20161
 20
161.5
 30
0.0
 11
-221.20161
 21
158.5
 31
0.0
  0
LINE
  5
898
330
1F
100
AcDbEntity
  8
0
  6
Continuous
 62
     7
370
    25
100
AcDbLine
 10
-219.70161
 20
157.0
 30
0.0
 11
-213.70161
 21
157.0
 31
0.0
  0
LINE
  5
899
330
1F
100
AcDbEntity
  8
0
  6
Continuous
 62
     7
370
    25
100
AcDbLine
 10
-212.20161
 20
158.5
 30
0.0
 11
-212.20161
 21
161.5
 31
0.0
  0
LINE
  5
89A
330
1F
100
AcDbEntity
  8
0
  6
Continuous
 62
     7
370
    25
100
AcDbLine
 10
-213.70161
 20
163.0
 30
0.0
 11
-219.70161
 21
163.0
 31
0.0
  0
LINE
  5
89B
330
1F
100
AcDbEntity
  8
0
  6
Continuous
 62
     7
370
    25
100
AcDbLine
 10
-187.86828
 20
161.5
 30
0.0
 11
-187.86828
 21
158.5
 31
0.0
  0
LINE
  5
89C
330
1F
100
AcDbEntity
  8
0
  6
Continuous
 62
     7
370
    25
100
AcDbLine
 10
-186.36828
 20
157.0
 30
0.0
 11
-180.36828
 21
157.0
 31
0.0
  0
LINE
  5
89D
330
1F
100
AcDbEntity
  8
0
  6
Continuous
 62
     7
370
    25
100
AcDbLine
 10
-178.86828
 20
158.5
 30
0.0
 11
-178.86828
 21
161.5
 31
0.0
  0
LINE
  5
89E
330
1F
100
AcDbEntity
  8
0
  6
Continuous
 62
     7
370
    25
100
AcDbLine
 10
-180.36828
 20
163.0
 30
0.0
 11
-186.36828
 21
163.0
 31
0.0
  0
LINE
  5
89F
330
1F
100
AcDbEntity
  8
0
  6
Continuous
 62
     7
370
    25
100
AcDbLine
 10
-154.53495
 20
161.5
 30
0.0
 11
-154.53495
 21
158.5
 31
0.0
  0
LINE
  5
8A0
330
1F
100
AcDbEntity
  8
0
  6
Continuous
 62
     7
370
    25
100
AcDbLine
 10
-153.03495
 20
157.0
 30
0.0
 11
-147.03495
 21
157.0
 31
0.0
  0
LINE
  5
8A1
330
1F
100
AcDbEntity
  8
0
  6
Continuous
 62
     7
370
    25
100
AcDbLine
 10
-145.53495
 20
158.5
 30
0.0
 11
-145.53495
 21
161.5
 31
0.0
  0
LINE
  5
8A2
330
1F
100
AcDbEntity
  8
0
  6
Continuous
 62
     7
370
    25
100
AcDbLine
 10
-147.03495
 20
163.0
 30
0.0
 11
-153.03495
 21
163.0
 31
0.0
  0
LINE
  5
8A3
330
1F
100
AcDbEntity
  8
0
  6
Continuous
 62
     7
370
    25
100
AcDbLine
 10
-121.20162
 20
161.5
 30
0.0
 11
-121.20162
 21
158.5
 31
0.0
  0
LINE
  5
8A4
330
1F
100
AcDbEntity
  8
0
  6
Continuous
 62
     7
370
    25
100
AcDbLine
 10
-119.70162
 20
157.0
 30
0.0
 11
-113.70162
 21
157.0
 31
0.0
  0
LINE
  5
8A5
330
1F
100
AcDbEntity
  8
0
  6
Continuous
 62
     7
370
    25
100
AcDbLine
 10
-112.20162
 20
158.5
 30
0.0
 11
-112.20162
 21
161.5
 31
0.0
  0
LINE
  5
8A6
330
1F
100
AcDbEntity
  8
0
  6
Continuous
 62
     7
370
    25
100
AcDbLine
 10
-113.70162
 20
163.0
 30
0.0
 11
-119.70162
 21
163.0
 31
0.0
  0
LINE
  5
8A7
330
1F
100
AcDbEntity
  8
0
  6
Continuous
 62
     7
370
    25
100
AcDbLine
 10
-87.86829
 20
161.5
 30
0.0
 11
-87.86829
 21
158.5
 31
0.0
  0
LINE
  5
8A8
330
1F
100
AcDbEntity
  8
0
  6
Continuous
 62
     7
370
    25
100
AcDbLine
 10
-86.36829
 20
157.0
 30
0.0
 11
-80.36829
 21
157.0
 31
0.0
  0
LINE
  5
8A9
330
1F
100
AcDbEntity
  8
0
  6
Continuous
 62
     7
370
    25
100
AcDbLine
 10
-78.86829
 20
158.5
 30
0.0
 11
-78.86829
 21
161.5
 31
0.0
  0
LINE
  5
8AA
330
1F
100
AcDbEntity
  8
0
  6
Continuous
 62
     7
370
    25
100
AcDbLine
 10
-80.36829
 20
163.0
 30
0.0
 11
-86.36829
 21
163.0
 31
0.0
  0
LINE
  5
8AB
330
1F
100
AcDbEntity
  8
0
  6
Continuous
 62
     7
370
    25
100
AcDbLine
 10
-54.53496
 20
161.5
 30
0.0
 11
-54.53496
 21
158.5
 31
0.0
  0
LINE
  5
8AC
330
1F
100
AcDbEntity
  8
0
  6
Continuous
 62
     7
370
    25
100
AcDbLine
 10
-53.03496
 20
157.0
 30
0.0
 11
-47.03496
 21
157.0
 31
0.0
  0
LINE
  5
8AD
330
1F
100
AcDbEntity
  8
0
  6
Continuous
 62
     7
370
    25
100
AcDbLine
 10
-45.53496
 20
158.5
 30
0.0
 11
-45.53496
 21
161.5
 31
0.0
  0
LINE
  5
8AE
330
1F
100
AcDbEntity
  8
0
  6
Continuous
 62
     7
370
    25
100
AcDbLine
 10
-47.03496
 20
163.0
 30
0.0
 11
-53.03496
 21
163.0
 31
0.0
  0
LINE
  5
8AF
330
1F
100
AcDbEntity
  8
0
  6
Continuous
 62
     7
370
    25
100
AcDbLine
 10
-21.20163
 20
161.5
 30
0.0
 11
-21.20163
 21
158.5
 31
0.0
  0
LINE
  5
8B0
330
1F
100
AcDbEntity
  8
0
  6
Continuous
 62
     7
370
    25
100
AcDbLine
 10
-19.70163
 20
157.0
 30
0.0
 11
-13.70163
 21
157.0
 31
0.0
  0
LINE
  5
8B1
330
1F
100
AcDbEntity
  8
0
  6
Continuous
 62
     7
370
    25
100
AcDbLine
 10
-12.20163
 20
158.5
 30
0.0
 11
-12.20163
 21
161.5
 31
0.0
  0
LINE
  5
8B2
330
1F
100
AcDbEntity
  8
0
  6
Continuous
 62
     7
370
    25
100
AcDbLine
 10
-13.70163
 20
163.0
 30
0.0
 11
-19.70163
 21
163.0
 31
0.0
  0
LINE
  5
8B3
330
1F
100
AcDbEntity
  8
0
  6
Continuous
 62
     7
370
    25
100
AcDbLine
 10
12.1317
 20
161.5
 30
0.0
 11
12.1317
 21
158.5
 31
0.0
  0
LINE
  5
8B4
330
1F
100
AcDbEntity
  8
0
  6
Continuous
 62
     7
370
    25
100
AcDbLine
 10
13.6317
 20
157.0
 30
0.0
 11
19.6317
 21
157.0
 31
0.0
  0
LINE
  5
8B5
330
1F
100
AcDbEntity
  8
0
  6
Continuous
 62
     7
370
    25
100
AcDbLine
 10
21.1317
 20
158.5
 30
0.0
 11
21.1317
 21
161.5
 31
0.0
  0
LINE
  5
8B6
330
1F
100
AcDbEntity
  8
0
  6
Continuous
 62
     7
370
    25
100
AcDbLine
 10
19.6317
 20
163.0
 30
0.0
 11
13.6317
 21
163.0
 31
0.0
  0
LINE
  5
8B7
330
1F
100
AcDbEntity
  8
0
  6
Continuous
 62
     7
370
    25
100
AcDbLine
 10
45.46503
 20
161.5
 30
0.0
 11
45.46503
 21
158.5
 31
0.0
  0
LINE
  5
8B8
330
1F
100
AcDbEntity
  8
0
  6
Continuous
 62
     7
370
    25
100
AcDbLine
 10
46.96503
 20
157.0
 30
0.0
 11
52.96503
 21
157.0
 31
0.0
  0
LINE
  5
8B9
330
1F
100
AcDbEntity
  8
0
  6
Continuous
 62
     7
370
    25
100
AcDbLine
 10
54.46503
 20
158.5
 30
0.0
 11
54.46503
 21
161.5
 31
0.0
  0
LINE
  5
8BA
330
1F
100
AcDbEntity
  8
0
  6
Continuous
 62
     7
370
    25
100
AcDbLine
 10
52.96503
 20
163.0
 30
0.0
 11
46.96503
 21
163.0
 31
0.0
  0
LINE
  5
8BB
330
1F
100
AcDbEntity
  8
0
  6
Continuous
 62
     7
370
    25
100
AcDbLine
 10
78.79836
 20
161.5
 30
0.0
 11
78.79836
 21
158.5
 31
0.0
  0
LINE
  5
8BC
330
1F
100
AcDbEntity
  8
0
  6
Continuous
 62
     7
370
    25
100
AcDbLine
 10
80.29836
 20
157.0
 30
0.0
 11
86.29836
 21
157.0
 31
0.0
  0
LINE
  5
8BD
330
1F
100
AcDbEntity
  8
0
  6
Continuous
 62
     7
370
    25
100
AcDbLine
 10
87.79836
 20
158.5
 30
0.0
 11
87.79836
 21
161.5
 31
0.0
  0
LINE
  5
8BE
330
1F
100
AcDbEntity
  8
0
  6
Continuous
 62
     7
370
    25
100
AcDbLine
 10
86.29836
 20
163.0
 30
0.0
 11
80.29836
 21
163.0
 31
0.0
  0
LINE
  5
8BF
330
1F
100
AcDbEntity
  8
0
  6
Continuous
 62
     7
370
    25
100
AcDbLine
 10
112.13169
 20
161.5
 30
0.0
 11
112.13169
 21
158.5
 31
0.0
  0
LINE
  5
8C0
330
1F
100
AcDbEntity
  8
0
  6
Continuous
 62
     7
370
    25
100
AcDbLine
 10
113.63169
 20
157.0
 30
0.0
 11
119.63169
 21
157.0
 31
0.0
  0
LINE
  5
8C1
330
1F
100
AcDbEntity
  8
0
  6
Continuous
 62
     7
370
    25
100
AcDbLine
 10
121.13169
 20
158.5
 30
0.0
 11
121.13169
 21
161.5
 31
0.0
  0
LINE
  5
8C2
330
1F
100
AcDbEntity
  8
0
  6
Continuous
 62
     7
370
    25
100
AcDbLine
 10
119.63169
 20
163.0
 30
0.0
 11
113.63169
 21
163.0
 31
0.0
  0
LINE
  5
8C3
330
1F
100
AcDbEntity
  8
0
  6
Continuous
 62
     7
370
    25
100
AcDbLine
 10
145.46502
 20
161.5
 30
0.0
 11
145.46502
 21
158.5
 31
0.0
  0
LINE
  5
8C4
330
1F
100
AcDbEntity
  8
0
  6
Continuous
 62
     7
370
    25
100
AcDbLine
 10
146.96502
 20
157.0
 30
0.0
 11
152.96502
 21
157.0
 31
0.0
  0
LINE
  5
8C5
330
1F
100
AcDbEntity
  8
0
  6
Continuous
 62
     7
370
    25
100
AcDbLine
 10
154.46502
 20
158.5
 30
0.0
 11
154.46502
 21
161.5
 31
0.0
  0
LINE
  5
8C6
330
1F
100
AcDbEntity
  8
0
  6
Continuous
 62
     7
370
    25
100
AcDbLine
 10
152.96502
 20
163.0
 30
0.0
 11
146.96502
 21
163.0
 31
0.0
  0
LINE
  5
8C7
330
1F
100
AcDbEntity
  8
0
  6
Continuous
 62
     7
370
    25
100
AcDbLine
 10
178.79835
 20
161.5
 30
0.0
 11
178.79835
 21
158.5
 31
0.0
  0
LINE
  5
8C8
330
1F
100
AcDbEntity
  8
0
  6
Continuous
 62
     7
370
    25
100
AcDbLine
 10
180.29835
 20
157.0
 30
0.0
 11
186.29835
 21
157.0
 31
0.0
  0
LINE
  5
8C9
330
1F
100
AcDbEntity
  8
0
  6
Continuous
 62
     7
370
    25
100
AcDbLine
 10
187.79835
 20
158.5
 30
0.0
 11
187.79835
 21
161.5
 31
0.0
  0
LINE
  5
8CA
330
1F
100
AcDbEntity
  8
0
  6
Continuous
 62
     7
370
    25
100
AcDbLine
 10
186.29835
 20
163.0
 30
0.0
 11
180.29835
 21
163.0
 31
0.0
  0
LINE
  5
8CB
330
1F
100
AcDbEntity
  8
0
  6
Continuous
 62
     7
370
    25
100
AcDbLine
 10
212.13168
 20
161.5
 30
0.0
 11
212.13168
 21
158.5
 31
0.0
  0
LINE
  5
8CC
330
1F
100
AcDbEntity
  8
0
  6
Continuous
 62
     7
370
    25
100
AcDbLine
 10
213.63168
 20
157.0
 30
0.0
 11
219.63168
 21
157.0
 31
0.0
  0
LINE
  5
8CD
330
1F
100
AcDbEntity
  8
0
  6
Continuous
 62
     7
370
    25
100
AcDbLine
 10
221.13168
 20
158.5
 30
0.0
 11
221.13168
 21
161.5
 31
0.0
  0
LINE
  5
8CE
330
1F
100
AcDbEntity
  8
0
  6
Continuous
 62
     7
370
    25
100
AcDbLine
 10
219.63168
 20
163.0
 30
0.0
 11
213.63168
 21
163.0
 31
0.0
  0
LINE
  5
8CF
330
1F
100
AcDbEntity
  8
0
  6
Continuous
 62
     7
370
    25
100
AcDbLine
 10
245.46501
 20
161.5
 30
0.0
 11
245.46501
 21
158.5
 31
0.0
  0
LINE
  5
8D0
330
1F
100
AcDbEntity
  8
0
  6
Continuous
 62
     7
370
    25
100
AcDbLine
 10
246.96501
 20
157.0
 30
0.0
 11
252.96501
 21
157.0
 31
0.0
  0
LINE
  5
8D1
330
1F
100
AcDbEntity
  8
0
  6
Continuous
 62
     7
370
    25
100
AcDbLine
 10
254.46501
 20
158.5
 30
0.0
 11
254.46501
 21
161.5
 31
0.0
  0
LINE
  5
8D2
330
1F
100
AcDbEntity
  8
0
  6
Continuous
 62
     7
370
    25
100
AcDbLine
 10
252.96501
 20
163.0
 30
0.0
 11
246.96501
 21
163.0
 31
0.0
  0
LINE
  5
8D3
330
1F
100
AcDbEntity
  8
0
  6
Continuous
 62
     7
370
    25
100
AcDbLine
 10
278.79834
 20
161.5
 30
0.0
 11
278.79834
 21
158.5
 31
0.0
  0
LINE
  5
8D4
330
1F
100
AcDbEntity
  8
0
  6
Continuous
 62
     7
370
    25
100
AcDbLine
 10
280.29834
 20
157.0
 30
0.0
 11
286.29834
 21
157.0
 31
0.0
  0
LINE
  5
8D5
330
1F
100
AcDbEntity
  8
0
  6
Continuous
 62
     7
370
    25
100
AcDbLine
 10
287.79834
 20
158.5
 30
0.0
 11
287.79834
 21
161.5
 31
0.0
  0
LINE
  5
8D6
330
1F
100
AcDbEntity
  8
0
  6
Continuous
 62
     7
370
    25
100
AcDbLine
 10
286.29834
 20
163.0
 30
0.0
 11
280.29834
 21
163.0
 31
0.0
  0
LINE
  5
8D7
330
1F
100
AcDbEntity
  8
0
  6
Continuous
 62
     7
370
    25
100
AcDbLine
 10
312.13167
 20
161.5
 30
0.0
 11
312.13167
 21
158.5
 31
0.0
  0
LINE
  5
8D8
330
1F
100
AcDbEntity
  8
0
  6
Continuous
 62
     7
370
    25
100
AcDbLine
 10
313.63167
 20
157.0
 30
0.0
 11
319.63167
 21
157.0
 31
0.0
  0
LINE
  5
8D9
330
1F
100
AcDbEntity
  8
0
  6
Continuous
 62
     7
370
    25
100
AcDbLine
 10
321.13167
 20
158.5
 30
0.0
 11
321.13167
 21
161.5
 31
0.0
  0
LINE
  5
8DA
330
1F
100
AcDbEntity
  8
0
  6
Continuous
 62
     7
370
    25
100
AcDbLine
 10
319.63167
 20
163.0
 30
0.0
 11
313.63167
 21
163.0
 31
0.0
  0
LINE
  5
8DB
330
1F
100
AcDbEntity
  8
0
  6
Continuous
 62
     7
370
    25
100
AcDbLine
 10
345.465
 20
161.5
 30
0.0
 11
345.465
 21
158.5
 31
0.0
  0
LINE
  5
8DC
330
1F
100
AcDbEntity
  8
0
  6
Continuous
 62
     7
370
    25
100
AcDbLine
 10
346.965
 20
157.0
 30
0.0
 11
352.965
 21
157.0
 31
0.0
  0
LINE
  5
8DD
330
1F
100
AcDbEntity
  8
0
  6
Continuous
 62
     7
370
    25
100
AcDbLine
 10
354.465
 20
158.5
 30
0.0
 11
354.465
 21
161.5
 31
0.0
  0
LINE
  5
8DE
330
1F
100
AcDbEntity
  8
0
  6
Continuous
 62
     7
370
    25
100
AcDbLine
 10
352.965
 20
163.0
 30
0.0
 11
346.965
 21
163.0
 31
0.0
  0
LINE
  5
8DF
330
1F
100
AcDbEntity
  8
0
  6
Continuous
 62
     7
370
    25
100
AcDbLine
 10
-354.53493
 20
95.5
 30
0.0
 11
-354.53493
 21
92.5
 31
0.0
  0
LINE
  5
8E0
330
1F
100
AcDbEntity
  8
0
  6
Continuous
 62
     7
370
    25
100
AcDbLine
 10
-353.03493
 20
91.0
 30
0.0
 11
-347.03493
 21
91.0
 31
0.0
  0
LINE
  5
8E1
330
1F
100
AcDbEntity
  8
0
  6
Continuous
 62
     7
370
    25
100
AcDbLine
 10
-345.53493
 20
92.5
 30
0.0
 11
-345.53493
 21
95.5
 31
0.0
  0
LINE
  5
8E2
330
1F
100
AcDbEntity
  8
0
  6
Continuous
 62
     7
370
    25
100
AcDbLine
 10
-347.03493
 20
97.0
 30
0.0
 11
-353.03493
 21
97.0
 31
0.0
  0
LINE
  5
8E3
330
1F
100
AcDbEntity
  8
0
  6
Continuous
 62
     7
370
    25
100
AcDbLine
 10
-321.2016
 20
95.5
 30
0.0
 11
-321.2016
 21
92.5
 31
0.0
  0
LINE
  5
8E4
330
1F
100
AcDbEntity
  8
0
  6
Continuous
 62
     7
370
    25
100
AcDbLine
 10
-319.7016
 20
91.0
 30
0.0
 11
-313.7016
 21
91.0
 31
0.0
  0
LINE
  5
8E5
330
1F
100
AcDbEntity
  8
0
  6
Continuous
 62
     7
370
    25
100
AcDbLine
 10
-312.2016
 20
92.5
 30
0.0
 11
-312.2016
 21
95.5
 31
0.0
  0
LINE
  5
8E6
330
1F
100
AcDbEntity
  8
0
  6
Continuous
 62
     7
370
    25
100
AcDbLine
 10
-313.7016
 20
97.0
 30
0.0
 11
-319.7016
 21
97.0
 31
0.0
  0
LINE
  5
8E7
330
1F
100
AcDbEntity
  8
0
  6
Continuous
 62
     7
370
    25
100
AcDbLine
 10
-287.86827
 20
95.5
 30
0.0
 11
-287.86827
 21
92.5
 31
0.0
  0
LINE
  5
8E8
330
1F
100
AcDbEntity
  8
0
  6
Continuous
 62
     7
370
    25
100
AcDbLine
 10
-286.36827
 20
91.0
 30
0.0
 11
-280.36827
 21
91.0
 31
0.0
  0
LINE
  5
8E9
330
1F
100
AcDbEntity
  8
0
  6
Continuous
 62
     7
370
    25
100
AcDbLine
 10
-278.86827
 20
92.5
 30
0.0
 11
-278.86827
 21
95.5
 31
0.0
  0
LINE
  5
8EA
330
1F
100
AcDbEntity
  8
0
  6
Continuous
 62
     7
370
    25
100
AcDbLine
 10
-280.36827
 20
97.0
 30
0.0
 11
-286.36827
 21
97.0
 31
0.0
  0
LINE
  5
8EB
330
1F
100
AcDbEntity
  8
0
  6
Continuous
 62
     7
370
    25
100
AcDbLine
 10
-254.53494
 20
95.5
 30
0.0
 11
-254.53494
 21
92.5
 31
0.0
  0
LINE
  5
8EC
330
1F
100
AcDbEntity
  8
0
  6
Continuous
 62
     7
370
    25
100
AcDbLine
 10
-253.03494
 20
91.0
 30
0.0
 11
-247.03494
 21
91.0
 31
0.0
  0
LINE
  5
8ED
330
1F
100
AcDbEntity
  8
0
  6
Continuous
 62
     7
370
    25
100
AcDbLine
 10
-245.53494
 20
92.5
 30
0.0
 11
-245.53494
 21
95.5
 31
0.0
  0
LINE
  5
8EE
330
1F
100
AcDbEntity
  8
0
  6
Continuous
 62
     7
370
    25
100
AcDbLine
 10
-247.03494
 20
97.0
 30
0.0
 11
-253.03494
 21
97.0
 31
0.0
  0
LINE
  5
8EF
330
1F
100
AcDbEntity
  8
0
  6
Continuous
 62
     7
370
    25
100
AcDbLine
 10
-221.20161
 20
95.5
 30
0.0
 11
-221.20161
 21
92.5
 31
0.0
  0
LINE
  5
8F0
330
1F
100
AcDbEntity
  8
0
  6
Continuous
 62
     7
370
    25
100
AcDbLine
 10
-219.70161
 20
91.0
 30
0.0
 11
-213.70161
 21
91.0
 31
0.0
  0
LINE
  5
8F1
330
1F
100
AcDbEntity
  8
0
  6
Continuous
 62
     7
370
    25
100
AcDbLine
 10
-212.20161
 20
92.5
 30
0.0
 11
-212.20161
 21
95.5
 31
0.0
  0
LINE
  5
8F2
330
1F
100
AcDbEntity
  8
0
  6
Continuous
 62
     7
370
    25
100
AcDbLine
 10
-213.70161
 20
97.0
 30
0.0
 11
-219.70161
 21
97.0
 31
0.0
  0
LINE
  5
8F3
330
1F
100
AcDbEntity
  8
0
  6
Continuous
 62
     7
370
    25
100
AcDbLine
 10
-187.86828
 20
95.5
 30
0.0
 11
-187.86828
 21
92.5
 31
0.0
  0
LINE
  5
8F4
330
1F
100
AcDbEntity
  8
0
  6
Continuous
 62
     7
370
    25
100
AcDbLine
 10
-186.36828
 20
91.0
 30
0.0
 11
-180.36828
 21
91.0
 31
0.0
  0
LINE
  5
8F5
330
1F
100
AcDbEntity
  8
0
  6
Continuous
 62
     7
370
    25
100
AcDbLine
 10
-178.86828
 20
92.5
 30
0.0
 11
-178.86828
 21
95.5
 31
0.0
  0
LINE
  5
8F6
330
1F
100
AcDbEntity
  8
0
  6
Continuous
 62
     7
370
    25
100
AcDbLine
 10
-180.36828
 20
97.0
 30
0.0
 11
-186.36828
 21
97.0
 31
0.0
  0
LINE
  5
8F7
330
1F
100
AcDbEntity
  8
0
  6
Continuous
 62
     7
370
    25
100
AcDbLine
 10
-154.53495
 20
95.5
 30
0.0
 11
-154.53495
 21
92.5
 31
0.0
  0
LINE
  5
8F8
330
1F
100
AcDbEntity
  8
0
  6
Continuous
 62
     7
370
    25
100
AcDbLine
 10
-153.03495
 20
91.0
 30
0.0
 11
-147.03495
 21
91.0
 31
0.0
  0
LINE
  5
8F9
330
1F
100
AcDbEntity
  8
0
  6
Continuous
 62
     7
370
    25
100
AcDbLine
 10
-145.53495
 20
92.5
 30
0.0
 11
-145.53495
 21
95.5
 31
0.0
  0
LINE
  5
8FA
330
1F
100
AcDbEntity
  8
0
  6
Continuous
 62
     7
370
    25
100
AcDbLine
 10
-147.03495
 20
97.0
 30
0.0
 11
-153.03495
 21
97.0
 31
0.0
  0
LINE
  5
8FB
330
1F
100
AcDbEntity
  8
0
  6
Continuous
 62
     7
370
    25
100
AcDbLine
 10
-121.20162
 20
95.5
 30
0.0
 11
-121.20162
 21
92.5
 31
0.0
  0
LINE
  5
8FC
330
1F
100
AcDbEntity
  8
0
  6
Continuous
 62
     7
370
    25
100
AcDbLine
 10
-119.70162
 20
91.0
 30
0.0
 11
-113.70162
 21
91.0
 31
0.0
  0
LINE
  5
8FD
330
1F
100
AcDbEntity
  8
0
  6
Continuous
 62
     7
370
    25
100
AcDbLine
 10
-112.20162
 20
92.5
 30
0.0
 11
-112.20162
 21
95.5
 31
0.0
  0
LINE
  5
8FE
330
1F
100
AcDbEntity
  8
0
  6
Continuous
 62
     7
370
    25
100
AcDbLine
 10
-113.70162
 20
97.0
 30
0.0
 11
-119.70162
 21
97.0
 31
0.0
  0
LINE
  5
8FF
330
1F
100
AcDbEntity
  8
0
  6
Continuous
 62
     7
370
    25
100
AcDbLine
 10
-87.86829
 20
95.5
 30
0.0
 11
-87.86829
 21
92.5
 31
0.0
  0
LINE
  5
900
330
1F
100
AcDbEntity
  8
0
  6
Continuous
 62
     7
370
    25
100
AcDbLine
 10
-86.36829
 20
91.0
 30
0.0
 11
-80.36829
 21
91.0
 31
0.0
  0
LINE
  5
901
330
1F
100
AcDbEntity
  8
0
  6
Continuous
 62
     7
370
    25
100
AcDbLine
 10
-78.86829
 20
92.5
 30
0.0
 11
-78.86829
 21
95.5
 31
0.0
  0
LINE
  5
902
330
1F
100
AcDbEntity
  8
0
  6
Continuous
 62
     7
370
    25
100
AcDbLine
 10
-80.36829
 20
97.0
 30
0.0
 11
-86.36829
 21
97.0
 31
0.0
  0
LINE
  5
903
330
1F
100
AcDbEntity
  8
0
  6
Continuous
 62
     7
370
    25
100
AcDbLine
 10
-54.53496
 20
95.5
 30
0.0
 11
-54.53496
 21
92.5
 31
0.0
  0
LINE
  5
904
330
1F
100
AcDbEntity
  8
0
  6
Continuous
 62
     7
370
    25
100
AcDbLine
 10
-53.03496
 20
91.0
 30
0.0
 11
-47.03496
 21
91.0
 31
0.0
  0
LINE
  5
905
330
1F
100
AcDbEntity
  8
0
  6
Continuous
 62
     7
370
    25
100
AcDbLine
 10
-45.53496
 20
92.5
 30
0.0
 11
-45.53496
 21
95.5
 31
0.0
  0
LINE
  5
906
330
1F
100
AcDbEntity
  8
0
  6
Continuous
 62
     7
370
    25
100
AcDbLine
 10
-47.03496
 20
97.0
 30
0.0
 11
-53.03496
 21
97.0
 31
0.0
  0
LINE
  5
907
330
1F
100
AcDbEntity
  8
0
  6
Continuous
 62
     7
370
    25
100
AcDbLine
 10
-21.20163
 20
95.5
 30
0.0
 11
-21.20163
 21
92.5
 31
0.0
  0
LINE
  5
908
330
1F
100
AcDbEntity
  8
0
  6
Continuous
 62
     7
370
    25
100
AcDbLine
 10
-19.70163
 20
91.0
 30
0.0
 11
-13.70163
 21
91.0
 31
0.0
  0
LINE
  5
909
330
1F
100
AcDbEntity
  8
0
  6
Continuous
 62
     7
370
    25
100
AcDbLine
 10
-12.20163
 20
92.5
 30
0.0
 11
-12.20163
 21
95.5
 31
0.0
  0
LINE
  5
90A
330
1F
100
AcDbEntity
  8
0
  6
Continuous
 62
     7
370
    25
100
AcDbLine
 10
-13.70163
 20
97.0
 30
0.0
 11
-19.70163
 21
97.0
 31
0.0
  0
LINE
  5
90B
330
1F
100
AcDbEntity
  8
0
  6
Continuous
 62
     7
370
    25
100
AcDbLine
 10
12.1317
 20
95.5
 30
0.0
 11
12.1317
 21
92.5
 31
0.0
  0
LINE
  5
90C
330
1F
100
AcDbEntity
  8
0
  6
Continuous
 62
     7
370
    25
100
AcDbLine
 10
13.6317
 20
91.0
 30
0.0
 11
19.6317
 21
91.0
 31
0.0
  0
LINE
  5
90D
330
1F
100
AcDbEntity
  8
0
  6
Continuous
 62
     7
370
    25
100
AcDbLine
 10
21.1317
 20
92.5
 30
0.0
 11
21.1317
 21
95.5
 31
0.0
  0
LINE
  5
90E
330
1F
100
AcDbEntity
  8
0
  6
Continuous
 62
     7
370
    25
100
AcDbLine
 10
19.6317
 20
97.0
 30
0.0
 11
13.6317
 21
97.0
 31
0.0
  0
LINE
  5
90F
330
1F
100
AcDbEntity
  8
0
  6
Continuous
 62
     7
370
    25
100
AcDbLine
 10
45.46503
 20
95.5
 30
0.0
 11
45.46503
 21
92.5
 31
0.0
  0
LINE
  5
910
330
1F
100
AcDbEntity
  8
0
  6
Continuous
 62
     7
370
    25
100
AcDbLine
 10
46.96503
 20
91.0
 30
0.0
 11
52.96503
 21
91.0
 31
0.0
  0
LINE
  5
911
330
1F
100
AcDbEntity
  8
0
  6
Continuous
 62
     7
370
    25
100
AcDbLine
 10
54.46503
 20
92.5
 30
0.0
 11
54.46503
 21
95.5
 31
0.0
  0
LINE
  5
912
330
1F
100
AcDbEntity
  8
0
  6
Continuous
 62
     7
370
    25
100
AcDbLine
 10
52.96503
 20
97.0
 30
0.0
 11
46.96503
 21
97.0
 31
0.0
  0
LINE
  5
913
330
1F
100
AcDbEntity
  8
0
  6
Continuous
 62
     7
370
    25
100
AcDbLine
 10
78.79836
 20
95.5
 30
0.0
 11
78.79836
 21
92.5
 31
0.0
  0
LINE
  5
914
330
1F
100
AcDbEntity
  8
0
  6
Continuous
 62
     7
370
    25
100
AcDbLine
 10
80.29836
 20
91.0
 30
0.0
 11
86.29836
 21
91.0
 31
0.0
  0
LINE
  5
915
330
1F
100
AcDbEntity
  8
0
  6
Continuous
 62
     7
370
    25
100
AcDbLine
 10
87.79836
 20
92.5
 30
0.0
 11
87.79836
 21
95.5
 31
0.0
  0
LINE
  5
916
330
1F
100
AcDbEntity
  8
0
  6
Continuous
 62
     7
370
    25
100
AcDbLine
 10
86.29836
 20
97.0
 30
0.0
 11
80.29836
 21
97.0
 31
0.0
  0
LINE
  5
917
330
1F
100
AcDbEntity
  8
0
  6
Continuous
 62
     7
370
    25
100
AcDbLine
 10
112.13169
 20
95.5
 30
0.0
 11
112.13169
 21
92.5
 31
0.0
  0
LINE
  5
918
330
1F
100
AcDbEntity
  8
0
  6
Continuous
 62
     7
370
    25
100
AcDbLine
 10
113.63169
 20
91.0
 30
0.0
 11
119.63169
 21
91.0
 31
0.0
  0
LINE
  5
919
330
1F
100
AcDbEntity
  8
0
  6
Continuous
 62
     7
370
    25
100
AcDbLine
 10
121.13169
 20
92.5
 30
0.0
 11
121.13169
 21
95.5
 31
0.0
  0
LINE
  5
91A
330
1F
100
AcDbEntity
  8
0
  6
Continuous
 62
     7
370
    25
100
AcDbLine
 10
119.63169
 20
97.0
 30
0.0
 11
113.63169
 21
97.0
 31
0.0
  0
LINE
  5
91B
330
1F
100
AcDbEntity
  8
0
  6
Continuous
 62
     7
370
    25
100
AcDbLine
 10
145.46502
 20
95.5
 30
0.0
 11
145.46502
 21
92.5
 31
0.0
  0
LINE
  5
91C
330
1F
100
AcDbEntity
  8
0
  6
Continuous
 62
     7
370
    25
100
AcDbLine
 10
146.96502
 20
91.0
 30
0.0
 11
152.96502
 21
91.0
 31
0.0
  0
LINE
  5
91D
330
1F
100
AcDbEntity
  8
0
  6
Continuous
 62
     7
370
    25
100
AcDbLine
 10
154.46502
 20
92.5
 30
0.0
 11
154.46502
 21
95.5
 31
0.0
  0
LINE
  5
91E
330
1F
100
AcDbEntity
  8
0
  6
Continuous
 62
     7
370
    25
100
AcDbLine
 10
152.96502
 20
97.0
 30
0.0
 11
146.96502
 21
97.0
 31
0.0
  0
LINE
  5
91F
330
1F
100
AcDbEntity
  8
0
  6
Continuous
 62
     7
370
    25
100
AcDbLine
 10
178.79835
 20
95.5
 30
0.0
 11
178.79835
 21
92.5
 31
0.0
  0
LINE
  5
920
330
1F
100
AcDbEntity
  8
0
  6
Continuous
 62
     7
370
    25
100
AcDbLine
 10
180.29835
 20
91.0
 30
0.0
 11
186.29835
 21
91.0
 31
0.0
  0
LINE
  5
921
330
1F
100
AcDbEntity
  8
0
  6
Continuous
 62
     7
370
    25
100
AcDbLine
 10
187.79835
 20
92.5
 30
0.0
 11
187.79835
 21
95.5
 31
0.0
  0
LINE
  5
922
330
1F
100
AcDbEntity
  8
0
  6
Continuous
 62
     7
370
    25
100
AcDbLine
 10
186.29835
 20
97.0
 30
0.0
 11
180.29835
 21
97.0
 31
0.0
  0
LINE
  5
923
330
1F
100
AcDbEntity
  8
0
  6
Continuous
 62
     7
370
    25
100
AcDbLine
 10
212.13168
 20
95.5
 30
0.0
 11
212.13168
 21
92.5
 31
0.0
  0
LINE
  5
924
330
1F
100
AcDbEntity
  8
0
  6
Continuous
 62
     7
370
    25
100
AcDbLine
 10
213.63168
 20
91.0
 30
0.0
 11
219.63168
 21
91.0
 31
0.0
  0
LINE
  5
925
330
1F
100
AcDbEntity
  8
0
  6
Continuous
 62
     7
370
    25
100
AcDbLine
 10
221.13168
 20
92.5
 30
0.0
 11
221.13168
 21
95.5
 31
0.0
  0
LINE
  5
926
330
1F
100
AcDbEntity
  8
0
  6
Continuous
 62
     7
370
    25
100
AcDbLine
 10
219.63168
 20
97.0
 30
0.0
 11
213.63168
 21
97.0
 31
0.0
  0
LINE
  5
927
330
1F
100
AcDbEntity
  8
0
  6
Continuous
 62
     7
370
    25
100
AcDbLine
 10
245.46501
 20
95.5
 30
0.0
 11
245.46501
 21
92.5
 31
0.0
  0
LINE
  5
928
330
1F
100
AcDbEntity
  8
0
  6
Continuous
 62
     7
370
    25
100
AcDbLine
 10
246.96501
 20
91.0
 30
0.0
 11
252.96501
 21
91.0
 31
0.0
  0
LINE
  5
929
330
1F
100
AcDbEntity
  8
0
  6
Continuous
 62
     7
370
    25
100
AcDbLine
 10
254.46501
 20
92.5
 30
0.0
 11
254.46501
 21
95.5
 31
0.0
  0
LINE
  5
92A
330
1F
100
AcDbEntity
  8
0
  6
Continuous
 62
     7
370
    25
100
AcDbLine
 10
252.96501
 20
97.0
 30
0.0
 11
246.96501
 21
97.0
 31
0.0
  0
LINE
  5
92B
330
1F
100
AcDbEntity
  8
0
  6
Continuous
 62
     7
370
    25
100
AcDbLine
 10
278.79834
 20
95.5
 30
0.0
 11
278.79834
 21
92.5
 31
0.0
  0
LINE
  5
92C
330
1F
100
AcDbEntity
  8
0
  6
Continuous
 62
     7
370
    25
100
AcDbLine
 10
280.29834
 20
91.0
 30
0.0
 11
286.29834
 21
91.0
 31
0.0
  0
LINE
  5
92D
330
1F
100
AcDbEntity
  8
0
  6
Continuous
 62
     7
370
    25
100
AcDbLine
 10
287.79834
 20
92.5
 30
0.0
 11
287.79834
 21
95.5
 31
0.0
  0
LINE
  5
92E
330
1F
100
AcDbEntity
  8
0
  6
Continuous
 62
     7
370
    25
100
AcDbLine
 10
286.29834
 20
97.0
 30
0.0
 11
280.29834
 21
97.0
 31
0.0
  0
LINE
  5
92F
330
1F
100
AcDbEntity
  8
0
  6
Continuous
 62
     7
370
    25
100
AcDbLine
 10
312.13167
 20
95.5
 30
0.0
 11
312.13167
 21
92.5
 31
0.0
  0
LINE
  5
930
330
1F
100
AcDbEntity
  8
0
  6
Continuous
 62
     7
370
    25
100
AcDbLine
 10
313.63167
 20
91.0
 30
0.0
 11
319.63167
 21
91.0
 31
0.0
  0
LINE
  5
931
330
1F
100
AcDbEntity
  8
0
  6
Continuous
 62
     7
370
    25
100
AcDbLine
 10
321.13167
 20
92.5
 30
0.0
 11
321.13167
 21
95.5
 31
0.0
  0
LINE
  5
932
330
1F
100
AcDbEntity
  8
0
  6
Continuous
 62
     7
370
    25
100
AcDbLine
 10
319.63167
 20
97.0
 30
0.0
 11
313.63167
 21
97.0
 31
0.0
  0
LINE
  5
933
330
1F
100
AcDbEntity
  8
0
  6
Continuous
 62
     7
370
    25
100
AcDbLine
 10
345.465
 20
95.5
 30
0.0
 11
345.465
 21
92.5
 31
0.0
  0
LINE
  5
934
330
1F
100
AcDbEntity
  8
0
  6
Continuous
 62
     7
370
    25
100
AcDbLine
 10
346.965
 20
91.0
 30
0.0
 11
352.965
 21
91.0
 31
0.0
  0
LINE
  5
935
330
1F
100
AcDbEntity
  8
0
  6
Continuous
 62
     7
370
    25
100
AcDbLine
 10
354.465
 20
92.5
 30
0.0
 11
354.465
 21
95.5
 31
0.0
  0
LINE
  5
936
330
1F
100
AcDbEntity
  8
0
  6
Continuous
 62
     7
370
    25
100
AcDbLine
 10
352.965
 20
97.0
 30
0.0
 11
346.965
 21
97.0
 31
0.0
  0
LINE
  5
937
330
1F
100
AcDbEntity
  8
0
  6
Continuous
 62
     7
370
    25
100
AcDbLine
 10
-354.53493
 20
29.5
 30
0.0
 11
-354.53493
 21
26.5
 31
0.0
  0
LINE
  5
938
330
1F
100
AcDbEntity
  8
0
  6
Continuous
 62
     7
370
    25
100
AcDbLine
 10
-353.03493
 20
25.0
 30
0.0
 11
-347.03493
 21
25.0
 31
0.0
  0
LINE
  5
939
330
1F
100
AcDbEntity
  8
0
  6
Continuous
 62
     7
370
    25
100
AcDbLine
 10
-345.53493
 20
26.5
 30
0.0
 11
-345.53493
 21
29.5
 31
0.0
  0
LINE
  5
93A
330
1F
100
AcDbEntity
  8
0
  6
Continuous
 62
     7
370
    25
100
AcDbLine
 10
-347.03493
 20
31.0
 30
0.0
 11
-353.03493
 21
31.0
 31
0.0
  0
LINE
  5
93B
330
1F
100
AcDbEntity
  8
0
  6
Continuous
 62
     7
370
    25
100
AcDbLine
 10
-321.2016
 20
29.5
 30
0.0
 11
-321.2016
 21
26.5
 31
0.0
  0
LINE
  5
93C
330
1F
100
AcDbEntity
  8
0
  6
Continuous
 62
     7
370
    25
100
AcDbLine
 10
-319.7016
 20
25.0
 30
0.0
 11
-313.7016
 21
25.0
 31
0.0
  0
LINE
  5
93D
330
1F
100
AcDbEntity
  8
0
  6
Continuous
 62
     7
370
    25
100
AcDbLine
 10
-312.2016
 20
26.5
 30
0.0
 11
-312.2016
 21
29.5
 31
0.0
  0
LINE
  5
93E
330
1F
100
AcDbEntity
  8
0
  6
Continuous
 62
     7
370
    25
100
AcDbLine
 10
-313.7016
 20
31.0
 30
0.0
 11
-319.7016
 21
31.0
 31
0.0
  0
LINE
  5
93F
330
1F
100
AcDbEntity
  8
0
  6
Continuous
 62
     7
370
    25
100
AcDbLine
 10
-287.86827
 20
29.5
 30
0.0
 11
-287.86827
 21
26.5
 31
0.0
  0
LINE
  5
940
330
1F
100
AcDbEntity
  8
0
  6
Continuous
 62
     7
370
    25
100
AcDbLine
 10
-286.36827
 20
25.0
 30
0.0
 11
-280.36827
 21
25.0
 31
0.0
  0
LINE
  5
941
330
1F
100
AcDbEntity
  8
0
  6
Continuous
 62
     7
370
    25
100
AcDbLine
 10
-278.86827
 20
26.5
 30
0.0
 11
-278.86827
 21
29.5
 31
0.0
  0
LINE
  5
942
330
1F
100
AcDbEntity
  8
0
  6
Continuous
 62
     7
370
    25
100
AcDbLine
 10
-280.36827
 20
31.0
 30
0.0
 11
-286.36827
 21
31.0
 31
0.0
  0
LINE
  5
943
330
1F
100
AcDbEntity
  8
0
  6
Continuous
 62
     7
370
    25
100
AcDbLine
 10
-254.53494
 20
29.5
 30
0.0
 11
-254.53494
 21
26.5
 31
0.0
  0
LINE
  5
944
330
1F
100
AcDbEntity
  8
0
  6
Continuous
 62
     7
370
    25
100
AcDbLine
 10
-253.03494
 20
25.0
 30
0.0
 11
-247.03494
 21
25.0
 31
0.0
  0
LINE
  5
945
330
1F
100
AcDbEntity
  8
0
  6
Continuous
 62
     7
370
    25
100
AcDbLine
 10
-245.53494
 20
26.5
 30
0.0
 11
-245.53494
 21
29.5
 31
0.0
  0
LINE
  5
946
330
1F
100
AcDbEntity
  8
0
  6
Continuous
 62
     7
370
    25
100
AcDbLine
 10
-247.03494
 20
31.0
 30
0.0
 11
-253.03494
 21
31.0
 31
0.0
  0
LINE
  5
947
330
1F
100
AcDbEntity
  8
0
  6
Continuous
 62
     7
370
    25
100
AcDbLine
 10
-221.20161
 20
29.5
 30
0.0
 11
-221.20161
 21
26.5
 31
0.0
  0
LINE
  5
948
330
1F
100
AcDbEntity
  8
0
  6
Continuous
 62
     7
370
    25
100
AcDbLine
 10
-219.70161
 20
25.0
 30
0.0
 11
-213.70161
 21
25.0
 31
0.0
  0
LINE
  5
949
330
1F
100
AcDbEntity
  8
0
  6
Continuous
 62
     7
370
    25
100
AcDbLine
 10
-212.20161
 20
26.5
 30
0.0
 11
-212.20161
 21
29.5
 31
0.0
  0
LINE
  5
94A
330
1F
100
AcDbEntity
  8
0
  6
Continuous
 62
     7
370
    25
100
AcDbLine
 10
-213.70161
 20
31.0
 30
0.0
 11
-219.70161
 21
31.0
 31
0.0
  0
LINE
  5
94B
330
1F
100
AcDbEntity
  8
0
  6
Continuous
 62
     7
370
    25
100
AcDbLine
 10
-187.86828
 20
29.5
 30
0.0
 11
-187.86828
 21
26.5
 31
0.0
  0
LINE
  5
94C
330
1F
100
AcDbEntity
  8
0
  6
Continuous
 62
     7
370
    25
100
AcDbLine
 10
-186.36828
 20
25.0
 30
0.0
 11
-180.36828
 21
25.0
 31
0.0
  0
LINE
  5
94D
330
1F
100
AcDbEntity
  8
0
  6
Continuous
 62
     7
370
    25
100
AcDbLine
 10
-178.86828
 20
26.5
 30
0.0
 11
-178.86828
 21
29.5
 31
0.0
  0
LINE
  5
94E
330
1F
100
AcDbEntity
  8
0
  6
Continuous
 62
     7
370
    25
100
AcDbLine
 10
-180.36828
 20
31.0
 30
0.0
 11
-186.36828
 21
31.0
 31
0.0
  0
LINE
  5
94F
330
1F
100
AcDbEntity
  8
0
  6
Continuous
 62
     7
370
    25
100
AcDbLine
 10
-154.53495
 20
29.5
 30
0.0
 11
-154.53495
 21
26.5
 31
0.0
  0
LINE
  5
950
330
1F
100
AcDbEntity
  8
0
  6
Continuous
 62
     7
370
    25
100
AcDbLine
 10
-153.03495
 20
25.0
 30
0.0
 11
-147.03495
 21
25.0
 31
0.0
  0
LINE
  5
951
330
1F
100
AcDbEntity
  8
0
  6
Continuous
 62
     7
370
    25
100
AcDbLine
 10
-145.53495
 20
26.5
 30
0.0
 11
-145.53495
 21
29.5
 31
0.0
  0
LINE
  5
952
330
1F
100
AcDbEntity
  8
0
  6
Continuous
 62
     7
370
    25
100
AcDbLine
 10
-147.03495
 20
31.0
 30
0.0
 11
-153.03495
 21
31.0
 31
0.0
  0
LINE
  5
953
330
1F
100
AcDbEntity
  8
0
  6
Continuous
 62
     7
370
    25
100
AcDbLine
 10
-121.20162
 20
29.5
 30
0.0
 11
-121.20162
 21
26.5
 31
0.0
  0
LINE
  5
954
330
1F
100
AcDbEntity
  8
0
  6
Continuous
 62
     7
370
    25
100
AcDbLine
 10
-119.70162
 20
25.0
 30
0.0
 11
-113.70162
 21
25.0
 31
0.0
  0
LINE
  5
955
330
1F
100
AcDbEntity
  8
0
  6
Continuous
 62
     7
370
    25
100
AcDbLine
 10
-112.20162
 20
26.5
 30
0.0
 11
-112.20162
 21
29.5
 31
0.0
  0
LINE
  5
956
330
1F
100
AcDbEntity
  8
0
  6
Continuous
 62
     7
370
    25
100
AcDbLine
 10
-113.70162
 20
31.0
 30
0.0
 11
-119.70162
 21
31.0
 31
0.0
  0
LINE
  5
957
330
1F
100
AcDbEntity
  8
0
  6
Continuous
 62
     7
370
    25
100
AcDbLine
 10
-87.86829
 20
29.5
 30
0.0
 11
-87.86829
 21
26.5
 31
0.0
  0
LINE
  5
958
330
1F
100
AcDbEntity
  8
0
  6
Continuous
 62
     7
370
    25
100
AcDbLine
 10
-86.36829
 20
25.0
 30
0.0
 11
-80.36829
 21
25.0
 31
0.0
  0
LINE
  5
959
330
1F
100
AcDbEntity
  8
0
  6
Continuous
 62
     7
370
    25
100
AcDbLine
 10
-78.86829
 20
26.5
 30
0.0
 11
-78.86829
 21
29.5
 31
0.0
  0
LINE
  5
95A
330
1F
100
AcDbEntity
  8
0
  6
Continuous
 62
     7
370
    25
100
AcDbLine
 10
-80.36829
 20
31.0
 30
0.0
 11
-86.36829
 21
31.0
 31
0.0
  0
LINE
  5
95B
330
1F
100
AcDbEntity
  8
0
  6
Continuous
 62
     7
370
    25
100
AcDbLine
 10
-54.53496
 20
29.5
 30
0.0
 11
-54.53496
 21
26.5
 31
0.0
  0
LINE
  5
95C
330
1F
100
AcDbEntity
  8
0
  6
Continuous
 62
     7
370
    25
100
AcDbLine
 10
-53.03496
 20
25.0
 30
0.0
 11
-47.03496
 21
25.0
 31
0.0
  0
LINE
  5
95D
330
1F
100
AcDbEntity
  8
0
  6
Continuous
 62
     7
370
    25
100
AcDbLine
 10
-45.53496
 20
26.5
 30
0.0
 11
-45.53496
 21
29.5
 31
0.0
  0
LINE
  5
95E
330
1F
100
AcDbEntity
  8
0
  6
Continuous
 62
     7
370
    25
100
AcDbLine
 10
-47.03496
 20
31.0
 30
0.0
 11
-53.03496
 21
31.0
 31
0.0
  0
LINE
  5
95F
330
1F
100
AcDbEntity
  8
0
  6
Continuous
 62
     7
370
    25
100
AcDbLine
 10
-21.20163
 20
29.5
 30
0.0
 11
-21.20163
 21
26.5
 31
0.0
  0
LINE
  5
960
330
1F
100
AcDbEntity
  8
0
  6
Continuous
 62
     7
370
    25
100
AcDbLine
 10
-19.70163
 20
25.0
 30
0.0
 11
-13.70163
 21
25.0
 31
0.0
  0
LINE
  5
961
330
1F
100
AcDbEntity
  8
0
  6
Continuous
 62
     7
370
    25
100
AcDbLine
 10
-12.20163
 20
26.5
 30
0.0
 11
-12.20163
 21
29.5
 31
0.0
  0
LINE
  5
962
330
1F
100
AcDbEntity
  8
0
  6
Continuous
 62
     7
370
    25
100
AcDbLine
 10
-13.70163
 20
31.0
 30
0.0
 11
-19.70163
 21
31.0
 31
0.0
  0
LINE
  5
963
330
1F
100
AcDbEntity
  8
0
  6
Continuous
 62
     7
370
    25
100
AcDbLine
 10
12.1317
 20
29.5
 30
0.0
 11
12.1317
 21
26.5
 31
0.0
  0
LINE
  5
964
330
1F
100
AcDbEntity
  8
0
  6
Continuous
 62
     7
370
    25
100
AcDbLine
 10
13.6317
 20
25.0
 30
0.0
 11
19.6317
 21
25.0
 31
0.0
  0
LINE
  5
965
330
1F
100
AcDbEntity
  8
0
  6
Continuous
 62
     7
370
    25
100
AcDbLine
 10
21.1317
 20
26.5
 30
0.0
 11
21.1317
 21
29.5
 31
0.0
  0
LINE
  5
966
330
1F
100
AcDbEntity
  8
0
  6
Continuous
 62
     7
370
    25
100
AcDbLine
 10
19.6317
 20
31.0
 30
0.0
 11
13.6317
 21
31.0
 31
0.0
  0
LINE
  5
967
330
1F
100
AcDbEntity
  8
0
  6
Continuous
 62
     7
370
    25
100
AcDbLine
 10
45.46503
 20
29.5
 30
0.0
 11
45.46503
 21
26.5
 31
0.0
  0
LINE
  5
968
330
1F
100
AcDbEntity
  8
0
  6
Continuous
 62
     7
370
    25
100
AcDbLine
 10
46.96503
 20
25.0
 30
0.0
 11
52.96503
 21
25.0
 31
0.0
  0
LINE
  5
969
330
1F
100
AcDbEntity
  8
0
  6
Continuous
 62
     7
370
    25
100
AcDbLine
 10
54.46503
 20
26.5
 30
0.0
 11
54.46503
 21
29.5
 31
0.0
  0
LINE
  5
96A
330
1F
100
AcDbEntity
  8
0
  6
Continuous
 62
     7
370
    25
100
AcDbLine
 10
52.96503
 20
31.0
 30
0.0
 11
46.96503
 21
31.0
 31
0.0
  0
LINE
  5
96B
330
1F
100
AcDbEntity
  8
0
  6
Continuous
 62
     7
370
    25
100
AcDbLine
 10
78.79836
 20
29.5
 30
0.0
 11
78.79836
 21
26.5
 31
0.0
  0
LINE
  5
96C
330
1F
100
AcDbEntity
  8
0
  6
Continuous
 62
     7
370
    25
100
AcDbLine
 10
80.29836
 20
25.0
 30
0.0
 11
86.29836
 21
25.0
 31
0.0
  0
LINE
  5
96D
330
1F
100
AcDbEntity
  8
0
  6
Continuous
 62
     7
370
    25
100
AcDbLine
 10
87.79836
 20
26.5
 30
0.0
 11
87.79836
 21
29.5
 31
0.0
  0
LINE
  5
96E
330
1F
100
AcDbEntity
  8
0
  6
Continuous
 62
     7
370
    25
100
AcDbLine
 10
86.29836
 20
31.0
 30
0.0
 11
80.29836
 21
31.0
 31
0.0
  0
LINE
  5
96F
330
1F
100
AcDbEntity
  8
0
  6
Continuous
 62
     7
370
    25
100
AcDbLine
 10
112.13169
 20
29.5
 30
0.0
 11
112.13169
 21
26.5
 31
0.0
  0
LINE
  5
970
330
1F
100
AcDbEntity
  8
0
  6
Continuous
 62
     7
370
    25
100
AcDbLine
 10
113.63169
 20
25.0
 30
0.0
 11
119.63169
 21
25.0
 31
0.0
  0
LINE
  5
971
330
1F
100
AcDbEntity
  8
0
  6
Continuous
 62
     7
370
    25
100
AcDbLine
 10
121.13169
 20
26.5
 30
0.0
 11
121.13169
 21
29.5
 31
0.0
  0
LINE
  5
972
330
1F
100
AcDbEntity
  8
0
  6
Continuous
 62
     7
370
    25
100
AcDbLine
 10
119.63169
 20
31.0
 30
0.0
 11
113.63169
 21
31.0
 31
0.0
  0
LINE
  5
973
330
1F
100
AcDbEntity
  8
0
  6
Continuous
 62
     7
370
    25
100
AcDbLine
 10
145.46502
 20
29.5
 30
0.0
 11
145.46502
 21
26.5
 31
0.0
  0
LINE
  5
974
330
1F
100
AcDbEntity
  8
0
  6
Continuous
 62
     7
370
    25
100
AcDbLine
 10
146.96502
 20
25.0
 30
0.0
 11
152.96502
 21
25.0
 31
0.0
  0
LINE
  5
975
330
1F
100
AcDbEntity
  8
0
  6
Continuous
 62
     7
370
    25
100
AcDbLine
 10
154.46502
 20
26.5
 30
0.0
 11
154.46502
 21
29.5
 31
0.0
  0
LINE
  5
976
330
1F
100
AcDbEntity
  8
0
  6
Continuous
 62
     7
370
    25
100
AcDbLine
 10
152.96502
 20
31.0
 30
0.0
 11
146.96502
 21
31.0
 31
0.0
  0
LINE
  5
977
330
1F
100
AcDbEntity
  8
0
  6
Continuous
 62
     7
370
    25
100
AcDbLine
 10
178.79835
 20
29.5
 30
0.0
 11
178.79835
 21
26.5
 31
0.0
  0
LINE
  5
978
330
1F
100
AcDbEntity
  8
0
  6
Continuous
 62
     7
370
    25
100
AcDbLine
 10
180.29835
 20
25.0
 30
0.0
 11
186.29835
 21
25.0
 31
0.0
  0
LINE
  5
979
330
1F
100
AcDbEntity
  8
0
  6
Continuous
 62
     7
370
    25
100
AcDbLine
 10
187.79835
 20
26.5
 30
0.0
 11
187.79835
 21
29.5
 31
0.0
  0
LINE
  5
97A
330
1F
100
AcDbEntity
  8
0
  6
Continuous
 62
     7
370
    25
100
AcDbLine
 10
186.29835
 20
31.0
 30
0.0
 11
180.29835
 21
31.0
 31
0.0
  0
LINE
  5
97B
330
1F
100
AcDbEntity
  8
0
  6
Continuous
 62
     7
370
    25
100
AcDbLine
 10
212.13168
 20
29.5
 30
0.0
 11
212.13168
 21
26.5
 31
0.0
  0
LINE
  5
97C
330
1F
100
AcDbEntity
  8
0
  6
Continuous
 62
     7
370
    25
100
AcDbLine
 10
213.63168
 20
25.0
 30
0.0
 11
219.63168
 21
25.0
 31
0.0
  0
LINE
  5
97D
330
1F
100
AcDbEntity
  8
0
  6
Continuous
 62
     7
370
    25
100
AcDbLine
 10
221.13168
 20
26.5
 30
0.0
 11
221.13168
 21
29.5
 31
0.0
  0
LINE
  5
97E
330
1F
100
AcDbEntity
  8
0
  6
Continuous
 62
     7
370
    25
100
AcDbLine
 10
219.63168
 20
31.0
 30
0.0
 11
213.63168
 21
31.0
 31
0.0
  0
LINE
  5
97F
330
1F
100
AcDbEntity
  8
0
  6
Continuous
 62
     7
370
    25
100
AcDbLine
 10
245.46501
 20
29.5
 30
0.0
 11
245.46501
 21
26.5
 31
0.0
  0
LINE
  5
980
330
1F
100
AcDbEntity
  8
0
  6
Continuous
 62
     7
370
    25
100
AcDbLine
 10
246.96501
 20
25.0
 30
0.0
 11
252.96501
 21
25.0
 31
0.0
  0
LINE
  5
981
330
1F
100
AcDbEntity
  8
0
  6
Continuous
 62
     7
370
    25
100
AcDbLine
 10
254.46501
 20
26.5
 30
0.0
 11
254.46501
 21
29.5
 31
0.0
  0
LINE
  5
982
330
1F
100
AcDbEntity
  8
0
  6
Continuous
 62
     7
370
    25
100
AcDbLine
 10
252.96501
 20
31.0
 30
0.0
 11
246.96501
 21
31.0
 31
0.0
  0
LINE
  5
983
330
1F
100
AcDbEntity
  8
0
  6
Continuous
 62
     7
370
    25
100
AcDbLine
 10
278.79834
 20
29.5
 30
0.0
 11
278.79834
 21
26.5
 31
0.0
  0
LINE
  5
984
330
1F
100
AcDbEntity
  8
0
  6
Continuous
 62
     7
370
    25
100
AcDbLine
 10
280.29834
 20
25.0
 30
0.0
 11
286.29834
 21
25.0
 31
0.0
  0
LINE
  5
985
330
1F
100
AcDbEntity
  8
0
  6
Continuous
 62
     7
370
    25
100
AcDbLine
 10
287.79834
 20
26.5
 30
0.0
 11
287.79834
 21
29.5
 31
0.0
  0
LINE
  5
986
330
1F
100
AcDbEntity
  8
0
  6
Continuous
 62
     7
370
    25
100
AcDbLine
 10
286.29834
 20
31.0
 30
0.0
 11
280.29834
 21
31.0
 31
0.0
  0
LINE
  5
987
330
1F
100
AcDbEntity
  8
0
  6
Continuous
 62
     7
370
    25
100
AcDbLine
 10
312.13167
 20
29.5
 30
0.0
 11
312.13167
 21
26.5
 31
0.0
  0
LINE
  5
988
330
1F
100
AcDbEntity
  8
0
  6
Continuous
 62
     7
370
    25
100
AcDbLine
 10
313.63167
 20
25.0
 30
0.0
 11
319.63167
 21
25.0
 31
0.0
  0
LINE
  5
989
330
1F
100
AcDbEntity
  8
0
  6
Continuous
 62
     7
370
    25
100
AcDbLine
 10
321.13167
 20
26.5
 30
0.0
 11
321.13167
 21
29.5
 31
0.0
  0
LINE
  5
98A
330
1F
100
AcDbEntity
  8
0
  6
Continuous
 62
     7
370
    25
100
AcDbLine
 10
319.63167
 20
31.0
 30
0.0
 11
313.63167
 21
31.0
 31
0.0
  0
LINE
  5
98B
330
1F
100
AcDbEntity
  8
0
  6
Continuous
 62
     7
370
    25
100
AcDbLine
 10
345.465
 20
29.5
 30
0.0
 11
345.465
 21
26.5
 31
0.0
  0
LINE
  5
98C
330
1F
100
AcDbEntity
  8
0
  6
Continuous
 62
     7
370
    25
100
AcDbLine
 10
346.965
 20
25.0
 30
0.0
 11
352.965
 21
25.0
 31
0.0
  0
LINE
  5
98D
330
1F
100
AcDbEntity
  8
0
  6
Continuous
 62
     7
370
    25
100
AcDbLine
 10
354.465
 20
26.5
 30
0.0
 11
354.465
 21
29.5
 31
0.0
  0
LINE
  5
98E
330
1F
100
AcDbEntity
  8
0
  6
Continuous
 62
     7
370
    25
100
AcDbLine
 10
352.965
 20
31.0
 30
0.0
 11
346.965
 21
31.0
 31
0.0
  0
LINE
  5
98F
330
1F
100
AcDbEntity
  8
0
  6
Continuous
 62
     7
370
    25
100
AcDbLine
 10
-354.53493
 20
-36.5
 30
0.0
 11
-354.53493
 21
-39.5
 31
0.0
  0
LINE
  5
990
330
1F
100
AcDbEntity
  8
0
  6
Continuous
 62
     7
370
    25
100
AcDbLine
 10
-353.03493
 20
-41.0
 30
0.0
 11
-347.03493
 21
-41.0
 31
0.0
  0
LINE
  5
991
330
1F
100
AcDbEntity
  8
0
  6
Continuous
 62
     7
370
    25
100
AcDbLine
 10
-345.53493
 20
-39.5
 30
0.0
 11
-345.53493
 21
-36.5
 31
0.0
  0
LINE
  5
992
330
1F
100
AcDbEntity
  8
0
  6
Continuous
 62
     7
370
    25
100
AcDbLine
 10
-347.03493
 20
-35.0
 30
0.0
 11
-353.03493
 21
-35.0
 31
0.0
  0
LINE
  5
993
330
1F
100
AcDbEntity
  8
0
  6
Continuous
 62
     7
370
    25
100
AcDbLine
 10
-321.2016
 20
-36.5
 30
0.0
 11
-321.2016
 21
-39.5
 31
0.0
  0
LINE
  5
994
330
1F
100
AcDbEntity
  8
0
  6
Continuous
 62
     7
370
    25
100
AcDbLine
 10
-319.7016
 20
-41.0
 30
0.0
 11
-313.7016
 21
-41.0
 31
0.0
  0
LINE
  5
995
330
1F
100
AcDbEntity
  8
0
  6
Continuous
 62
     7
370
    25
100
AcDbLine
 10
-312.2016
 20
-39.5
 30
0.0
 11
-312.2016
 21
-36.5
 31
0.0
  0
LINE
  5
996
330
1F
100
AcDbEntity
  8
0
  6
Continuous
 62
     7
370
    25
100
AcDbLine
 10
-313.7016
 20
-35.0
 30
0.0
 11
-319.7016
 21
-35.0
 31
0.0
  0
LINE
  5
997
330
1F
100
AcDbEntity
  8
0
  6
Continuous
 62
     7
370
    25
100
AcDbLine
 10
-287.86827
 20
-36.5
 30
0.0
 11
-287.86827
 21
-39.5
 31
0.0
  0
LINE
  5
998
330
1F
100
AcDbEntity
  8
0
  6
Continuous
 62
     7
370
    25
100
AcDbLine
 10
-286.36827
 20
-41.0
 30
0.0
 11
-280.36827
 21
-41.0
 31
0.0
  0
LINE
  5
999
330
1F
100
AcDbEntity
  8
0
  6
Continuous
 62
     7
370
    25
100
AcDbLine
 10
-278.86827
 20
-39.5
 30
0.0
 11
-278.86827
 21
-36.5
 31
0.0
  0
LINE
  5
99A
330
1F
100
AcDbEntity
  8
0
  6
Continuous
 62
     7
370
    25
100
AcDbLine
 10
-280.36827
 20
-35.0
 30
0.0
 11
-286.36827
 21
-35.0
 31
0.0
  0
LINE
  5
99B
330
1F
100
AcDbEntity
  8
0
  6
Continuous
 62
     7
370
    25
100
AcDbLine
 10
-254.53494
 20
-36.5
 30
0.0
 11
-254.53494
 21
-39.5
 31
0.0
  0
LINE
  5
99C
330
1F
100
AcDbEntity
  8
0
  6
Continuous
 62
     7
370
    25
100
AcDbLine
 10
-253.03494
 20
-41.0
 30
0.0
 11
-247.03494
 21
-41.0
 31
0.0
  0
LINE
  5
99D
330
1F
100
AcDbEntity
  8
0
  6
Continuous
 62
     7
370
    25
100
AcDbLine
 10
-245.53494
 20
-39.5
 30
0.0
 11
-245.53494
 21
-36.5
 31
0.0
  0
LINE
  5
99E
330
1F
100
AcDbEntity
  8
0
  6
Continuous
 62
     7
370
    25
100
AcDbLine
 10
-247.03494
 20
-35.0
 30
0.0
 11
-253.03494
 21
-35.0
 31
0.0
  0
LINE
  5
99F
330
1F
100
AcDbEntity
  8
0
  6
Continuous
 62
     7
370
    25
100
AcDbLine
 10
-221.20161
 20
-36.5
 30
0.0
 11
-221.20161
 21
-39.5
 31
0.0
  0
LINE
  5
9A0
330
1F
100
AcDbEntity
  8
0
  6
Continuous
 62
     7
370
    25
100
AcDbLine
 10
-219.70161
 20
-41.0
 30
0.0
 11
-213.70161
 21
-41.0
 31
0.0
  0
LINE
  5
9A1
330
1F
100
AcDbEntity
  8
0
  6
Continuous
 62
     7
370
    25
100
AcDbLine
 10
-212.20161
 20
-39.5
 30
0.0
 11
-212.20161
 21
-36.5
 31
0.0
  0
LINE
  5
9A2
330
1F
100
AcDbEntity
  8
0
  6
Continuous
 62
     7
370
    25
100
AcDbLine
 10
-213.70161
 20
-35.0
 30
0.0
 11
-219.70161
 21
-35.0
 31
0.0
  0
LINE
  5
9A3
330
1F
100
AcDbEntity
  8
0
  6
Continuous
 62
     7
370
    25
100
AcDbLine
 10
-187.86828
 20
-36.5
 30
0.0
 11
-187.86828
 21
-39.5
 31
0.0
  0
LINE
  5
9A4
330
1F
100
AcDbEntity
  8
0
  6
Continuous
 62
     7
370
    25
100
AcDbLine
 10
-186.36828
 20
-41.0
 30
0.0
 11
-180.36828
 21
-41.0
 31
0.0
  0
LINE
  5
9A5
330
1F
100
AcDbEntity
  8
0
  6
Continuous
 62
     7
370
    25
100
AcDbLine
 10
-178.86828
 20
-39.5
 30
0.0
 11
-178.86828
 21
-36.5
 31
0.0
  0
LINE
  5
9A6
330
1F
100
AcDbEntity
  8
0
  6
Continuous
 62
     7
370
    25
100
AcDbLine
 10
-180.36828
 20
-35.0
 30
0.0
 11
-186.36828
 21
-35.0
 31
0.0
  0
LINE
  5
9A7
330
1F
100
AcDbEntity
  8
0
  6
Continuous
 62
     7
370
    25
100
AcDbLine
 10
-154.53495
 20
-36.5
 30
0.0
 11
-154.53495
 21
-39.5
 31
0.0
  0
LINE
  5
9A8
330
1F
100
AcDbEntity
  8
0
  6
Continuous
 62
     7
370
    25
100
AcDbLine
 10
-153.03495
 20
-41.0
 30
0.0
 11
-147.03495
 21
-41.0
 31
0.0
  0
LINE
  5
9A9
330
1F
100
AcDbEntity
  8
0
  6
Continuous
 62
     7
370
    25
100
AcDbLine
 10
-145.53495
 20
-39.5
 30
0.0
 11
-145.53495
 21
-36.5
 31
0.0
  0
LINE
  5
9AA
330
1F
100
AcDbEntity
  8
0
  6
Continuous
 62
     7
370
    25
100
AcDbLine
 10
-147.03495
 20
-35.0
 30
0.0
 11
-153.03495
 21
-35.0
 31
0.0
  0
LINE
  5
9AB
330
1F
100
AcDbEntity
  8
0
  6
Continuous
 62
     7
370
    25
100
AcDbLine
 10
-121.20162
 20
-36.5
 30
0.0
 11
-121.20162
 21
-39.5
 31
0.0
  0
LINE
  5
9AC
330
1F
100
AcDbEntity
  8
0
  6
Continuous
 62
     7
370
    25
100
AcDbLine
 10
-119.70162
 20
-41.0
 30
0.0
 11
-113.70162
 21
-41.0
 31
0.0
  0
LINE
  5
9AD
330
1F
100
AcDbEntity
  8
0
  6
Continuous
 62
     7
370
    25
100
AcDbLine
 10
-112.20162
 20
-39.5
 30
0.0
 11
-112.20162
 21
-36.5
 31
0.0
  0
LINE
  5
9AE
330
1F
100
AcDbEntity
  8
0
  6
Continuous
 62
     7
370
    25
100
AcDbLine
 10
-113.70162
 20
-35.0
 30
0.0
 11
-119.70162
 21
-35.0
 31
0.0
  0
LINE
  5
9AF
330
1F
100
AcDbEntity
  8
0
  6
Continuous
 62
     7
370
    25
100
AcDbLine
 10
-87.86829
 20
-36.5
 30
0.0
 11
-87.86829
 21
-39.5
 31
0.0
  0
LINE
  5
9B0
330
1F
100
AcDbEntity
  8
0
  6
Continuous
 62
     7
370
    25
100
AcDbLine
 10
-86.36829
 20
-41.0
 30
0.0
 11
-80.36829
 21
-41.0
 31
0.0
  0
LINE
  5
9B1
330
1F
100
AcDbEntity
  8
0
  6
Continuous
 62
     7
370
    25
100
AcDbLine
 10
-78.86829
 20
-39.5
 30
0.0
 11
-78.86829
 21
-36.5
 31
0.0
  0
LINE
  5
9B2
330
1F
100
AcDbEntity
  8
0
  6
Continuous
 62
     7
370
    25
100
AcDbLine
 10
-80.36829
 20
-35.0
 30
0.0
 11
-86.36829
 21
-35.0
 31
0.0
  0
LINE
  5
9B3
330
1F
100
AcDbEntity
  8
0
  6
Continuous
 62
     7
370
    25
100
AcDbLine
 10
-54.53496
 20
-36.5
 30
0.0
 11
-54.53496
 21
-39.5
 31
0.0
  0
LINE
  5
9B4
330
1F
100
AcDbEntity
  8
0
  6
Continuous
 62
     7
370
    25
100
AcDbLine
 10
-53.03496
 20
-41.0
 30
0.0
 11
-47.03496
 21
-41.0
 31
0.0
  0
LINE
  5
9B5
330
1F
100
AcDbEntity
  8
0
  6
Continuous
 62
     7
370
    25
100
AcDbLine
 10
-45.53496
 20
-39.5
 30
0.0
 11
-45.53496
 21
-36.5
 31
0.0
  0
LINE
  5
9B6
330
1F
100
AcDbEntity
  8
0
  6
Continuous
 62
     7
370
    25
100
AcDbLine
 10
-47.03496
 20
-35.0
 30
0.0
 11
-53.03496
 21
-35.0
 31
0.0
  0
LINE
  5
9B7
330
1F
100
AcDbEntity
  8
0
  6
Continuous
 62
     7
370
    25
100
AcDbLine
 10
-21.20163
 20
-36.5
 30
0.0
 11
-21.20163
 21
-39.5
 31
0.0
  0
LINE
  5
9B8
330
1F
100
AcDbEntity
  8
0
  6
Continuous
 62
     7
370
    25
100
AcDbLine
 10
-19.70163
 20
-41.0
 30
0.0
 11
-13.70163
 21
-41.0
 31
0.0
  0
LINE
  5
9B9
330
1F
100
AcDbEntity
  8
0
  6
Continuous
 62
     7
370
    25
100
AcDbLine
 10
-12.20163
 20
-39.5
 30
0.0
 11
-12.20163
 21
-36.5
 31
0.0
  0
LINE
  5
9BA
330
1F
100
AcDbEntity
  8
0
  6
Continuous
 62
     7
370
    25
100
AcDbLine
 10
-13.70163
 20
-35.0
 30
0.0
 11
-19.70163
 21
-35.0
 31
0.0
  0
LINE
  5
9BB
330
1F
100
AcDbEntity
  8
0
  6
Continuous
 62
     7
370
    25
100
AcDbLine
 10
12.1317
 20
-36.5
 30
0.0
 11
12.1317
 21
-39.5
 31
0.0
  0
LINE
  5
9BC
330
1F
100
AcDbEntity
  8
0
  6
Continuous
 62
     7
370
    25
100
AcDbLine
 10
13.6317
 20
-41.0
 30
0.0
 11
19.6317
 21
-41.0
 31
0.0
  0
LINE
  5
9BD
330
1F
100
AcDbEntity
  8
0
  6
Continuous
 62
     7
370
    25
100
AcDbLine
 10
21.1317
 20
-39.5
 30
0.0
 11
21.1317
 21
-36.5
 31
0.0
  0
LINE
  5
9BE
330
1F
100
AcDbEntity
  8
0
  6
Continuous
 62
     7
370
    25
100
AcDbLine
 10
19.6317
 20
-35.0
 30
0.0
 11
13.6317
 21
-35.0
 31
0.0
  0
LINE
  5
9BF
330
1F
100
AcDbEntity
  8
0
  6
Continuous
 62
     7
370
    25
100
AcDbLine
 10
45.46503
 20
-36.5
 30
0.0
 11
45.46503
 21
-39.5
 31
0.0
  0
LINE
  5
9C0
330
1F
100
AcDbEntity
  8
0
  6
Continuous
 62
     7
370
    25
100
AcDbLine
 10
46.96503
 20
-41.0
 30
0.0
 11
52.96503
 21
-41.0
 31
0.0
  0
LINE
  5
9C1
330
1F
100
AcDbEntity
  8
0
  6
Continuous
 62
     7
370
    25
100
AcDbLine
 10
54.46503
 20
-39.5
 30
0.0
 11
54.46503
 21
-36.5
 31
0.0
  0
LINE
  5
9C2
330
1F
100
AcDbEntity
  8
0
  6
Continuous
 62
     7
370
    25
100
AcDbLine
 10
52.96503
 20
-35.0
 30
0.0
 11
46.96503
 21
-35.0
 31
0.0
  0
LINE
  5
9C3
330
1F
100
AcDbEntity
  8
0
  6
Continuous
 62
     7
370
    25
100
AcDbLine
 10
78.79836
 20
-36.5
 30
0.0
 11
78.79836
 21
-39.5
 31
0.0
  0
LINE
  5
9C4
330
1F
100
AcDbEntity
  8
0
  6
Continuous
 62
     7
370
    25
100
AcDbLine
 10
80.29836
 20
-41.0
 30
0.0
 11
86.29836
 21
-41.0
 31
0.0
  0
LINE
  5
9C5
330
1F
100
AcDbEntity
  8
0
  6
Continuous
 62
     7
370
    25
100
AcDbLine
 10
87.79836
 20
-39.5
 30
0.0
 11
87.79836
 21
-36.5
 31
0.0
  0
LINE
  5
9C6
330
1F
100
AcDbEntity
  8
0
  6
Continuous
 62
     7
370
    25
100
AcDbLine
 10
86.29836
 20
-35.0
 30
0.0
 11
80.29836
 21
-35.0
 31
0.0
  0
LINE
  5
9C7
330
1F
100
AcDbEntity
  8
0
  6
Continuous
 62
     7
370
    25
100
AcDbLine
 10
112.13169
 20
-36.5
 30
0.0
 11
112.13169
 21
-39.5
 31
0.0
  0
LINE
  5
9C8
330
1F
100
AcDbEntity
  8
0
  6
Continuous
 62
     7
370
    25
100
AcDbLine
 10
113.63169
 20
-41.0
 30
0.0
 11
119.63169
 21
-41.0
 31
0.0
  0
LINE
  5
9C9
330
1F
100
AcDbEntity
  8
0
  6
Continuous
 62
     7
370
    25
100
AcDbLine
 10
121.13169
 20
-39.5
 30
0.0
 11
121.13169
 21
-36.5
 31
0.0
  0
LINE
  5
9CA
330
1F
100
AcDbEntity
  8
0
  6
Continuous
 62
     7
370
    25
100
AcDbLine
 10
119.63169
 20
-35.0
 30
0.0
 11
113.63169
 21
-35.0
 31
0.0
  0
LINE
  5
9CB
330
1F
100
AcDbEntity
  8
0
  6
Continuous
 62
     7
370
    25
100
AcDbLine
 10
145.46502
 20
-36.5
 30
0.0
 11
145.46502
 21
-39.5
 31
0.0
  0
LINE
  5
9CC
330
1F
100
AcDbEntity
  8
0
  6
Continuous
 62
     7
370
    25
100
AcDbLine
 10
146.96502
 20
-41.0
 30
0.0
 11
152.96502
 21
-41.0
 31
0.0
  0
LINE
  5
9CD
330
1F
100
AcDbEntity
  8
0
  6
Continuous
 62
     7
370
    25
100
AcDbLine
 10
154.46502
 20
-39.5
 30
0.0
 11
154.46502
 21
-36.5
 31
0.0
  0
LINE
  5
9CE
330
1F
100
AcDbEntity
  8
0
  6
Continuous
 62
     7
370
    25
100
AcDbLine
 10
152.96502
 20
-35.0
 30
0.0
 11
146.96502
 21
-35.0
 31
0.0
  0
LINE
  5
9CF
330
1F
100
AcDbEntity
  8
0
  6
Continuous
 62
     7
370
    25
100
AcDbLine
 10
178.79835
 20
-36.5
 30
0.0
 11
178.79835
 21
-39.5
 31
0.0
  0
LINE
  5
9D0
330
1F
100
AcDbEntity
  8
0
  6
Continuous
 62
     7
370
    25
100
AcDbLine
 10
180.29835
 20
-41.0
 30
0.0
 11
186.29835
 21
-41.0
 31
0.0
  0
LINE
  5
9D1
330
1F
100
AcDbEntity
  8
0
  6
Continuous
 62
     7
370
    25
100
AcDbLine
 10
187.79835
 20
-39.5
 30
0.0
 11
187.79835
 21
-36.5
 31
0.0
  0
LINE
  5
9D2
330
1F
100
AcDbEntity
  8
0
  6
Continuous
 62
     7
370
    25
100
AcDbLine
 10
186.29835
 20
-35.0
 30
0.0
 11
180.29835
 21
-35.0
 31
0.0
  0
LINE
  5
9D3
330
1F
100
AcDbEntity
  8
0
  6
Continuous
 62
     7
370
    25
100
AcDbLine
 10
212.13168
 20
-36.5
 30
0.0
 11
212.13168
 21
-39.5
 31
0.0
  0
LINE
  5
9D4
330
1F
100
AcDbEntity
  8
0
  6
Continuous
 62
     7
370
    25
100
AcDbLine
 10
213.63168
 20
-41.0
 30
0.0
 11
219.63168
 21
-41.0
 31
0.0
  0
LINE
  5
9D5
330
1F
100
AcDbEntity
  8
0
  6
Continuous
 62
     7
370
    25
100
AcDbLine
 10
221.13168
 20
-39.5
 30
0.0
 11
221.13168
 21
-36.5
 31
0.0
  0
LINE
  5
9D6
330
1F
100
AcDbEntity
  8
0
  6
Continuous
 62
     7
370
    25
100
AcDbLine
 10
219.63168
 20
-35.0
 30
0.0
 11
213.63168
 21
-35.0
 31
0.0
  0
LINE
  5
9D7
330
1F
100
AcDbEntity
  8
0
  6
Continuous
 62
     7
370
    25
100
AcDbLine
 10
245.46501
 20
-36.5
 30
0.0
 11
245.46501
 21
-39.5
 31
0.0
  0
LINE
  5
9D8
330
1F
100
AcDbEntity
  8
0
  6
Continuous
 62
     7
370
    25
100
AcDbLine
 10
246.96501
 20
-41.0
 30
0.0
 11
252.96501
 21
-41.0
 31
0.0
  0
LINE
  5
9D9
330
1F
100
AcDbEntity
  8
0
  6
Continuous
 62
     7
370
    25
100
AcDbLine
 10
254.46501
 20
-39.5
 30
0.0
 11
254.46501
 21
-36.5
 31
0.0
  0
LINE
  5
9DA
330
1F
100
AcDbEntity
  8
0
  6
Continuous
 62
     7
370
    25
100
AcDbLine
 10
252.96501
 20
-35.0
 30
0.0
 11
246.96501
 21
-35.0
 31
0.0
  0
LINE
  5
9DB
330
1F
100
AcDbEntity
  8
0
  6
Continuous
 62
     7
370
    25
100
AcDbLine
 10
278.79834
 20
-36.5
 30
0.0
 11
278.79834
 21
-39.5
 31
0.0
  0
LINE
  5
9DC
330
1F
100
AcDbEntity
  8
0
  6
Continuous
 62
     7
370
    25
100
AcDbLine
 10
280.29834
 20
-41.0
 30
0.0
 11
286.29834
 21
-41.0
 31
0.0
  0
LINE
  5
9DD
330
1F
100
AcDbEntity
  8
0
  6
Continuous
 62
     7
370
    25
100
AcDbLine
 10
287.79834
 20
-39.5
 30
0.0
 11
287.79834
 21
-36.5
 31
0.0
  0
LINE
  5
9DE
330
1F
100
AcDbEntity
  8
0
  6
Continuous
 62
     7
370
    25
100
AcDbLine
 10
286.29834
 20
-35.0
 30
0.0
 11
280.29834
 21
-35.0
 31
0.0
  0
LINE
  5
9DF
330
1F
100
AcDbEntity
  8
0
  6
Continuous
 62
     7
370
    25
100
AcDbLine
 10
312.13167
 20
-36.5
 30
0.0
 11
312.13167
 21
-39.5
 31
0.0
  0
LINE
  5
9E0
330
1F
100
AcDbEntity
  8
0
  6
Continuous
 62
     7
370
    25
100
AcDbLine
 10
313.63167
 20
-41.0
 30
0.0
 11
319.63167
 21
-41.0
 31
0.0
  0
LINE
  5
9E1
330
1F
100
AcDbEntity
  8
0
  6
Continuous
 62
     7
370
    25
100
AcDbLine
 10
321.13167
 20
-39.5
 30
0.0
 11
321.13167
 21
-36.5
 31
0.0
  0
LINE
  5
9E2
330
1F
100
AcDbEntity
  8
0
  6
Continuous
 62
     7
370
    25
100
AcDbLine
 10
319.63167
 20
-35.0
 30
0.0
 11
313.63167
 21
-35.0
 31
0.0
  0
LINE
  5
9E3
330
1F
100
AcDbEntity
  8
0
  6
Continuous
 62
     7
370
    25
100
AcDbLine
 10
345.465
 20
-36.5
 30
0.0
 11
345.465
 21
-39.5
 31
0.0
  0
LINE
  5
9E4
330
1F
100
AcDbEntity
  8
0
  6
Continuous
 62
     7
370
    25
100
AcDbLine
 10
346.965
 20
-41.0
 30
0.0
 11
352.965
 21
-41.0
 31
0.0
  0
LINE
  5
9E5
330
1F
100
AcDbEntity
  8
0
  6
Continuous
 62
     7
370
    25
100
AcDbLine
 10
354.465
 20
-39.5
 30
0.0
 11
354.465
 21
-36.5
 31
0.0
  0
LINE
  5
9E6
330
1F
100
AcDbEntity
  8
0
  6
Continuous
 62
     7
370
    25
100
AcDbLine
 10
352.965
 20
-35.0
 30
0.0
 11
346.965
 21
-35.0
 31
0.0
  0
LINE
  5
9E7
330
1F
100
AcDbEntity
  8
0
  6
Continuous
 62
     7
370
    25
100
AcDbLine
 10
-354.53493
 20
-102.5
 30
0.0
 11
-354.53493
 21
-105.5
 31
0.0
  0
LINE
  5
9E8
330
1F
100
AcDbEntity
  8
0
  6
Continuous
 62
     7
370
    25
100
AcDbLine
 10
-353.03493
 20
-107.0
 30
0.0
 11
-347.03493
 21
-107.0
 31
0.0
  0
LINE
  5
9E9
330
1F
100
AcDbEntity
  8
0
  6
Continuous
 62
     7
370
    25
100
AcDbLine
 10
-345.53493
 20
-105.5
 30
0.0
 11
-345.53493
 21
-102.5
 31
0.0
  0
LINE
  5
9EA
330
1F
100
AcDbEntity
  8
0
  6
Continuous
 62
     7
370
    25
100
AcDbLine
 10
-347.03493
 20
-101.0
 30
0.0
 11
-353.03493
 21
-101.0
 31
0.0
  0
LINE
  5
9EB
330
1F
100
AcDbEntity
  8
0
  6
Continuous
 62
     7
370
    25
100
AcDbLine
 10
-321.2016
 20
-102.5
 30
0.0
 11
-321.2016
 21
-105.5
 31
0.0
  0
LINE
  5
9EC
330
1F
100
AcDbEntity
  8
0
  6
Continuous
 62
     7
370
    25
100
AcDbLine
 10
-319.7016
 20
-107.0
 30
0.0
 11
-313.7016
 21
-107.0
 31
0.0
  0
LINE
  5
9ED
330
1F
100
AcDbEntity
  8
0
  6
Continuous
 62
     7
370
    25
100
AcDbLine
 10
-312.2016
 20
-105.5
 30
0.0
 11
-312.2016
 21
-102.5
 31
0.0
  0
LINE
  5
9EE
330
1F
100
AcDbEntity
  8
0
  6
Continuous
 62
     7
370
    25
100
AcDbLine
 10
-313.7016
 20
-101.0
 30
0.0
 11
-319.7016
 21
-101.0
 31
0.0
  0
LINE
  5
9EF
330
1F
100
AcDbEntity
  8
0
  6
Continuous
 62
     7
370
    25
100
AcDbLine
 10
-287.86827
 20
-102.5
 30
0.0
 11
-287.86827
 21
-105.5
 31
0.0
  0
LINE
  5
9F0
330
1F
100
AcDbEntity
  8
0
  6
Continuous
 62
     7
370
    25
100
AcDbLine
 10
-286.36827
 20
-107.0
 30
0.0
 11
-280.36827
 21
-107.0
 31
0.0
  0
LINE
  5
9F1
330
1F
100
AcDbEntity
  8
0
  6
Continuous
 62
     7
370
    25
100
AcDbLine
 10
-278.86827
 20
-105.5
 30
0.0
 11
-278.86827
 21
-102.5
 31
0.0
  0
LINE
  5
9F2
330
1F
100
AcDbEntity
  8
0
  6
Continuous
 62
     7
370
    25
100
AcDbLine
 10
-280.36827
 20
-101.0
 30
0.0
 11
-286.36827
 21
-101.0
 31
0.0
  0
LINE
  5
9F3
330
1F
100
AcDbEntity
  8
0
  6
Continuous
 62
     7
370
    25
100
AcDbLine
 10
-254.53494
 20
-102.5
 30
0.0
 11
-254.53494
 21
-105.5
 31
0.0
  0
LINE
  5
9F4
330
1F
100
AcDbEntity
  8
0
  6
Continuous
 62
     7
370
    25
100
AcDbLine
 10
-253.03494
 20
-107.0
 30
0.0
 11
-247.03494
 21
-107.0
 31
0.0
  0
LINE
  5
9F5
330
1F
100
AcDbEntity
  8
0
  6
Continuous
 62
     7
370
    25
100
AcDbLine
 10
-245.53494
 20
-105.5
 30
0.0
 11
-245.53494
 21
-102.5
 31
0.0
  0
LINE
  5
9F6
330
1F
100
AcDbEntity
  8
0
  6
Continuous
 62
     7
370
    25
100
AcDbLine
 10
-247.03494
 20
-101.0
 30
0.0
 11
-253.03494
 21
-101.0
 31
0.0
  0
LINE
  5
9F7
330
1F
100
AcDbEntity
  8
0
  6
Continuous
 62
     7
370
    25
100
AcDbLine
 10
-221.20161
 20
-102.5
 30
0.0
 11
-221.20161
 21
-105.5
 31
0.0
  0
LINE
  5
9F8
330
1F
100
AcDbEntity
  8
0
  6
Continuous
 62
     7
370
    25
100
AcDbLine
 10
-219.70161
 20
-107.0
 30
0.0
 11
-213.70161
 21
-107.0
 31
0.0
  0
LINE
  5
9F9
330
1F
100
AcDbEntity
  8
0
  6
Continuous
 62
     7
370
    25
100
AcDbLine
 10
-212.20161
 20
-105.5
 30
0.0
 11
-212.20161
 21
-102.5
 31
0.0
  0
LINE
  5
9FA
330
1F
100
AcDbEntity
  8
0
  6
Continuous
 62
     7
370
    25
100
AcDbLine
 10
-213.70161
 20
-101.0
 30
0.0
 11
-219.70161
 21
-101.0
 31
0.0
  0
LINE
  5
9FB
330
1F
100
AcDbEntity
  8
0
  6
Continuous
 62
     7
370
    25
100
AcDbLine
 10
-187.86828
 20
-102.5
 30
0.0
 11
-187.86828
 21
-105.5
 31
0.0
  0
LINE
  5
9FC
330
1F
100
AcDbEntity
  8
0
  6
Continuous
 62
     7
370
    25
100
AcDbLine
 10
-186.36828
 20
-107.0
 30
0.0
 11
-180.36828
 21
-107.0
 31
0.0
  0
LINE
  5
9FD
330
1F
100
AcDbEntity
  8
0
  6
Continuous
 62
     7
370
    25
100
AcDbLine
 10
-178.86828
 20
-105.5
 30
0.0
 11
-178.86828
 21
-102.5
 31
0.0
  0
LINE
  5
9FE
330
1F
100
AcDbEntity
  8
0
  6
Continuous
 62
     7
370
    25
100
AcDbLine
 10
-180.36828
 20
-101.0
 30
0.0
 11
-186.36828
 21
-101.0
 31
0.0
  0
LINE
  5
9FF
330
1F
100
AcDbEntity
  8
0
  6
Continuous
 62
     7
370
    25
100
AcDbLine
 10
-154.53495
 20
-102.5
 30
0.0
 11
-154.53495
 21
-105.5
 31
0.0
  0
LINE
  5
A00
330
1F
100
AcDbEntity
  8
0
  6
Continuous
 62
     7
370
    25
100
AcDbLine
 10
-153.03495
 20
-107.0
 30
0.0
 11
-147.03495
 21
-107.0
 31
0.0
  0
LINE
  5
A01
330
1F
100
AcDbEntity
  8
0
  6
Continuous
 62
     7
370
    25
100
AcDbLine
 10
-145.53495
 20
-105.5
 30
0.0
 11
-145.53495
 21
-102.5
 31
0.0
  0
LINE
  5
A02
330
1F
100
AcDbEntity
  8
0
  6
Continuous
 62
     7
370
    25
100
AcDbLine
 10
-147.03495
 20
-101.0
 30
0.0
 11
-153.03495
 21
-101.0
 31
0.0
  0
LINE
  5
A03
330
1F
100
AcDbEntity
  8
0
  6
Continuous
 62
     7
370
    25
100
AcDbLine
 10
-121.20162
 20
-102.5
 30
0.0
 11
-121.20162
 21
-105.5
 31
0.0
  0
LINE
  5
A04
330
1F
100
AcDbEntity
  8
0
  6
Continuous
 62
     7
370
    25
100
AcDbLine
 10
-119.70162
 20
-107.0
 30
0.0
 11
-113.70162
 21
-107.0
 31
0.0
  0
LINE
  5
A05
330
1F
100
AcDbEntity
  8
0
  6
Continuous
 62
     7
370
    25
100
AcDbLine
 10
-112.20162
 20
-105.5
 30
0.0
 11
-112.20162
 21
-102.5
 31
0.0
  0
LINE
  5
A06
330
1F
100
AcDbEntity
  8
0
  6
Continuous
 62
     7
370
    25
100
AcDbLine
 10
-113.70162
 20
-101.0
 30
0.0
 11
-119.70162
 21
-101.0
 31
0.0
  0
LINE
  5
A07
330
1F
100
AcDbEntity
  8
0
  6
Continuous
 62
     7
370
    25
100
AcDbLine
 10
-87.86829
 20
-102.5
 30
0.0
 11
-87.86829
 21
-105.5
 31
0.0
  0
LINE
  5
A08
330
1F
100
AcDbEntity
  8
0
  6
Continuous
 62
     7
370
    25
100
AcDbLine
 10
-86.36829
 20
-107.0
 30
0.0
 11
-80.36829
 21
-107.0
 31
0.0
  0
LINE
  5
A09
330
1F
100
AcDbEntity
  8
0
  6
Continuous
 62
     7
370
    25
100
AcDbLine
 10
-78.86829
 20
-105.5
 30
0.0
 11
-78.86829
 21
-102.5
 31
0.0
  0
LINE
  5
A0A
330
1F
100
AcDbEntity
  8
0
  6
Continuous
 62
     7
370
    25
100
AcDbLine
 10
-80.36829
 20
-101.0
 30
0.0
 11
-86.36829
 21
-101.0
 31
0.0
  0
LINE
  5
A0B
330
1F
100
AcDbEntity
  8
0
  6
Continuous
 62
     7
370
    25
100
AcDbLine
 10
-54.53496
 20
-102.5
 30
0.0
 11
-54.53496
 21
-105.5
 31
0.0
  0
LINE
  5
A0C
330
1F
100
AcDbEntity
  8
0
  6
Continuous
 62
     7
370
    25
100
AcDbLine
 10
-53.03496
 20
-107.0
 30
0.0
 11
-47.03496
 21
-107.0
 31
0.0
  0
LINE
  5
A0D
330
1F
100
AcDbEntity
  8
0
  6
Continuous
 62
     7
370
    25
100
AcDbLine
 10
-45.53496
 20
-105.5
 30
0.0
 11
-45.53496
 21
-102.5
 31
0.0
  0
LINE
  5
A0E
330
1F
100
AcDbEntity
  8
0
  6
Continuous
 62
     7
370
    25
100
AcDbLine
 10
-47.03496
 20
-101.0
 30
0.0
 11
-53.03496
 21
-101.0
 31
0.0
  0
LINE
  5
A0F
330
1F
100
AcDbEntity
  8
0
  6
Continuous
 62
     7
370
    25
100
AcDbLine
 10
-21.20163
 20
-102.5
 30
0.0
 11
-21.20163
 21
-105.5
 31
0.0
  0
LINE
  5
A10
330
1F
100
AcDbEntity
  8
0
  6
Continuous
 62
     7
370
    25
100
AcDbLine
 10
-19.70163
 20
-107.0
 30
0.0
 11
-13.70163
 21
-107.0
 31
0.0
  0
LINE
  5
A11
330
1F
100
AcDbEntity
  8
0
  6
Continuous
 62
     7
370
    25
100
AcDbLine
 10
-12.20163
 20
-105.5
 30
0.0
 11
-12.20163
 21
-102.5
 31
0.0
  0
LINE
  5
A12
330
1F
100
AcDbEntity
  8
0
  6
Continuous
 62
     7
370
    25
100
AcDbLine
 10
-13.70163
 20
-101.0
 30
0.0
 11
-19.70163
 21
-101.0
 31
0.0
  0
LINE
  5
A13
330
1F
100
AcDbEntity
  8
0
  6
Continuous
 62
     7
370
    25
100
AcDbLine
 10
12.1317
 20
-102.5
 30
0.0
 11
12.1317
 21
-105.5
 31
0.0
  0
LINE
  5
A14
330
1F
100
AcDbEntity
  8
0
  6
Continuous
 62
     7
370
    25
100
AcDbLine
 10
13.6317
 20
-107.0
 30
0.0
 11
19.6317
 21
-107.0
 31
0.0
  0
LINE
  5
A15
330
1F
100
AcDbEntity
  8
0
  6
Continuous
 62
     7
370
    25
100
AcDbLine
 10
21.1317
 20
-105.5
 30
0.0
 11
21.1317
 21
-102.5
 31
0.0
  0
LINE
  5
A16
330
1F
100
AcDbEntity
  8
0
  6
Continuous
 62
     7
370
    25
100
AcDbLine
 10
19.6317
 20
-101.0
 30
0.0
 11
13.6317
 21
-101.0
 31
0.0
  0
LINE
  5
A17
330
1F
100
AcDbEntity
  8
0
  6
Continuous
 62
     7
370
    25
100
AcDbLine
 10
45.46503
 20
-102.5
 30
0.0
 11
45.46503
 21
-105.5
 31
0.0
  0
LINE
  5
A18
330
1F
100
AcDbEntity
  8
0
  6
Continuous
 62
     7
370
    25
100
AcDbLine
 10
46.96503
 20
-107.0
 30
0.0
 11
52.96503
 21
-107.0
 31
0.0
  0
LINE
  5
A19
330
1F
100
AcDbEntity
  8
0
  6
Continuous
 62
     7
370
    25
100
AcDbLine
 10
54.46503
 20
-105.5
 30
0.0
 11
54.46503
 21
-102.5
 31
0.0
  0
LINE
  5
A1A
330
1F
100
AcDbEntity
  8
0
  6
Continuous
 62
     7
370
    25
100
AcDbLine
 10
52.96503
 20
-101.0
 30
0.0
 11
46.96503
 21
-101.0
 31
0.0
  0
LINE
  5
A1B
330
1F
100
AcDbEntity
  8
0
  6
Continuous
 62
     7
370
    25
100
AcDbLine
 10
78.79836
 20
-102.5
 30
0.0
 11
78.79836
 21
-105.5
 31
0.0
  0
LINE
  5
A1C
330
1F
100
AcDbEntity
  8
0
  6
Continuous
 62
     7
370
    25
100
AcDbLine
 10
80.29836
 20
-107.0
 30
0.0
 11
86.29836
 21
-107.0
 31
0.0
  0
LINE
  5
A1D
330
1F
100
AcDbEntity
  8
0
  6
Continuous
 62
     7
370
    25
100
AcDbLine
 10
87.79836
 20
-105.5
 30
0.0
 11
87.79836
 21
-102.5
 31
0.0
  0
LINE
  5
A1E
330
1F
100
AcDbEntity
  8
0
  6
Continuous
 62
     7
370
    25
100
AcDbLine
 10
86.29836
 20
-101.0
 30
0.0
 11
80.29836
 21
-101.0
 31
0.0
  0
LINE
  5
A1F
330
1F
100
AcDbEntity
  8
0
  6
Continuous
 62
     7
370
    25
100
AcDbLine
 10
112.13169
 20
-102.5
 30
0.0
 11
112.13169
 21
-105.5
 31
0.0
  0
LINE
  5
A20
330
1F
100
AcDbEntity
  8
0
  6
Continuous
 62
     7
370
    25
100
AcDbLine
 10
113.63169
 20
-107.0
 30
0.0
 11
119.63169
 21
-107.0
 31
0.0
  0
LINE
  5
A21
330
1F
100
AcDbEntity
  8
0
  6
Continuous
 62
     7
370
    25
100
AcDbLine
 10
121.13169
 20
-105.5
 30
0.0
 11
121.13169
 21
-102.5
 31
0.0
  0
LINE
  5
A22
330
1F
100
AcDbEntity
  8
0
  6
Continuous
 62
     7
370
    25
100
AcDbLine
 10
119.63169
 20
-101.0
 30
0.0
 11
113.63169
 21
-101.0
 31
0.0
  0
LINE
  5
A23
330
1F
100
AcDbEntity
  8
0
  6
Continuous
 62
     7
370
    25
100
AcDbLine
 10
145.46502
 20
-102.5
 30
0.0
 11
145.46502
 21
-105.5
 31
0.0
  0
LINE
  5
A24
330
1F
100
AcDbEntity
  8
0
  6
Continuous
 62
     7
370
    25
100
AcDbLine
 10
146.96502
 20
-107.0
 30
0.0
 11
152.96502
 21
-107.0
 31
0.0
  0
LINE
  5
A25
330
1F
100
AcDbEntity
  8
0
  6
Continuous
 62
     7
370
    25
100
AcDbLine
 10
154.46502
 20
-105.5
 30
0.0
 11
154.46502
 21
-102.5
 31
0.0
  0
LINE
  5
A26
330
1F
100
AcDbEntity
  8
0
  6
Continuous
 62
     7
370
    25
100
AcDbLine
 10
152.96502
 20
-101.0
 30
0.0
 11
146.96502
 21
-101.0
 31
0.0
  0
LINE
  5
A27
330
1F
100
AcDbEntity
  8
0
  6
Continuous
 62
     7
370
    25
100
AcDbLine
 10
178.79835
 20
-102.5
 30
0.0
 11
178.79835
 21
-105.5
 31
0.0
  0
LINE
  5
A28
330
1F
100
AcDbEntity
  8
0
  6
Continuous
 62
     7
370
    25
100
AcDbLine
 10
180.29835
 20
-107.0
 30
0.0
 11
186.29835
 21
-107.0
 31
0.0
  0
LINE
  5
A29
330
1F
100
AcDbEntity
  8
0
  6
Continuous
 62
     7
370
    25
100
AcDbLine
 10
187.79835
 20
-105.5
 30
0.0
 11
187.79835
 21
-102.5
 31
0.0
  0
LINE
  5
A2A
330
1F
100
AcDbEntity
  8
0
  6
Continuous
 62
     7
370
    25
100
AcDbLine
 10
186.29835
 20
-101.0
 30
0.0
 11
180.29835
 21
-101.0
 31
0.0
  0
LINE
  5
A2B
330
1F
100
AcDbEntity
  8
0
  6
Continuous
 62
     7
370
    25
100
AcDbLine
 10
212.13168
 20
-102.5
 30
0.0
 11
212.13168
 21
-105.5
 31
0.0
  0
LINE
  5
A2C
330
1F
100
AcDbEntity
  8
0
  6
Continuous
 62
     7
370
    25
100
AcDbLine
 10
213.63168
 20
-107.0
 30
0.0
 11
219.63168
 21
-107.0
 31
0.0
  0
LINE
  5
A2D
330
1F
100
AcDbEntity
  8
0
  6
Continuous
 62
     7
370
    25
100
AcDbLine
 10
221.13168
 20
-105.5
 30
0.0
 11
221.13168
 21
-102.5
 31
0.0
  0
LINE
  5
A2E
330
1F
100
AcDbEntity
  8
0
  6
Continuous
 62
     7
370
    25
100
AcDbLine
 10
219.63168
 20
-101.0
 30
0.0
 11
213.63168
 21
-101.0
 31
0.0
  0
LINE
  5
A2F
330
1F
100
AcDbEntity
  8
0
  6
Continuous
 62
     7
370
    25
100
AcDbLine
 10
245.46501
 20
-102.5
 30
0.0
 11
245.46501
 21
-105.5
 31
0.0
  0
LINE
  5
A30
330
1F
100
AcDbEntity
  8
0
  6
Continuous
 62
     7
370
    25
100
AcDbLine
 10
246.96501
 20
-107.0
 30
0.0
 11
252.96501
 21
-107.0
 31
0.0
  0
LINE
  5
A31
330
1F
100
AcDbEntity
  8
0
  6
Continuous
 62
     7
370
    25
100
AcDbLine
 10
254.46501
 20
-105.5
 30
0.0
 11
254.46501
 21
-102.5
 31
0.0
  0
LINE
  5
A32
330
1F
100
AcDbEntity
  8
0
  6
Continuous
 62
     7
370
    25
100
AcDbLine
 10
252.96501
 20
-101.0
 30
0.0
 11
246.96501
 21
-101.0
 31
0.0
  0
LINE
  5
A33
330
1F
100
AcDbEntity
  8
0
  6
Continuous
 62
     7
370
    25
100
AcDbLine
 10
278.79834
 20
-102.5
 30
0.0
 11
278.79834
 21
-105.5
 31
0.0
  0
LINE
  5
A34
330
1F
100
AcDbEntity
  8
0
  6
Continuous
 62
     7
370
    25
100
AcDbLine
 10
280.29834
 20
-107.0
 30
0.0
 11
286.29834
 21
-107.0
 31
0.0
  0
LINE
  5
A35
330
1F
100
AcDbEntity
  8
0
  6
Continuous
 62
     7
370
    25
100
AcDbLine
 10
287.79834
 20
-105.5
 30
0.0
 11
287.79834
 21
-102.5
 31
0.0
  0
LINE
  5
A36
330
1F
100
AcDbEntity
  8
0
  6
Continuous
 62
     7
370
    25
100
AcDbLine
 10
286.29834
 20
-101.0
 30
0.0
 11
280.29834
 21
-101.0
 31
0.0
  0
LINE
  5
A37
330
1F
100
AcDbEntity
  8
0
  6
Continuous
 62
     7
370
    25
100
AcDbLine
 10
312.13167
 20
-102.5
 30
0.0
 11
312.13167
 21
-105.5
 31
0.0
  0
LINE
  5
A38
330
1F
100
AcDbEntity
  8
0
  6
Continuous
 62
     7
370
    25
100
AcDbLine
 10
313.63167
 20
-107.0
 30
0.0
 11
319.63167
 21
-107.0
 31
0.0
  0
LINE
  5
A39
330
1F
100
AcDbEntity
  8
0
  6
Continuous
 62
     7
370
    25
100
AcDbLine
 10
321.13167
 20
-105.5
 30
0.0
 11
321.13167
 21
-102.5
 31
0.0
  0
LINE
  5
A3A
330
1F
100
AcDbEntity
  8
0
  6
Continuous
 62
     7
370
    25
100
AcDbLine
 10
319.63167
 20
-101.0
 30
0.0
 11
313.63167
 21
-101.0
 31
0.0
  0
LINE
  5
A3B
330
1F
100
AcDbEntity
  8
0
  6
Continuous
 62
     7
370
    25
100
AcDbLine
 10
345.465
 20
-102.5
 30
0.0
 11
345.465
 21
-105.5
 31
0.0
  0
LINE
  5
A3C
330
1F
100
AcDbEntity
  8
0
  6
Continuous
 62
     7
370
    25
100
AcDbLine
 10
346.965
 20
-107.0
 30
0.0
 11
352.965
 21
-107.0
 31
0.0
  0
LINE
  5
A3D
330
1F
100
AcDbEntity
  8
0
  6
Continuous
 62
     7
370
    25
100
AcDbLine
 10
354.465
 20
-105.5
 30
0.0
 11
354.465
 21
-102.5
 31
0.0
  0
LINE
  5
A3E
330
1F
100
AcDbEntity
  8
0
  6
Continuous
 62
     7
370
    25
100
AcDbLine
 10
352.965
 20
-101.0
 30
0.0
 11
346.965
 21
-101.0
 31
0.0
  0
LINE
  5
A3F
330
1F
100
AcDbEntity
  8
0
  6
Continuous
 62
     7
370
    25
100
AcDbLine
 10
-354.53493
 20
-168.5
 30
0.0
 11
-354.53493
 21
-171.5
 31
0.0
  0
LINE
  5
A40
330
1F
100
AcDbEntity
  8
0
  6
Continuous
 62
     7
370
    25
100
AcDbLine
 10
-353.03493
 20
-173.0
 30
0.0
 11
-347.03493
 21
-173.0
 31
0.0
  0
LINE
  5
A41
330
1F
100
AcDbEntity
  8
0
  6
Continuous
 62
     7
370
    25
100
AcDbLine
 10
-345.53493
 20
-171.5
 30
0.0
 11
-345.53493
 21
-168.5
 31
0.0
  0
LINE
  5
A42
330
1F
100
AcDbEntity
  8
0
  6
Continuous
 62
     7
370
    25
100
AcDbLine
 10
-347.03493
 20
-167.0
 30
0.0
 11
-353.03493
 21
-167.0
 31
0.0
  0
LINE
  5
A43
330
1F
100
AcDbEntity
  8
0
  6
Continuous
 62
     7
370
    25
100
AcDbLine
 10
-321.2016
 20
-168.5
 30
0.0
 11
-321.2016
 21
-171.5
 31
0.0
  0
LINE
  5
A44
330
1F
100
AcDbEntity
  8
0
  6
Continuous
 62
     7
370
    25
100
AcDbLine
 10
-319.7016
 20
-173.0
 30
0.0
 11
-313.7016
 21
-173.0
 31
0.0
  0
LINE
  5
A45
330
1F
100
AcDbEntity
  8
0
  6
Continuous
 62
     7
370
    25
100
AcDbLine
 10
-312.2016
 20
-171.5
 30
0.0
 11
-312.2016
 21
-168.5
 31
0.0
  0
LINE
  5
A46
330
1F
100
AcDbEntity
  8
0
  6
Continuous
 62
     7
370
    25
100
AcDbLine
 10
-313.7016
 20
-167.0
 30
0.0
 11
-319.7016
 21
-167.0
 31
0.0
  0
LINE
  5
A47
330
1F
100
AcDbEntity
  8
0
  6
Continuous
 62
     7
370
    25
100
AcDbLine
 10
-287.86827
 20
-168.5
 30
0.0
 11
-287.86827
 21
-171.5
 31
0.0
  0
LINE
  5
A48
330
1F
100
AcDbEntity
  8
0
  6
Continuous
 62
     7
370
    25
100
AcDbLine
 10
-286.36827
 20
-173.0
 30
0.0
 11
-280.36827
 21
-173.0
 31
0.0
  0
LINE
  5
A49
330
1F
100
AcDbEntity
  8
0
  6
Continuous
 62
     7
370
    25
100
AcDbLine
 10
-278.86827
 20
-171.5
 30
0.0
 11
-278.86827
 21
-168.5
 31
0.0
  0
LINE
  5
A4A
330
1F
100
AcDbEntity
  8
0
  6
Continuous
 62
     7
370
    25
100
AcDbLine
 10
-280.36827
 20
-167.0
 30
0.0
 11
-286.36827
 21
-167.0
 31
0.0
  0
LINE
  5
A4B
330
1F
100
AcDbEntity
  8
0
  6
Continuous
 62
     7
370
    25
100
AcDbLine
 10
-254.53494
 20
-168.5
 30
0.0
 11
-254.53494
 21
-171.5
 31
0.0
  0
LINE
  5
A4C
330
1F
100
AcDbEntity
  8
0
  6
Continuous
 62
     7
370
    25
100
AcDbLine
 10
-253.03494
 20
-173.0
 30
0.0
 11
-247.03494
 21
-173.0
 31
0.0
  0
LINE
  5
A4D
330
1F
100
AcDbEntity
  8
0
  6
Continuous
 62
     7
370
    25
100
AcDbLine
 10
-245.53494
 20
-171.5
 30
0.0
 11
-245.53494
 21
-168.5
 31
0.0
  0
LINE
  5
A4E
330
1F
100
AcDbEntity
  8
0
  6
Continuous
 62
     7
370
    25
100
AcDbLine
 10
-247.03494
 20
-167.0
 30
0.0
 11
-253.03494
 21
-167.0
 31
0.0
  0
LINE
  5
A4F
330
1F
100
AcDbEntity
  8
0
  6
Continuous
 62
     7
370
    25
100
AcDbLine
 10
-221.20161
 20
-168.5
 30
0.0
 11
-221.20161
 21
-171.5
 31
0.0
  0
LINE
  5
A50
330
1F
100
AcDbEntity
  8
0
  6
Continuous
 62
     7
370
    25
100
AcDbLine
 10
-219.70161
 20
-173.0
 30
0.0
 11
-213.70161
 21
-173.0
 31
0.0
  0
LINE
  5
A51
330
1F
100
AcDbEntity
  8
0
  6
Continuous
 62
     7
370
    25
100
AcDbLine
 10
-212.20161
 20
-171.5
 30
0.0
 11
-212.20161
 21
-168.5
 31
0.0
  0
LINE
  5
A52
330
1F
100
AcDbEntity
  8
0
  6
Continuous
 62
     7
370
    25
100
AcDbLine
 10
-213.70161
 20
-167.0
 30
0.0
 11
-219.70161
 21
-167.0
 31
0.0
  0
LINE
  5
A53
330
1F
100
AcDbEntity
  8
0
  6
Continuous
 62
     7
370
    25
100
AcDbLine
 10
-187.86828
 20
-168.5
 30
0.0
 11
-187.86828
 21
-171.5
 31
0.0
  0
LINE
  5
A54
330
1F
100
AcDbEntity
  8
0
  6
Continuous
 62
     7
370
    25
100
AcDbLine
 10
-186.36828
 20
-173.0
 30
0.0
 11
-180.36828
 21
-173.0
 31
0.0
  0
LINE
  5
A55
330
1F
100
AcDbEntity
  8
0
  6
Continuous
 62
     7
370
    25
100
AcDbLine
 10
-178.86828
 20
-171.5
 30
0.0
 11
-178.86828
 21
-168.5
 31
0.0
  0
LINE
  5
A56
330
1F
100
AcDbEntity
  8
0
  6
Continuous
 62
     7
370
    25
100
AcDbLine
 10
-180.36828
 20
-167.0
 30
0.0
 11
-186.36828
 21
-167.0
 31
0.0
  0
LINE
  5
A57
330
1F
100
AcDbEntity
  8
0
  6
Continuous
 62
     7
370
    25
100
AcDbLine
 10
-154.53495
 20
-168.5
 30
0.0
 11
-154.53495
 21
-171.5
 31
0.0
  0
LINE
  5
A58
330
1F
100
AcDbEntity
  8
0
  6
Continuous
 62
     7
370
    25
100
AcDbLine
 10
-153.03495
 20
-173.0
 30
0.0
 11
-147.03495
 21
-173.0
 31
0.0
  0
LINE
  5
A59
330
1F
100
AcDbEntity
  8
0
  6
Continuous
 62
     7
370
    25
100
AcDbLine
 10
-145.53495
 20
-171.5
 30
0.0
 11
-145.53495
 21
-168.5
 31
0.0
  0
LINE
  5
A5A
330
1F
100
AcDbEntity
  8
0
  6
Continuous
 62
     7
370
    25
100
AcDbLine
 10
-147.03495
 20
-167.0
 30
0.0
 11
-153.03495
 21
-167.0
 31
0.0
  0
LINE
  5
A5B
330
1F
100
AcDbEntity
  8
0
  6
Continuous
 62
     7
370
    25
100
AcDbLine
 10
-121.20162
 20
-168.5
 30
0.0
 11
-121.20162
 21
-171.5
 31
0.0
  0
LINE
  5
A5C
330
1F
100
AcDbEntity
  8
0
  6
Continuous
 62
     7
370
    25
100
AcDbLine
 10
-119.70162
 20
-173.0
 30
0.0
 11
-113.70162
 21
-173.0
 31
0.0
  0
LINE
  5
A5D
330
1F
100
AcDbEntity
  8
0
  6
Continuous
 62
     7
370
    25
100
AcDbLine
 10
-112.20162
 20
-171.5
 30
0.0
 11
-112.20162
 21
-168.5
 31
0.0
  0
LINE
  5
A5E
330
1F
100
AcDbEntity
  8
0
  6
Continuous
 62
     7
370
    25
100
AcDbLine
 10
-113.70162
 20
-167.0
 30
0.0
 11
-119.70162
 21
-167.0
 31
0.0
  0
LINE
  5
A5F
330
1F
100
AcDbEntity
  8
0
  6
Continuous
 62
     7
370
    25
100
AcDbLine
 10
-87.86829
 20
-168.5
 30
0.0
 11
-87.86829
 21
-171.5
 31
0.0
  0
LINE
  5
A60
330
1F
100
AcDbEntity
  8
0
  6
Continuous
 62
     7
370
    25
100
AcDbLine
 10
-86.36829
 20
-173.0
 30
0.0
 11
-80.36829
 21
-173.0
 31
0.0
  0
LINE
  5
A61
330
1F
100
AcDbEntity
  8
0
  6
Continuous
 62
     7
370
    25
100
AcDbLine
 10
-78.86829
 20
-171.5
 30
0.0
 11
-78.86829
 21
-168.5
 31
0.0
  0
LINE
  5
A62
330
1F
100
AcDbEntity
  8
0
  6
Continuous
 62
     7
370
    25
100
AcDbLine
 10
-80.36829
 20
-167.0
 30
0.0
 11
-86.36829
 21
-167.0
 31
0.0
  0
LINE
  5
A63
330
1F
100
AcDbEntity
  8
0
  6
Continuous
 62
     7
370
    25
100
AcDbLine
 10
-54.53496
 20
-168.5
 30
0.0
 11
-54.53496
 21
-171.5
 31
0.0
  0
LINE
  5
A64
330
1F
100
AcDbEntity
  8
0
  6
Continuous
 62
     7
370
    25
100
AcDbLine
 10
-53.03496
 20
-173.0
 30
0.0
 11
-47.03496
 21
-173.0
 31
0.0
  0
LINE
  5
A65
330
1F
100
AcDbEntity
  8
0
  6
Continuous
 62
     7
370
    25
100
AcDbLine
 10
-45.53496
 20
-171.5
 30
0.0
 11
-45.53496
 21
-168.5
 31
0.0
  0
LINE
  5
A66
330
1F
100
AcDbEntity
  8
0
  6
Continuous
 62
     7
370
    25
100
AcDbLine
 10
-47.03496
 20
-167.0
 30
0.0
 11
-53.03496
 21
-167.0
 31
0.0
  0
LINE
  5
A67
330
1F
100
AcDbEntity
  8
0
  6
Continuous
 62
     7
370
    25
100
AcDbLine
 10
-21.20163
 20
-168.5
 30
0.0
 11
-21.20163
 21
-171.5
 31
0.0
  0
LINE
  5
A68
330
1F
100
AcDbEntity
  8
0
  6
Continuous
 62
     7
370
    25
100
AcDbLine
 10
-19.70163
 20
-173.0
 30
0.0
 11
-13.70163
 21
-173.0
 31
0.0
  0
LINE
  5
A69
330
1F
100
AcDbEntity
  8
0
  6
Continuous
 62
     7
370
    25
100
AcDbLine
 10
-12.20163
 20
-171.5
 30
0.0
 11
-12.20163
 21
-168.5
 31
0.0
  0
LINE
  5
A6A
330
1F
100
AcDbEntity
  8
0
  6
Continuous
 62
     7
370
    25
100
AcDbLine
 10
-13.70163
 20
-167.0
 30
0.0
 11
-19.70163
 21
-167.0
 31
0.0
  0
LINE
  5
A6B
330
1F
100
AcDbEntity
  8
0
  6
Continuous
 62
     7
370
    25
100
AcDbLine
 10
12.1317
 20
-168.5
 30
0.0
 11
12.1317
 21
-171.5
 31
0.0
  0
LINE
  5
A6C
330
1F
100
AcDbEntity
  8
0
  6
Continuous
 62
     7
370
    25
100
AcDbLine
 10
13.6317
 20
-173.0
 30
0.0
 11
19.6317
 21
-173.0
 31
0.0
  0
LINE
  5
A6D
330
1F
100
AcDbEntity
  8
0
  6
Continuous
 62
     7
370
    25
100
AcDbLine
 10
21.1317
 20
-171.5
 30
0.0
 11
21.1317
 21
-168.5
 31
0.0
  0
LINE
  5
A6E
330
1F
100
AcDbEntity
  8
0
  6
Continuous
 62
     7
370
    25
100
AcDbLine
 10
19.6317
 20
-167.0
 30
0.0
 11
13.6317
 21
-167.0
 31
0.0
  0
LINE
  5
A6F
330
1F
100
AcDbEntity
  8
0
  6
Continuous
 62
     7
370
    25
100
AcDbLine
 10
45.46503
 20
-168.5
 30
0.0
 11
45.46503
 21
-171.5
 31
0.0
  0
LINE
  5
A70
330
1F
100
AcDbEntity
  8
0
  6
Continuous
 62
     7
370
    25
100
AcDbLine
 10
46.96503
 20
-173.0
 30
0.0
 11
52.96503
 21
-173.0
 31
0.0
  0
LINE
  5
A71
330
1F
100
AcDbEntity
  8
0
  6
Continuous
 62
     7
370
    25
100
AcDbLine
 10
54.46503
 20
-171.5
 30
0.0
 11
54.46503
 21
-168.5
 31
0.0
  0
LINE
  5
A72
330
1F
100
AcDbEntity
  8
0
  6
Continuous
 62
     7
370
    25
100
AcDbLine
 10
52.96503
 20
-167.0
 30
0.0
 11
46.96503
 21
-167.0
 31
0.0
  0
LINE
  5
A73
330
1F
100
AcDbEntity
  8
0
  6
Continuous
 62
     7
370
    25
100
AcDbLine
 10
78.79836
 20
-168.5
 30
0.0
 11
78.79836
 21
-171.5
 31
0.0
  0
LINE
  5
A74
330
1F
100
AcDbEntity
  8
0
  6
Continuous
 62
     7
370
    25
100
AcDbLine
 10
80.29836
 20
-173.0
 30
0.0
 11
86.29836
 21
-173.0
 31
0.0
  0
LINE
  5
A75
330
1F
100
AcDbEntity
  8
0
  6
Continuous
 62
     7
370
    25
100
AcDbLine
 10
87.79836
 20
-171.5
 30
0.0
 11
87.79836
 21
-168.5
 31
0.0
  0
LINE
  5
A76
330
1F
100
AcDbEntity
  8
0
  6
Continuous
 62
     7
370
    25
100
AcDbLine
 10
86.29836
 20
-167.0
 30
0.0
 11
80.29836
 21
-167.0
 31
0.0
  0
LINE
  5
A77
330
1F
100
AcDbEntity
  8
0
  6
Continuous
 62
     7
370
    25
100
AcDbLine
 10
112.13169
 20
-168.5
 30
0.0
 11
112.13169
 21
-171.5
 31
0.0
  0
LINE
  5
A78
330
1F
100
AcDbEntity
  8
0
  6
Continuous
 62
     7
370
    25
100
AcDbLine
 10
113.63169
 20
-173.0
 30
0.0
 11
119.63169
 21
-173.0
 31
0.0
  0
LINE
  5
A79
330
1F
100
AcDbEntity
  8
0
  6
Continuous
 62
     7
370
    25
100
AcDbLine
 10
121.13169
 20
-171.5
 30
0.0
 11
121.13169
 21
-168.5
 31
0.0
  0
LINE
  5
A7A
330
1F
100
AcDbEntity
  8
0
  6
Continuous
 62
     7
370
    25
100
AcDbLine
 10
119.63169
 20
-167.0
 30
0.0
 11
113.63169
 21
-167.0
 31
0.0
  0
LINE
  5
A7B
330
1F
100
AcDbEntity
  8
0
  6
Continuous
 62
     7
370
    25
100
AcDbLine
 10
145.46502
 20
-168.5
 30
0.0
 11
145.46502
 21
-171.5
 31
0.0
  0
LINE
  5
A7C
330
1F
100
AcDbEntity
  8
0
  6
Continuous
 62
     7
370
    25
100
AcDbLine
 10
146.96502
 20
-173.0
 30
0.0
 11
152.96502
 21
-173.0
 31
0.0
  0
LINE
  5
A7D
330
1F
100
AcDbEntity
  8
0
  6
Continuous
 62
     7
370
    25
100
AcDbLine
 10
154.46502
 20
-171.5
 30
0.0
 11
154.46502
 21
-168.5
 31
0.0
  0
LINE
  5
A7E
330
1F
100
AcDbEntity
  8
0
  6
Continuous
 62
     7
370
    25
100
AcDbLine
 10
152.96502
 20
-167.0
 30
0.0
 11
146.96502
 21
-167.0
 31
0.0
  0
LINE
  5
A7F
330
1F
100
AcDbEntity
  8
0
  6
Continuous
 62
     7
370
    25
100
AcDbLine
 10
178.79835
 20
-168.5
 30
0.0
 11
178.79835
 21
-171.5
 31
0.0
  0
LINE
  5
A80
330
1F
100
AcDbEntity
  8
0
  6
Continuous
 62
     7
370
    25
100
AcDbLine
 10
180.29835
 20
-173.0
 30
0.0
 11
186.29835
 21
-173.0
 31
0.0
  0
LINE
  5
A81
330
1F
100
AcDbEntity
  8
0
  6
Continuous
 62
     7
370
    25
100
AcDbLine
 10
187.79835
 20
-171.5
 30
0.0
 11
187.79835
 21
-168.5
 31
0.0
  0
LINE
  5
A82
330
1F
100
AcDbEntity
  8
0
  6
Continuous
 62
     7
370
    25
100
AcDbLine
 10
186.29835
 20
-167.0
 30
0.0
 11
180.29835
 21
-167.0
 31
0.0
  0
LINE
  5
A83
330
1F
100
AcDbEntity
  8
0
  6
Continuous
 62
     7
370
    25
100
AcDbLine
 10
212.13168
 20
-168.5
 30
0.0
 11
212.13168
 21
-171.5
 31
0.0
  0
LINE
  5
A84
330
1F
100
AcDbEntity
  8
0
  6
Continuous
 62
     7
370
    25
100
AcDbLine
 10
213.63168
 20
-173.0
 30
0.0
 11
219.63168
 21
-173.0
 31
0.0
  0
LINE
  5
A85
330
1F
100
AcDbEntity
  8
0
  6
Continuous
 62
     7
370
    25
100
AcDbLine
 10
221.13168
 20
-171.5
 30
0.0
 11
221.13168
 21
-168.5
 31
0.0
  0
LINE
  5
A86
330
1F
100
AcDbEntity
  8
0
  6
Continuous
 62
     7
370
    25
100
AcDbLine
 10
219.63168
 20
-167.0
 30
0.0
 11
213.63168
 21
-167.0
 31
0.0
  0
LINE
  5
A87
330
1F
100
AcDbEntity
  8
0
  6
Continuous
 62
     7
370
    25
100
AcDbLine
 10
245.46501
 20
-168.5
 30
0.0
 11
245.46501
 21
-171.5
 31
0.0
  0
LINE
  5
A88
330
1F
100
AcDbEntity
  8
0
  6
Continuous
 62
     7
370
    25
100
AcDbLine
 10
246.96501
 20
-173.0
 30
0.0
 11
252.96501
 21
-173.0
 31
0.0
  0
LINE
  5
A89
330
1F
100
AcDbEntity
  8
0
  6
Continuous
 62
     7
370
    25
100
AcDbLine
 10
254.46501
 20
-171.5
 30
0.0
 11
254.46501
 21
-168.5
 31
0.0
  0
LINE
  5
A8A
330
1F
100
AcDbEntity
  8
0
  6
Continuous
 62
     7
370
    25
100
AcDbLine
 10
252.96501
 20
-167.0
 30
0.0
 11
246.96501
 21
-167.0
 31
0.0
  0
LINE
  5
A8B
330
1F
100
AcDbEntity
  8
0
  6
Continuous
 62
     7
370
    25
100
AcDbLine
 10
278.79834
 20
-168.5
 30
0.0
 11
278.79834
 21
-171.5
 31
0.0
  0
LINE
  5
A8C
330
1F
100
AcDbEntity
  8
0
  6
Continuous
 62
     7
370
    25
100
AcDbLine
 10
280.29834
 20
-173.0
 30
0.0
 11
286.29834
 21
-173.0
 31
0.0
  0
LINE
  5
A8D
330
1F
100
AcDbEntity
  8
0
  6
Continuous
 62
     7
370
    25
100
AcDbLine
 10
287.79834
 20
-171.5
 30
0.0
 11
287.79834
 21
-168.5
 31
0.0
  0
LINE
  5
A8E
330
1F
100
AcDbEntity
  8
0
  6
Continuous
 62
     7
370
    25
100
AcDbLine
 10
286.29834
 20
-167.0
 30
0.0
 11
280.29834
 21
-167.0
 31
0.0
  0
LINE
  5
A8F
330
1F
100
AcDbEntity
  8
0
  6
Continuous
 62
     7
370
    25
100
AcDbLine
 10
312.13167
 20
-168.5
 30
0.0
 11
312.13167
 21
-171.5
 31
0.0
  0
LINE
  5
A90
330
1F
100
AcDbEntity
  8
0
  6
Continuous
 62
     7
370
    25
100
AcDbLine
 10
313.63167
 20
-173.0
 30
0.0
 11
319.63167
 21
-173.0
 31
0.0
  0
LINE
  5
A91
330
1F
100
AcDbEntity
  8
0
  6
Continuous
 62
     7
370
    25
100
AcDbLine
 10
321.13167
 20
-171.5
 30
0.0
 11
321.13167
 21
-168.5
 31
0.0
  0
LINE
  5
A92
330
1F
100
AcDbEntity
  8
0
  6
Continuous
 62
     7
370
    25
100
AcDbLine
 10
319.63167
 20
-167.0
 30
0.0
 11
313.63167
 21
-167.0
 31
0.0
  0
LINE
  5
A93
330
1F
100
AcDbEntity
  8
0
  6
Continuous
 62
     7
370
    25
100
AcDbLine
 10
345.465
 20
-168.5
 30
0.0
 11
345.465
 21
-171.5
 31
0.0
  0
LINE
  5
A94
330
1F
100
AcDbEntity
  8
0
  6
Continuous
 62
     7
370
    25
100
AcDbLine
 10
346.965
 20
-173.0
 30
0.0
 11
352.965
 21
-173.0
 31
0.0
  0
LINE
  5
A95
330
1F
100
AcDbEntity
  8
0
  6
Continuous
 62
     7
370
    25
100
AcDbLine
 10
354.465
 20
-171.5
 30
0.0
 11
354.465
 21
-168.5
 31
0.0
  0
LINE
  5
A96
330
1F
100
AcDbEntity
  8
0
  6
Continuous
 62
     7
370
    25
100
AcDbLine
 10
352.965
 20
-167.0
 30
0.0
 11
346.965
 21
-167.0
 31
0.0
  0
LINE
  5
A97
330
1F
100
AcDbEntity
  8
0
  6
Continuous
 62
     7
370
    25
100
AcDbLine
 10
-354.53493
 20
-234.5
 30
0.0
 11
-354.53493
 21
-237.5
 31
0.0
  0
LINE
  5
A98
330
1F
100
AcDbEntity
  8
0
  6
Continuous
 62
     7
370
    25
100
AcDbLine
 10
-353.03493
 20
-239.0
 30
0.0
 11
-347.03493
 21
-239.0
 31
0.0
  0
LINE
  5
A99
330
1F
100
AcDbEntity
  8
0
  6
Continuous
 62
     7
370
    25
100
AcDbLine
 10
-345.53493
 20
-237.5
 30
0.0
 11
-345.53493
 21
-234.5
 31
0.0
  0
LINE
  5
A9A
330
1F
100
AcDbEntity
  8
0
  6
Continuous
 62
     7
370
    25
100
AcDbLine
 10
-347.03493
 20
-233.0
 30
0.0
 11
-353.03493
 21
-233.0
 31
0.0
  0
LINE
  5
A9B
330
1F
100
AcDbEntity
  8
0
  6
Continuous
 62
     7
370
    25
100
AcDbLine
 10
-321.2016
 20
-234.5
 30
0.0
 11
-321.2016
 21
-237.5
 31
0.0
  0
LINE
  5
A9C
330
1F
100
AcDbEntity
  8
0
  6
Continuous
 62
     7
370
    25
100
AcDbLine
 10
-319.7016
 20
-239.0
 30
0.0
 11
-313.7016
 21
-239.0
 31
0.0
  0
LINE
  5
A9D
330
1F
100
AcDbEntity
  8
0
  6
Continuous
 62
     7
370
    25
100
AcDbLine
 10
-312.2016
 20
-237.5
 30
0.0
 11
-312.2016
 21
-234.5
 31
0.0
  0
LINE
  5
A9E
330
1F
100
AcDbEntity
  8
0
  6
Continuous
 62
     7
370
    25
100
AcDbLine
 10
-313.7016
 20
-233.0
 30
0.0
 11
-319.7016
 21
-233.0
 31
0.0
  0
LINE
  5
A9F
330
1F
100
AcDbEntity
  8
0
  6
Continuous
 62
     7
370
    25
100
AcDbLine
 10
-287.86827
 20
-234.5
 30
0.0
 11
-287.86827
 21
-237.5
 31
0.0
  0
LINE
  5
AA0
330
1F
100
AcDbEntity
  8
0
  6
Continuous
 62
     7
370
    25
100
AcDbLine
 10
-286.36827
 20
-239.0
 30
0.0
 11
-280.36827
 21
-239.0
 31
0.0
  0
LINE
  5
AA1
330
1F
100
AcDbEntity
  8
0
  6
Continuous
 62
     7
370
    25
100
AcDbLine
 10
-278.86827
 20
-237.5
 30
0.0
 11
-278.86827
 21
-234.5
 31
0.0
  0
LINE
  5
AA2
330
1F
100
AcDbEntity
  8
0
  6
Continuous
 62
     7
370
    25
100
AcDbLine
 10
-280.36827
 20
-233.0
 30
0.0
 11
-286.36827
 21
-233.0
 31
0.0
  0
LINE
  5
AA3
330
1F
100
AcDbEntity
  8
0
  6
Continuous
 62
     7
370
    25
100
AcDbLine
 10
-254.53494
 20
-234.5
 30
0.0
 11
-254.53494
 21
-237.5
 31
0.0
  0
LINE
  5
AA4
330
1F
100
AcDbEntity
  8
0
  6
Continuous
 62
     7
370
    25
100
AcDbLine
 10
-253.03494
 20
-239.0
 30
0.0
 11
-247.03494
 21
-239.0
 31
0.0
  0
LINE
  5
AA5
330
1F
100
AcDbEntity
  8
0
  6
Continuous
 62
     7
370
    25
100
AcDbLine
 10
-245.53494
 20
-237.5
 30
0.0
 11
-245.53494
 21
-234.5
 31
0.0
  0
LINE
  5
AA6
330
1F
100
AcDbEntity
  8
0
  6
Continuous
 62
     7
370
    25
100
AcDbLine
 10
-247.03494
 20
-233.0
 30
0.0
 11
-253.03494
 21
-233.0
 31
0.0
  0
LINE
  5
AA7
330
1F
100
AcDbEntity
  8
0
  6
Continuous
 62
     7
370
    25
100
AcDbLine
 10
-221.20161
 20
-234.5
 30
0.0
 11
-221.20161
 21
-237.5
 31
0.0
  0
LINE
  5
AA8
330
1F
100
AcDbEntity
  8
0
  6
Continuous
 62
     7
370
    25
100
AcDbLine
 10
-219.70161
 20
-239.0
 30
0.0
 11
-213.70161
 21
-239.0
 31
0.0
  0
LINE
  5
AA9
330
1F
100
AcDbEntity
  8
0
  6
Continuous
 62
     7
370
    25
100
AcDbLine
 10
-212.20161
 20
-237.5
 30
0.0
 11
-212.20161
 21
-234.5
 31
0.0
  0
LINE
  5
AAA
330
1F
100
AcDbEntity
  8
0
  6
Continuous
 62
     7
370
    25
100
AcDbLine
 10
-213.70161
 20
-233.0
 30
0.0
 11
-219.70161
 21
-233.0
 31
0.0
  0
LINE
  5
AAB
330
1F
100
AcDbEntity
  8
0
  6
Continuous
 62
     7
370
    25
100
AcDbLine
 10
-187.86828
 20
-234.5
 30
0.0
 11
-187.86828
 21
-237.5
 31
0.0
  0
LINE
  5
AAC
330
1F
100
AcDbEntity
  8
0
  6
Continuous
 62
     7
370
    25
100
AcDbLine
 10
-186.36828
 20
-239.0
 30
0.0
 11
-180.36828
 21
-239.0
 31
0.0
  0
LINE
  5
AAD
330
1F
100
AcDbEntity
  8
0
  6
Continuous
 62
     7
370
    25
100
AcDbLine
 10
-178.86828
 20
-237.5
 30
0.0
 11
-178.86828
 21
-234.5
 31
0.0
  0
LINE
  5
AAE
330
1F
100
AcDbEntity
  8
0
  6
Continuous
 62
     7
370
    25
100
AcDbLine
 10
-180.36828
 20
-233.0
 30
0.0
 11
-186.36828
 21
-233.0
 31
0.0
  0
LINE
  5
AAF
330
1F
100
AcDbEntity
  8
0
  6
Continuous
 62
     7
370
    25
100
AcDbLine
 10
-154.53495
 20
-234.5
 30
0.0
 11
-154.53495
 21
-237.5
 31
0.0
  0
LINE
  5
AB0
330
1F
100
AcDbEntity
  8
0
  6
Continuous
 62
     7
370
    25
100
AcDbLine
 10
-153.03495
 20
-239.0
 30
0.0
 11
-147.03495
 21
-239.0
 31
0.0
  0
LINE
  5
AB1
330
1F
100
AcDbEntity
  8
0
  6
Continuous
 62
     7
370
    25
100
AcDbLine
 10
-145.53495
 20
-237.5
 30
0.0
 11
-145.53495
 21
-234.5
 31
0.0
  0
LINE
  5
AB2
330
1F
100
AcDbEntity
  8
0
  6
Continuous
 62
     7
370
    25
100
AcDbLine
 10
-147.03495
 20
-233.0
 30
0.0
 11
-153.03495
 21
-233.0
 31
0.0
  0
LINE
  5
AB3
330
1F
100
AcDbEntity
  8
0
  6
Continuous
 62
     7
370
    25
100
AcDbLine
 10
-121.20162
 20
-234.5
 30
0.0
 11
-121.20162
 21
-237.5
 31
0.0
  0
LINE
  5
AB4
330
1F
100
AcDbEntity
  8
0
  6
Continuous
 62
     7
370
    25
100
AcDbLine
 10
-119.70162
 20
-239.0
 30
0.0
 11
-113.70162
 21
-239.0
 31
0.0
  0
LINE
  5
AB5
330
1F
100
AcDbEntity
  8
0
  6
Continuous
 62
     7
370
    25
100
AcDbLine
 10
-112.20162
 20
-237.5
 30
0.0
 11
-112.20162
 21
-234.5
 31
0.0
  0
LINE
  5
AB6
330
1F
100
AcDbEntity
  8
0
  6
Continuous
 62
     7
370
    25
100
AcDbLine
 10
-113.70162
 20
-233.0
 30
0.0
 11
-119.70162
 21
-233.0
 31
0.0
  0
LINE
  5
AB7
330
1F
100
AcDbEntity
  8
0
  6
Continuous
 62
     7
370
    25
100
AcDbLine
 10
-87.86829
 20
-234.5
 30
0.0
 11
-87.86829
 21
-237.5
 31
0.0
  0
LINE
  5
AB8
330
1F
100
AcDbEntity
  8
0
  6
Continuous
 62
     7
370
    25
100
AcDbLine
 10
-86.36829
 20
-239.0
 30
0.0
 11
-80.36829
 21
-239.0
 31
0.0
  0
LINE
  5
AB9
330
1F
100
AcDbEntity
  8
0
  6
Continuous
 62
     7
370
    25
100
AcDbLine
 10
-78.86829
 20
-237.5
 30
0.0
 11
-78.86829
 21
-234.5
 31
0.0
  0
LINE
  5
ABA
330
1F
100
AcDbEntity
  8
0
  6
Continuous
 62
     7
370
    25
100
AcDbLine
 10
-80.36829
 20
-233.0
 30
0.0
 11
-86.36829
 21
-233.0
 31
0.0
  0
LINE
  5
ABB
330
1F
100
AcDbEntity
  8
0
  6
Continuous
 62
     7
370
    25
100
AcDbLine
 10
-54.53496
 20
-234.5
 30
0.0
 11
-54.53496
 21
-237.5
 31
0.0
  0
LINE
  5
ABC
330
1F
100
AcDbEntity
  8
0
  6
Continuous
 62
     7
370
    25
100
AcDbLine
 10
-53.03496
 20
-239.0
 30
0.0
 11
-47.03496
 21
-239.0
 31
0.0
  0
LINE
  5
ABD
330
1F
100
AcDbEntity
  8
0
  6
Continuous
 62
     7
370
    25
100
AcDbLine
 10
-45.53496
 20
-237.5
 30
0.0
 11
-45.53496
 21
-234.5
 31
0.0
  0
LINE
  5
ABE
330
1F
100
AcDbEntity
  8
0
  6
Continuous
 62
     7
370
    25
100
AcDbLine
 10
-47.03496
 20
-233.0
 30
0.0
 11
-53.03496
 21
-233.0
 31
0.0
  0
LINE
  5
ABF
330
1F
100
AcDbEntity
  8
0
  6
Continuous
 62
     7
370
    25
100
AcDbLine
 10
-21.20163
 20
-234.5
 30
0.0
 11
-21.20163
 21
-237.5
 31
0.0
  0
LINE
  5
AC0
330
1F
100
AcDbEntity
  8
0
  6
Continuous
 62
     7
370
    25
100
AcDbLine
 10
-19.70163
 20
-239.0
 30
0.0
 11
-13.70163
 21
-239.0
 31
0.0
  0
LINE
  5
AC1
330
1F
100
AcDbEntity
  8
0
  6
Continuous
 62
     7
370
    25
100
AcDbLine
 10
-12.20163
 20
-237.5
 30
0.0
 11
-12.20163
 21
-234.5
 31
0.0
  0
LINE
  5
AC2
330
1F
100
AcDbEntity
  8
0
  6
Continuous
 62
     7
370
    25
100
AcDbLine
 10
-13.70163
 20
-233.0
 30
0.0
 11
-19.70163
 21
-233.0
 31
0.0
  0
LINE
  5
AC3
330
1F
100
AcDbEntity
  8
0
  6
Continuous
 62
     7
370
    25
100
AcDbLine
 10
12.1317
 20
-234.5
 30
0.0
 11
12.1317
 21
-237.5
 31
0.0
  0
LINE
  5
AC4
330
1F
100
AcDbEntity
  8
0
  6
Continuous
 62
     7
370
    25
100
AcDbLine
 10
13.6317
 20
-239.0
 30
0.0
 11
19.6317
 21
-239.0
 31
0.0
  0
LINE
  5
AC5
330
1F
100
AcDbEntity
  8
0
  6
Continuous
 62
     7
370
    25
100
AcDbLine
 10
21.1317
 20
-237.5
 30
0.0
 11
21.1317
 21
-234.5
 31
0.0
  0
LINE
  5
AC6
330
1F
100
AcDbEntity
  8
0
  6
Continuous
 62
     7
370
    25
100
AcDbLine
 10
19.6317
 20
-233.0
 30
0.0
 11
13.6317
 21
-233.0
 31
0.0
  0
LINE
  5
AC7
330
1F
100
AcDbEntity
  8
0
  6
Continuous
 62
     7
370
    25
100
AcDbLine
 10
45.46503
 20
-234.5
 30
0.0
 11
45.46503
 21
-237.5
 31
0.0
  0
LINE
  5
AC8
330
1F
100
AcDbEntity
  8
0
  6
Continuous
 62
     7
370
    25
100
AcDbLine
 10
46.96503
 20
-239.0
 30
0.0
 11
52.96503
 21
-239.0
 31
0.0
  0
LINE
  5
AC9
330
1F
100
AcDbEntity
  8
0
  6
Continuous
 62
     7
370
    25
100
AcDbLine
 10
54.46503
 20
-237.5
 30
0.0
 11
54.46503
 21
-234.5
 31
0.0
  0
LINE
  5
ACA
330
1F
100
AcDbEntity
  8
0
  6
Continuous
 62
     7
370
    25
100
AcDbLine
 10
52.96503
 20
-233.0
 30
0.0
 11
46.96503
 21
-233.0
 31
0.0
  0
LINE
  5
ACB
330
1F
100
AcDbEntity
  8
0
  6
Continuous
 62
     7
370
    25
100
AcDbLine
 10
78.79836
 20
-234.5
 30
0.0
 11
78.79836
 21
-237.5
 31
0.0
  0
LINE
  5
ACC
330
1F
100
AcDbEntity
  8
0
  6
Continuous
 62
     7
370
    25
100
AcDbLine
 10
80.29836
 20
-239.0
 30
0.0
 11
86.29836
 21
-239.0
 31
0.0
  0
LINE
  5
ACD
330
1F
100
AcDbEntity
  8
0
  6
Continuous
 62
     7
370
    25
100
AcDbLine
 10
87.79836
 20
-237.5
 30
0.0
 11
87.79836
 21
-234.5
 31
0.0
  0
LINE
  5
ACE
330
1F
100
AcDbEntity
  8
0
  6
Continuous
 62
     7
370
    25
100
AcDbLine
 10
86.29836
 20
-233.0
 30
0.0
 11
80.29836
 21
-233.0
 31
0.0
  0
LINE
  5
ACF
330
1F
100
AcDbEntity
  8
0
  6
Continuous
 62
     7
370
    25
100
AcDbLine
 10
112.13169
 20
-234.5
 30
0.0
 11
112.13169
 21
-237.5
 31
0.0
  0
LINE
  5
AD0
330
1F
100
AcDbEntity
  8
0
  6
Continuous
 62
     7
370
    25
100
AcDbLine
 10
113.63169
 20
-239.0
 30
0.0
 11
119.63169
 21
-239.0
 31
0.0
  0
LINE
  5
AD1
330
1F
100
AcDbEntity
  8
0
  6
Continuous
 62
     7
370
    25
100
AcDbLine
 10
121.13169
 20
-237.5
 30
0.0
 11
121.13169
 21
-234.5
 31
0.0
  0
LINE
  5
AD2
330
1F
100
AcDbEntity
  8
0
  6
Continuous
 62
     7
370
    25
100
AcDbLine
 10
119.63169
 20
-233.0
 30
0.0
 11
113.63169
 21
-233.0
 31
0.0
  0
LINE
  5
AD3
330
1F
100
AcDbEntity
  8
0
  6
Continuous
 62
     7
370
    25
100
AcDbLine
 10
145.46502
 20
-234.5
 30
0.0
 11
145.46502
 21
-237.5
 31
0.0
  0
LINE
  5
AD4
330
1F
100
AcDbEntity
  8
0
  6
Continuous
 62
     7
370
    25
100
AcDbLine
 10
146.96502
 20
-239.0
 30
0.0
 11
152.96502
 21
-239.0
 31
0.0
  0
LINE
  5
AD5
330
1F
100
AcDbEntity
  8
0
  6
Continuous
 62
     7
370
    25
100
AcDbLine
 10
154.46502
 20
-237.5
 30
0.0
 11
154.46502
 21
-234.5
 31
0.0
  0
LINE
  5
AD6
330
1F
100
AcDbEntity
  8
0
  6
Continuous
 62
     7
370
    25
100
AcDbLine
 10
152.96502
 20
-233.0
 30
0.0
 11
146.96502
 21
-233.0
 31
0.0
  0
LINE
  5
AD7
330
1F
100
AcDbEntity
  8
0
  6
Continuous
 62
     7
370
    25
100
AcDbLine
 10
178.79835
 20
-234.5
 30
0.0
 11
178.79835
 21
-237.5
 31
0.0
  0
LINE
  5
AD8
330
1F
100
AcDbEntity
  8
0
  6
Continuous
 62
     7
370
    25
100
AcDbLine
 10
180.29835
 20
-239.0
 30
0.0
 11
186.29835
 21
-239.0
 31
0.0
  0
LINE
  5
AD9
330
1F
100
AcDbEntity
  8
0
  6
Continuous
 62
     7
370
    25
100
AcDbLine
 10
187.79835
 20
-237.5
 30
0.0
 11
187.79835
 21
-234.5
 31
0.0
  0
LINE
  5
ADA
330
1F
100
AcDbEntity
  8
0
  6
Continuous
 62
     7
370
    25
100
AcDbLine
 10
186.29835
 20
-233.0
 30
0.0
 11
180.29835
 21
-233.0
 31
0.0
  0
LINE
  5
ADB
330
1F
100
AcDbEntity
  8
0
  6
Continuous
 62
     7
370
    25
100
AcDbLine
 10
212.13168
 20
-234.5
 30
0.0
 11
212.13168
 21
-237.5
 31
0.0
  0
LINE
  5
ADC
330
1F
100
AcDbEntity
  8
0
  6
Continuous
 62
     7
370
    25
100
AcDbLine
 10
213.63168
 20
-239.0
 30
0.0
 11
219.63168
 21
-239.0
 31
0.0
  0
LINE
  5
ADD
330
1F
100
AcDbEntity
  8
0
  6
Continuous
 62
     7
370
    25
100
AcDbLine
 10
221.13168
 20
-237.5
 30
0.0
 11
221.13168
 21
-234.5
 31
0.0
  0
LINE
  5
ADE
330
1F
100
AcDbEntity
  8
0
  6
Continuous
 62
     7
370
    25
100
AcDbLine
 10
219.63168
 20
-233.0
 30
0.0
 11
213.63168
 21
-233.0
 31
0.0
  0
LINE
  5
ADF
330
1F
100
AcDbEntity
  8
0
  6
Continuous
 62
     7
370
    25
100
AcDbLine
 10
245.46501
 20
-234.5
 30
0.0
 11
245.46501
 21
-237.5
 31
0.0
  0
LINE
  5
AE0
330
1F
100
AcDbEntity
  8
0
  6
Continuous
 62
     7
370
    25
100
AcDbLine
 10
246.96501
 20
-239.0
 30
0.0
 11
252.96501
 21
-239.0
 31
0.0
  0
LINE
  5
AE1
330
1F
100
AcDbEntity
  8
0
  6
Continuous
 62
     7
370
    25
100
AcDbLine
 10
254.46501
 20
-237.5
 30
0.0
 11
254.46501
 21
-234.5
 31
0.0
  0
LINE
  5
AE2
330
1F
100
AcDbEntity
  8
0
  6
Continuous
 62
     7
370
    25
100
AcDbLine
 10
252.96501
 20
-233.0
 30
0.0
 11
246.96501
 21
-233.0
 31
0.0
  0
LINE
  5
AE3
330
1F
100
AcDbEntity
  8
0
  6
Continuous
 62
     7
370
    25
100
AcDbLine
 10
278.79834
 20
-234.5
 30
0.0
 11
278.79834
 21
-237.5
 31
0.0
  0
LINE
  5
AE4
330
1F
100
AcDbEntity
  8
0
  6
Continuous
 62
     7
370
    25
100
AcDbLine
 10
280.29834
 20
-239.0
 30
0.0
 11
286.29834
 21
-239.0
 31
0.0
  0
LINE
  5
AE5
330
1F
100
AcDbEntity
  8
0
  6
Continuous
 62
     7
370
    25
100
AcDbLine
 10
287.79834
 20
-237.5
 30
0.0
 11
287.79834
 21
-234.5
 31
0.0
  0
LINE
  5
AE6
330
1F
100
AcDbEntity
  8
0
  6
Continuous
 62
     7
370
    25
100
AcDbLine
 10
286.29834
 20
-233.0
 30
0.0
 11
280.29834
 21
-233.0
 31
0.0
  0
LINE
  5
AE7
330
1F
100
AcDbEntity
  8
0
  6
Continuous
 62
     7
370
    25
100
AcDbLine
 10
312.13167
 20
-234.5
 30
0.0
 11
312.13167
 21
-237.5
 31
0.0
  0
LINE
  5
AE8
330
1F
100
AcDbEntity
  8
0
  6
Continuous
 62
     7
370
    25
100
AcDbLine
 10
313.63167
 20
-239.0
 30
0.0
 11
319.63167
 21
-239.0
 31
0.0
  0
LINE
  5
AE9
330
1F
100
AcDbEntity
  8
0
  6
Continuous
 62
     7
370
    25
100
AcDbLine
 10
321.13167
 20
-237.5
 30
0.0
 11
321.13167
 21
-234.5
 31
0.0
  0
LINE
  5
AEA
330
1F
100
AcDbEntity
  8
0
  6
Continuous
 62
     7
370
    25
100
AcDbLine
 10
319.63167
 20
-233.0
 30
0.0
 11
313.63167
 21
-233.0
 31
0.0
  0
LINE
  5
AEB
330
1F
100
AcDbEntity
  8
0
  6
Continuous
 62
     7
370
    25
100
AcDbLine
 10
345.465
 20
-234.5
 30
0.0
 11
345.465
 21
-237.5
 31
0.0
  0
LINE
  5
AEC
330
1F
100
AcDbEntity
  8
0
  6
Continuous
 62
     7
370
    25
100
AcDbLine
 10
346.965
 20
-239.0
 30
0.0
 11
352.965
 21
-239.0
 31
0.0
  0
LINE
  5
AED
330
1F
100
AcDbEntity
  8
0
  6
Continuous
 62
     7
370
    25
100
AcDbLine
 10
354.465
 20
-237.5
 30
0.0
 11
354.465
 21
-234.5
 31
0.0
  0
LINE
  5
AEE
330
1F
100
AcDbEntity
  8
0
  6
Continuous
 62
     7
370
    25
100
AcDbLine
 10
352.965
 20
-233.0
 30
0.0
 11
346.965
 21
-233.0
 31
0.0
  0
LINE
  5
AEF
330
1F
100
AcDbEntity
  8
0
  6
Continuous
 62
     7
370
    25
100
AcDbLine
 10
-354.53493
 20
-300.5
 30
0.0
 11
-354.53493
 21
-303.5
 31
0.0
  0
LINE
  5
AF0
330
1F
100
AcDbEntity
  8
0
  6
Continuous
 62
     7
370
    25
100
AcDbLine
 10
-353.03493
 20
-305.0
 30
0.0
 11
-347.03493
 21
-305.0
 31
0.0
  0
LINE
  5
AF1
330
1F
100
AcDbEntity
  8
0
  6
Continuous
 62
     7
370
    25
100
AcDbLine
 10
-345.53493
 20
-303.5
 30
0.0
 11
-345.53493
 21
-300.5
 31
0.0
  0
LINE
  5
AF2
330
1F
100
AcDbEntity
  8
0
  6
Continuous
 62
     7
370
    25
100
AcDbLine
 10
-347.03493
 20
-299.0
 30
0.0
 11
-353.03493
 21
-299.0
 31
0.0
  0
LINE
  5
AF3
330
1F
100
AcDbEntity
  8
0
  6
Continuous
 62
     7
370
    25
100
AcDbLine
 10
-321.2016
 20
-300.5
 30
0.0
 11
-321.2016
 21
-303.5
 31
0.0
  0
LINE
  5
AF4
330
1F
100
AcDbEntity
  8
0
  6
Continuous
 62
     7
370
    25
100
AcDbLine
 10
-319.7016
 20
-305.0
 30
0.0
 11
-313.7016
 21
-305.0
 31
0.0
  0
LINE
  5
AF5
330
1F
100
AcDbEntity
  8
0
  6
Continuous
 62
     7
370
    25
100
AcDbLine
 10
-312.2016
 20
-303.5
 30
0.0
 11
-312.2016
 21
-300.5
 31
0.0
  0
LINE
  5
AF6
330
1F
100
AcDbEntity
  8
0
  6
Continuous
 62
     7
370
    25
100
AcDbLine
 10
-313.7016
 20
-299.0
 30
0.0
 11
-319.7016
 21
-299.0
 31
0.0
  0
LINE
  5
AF7
330
1F
100
AcDbEntity
  8
0
  6
Continuous
 62
     7
370
    25
100
AcDbLine
 10
-287.86827
 20
-300.5
 30
0.0
 11
-287.86827
 21
-303.5
 31
0.0
  0
LINE
  5
AF8
330
1F
100
AcDbEntity
  8
0
  6
Continuous
 62
     7
370
    25
100
AcDbLine
 10
-286.36827
 20
-305.0
 30
0.0
 11
-280.36827
 21
-305.0
 31
0.0
  0
LINE
  5
AF9
330
1F
100
AcDbEntity
  8
0
  6
Continuous
 62
     7
370
    25
100
AcDbLine
 10
-278.86827
 20
-303.5
 30
0.0
 11
-278.86827
 21
-300.5
 31
0.0
  0
LINE
  5
AFA
330
1F
100
AcDbEntity
  8
0
  6
Continuous
 62
     7
370
    25
100
AcDbLine
 10
-280.36827
 20
-299.0
 30
0.0
 11
-286.36827
 21
-299.0
 31
0.0
  0
LINE
  5
AFB
330
1F
100
AcDbEntity
  8
0
  6
Continuous
 62
     7
370
    25
100
AcDbLine
 10
-254.53494
 20
-300.5
 30
0.0
 11
-254.53494
 21
-303.5
 31
0.0
  0
LINE
  5
AFC
330
1F
100
AcDbEntity
  8
0
  6
Continuous
 62
     7
370
    25
100
AcDbLine
 10
-253.03494
 20
-305.0
 30
0.0
 11
-247.03494
 21
-305.0
 31
0.0
  0
LINE
  5
AFD
330
1F
100
AcDbEntity
  8
0
  6
Continuous
 62
     7
370
    25
100
AcDbLine
 10
-245.53494
 20
-303.5
 30
0.0
 11
-245.53494
 21
-300.5
 31
0.0
  0
LINE
  5
AFE
330
1F
100
AcDbEntity
  8
0
  6
Continuous
 62
     7
370
    25
100
AcDbLine
 10
-247.03494
 20
-299.0
 30
0.0
 11
-253.03494
 21
-299.0
 31
0.0
  0
LINE
  5
AFF
330
1F
100
AcDbEntity
  8
0
  6
Continuous
 62
     7
370
    25
100
AcDbLine
 10
-221.20161
 20
-300.5
 30
0.0
 11
-221.20161
 21
-303.5
 31
0.0
  0
LINE
  5
B00
330
1F
100
AcDbEntity
  8
0
  6
Continuous
 62
     7
370
    25
100
AcDbLine
 10
-219.70161
 20
-305.0
 30
0.0
 11
-213.70161
 21
-305.0
 31
0.0
  0
LINE
  5
B01
330
1F
100
AcDbEntity
  8
0
  6
Continuous
 62
     7
370
    25
100
AcDbLine
 10
-212.20161
 20
-303.5
 30
0.0
 11
-212.20161
 21
-300.5
 31
0.0
  0
LINE
  5
B02
330
1F
100
AcDbEntity
  8
0
  6
Continuous
 62
     7
370
    25
100
AcDbLine
 10
-213.70161
 20
-299.0
 30
0.0
 11
-219.70161
 21
-299.0
 31
0.0
  0
LINE
  5
B03
330
1F
100
AcDbEntity
  8
0
  6
Continuous
 62
     7
370
    25
100
AcDbLine
 10
-187.86828
 20
-300.5
 30
0.0
 11
-187.86828
 21
-303.5
 31
0.0
  0
LINE
  5
B04
330
1F
100
AcDbEntity
  8
0
  6
Continuous
 62
     7
370
    25
100
AcDbLine
 10
-186.36828
 20
-305.0
 30
0.0
 11
-180.36828
 21
-305.0
 31
0.0
  0
LINE
  5
B05
330
1F
100
AcDbEntity
  8
0
  6
Continuous
 62
     7
370
    25
100
AcDbLine
 10
-178.86828
 20
-303.5
 30
0.0
 11
-178.86828
 21
-300.5
 31
0.0
  0
LINE
  5
B06
330
1F
100
AcDbEntity
  8
0
  6
Continuous
 62
     7
370
    25
100
AcDbLine
 10
-180.36828
 20
-299.0
 30
0.0
 11
-186.36828
 21
-299.0
 31
0.0
  0
LINE
  5
B07
330
1F
100
AcDbEntity
  8
0
  6
Continuous
 62
     7
370
    25
100
AcDbLine
 10
-154.53495
 20
-300.5
 30
0.0
 11
-154.53495
 21
-303.5
 31
0.0
  0
LINE
  5
B08
330
1F
100
AcDbEntity
  8
0
  6
Continuous
 62
     7
370
    25
100
AcDbLine
 10
-153.03495
 20
-305.0
 30
0.0
 11
-147.03495
 21
-305.0
 31
0.0
  0
LINE
  5
B09
330
1F
100
AcDbEntity
  8
0
  6
Continuous
 62
     7
370
    25
100
AcDbLine
 10
-145.53495
 20
-303.5
 30
0.0
 11
-145.53495
 21
-300.5
 31
0.0
  0
LINE
  5
B0A
330
1F
100
AcDbEntity
  8
0
  6
Continuous
 62
     7
370
    25
100
AcDbLine
 10
-147.03495
 20
-299.0
 30
0.0
 11
-153.03495
 21
-299.0
 31
0.0
  0
LINE
  5
B0B
330
1F
100
AcDbEntity
  8
0
  6
Continuous
 62
     7
370
    25
100
AcDbLine
 10
-121.20162
 20
-300.5
 30
0.0
 11
-121.20162
 21
-303.5
 31
0.0
  0
LINE
  5
B0C
330
1F
100
AcDbEntity
  8
0
  6
Continuous
 62
     7
370
    25
100
AcDbLine
 10
-119.70162
 20
-305.0
 30
0.0
 11
-113.70162
 21
-305.0
 31
0.0
  0
LINE
  5
B0D
330
1F
100
AcDbEntity
  8
0
  6
Continuous
 62
     7
370
    25
100
AcDbLine
 10
-112.20162
 20
-303.5
 30
0.0
 11
-112.20162
 21
-300.5
 31
0.0
  0
LINE
  5
B0E
330
1F
100
AcDbEntity
  8
0
  6
Continuous
 62
     7
370
    25
100
AcDbLine
 10
-113.70162
 20
-299.0
 30
0.0
 11
-119.70162
 21
-299.0
 31
0.0
  0
LINE
  5
B0F
330
1F
100
AcDbEntity
  8
0
  6
Continuous
 62
     7
370
    25
100
AcDbLine
 10
-87.86829
 20
-300.5
 30
0.0
 11
-87.86829
 21
-303.5
 31
0.0
  0
LINE
  5
B10
330
1F
100
AcDbEntity
  8
0
  6
Continuous
 62
     7
370
    25
100
AcDbLine
 10
-86.36829
 20
-305.0
 30
0.0
 11
-80.36829
 21
-305.0
 31
0.0
  0
LINE
  5
B11
330
1F
100
AcDbEntity
  8
0
  6
Continuous
 62
     7
370
    25
100
AcDbLine
 10
-78.86829
 20
-303.5
 30
0.0
 11
-78.86829
 21
-300.5
 31
0.0
  0
LINE
  5
B12
330
1F
100
AcDbEntity
  8
0
  6
Continuous
 62
     7
370
    25
100
AcDbLine
 10
-80.36829
 20
-299.0
 30
0.0
 11
-86.36829
 21
-299.0
 31
0.0
  0
LINE
  5
B13
330
1F
100
AcDbEntity
  8
0
  6
Continuous
 62
     7
370
    25
100
AcDbLine
 10
-54.53496
 20
-300.5
 30
0.0
 11
-54.53496
 21
-303.5
 31
0.0
  0
LINE
  5
B14
330
1F
100
AcDbEntity
  8
0
  6
Continuous
 62
     7
370
    25
100
AcDbLine
 10
-53.03496
 20
-305.0
 30
0.0
 11
-47.03496
 21
-305.0
 31
0.0
  0
LINE
  5
B15
330
1F
100
AcDbEntity
  8
0
  6
Continuous
 62
     7
370
    25
100
AcDbLine
 10
-45.53496
 20
-303.5
 30
0.0
 11
-45.53496
 21
-300.5
 31
0.0
  0
LINE
  5
B16
330
1F
100
AcDbEntity
  8
0
  6
Continuous
 62
     7
370
    25
100
AcDbLine
 10
-47.03496
 20
-299.0
 30
0.0
 11
-53.03496
 21
-299.0
 31
0.0
  0
LINE
  5
B17
330
1F
100
AcDbEntity
  8
0
  6
Continuous
 62
     7
370
    25
100
AcDbLine
 10
-21.20163
 20
-300.5
 30
0.0
 11
-21.20163
 21
-303.5
 31
0.0
  0
LINE
  5
B18
330
1F
100
AcDbEntity
  8
0
  6
Continuous
 62
     7
370
    25
100
AcDbLine
 10
-19.70163
 20
-305.0
 30
0.0
 11
-13.70163
 21
-305.0
 31
0.0
  0
LINE
  5
B19
330
1F
100
AcDbEntity
  8
0
  6
Continuous
 62
     7
370
    25
100
AcDbLine
 10
-12.20163
 20
-303.5
 30
0.0
 11
-12.20163
 21
-300.5
 31
0.0
  0
LINE
  5
B1A
330
1F
100
AcDbEntity
  8
0
  6
Continuous
 62
     7
370
    25
100
AcDbLine
 10
-13.70163
 20
-299.0
 30
0.0
 11
-19.70163
 21
-299.0
 31
0.0
  0
LINE
  5
B1B
330
1F
100
AcDbEntity
  8
0
  6
Continuous
 62
     7
370
    25
100
AcDbLine
 10
12.1317
 20
-300.5
 30
0.0
 11
12.1317
 21
-303.5
 31
0.0
  0
LINE
  5
B1C
330
1F
100
AcDbEntity
  8
0
  6
Continuous
 62
     7
370
    25
100
AcDbLine
 10
13.6317
 20
-305.0
 30
0.0
 11
19.6317
 21
-305.0
 31
0.0
  0
LINE
  5
B1D
330
1F
100
AcDbEntity
  8
0
  6
Continuous
 62
     7
370
    25
100
AcDbLine
 10
21.1317
 20
-303.5
 30
0.0
 11
21.1317
 21
-300.5
 31
0.0
  0
LINE
  5
B1E
330
1F
100
AcDbEntity
  8
0
  6
Continuous
 62
     7
370
    25
100
AcDbLine
 10
19.6317
 20
-299.0
 30
0.0
 11
13.6317
 21
-299.0
 31
0.0
  0
LINE
  5
B1F
330
1F
100
AcDbEntity
  8
0
  6
Continuous
 62
     7
370
    25
100
AcDbLine
 10
45.46503
 20
-300.5
 30
0.0
 11
45.46503
 21
-303.5
 31
0.0
  0
LINE
  5
B20
330
1F
100
AcDbEntity
  8
0
  6
Continuous
 62
     7
370
    25
100
AcDbLine
 10
46.96503
 20
-305.0
 30
0.0
 11
52.96503
 21
-305.0
 31
0.0
  0
LINE
  5
B21
330
1F
100
AcDbEntity
  8
0
  6
Continuous
 62
     7
370
    25
100
AcDbLine
 10
54.46503
 20
-303.5
 30
0.0
 11
54.46503
 21
-300.5
 31
0.0
  0
LINE
  5
B22
330
1F
100
AcDbEntity
  8
0
  6
Continuous
 62
     7
370
    25
100
AcDbLine
 10
52.96503
 20
-299.0
 30
0.0
 11
46.96503
 21
-299.0
 31
0.0
  0
LINE
  5
B23
330
1F
100
AcDbEntity
  8
0
  6
Continuous
 62
     7
370
    25
100
AcDbLine
 10
78.79836
 20
-300.5
 30
0.0
 11
78.79836
 21
-303.5
 31
0.0
  0
LINE
  5
B24
330
1F
100
AcDbEntity
  8
0
  6
Continuous
 62
     7
370
    25
100
AcDbLine
 10
80.29836
 20
-305.0
 30
0.0
 11
86.29836
 21
-305.0
 31
0.0
  0
LINE
  5
B25
330
1F
100
AcDbEntity
  8
0
  6
Continuous
 62
     7
370
    25
100
AcDbLine
 10
87.79836
 20
-303.5
 30
0.0
 11
87.79836
 21
-300.5
 31
0.0
  0
LINE
  5
B26
330
1F
100
AcDbEntity
  8
0
  6
Continuous
 62
     7
370
    25
100
AcDbLine
 10
86.29836
 20
-299.0
 30
0.0
 11
80.29836
 21
-299.0
 31
0.0
  0
LINE
  5
B27
330
1F
100
AcDbEntity
  8
0
  6
Continuous
 62
     7
370
    25
100
AcDbLine
 10
112.13169
 20
-300.5
 30
0.0
 11
112.13169
 21
-303.5
 31
0.0
  0
LINE
  5
B28
330
1F
100
AcDbEntity
  8
0
  6
Continuous
 62
     7
370
    25
100
AcDbLine
 10
113.63169
 20
-305.0
 30
0.0
 11
119.63169
 21
-305.0
 31
0.0
  0
LINE
  5
B29
330
1F
100
AcDbEntity
  8
0
  6
Continuous
 62
     7
370
    25
100
AcDbLine
 10
121.13169
 20
-303.5
 30
0.0
 11
121.13169
 21
-300.5
 31
0.0
  0
LINE
  5
B2A
330
1F
100
AcDbEntity
  8
0
  6
Continuous
 62
     7
370
    25
100
AcDbLine
 10
119.63169
 20
-299.0
 30
0.0
 11
113.63169
 21
-299.0
 31
0.0
  0
LINE
  5
B2B
330
1F
100
AcDbEntity
  8
0
  6
Continuous
 62
     7
370
    25
100
AcDbLine
 10
145.46502
 20
-300.5
 30
0.0
 11
145.46502
 21
-303.5
 31
0.0
  0
LINE
  5
B2C
330
1F
100
AcDbEntity
  8
0
  6
Continuous
 62
     7
370
    25
100
AcDbLine
 10
146.96502
 20
-305.0
 30
0.0
 11
152.96502
 21
-305.0
 31
0.0
  0
LINE
  5
B2D
330
1F
100
AcDbEntity
  8
0
  6
Continuous
 62
     7
370
    25
100
AcDbLine
 10
154.46502
 20
-303.5
 30
0.0
 11
154.46502
 21
-300.5
 31
0.0
  0
LINE
  5
B2E
330
1F
100
AcDbEntity
  8
0
  6
Continuous
 62
     7
370
    25
100
AcDbLine
 10
152.96502
 20
-299.0
 30
0.0
 11
146.96502
 21
-299.0
 31
0.0
  0
LINE
  5
B2F
330
1F
100
AcDbEntity
  8
0
  6
Continuous
 62
     7
370
    25
100
AcDbLine
 10
178.79835
 20
-300.5
 30
0.0
 11
178.79835
 21
-303.5
 31
0.0
  0
LINE
  5
B30
330
1F
100
AcDbEntity
  8
0
  6
Continuous
 62
     7
370
    25
100
AcDbLine
 10
180.29835
 20
-305.0
 30
0.0
 11
186.29835
 21
-305.0
 31
0.0
  0
LINE
  5
B31
330
1F
100
AcDbEntity
  8
0
  6
Continuous
 62
     7
370
    25
100
AcDbLine
 10
187.79835
 20
-303.5
 30
0.0
 11
187.79835
 21
-300.5
 31
0.0
  0
LINE
  5
B32
330
1F
100
AcDbEntity
  8
0
  6
Continuous
 62
     7
370
    25
100
AcDbLine
 10
186.29835
 20
-299.0
 30
0.0
 11
180.29835
 21
-299.0
 31
0.0
  0
LINE
  5
B33
330
1F
100
AcDbEntity
  8
0
  6
Continuous
 62
     7
370
    25
100
AcDbLine
 10
212.13168
 20
-300.5
 30
0.0
 11
212.13168
 21
-303.5
 31
0.0
  0
LINE
  5
B34
330
1F
100
AcDbEntity
  8
0
  6
Continuous
 62
     7
370
    25
100
AcDbLine
 10
213.63168
 20
-305.0
 30
0.0
 11
219.63168
 21
-305.0
 31
0.0
  0
LINE
  5
B35
330
1F
100
AcDbEntity
  8
0
  6
Continuous
 62
     7
370
    25
100
AcDbLine
 10
221.13168
 20
-303.5
 30
0.0
 11
221.13168
 21
-300.5
 31
0.0
  0
LINE
  5
B36
330
1F
100
AcDbEntity
  8
0
  6
Continuous
 62
     7
370
    25
100
AcDbLine
 10
219.63168
 20
-299.0
 30
0.0
 11
213.63168
 21
-299.0
 31
0.0
  0
LINE
  5
B37
330
1F
100
AcDbEntity
  8
0
  6
Continuous
 62
     7
370
    25
100
AcDbLine
 10
245.46501
 20
-300.5
 30
0.0
 11
245.46501
 21
-303.5
 31
0.0
  0
LINE
  5
B38
330
1F
100
AcDbEntity
  8
0
  6
Continuous
 62
     7
370
    25
100
AcDbLine
 10
246.96501
 20
-305.0
 30
0.0
 11
252.96501
 21
-305.0
 31
0.0
  0
LINE
  5
B39
330
1F
100
AcDbEntity
  8
0
  6
Continuous
 62
     7
370
    25
100
AcDbLine
 10
254.46501
 20
-303.5
 30
0.0
 11
254.46501
 21
-300.5
 31
0.0
  0
LINE
  5
B3A
330
1F
100
AcDbEntity
  8
0
  6
Continuous
 62
     7
370
    25
100
AcDbLine
 10
252.96501
 20
-299.0
 30
0.0
 11
246.96501
 21
-299.0
 31
0.0
  0
LINE
  5
B3B
330
1F
100
AcDbEntity
  8
0
  6
Continuous
 62
     7
370
    25
100
AcDbLine
 10
278.79834
 20
-300.5
 30
0.0
 11
278.79834
 21
-303.5
 31
0.0
  0
LINE
  5
B3C
330
1F
100
AcDbEntity
  8
0
  6
Continuous
 62
     7
370
    25
100
AcDbLine
 10
280.29834
 20
-305.0
 30
0.0
 11
286.29834
 21
-305.0
 31
0.0
  0
LINE
  5
B3D
330
1F
100
AcDbEntity
  8
0
  6
Continuous
 62
     7
370
    25
100
AcDbLine
 10
287.79834
 20
-303.5
 30
0.0
 11
287.79834
 21
-300.5
 31
0.0
  0
LINE
  5
B3E
330
1F
100
AcDbEntity
  8
0
  6
Continuous
 62
     7
370
    25
100
AcDbLine
 10
286.29834
 20
-299.0
 30
0.0
 11
280.29834
 21
-299.0
 31
0.0
  0
LINE
  5
B3F
330
1F
100
AcDbEntity
  8
0
  6
Continuous
 62
     7
370
    25
100
AcDbLine
 10
483.0
 20
450.0
 30
0.0
 11
-483.0
 21
450.0
 31
0.0
  0
LINE
  5
B40
330
1F
100
AcDbEntity
  8
0
  6
Continuous
 62
     7
370
    25
100
AcDbLine
 10
483.0
 20
-450.0
 30
0.0
 11
483.0
 21
450.0
 31
0.0
  0
LINE
  5
B41
330
1F
100
AcDbEntity
  8
0
  6
Continuous
 62
     7
370
    25
100
AcDbLine
 10
-483.0
 20
-450.0
 30
0.0
 11
483.0
 21
-450.0
 31
0.0
  0
LINE
  5
B42
330
1F
100
AcDbEntity
  8
0
  6
Continuous
 62
     7
370
    25
100
AcDbLine
 10
-483.0
 20
450.0
 30
0.0
 11
-483.0
 21
-450.0
 31
0.0
  0
LINE
  5
B43
330
1F
100
AcDbEntity
  8
0
  6
Continuous
 62
     7
370
    25
100
AcDbLine
 10
346.965
 20
-305.0
 30
0.0
 11
352.965
 21
-305.0
 31
0.0
  0
LINE
  5
B44
330
1F
100
AcDbEntity
  8
0
  6
Continuous
 62
     7
370
    25
100
AcDbLine
 10
354.465
 20
-303.5
 30
0.0
 11
354.465
 21
-300.5
 31
0.0
  0
LINE
  5
B45
330
1F
100
AcDbEntity
  8
0
  6
Continuous
 62
     7
370
    25
100
AcDbLine
 10
352.965
 20
-299.0
 30
0.0
 11
346.965
 21
-299.0
 31
0.0
  0
LINE
  5
B46
330
1F
100
AcDbEntity
  8
0
  6
Continuous
 62
     7
370
    25
100
AcDbLine
 10
345.465
 20
-300.5
 30
0.0
 11
345.465
 21
-303.5
 31
0.0
  0
LINE
  5
B47
330
1F
100
AcDbEntity
  8
0
  6
Continuous
 62
     7
370
    25
100
AcDbLine
 10
313.63167
 20
-305.0
 30
0.0
 11
319.63167
 21
-305.0
 31
0.0
  0
LINE
  5
B48
330
1F
100
AcDbEntity
  8
0
  6
Continuous
 62
     7
370
    25
100
AcDbLine
 10
321.13167
 20
-303.5
 30
0.0
 11
321.13167
 21
-300.5
 31
0.0
  0
LINE
  5
B49
330
1F
100
AcDbEntity
  8
0
  6
Continuous
 62
     7
370
    25
100
AcDbLine
 10
319.63167
 20
-299.0
 30
0.0
 11
313.63167
 21
-299.0
 31
0.0
  0
LINE
  5
B4A
330
1F
100
AcDbEntity
  8
0
  6
Continuous
 62
     7
370
    25
100
AcDbLine
 10
312.13167
 20
-300.5
 30
0.0
 11
312.13167
 21
-303.5
 31
0.0
  0
LINE
  5
B4B
330
1F
100
AcDbEntity
  8
0
  6
Continuous
 62
     7
370
    25
100
AcDbLine
 10
-413.6506475871
 20
387.149671665
 30
0.0
 11
-413.6506475871
 21
390.149671665
 31
0.0
  0
LINE
  5
B4C
330
1F
100
AcDbEntity
  8
0
  6
Continuous
 62
     7
370
    25
100
AcDbLine
 10
-415.1506475871
 20
391.649671665
 30
0.0
 11
-419.1506475871
 21
391.649671665
 31
0.0
  0
LINE
  5
B4D
330
1F
100
AcDbEntity
  8
0
  6
Continuous
 62
     7
370
    25
100
AcDbLine
 10
-420.6506475871
 20
390.149671665
 30
0.0
 11
-420.6506475871
 21
387.149671665
 31
0.0
  0
LINE
  5
B4E
330
1F
100
AcDbEntity
  8
0
  6
Continuous
 62
     7
370
    25
100
AcDbLine
 10
-419.1506475871
 20
385.649671665
 30
0.0
 11
-415.1506475871
 21
385.649671665
 31
0.0
  0
LINE
  5
B4F
330
1F
100
AcDbEntity
  8
0
  6
Continuous
 62
     7
370
    25
100
AcDbLine
 10
-420.6506475871
 20
-390.149671665
 30
0.0
 11
-420.6506475871
 21
-387.149671665
 31
0.0
  0
LINE
  5
B50
330
1F
100
AcDbEntity
  8
0
  6
Continuous
 62
     7
370
    25
100
AcDbLine
 10
-415.1506475871
 20
-391.649671665
 30
0.0
 11
-419.1506475871
 21
-391.649671665
 31
0.0
  0
LINE
  5
B51
330
1F
100
AcDbEntity
  8
0
  6
Continuous
 62
     7
370
    25
100
AcDbLine
 10
-413.6506475871
 20
-387.149671665
 30
0.0
 11
-413.6506475871
 21
-390.149671665
 31
0.0
  0
LINE
  5
B52
330
1F
100
AcDbEntity
  8
0
  6
Continuous
 62
     7
370
    25
100
AcDbLine
 10
-419.1506475871
 20
-385.649671665
 30
0.0
 11
-415.1506475871
 21
-385.649671665
 31
0.0
  0
LINE
  5
B53
330
1F
100
AcDbEntity
  8
0
  6
Continuous
 62
     7
370
    25
100
AcDbLine
 10
385.0
 20
430.0
 30
0.0
 11
398.8254977663
 21
430.0
 31
0.0
  0
LINE
  5
B54
330
1F
100
AcDbEntity
  8
0
  6
Continuous
 62
     7
370
    25
100
AcDbLine
 10
-295.0
 20
430.0
 30
0.0
 11
295.0
 21
430.0
 31
0.0
  0
ARC
  5
B55
330
1F
100
AcDbEntity
  8
0
  6
Continuous
 62
     7
370
    25
100
AcDbCircle
 10
340.0
 20
412.5
 30
0.0
 40
2.550000000000011
100
AcDbArc
 50
0.0
 51
180.0
  0
ARC
  5
B56
330
1F
100
AcDbEntity
  8
0
  6
Continuous
 62
     7
370
    25
100
AcDbCircle
 10
340.0
 20
397.5
 30
0.0
 40
7.499999999999995
100
AcDbArc
 50
109.8768740701
 51
70.1231259299
  0
ARC
  5
B57
330
1F
100
AcDbEntity
  8
0
  6
Continuous
 62
     7
370
    25
100
AcDbCircle
 10
-340.0
 20
397.5
 30
0.0
 40
7.500000000000189
100
AcDbArc
 50
109.8768740701
 51
70.1231259299
  0
ARC
  5
B58
330
1F
100
AcDbEntity
  8
0
  6
Continuous
 62
     7
370
    25
100
AcDbCircle
 10
-340.0
 20
412.5
 30
0.0
 40
2.550000000000011
100
AcDbArc
 50
0.0
 51
180.0
  0
ARC
  5
B59
330
1F
100
AcDbEntity
  8
0
  6
Continuous
 62
     7
370
    25
100
AcDbCircle
 10
-459.6748501792
 20
-426.6748501792
 30
0.0
 40
3.325149820839215
100
AcDbArc
 50
180.0
 51
270.0
  0
ARC
  5
B5A
330
1F
100
AcDbEntity
  8
0
  6
Continuous
 62
     7
370
    25
100
AcDbCircle
 10
-435.475797408
 20
-426.6748501792
 30
0.0
 40
3.325149820839101
100
AcDbArc
 50
270.0
 51
0.0
  0
ARC
  5
B5B
330
1F
100
AcDbEntity
  8
0
  6
Continuous
 62
     7
370
    25
100
AcDbCircle
 10
-428.8254977663
 20
-376.9748214859
 30
0.0
 40
3.325149820838874
100
AcDbArc
 50
90.0
 51
180.0
  0
ARC
  5
B5C
330
1F
100
AcDbEntity
  8
0
  6
Continuous
 62
     7
370
    25
100
AcDbCircle
 10
-405.475797408
 20
-376.9748214859
 30
0.0
 40
3.325149820839101
100
AcDbArc
 50
0.0
 51
90.0
  0
ARC
  5
B5D
330
1F
100
AcDbEntity
  8
0
  6
Continuous
 62
     7
370
    25
100
AcDbCircle
 10
-398.8254977663
 20
-426.6748501792
 30
0.0
 40
3.325149820839101
100
AcDbArc
 50
180.0
 51
270.0
  0
ARC
  5
B5E
330
1F
100
AcDbEntity
  8
0
  6
Continuous
 62
     7
370
    25
100
AcDbCircle
 10
-375.1748501792
 20
337.1748501792
 30
0.0
 40
3.325149820839101
100
AcDbArc
 50
90.0
 51
180.0
  0
ARC
  5
B5F
330
1F
100
AcDbEntity
  8
0
  6
Continuous
 62
     7
370
    25
100
AcDbCircle
 10
375.1748501792
 20
337.1748501792
 30
0.0
 40
3.325149820838476
100
AcDbArc
 50
360.0
 51
90.0
  0
ARC
  5
B60
330
1F
100
AcDbEntity
  8
0
  6
Continuous
 62
     7
370
    25
100
AcDbCircle
 10
398.8254977663
 20
-426.6748501792
 30
0.0
 40
3.325149820839101
100
AcDbArc
 50
270.0
 51
0.0
  0
ARC
  5
B61
330
1F
100
AcDbEntity
  8
0
  6
Continuous
 62
     7
370
    25
100
AcDbCircle
 10
405.475797408
 20
-376.9748214859
 30
0.0
 40
3.325149820838931
100
AcDbArc
 50
90.0
 51
180.0
  0
ARC
  5
B62
330
1F
100
AcDbEntity
  8
0
  6
Continuous
 62
     7
370
    25
100
AcDbCircle
 10
428.8254977663
 20
-376.9748214859
 30
0.0
 40
3.325149820839101
100
AcDbArc
 50
0.0
 51
90.0
  0
ARC
  5
B63
330
1F
100
AcDbEntity
  8
0
  6
Continuous
 62
     7
370
    25
100
AcDbCircle
 10
435.475797408
 20
-426.6748501792
 30
0.0
 40
3.325149820839158
100
AcDbArc
 50
180.0
 51
270.0
  0
ARC
  5
B64
330
1F
100
AcDbEntity
  8
0
  6
Continuous
 62
     7
370
    25
100
AcDbCircle
 10
459.6748501792
 20
-426.6748501792
 30
0.0
 40
3.325149820839158
100
AcDbArc
 50
270.0
 51
0.0
  0
ARC
  5
B65
330
1F
100
AcDbEntity
  8
0
  6
Continuous
 62
     7
370
    25
100
AcDbCircle
 10
459.6748501792
 20
426.6748501792
 30
0.0
 40
3.325149820839158
100
AcDbArc
 50
0.0
 51
90.0
  0
ARC
  5
B66
330
1F
100
AcDbEntity
  8
0
  6
Continuous
 62
     7
370
    25
100
AcDbCircle
 10
435.475797408
 20
426.6748501792
 30
0.0
 40
3.325149820839101
100
AcDbArc
 50
90.0
 51
180.0
  0
ARC
  5
B67
330
1F
100
AcDbEntity
  8
0
  6
Continuous
 62
     7
370
    25
100
AcDbCircle
 10
428.8254977663
 20
376.9748214859
 30
0.0
 40
3.325149820838931
100
AcDbArc
 50
270.0
 51
0.0
  0
ARC
  5
B68
330
1F
100
AcDbEntity
  8
0
  6
Continuous
 62
     7
370
    25
100
AcDbCircle
 10
405.475797408
 20
376.9748214859
 30
0.0
 40
3.325149820839101
100
AcDbArc
 50
180.0
 51
270.0
  0
ARC
  5
B69
330
1F
100
AcDbEntity
  8
0
  6
Continuous
 62
     7
370
    25
100
AcDbCircle
 10
398.8254977663
 20
426.6748501792
 30
0.0
 40
3.325149820839158
100
AcDbArc
 50
0.0
 51
90.0
  0
ARC
  5
B6A
330
1F
100
AcDbEntity
  8
0
  6
Continuous
 62
     7
370
    25
100
AcDbCircle
 10
385.0
 20
410.0
 30
0.0
 40
20.00000000000034
100
AcDbArc
 50
90.0
 51
180.0
  0
ARC
  5
B6B
330
1F
100
AcDbEntity
  8
0
  6
Continuous
 62
     7
370
    25
100
AcDbCircle
 10
345.0
 20
400.0
 30
0.0
 40
20.0
100
AcDbArc
 50
270.0
 51
0.0
  0
ARC
  5
B6C
330
1F
100
AcDbEntity
  8
0
  6
Continuous
 62
     7
370
    25
100
AcDbCircle
 10
335.0
 20
400.0
 30
0.0
 40
20.0
100
AcDbArc
 50
180.0
 51
270.0
  0
ARC
  5
B6D
330
1F
100
AcDbEntity
  8
0
  6
Continuous
 62
     7
370
    25
100
AcDbCircle
 10
295.0
 20
410.0
 30
0.0
 40
19.99999999999977
100
AcDbArc
 50
360.0
 51
90.0
  0
ARC
  5
B6E
330
1F
100
AcDbEntity
  8
0
  6
Continuous
 62
     7
370
    25
100
AcDbCircle
 10
-295.0
 20
410.0
 30
0.0
 40
19.99999999999744
100
AcDbArc
 50
90.0
 51
180.0
  0
ARC
  5
B6F
330
1F
100
AcDbEntity
  8
0
  6
Continuous
 62
     7
370
    25
100
AcDbCircle
 10
-335.0
 20
400.0
 30
0.0
 40
19.99999999999994
100
AcDbArc
 50
270.0
 51
0.0
  0
ARC
  5
B70
330
1F
100
AcDbEntity
  8
0
  6
Continuous
 62
     7
370
    25
100
AcDbCircle
 10
-345.0
 20
400.0
 30
0.0
 40
20.00000000000006
100
AcDbArc
 50
180.0
 51
270.0
  0
ARC
  5
B71
330
1F
100
AcDbEntity
  8
0
  6
Continuous
 62
     7
370
    25
100
AcDbCircle
 10
-385.0
 20
410.0
 30
0.0
 40
20.00000000000017
100
AcDbArc
 50
0.0
 51
90.0
  0
ARC
  5
B72
330
1F
100
AcDbEntity
  8
0
  6
Continuous
 62
     7
370
    25
100
AcDbCircle
 10
-398.8254977663
 20
426.6748501792
 30
0.0
 40
3.325149820839101
100
AcDbArc
 50
90.0
 51
180.0
  0
ARC
  5
B73
330
1F
100
AcDbEntity
  8
0
  6
Continuous
 62
     7
370
    25
100
AcDbCircle
 10
-405.475797408
 20
376.9748214859
 30
0.0
 40
3.325149820838988
100
AcDbArc
 50
270.0
 51
0.0
  0
ARC
  5
B74
330
1F
100
AcDbEntity
  8
0
  6
Continuous
 62
     7
370
    25
100
AcDbCircle
 10
-428.8254977663
 20
376.9748214859
 30
0.0
 40
3.325149820838931
100
AcDbArc
 50
180.0
 51
270.0
  0
ARC
  5
B75
330
1F
100
AcDbEntity
  8
0
  6
Continuous
 62
     7
370
    25
100
AcDbCircle
 10
-435.475797408
 20
426.6748501792
 30
0.0
 40
3.325149820839101
100
AcDbArc
 50
0.0
 51
90.0
  0
ARC
  5
B76
330
1F
100
AcDbEntity
  8
0
  6
Continuous
 62
     7
370
    25
100
AcDbCircle
 10
-459.6748501792
 20
426.6748501792
 30
0.0
 40
3.325149820839272
100
AcDbArc
 50
90.0
 51
180.0
  0
ARC
  5
B77
330
1F
100
AcDbEntity
  8
0
  6
Continuous
 62
     7
370
    25
100
AcDbCircle
 10
415.1506475871
 20
-390.149671665
 30
0.0
 40
1.5
100
AcDbArc
 50
180.0
 51
270.0
  0
ARC
  5
B78
330
1F
100
AcDbEntity
  8
0
  6
Continuous
 62
     7
370
    25
100
AcDbCircle
 10
419.1506475871
 20
-390.149671665
 30
0.0
 40
1.5
100
AcDbArc
 50
270.0
 51
0.0
  0
ARC
  5
B79
330
1F
100
AcDbEntity
  8
0
  6
Continuous
 62
     7
370
    25
100
AcDbCircle
 10
419.1506475871
 20
-387.149671665
 30
0.0
 40
1.500000000000057
100
AcDbArc
 50
0.0
 51
90.0
  0
ARC
  5
B7A
330
1F
100
AcDbEntity
  8
0
  6
Continuous
 62
     7
370
    25
100
AcDbCircle
 10
415.1506475871
 20
-387.149671665
 30
0.0
 40
1.500000000000057
100
AcDbArc
 50
90.0
 51
180.0
  0
ARC
  5
B7B
330
1F
100
AcDbEntity
  8
0
  6
Continuous
 62
     7
370
    25
100
AcDbCircle
 10
419.1506475871
 20
387.149671665
 30
0.0
 40
1.499999999999943
100
AcDbArc
 50
270.0
 51
0.0
  0
ARC
  5
B7C
330
1F
100
AcDbEntity
  8
0
  6
Continuous
 62
     7
370
    25
100
AcDbCircle
 10
419.1506475871
 20
390.149671665
 30
0.0
 40
1.499999999999943
100
AcDbArc
 50
360.0
 51
90.0
  0
ARC
  5
B7D
330
1F
100
AcDbEntity
  8
0
  6
Continuous
 62
     7
370
    25
100
AcDbCircle
 10
415.1506475871
 20
390.149671665
 30
0.0
 40
1.499999999999943
100
AcDbArc
 50
90.0
 51
180.0
  0
ARC
  5
B7E
330
1F
100
AcDbEntity
  8
0
  6
Continuous
 62
     7
370
    25
100
AcDbCircle
 10
415.1506475871
 20
387.149671665
 30
0.0
 40
1.499999999999943
100
AcDbArc
 50
180.0
 51
270.0
  0
ARC
  5
B7F
330
1F
100
AcDbEntity
  8
0
  6
Continuous
 62
     7
370
    25
100
AcDbCircle
 10
-353.03493
 20
290.5
 30
0.0
 40
1.500000000000057
100
AcDbArc
 50
180.0
 51
270.0
  0
ARC
  5
B80
330
1F
100
AcDbEntity
  8
0
  6
Continuous
 62
     7
370
    25
100
AcDbCircle
 10
-347.03493
 20
290.5
 30
0.0
 40
1.500000000000114
100
AcDbArc
 50
270.0
 51
360.0
  0
ARC
  5
B81
330
1F
100
AcDbEntity
  8
0
  6
Continuous
 62
     7
370
    25
100
AcDbCircle
 10
-347.03493
 20
293.5
 30
0.0
 40
1.500000000000171
100
AcDbArc
 50
0.0
 51
90.0
  0
ARC
  5
B82
330
1F
100
AcDbEntity
  8
0
  6
Continuous
 62
     7
370
    25
100
AcDbCircle
 10
-353.03493
 20
293.5
 30
0.0
 40
1.500000000000341
100
AcDbArc
 50
90.0
 51
180.0
  0
ARC
  5
B83
330
1F
100
AcDbEntity
  8
0
  6
Continuous
 62
     7
370
    25
100
AcDbCircle
 10
-319.7016
 20
290.5
 30
0.0
 40
1.500000000000057
100
AcDbArc
 50
180.0
 51
270.0
  0
ARC
  5
B84
330
1F
100
AcDbEntity
  8
0
  6
Continuous
 62
     7
370
    25
100
AcDbCircle
 10
-313.7016
 20
290.5
 30
0.0
 40
1.500000000000114
100
AcDbArc
 50
270.0
 51
360.0
  0
ARC
  5
B85
330
1F
100
AcDbEntity
  8
0
  6
Continuous
 62
     7
370
    25
100
AcDbCircle
 10
-313.7016
 20
293.5
 30
0.0
 40
1.500000000000171
100
AcDbArc
 50
0.0
 51
90.0
  0
ARC
  5
B86
330
1F
100
AcDbEntity
  8
0
  6
Continuous
 62
     7
370
    25
100
AcDbCircle
 10
-319.7016
 20
293.5
 30
0.0
 40
1.500000000000341
100
AcDbArc
 50
90.0
 51
180.0
  0
ARC
  5
B87
330
1F
100
AcDbEntity
  8
0
  6
Continuous
 62
     7
370
    25
100
AcDbCircle
 10
-286.36827
 20
290.5
 30
0.0
 40
1.500000000000057
100
AcDbArc
 50
180.0
 51
270.0
  0
ARC
  5
B88
330
1F
100
AcDbEntity
  8
0
  6
Continuous
 62
     7
370
    25
100
AcDbCircle
 10
-280.36827
 20
290.5
 30
0.0
 40
1.500000000000114
100
AcDbArc
 50
270.0
 51
360.0
  0
ARC
  5
B89
330
1F
100
AcDbEntity
  8
0
  6
Continuous
 62
     7
370
    25
100
AcDbCircle
 10
-280.36827
 20
293.5
 30
0.0
 40
1.500000000000114
100
AcDbArc
 50
0.0
 51
90.0
  0
ARC
  5
B8A
330
1F
100
AcDbEntity
  8
0
  6
Continuous
 62
     7
370
    25
100
AcDbCircle
 10
-286.36827
 20
293.5
 30
0.0
 40
1.500000000000341
100
AcDbArc
 50
90.0
 51
180.0
  0
ARC
  5
B8B
330
1F
100
AcDbEntity
  8
0
  6
Continuous
 62
     7
370
    25
100
AcDbCircle
 10
-253.03494
 20
290.5
 30
0.0
 40
1.500000000000057
100
AcDbArc
 50
180.0
 51
270.0
  0
ARC
  5
B8C
330
1F
100
AcDbEntity
  8
0
  6
Continuous
 62
     7
370
    25
100
AcDbCircle
 10
-247.03494
 20
290.5
 30
0.0
 40
1.500000000000114
100
AcDbArc
 50
270.0
 51
360.0
  0
ARC
  5
B8D
330
1F
100
AcDbEntity
  8
0
  6
Continuous
 62
     7
370
    25
100
AcDbCircle
 10
-247.03494
 20
293.5
 30
0.0
 40
1.500000000000057
100
AcDbArc
 50
0.0
 51
90.0
  0
ARC
  5
B8E
330
1F
100
AcDbEntity
  8
0
  6
Continuous
 62
     7
370
    25
100
AcDbCircle
 10
-253.03494
 20
293.5
 30
0.0
 40
1.500000000000341
100
AcDbArc
 50
90.0
 51
180.0
  0
ARC
  5
B8F
330
1F
100
AcDbEntity
  8
0
  6
Continuous
 62
     7
370
    25
100
AcDbCircle
 10
-219.70161
 20
290.5
 30
0.0
 40
1.5
100
AcDbArc
 50
180.0
 51
270.0
  0
ARC
  5
B90
330
1F
100
AcDbEntity
  8
0
  6
Continuous
 62
     7
370
    25
100
AcDbCircle
 10
-213.70161
 20
290.5
 30
0.0
 40
1.500000000000114
100
AcDbArc
 50
270.0
 51
360.0
  0
ARC
  5
B91
330
1F
100
AcDbEntity
  8
0
  6
Continuous
 62
     7
370
    25
100
AcDbCircle
 10
-213.70161
 20
293.5
 30
0.0
 40
1.500000000000057
100
AcDbArc
 50
0.0
 51
90.0
  0
ARC
  5
B92
330
1F
100
AcDbEntity
  8
0
  6
Continuous
 62
     7
370
    25
100
AcDbCircle
 10
-219.70161
 20
293.5
 30
0.0
 40
1.500000000000227
100
AcDbArc
 50
90.0
 51
180.0
  0
ARC
  5
B93
330
1F
100
AcDbEntity
  8
0
  6
Continuous
 62
     7
370
    25
100
AcDbCircle
 10
-186.36828
 20
290.5
 30
0.0
 40
1.500000000000057
100
AcDbArc
 50
180.0
 51
270.0
  0
ARC
  5
B94
330
1F
100
AcDbEntity
  8
0
  6
Continuous
 62
     7
370
    25
100
AcDbCircle
 10
-180.36828
 20
290.5
 30
0.0
 40
1.500000000000114
100
AcDbArc
 50
270.0
 51
360.0
  0
ARC
  5
B95
330
1F
100
AcDbEntity
  8
0
  6
Continuous
 62
     7
370
    25
100
AcDbCircle
 10
-180.36828
 20
293.5
 30
0.0
 40
1.500000000000057
100
AcDbArc
 50
0.0
 51
90.0
  0
ARC
  5
B96
330
1F
100
AcDbEntity
  8
0
  6
Continuous
 62
     7
370
    25
100
AcDbCircle
 10
-186.36828
 20
293.5
 30
0.0
 40
1.500000000000227
100
AcDbArc
 50
90.0
 51
180.0
  0
ARC
  5
B97
330
1F
100
AcDbEntity
  8
0
  6
Continuous
 62
     7
370
    25
100
AcDbCircle
 10
-153.03495
 20
290.5
 30
0.0
 40
1.500000000000057
100
AcDbArc
 50
180.0
 51
270.0
  0
ARC
  5
B98
330
1F
100
AcDbEntity
  8
0
  6
Continuous
 62
     7
370
    25
100
AcDbCircle
 10
-147.03495
 20
290.5
 30
0.0
 40
1.500000000000114
100
AcDbArc
 50
270.0
 51
360.0
  0
ARC
  5
B99
330
1F
100
AcDbEntity
  8
0
  6
Continuous
 62
     7
370
    25
100
AcDbCircle
 10
-147.03495
 20
293.5
 30
0.0
 40
1.500000000000085
100
AcDbArc
 50
0.0
 51
90.0
  0
ARC
  5
B9A
330
1F
100
AcDbEntity
  8
0
  6
Continuous
 62
     7
370
    25
100
AcDbCircle
 10
-153.03495
 20
293.5
 30
0.0
 40
1.500000000000284
100
AcDbArc
 50
90.0
 51
180.0
  0
ARC
  5
B9B
330
1F
100
AcDbEntity
  8
0
  6
Continuous
 62
     7
370
    25
100
AcDbCircle
 10
-119.70162
 20
290.5
 30
0.0
 40
1.5
100
AcDbArc
 50
180.0
 51
270.0
  0
ARC
  5
B9C
330
1F
100
AcDbEntity
  8
0
  6
Continuous
 62
     7
370
    25
100
AcDbCircle
 10
-113.70162
 20
290.5
 30
0.0
 40
1.500000000000114
100
AcDbArc
 50
270.0
 51
360.0
  0
ARC
  5
B9D
330
1F
100
AcDbEntity
  8
0
  6
Continuous
 62
     7
370
    25
100
AcDbCircle
 10
-113.70162
 20
293.5
 30
0.0
 40
1.500000000000114
100
AcDbArc
 50
0.0
 51
90.0
  0
ARC
  5
B9E
330
1F
100
AcDbEntity
  8
0
  6
Continuous
 62
     7
370
    25
100
AcDbCircle
 10
-119.70162
 20
293.5
 30
0.0
 40
1.500000000000227
100
AcDbArc
 50
90.0
 51
180.0
  0
ARC
  5
B9F
330
1F
100
AcDbEntity
  8
0
  6
Continuous
 62
     7
370
    25
100
AcDbCircle
 10
-86.36829
 20
290.5
 30
0.0
 40
1.5
100
AcDbArc
 50
180.0
 51
270.0
  0
ARC
  5
BA0
330
1F
100
AcDbEntity
  8
0
  6
Continuous
 62
     7
370
    25
100
AcDbCircle
 10
-80.36829
 20
290.5
 30
0.0
 40
1.500000000000114
100
AcDbArc
 50
270.0
 51
360.0
  0
ARC
  5
BA1
330
1F
100
AcDbEntity
  8
0
  6
Continuous
 62
     7
370
    25
100
AcDbCircle
 10
-80.36829
 20
293.5
 30
0.0
 40
1.500000000000114
100
AcDbArc
 50
0.0
 51
90.0
  0
ARC
  5
BA2
330
1F
100
AcDbEntity
  8
0
  6
Continuous
 62
     7
370
    25
100
AcDbCircle
 10
-86.36829
 20
293.5
 30
0.0
 40
1.500000000000227
100
AcDbArc
 50
90.0
 51
180.0
  0
ARC
  5
BA3
330
1F
100
AcDbEntity
  8
0
  6
Continuous
 62
     7
370
    25
100
AcDbCircle
 10
-53.03496
 20
290.5
 30
0.0
 40
1.500000000000007
100
AcDbArc
 50
180.0
 51
270.0
  0
ARC
  5
BA4
330
1F
100
AcDbEntity
  8
0
  6
Continuous
 62
     7
370
    25
100
AcDbCircle
 10
-47.03496
 20
290.5
 30
0.0
 40
1.500000000000114
100
AcDbArc
 50
270.0
 51
360.0
  0
ARC
  5
BA5
330
1F
100
AcDbEntity
  8
0
  6
Continuous
 62
     7
370
    25
100
AcDbCircle
 10
-47.03496
 20
293.5
 30
0.0
 40
1.500000000000085
100
AcDbArc
 50
0.0
 51
90.0
  0
ARC
  5
BA6
330
1F
100
AcDbEntity
  8
0
  6
Continuous
 62
     7
370
    25
100
AcDbCircle
 10
-53.03496
 20
293.5
 30
0.0
 40
1.500000000000227
100
AcDbArc
 50
90.0
 51
180.0
  0
ARC
  5
BA7
330
1F
100
AcDbEntity
  8
0
  6
Continuous
 62
     7
370
    25
100
AcDbCircle
 10
-19.70163
 20
290.5
 30
0.0
 40
1.5
100
AcDbArc
 50
180.0
 51
270.0
  0
ARC
  5
BA8
330
1F
100
AcDbEntity
  8
0
  6
Continuous
 62
     7
370
    25
100
AcDbCircle
 10
-13.70163
 20
290.5
 30
0.0
 40
1.500000000000114
100
AcDbArc
 50
270.0
 51
360.0
  0
ARC
  5
BA9
330
1F
100
AcDbEntity
  8
0
  6
Continuous
 62
     7
370
    25
100
AcDbCircle
 10
-13.70163
 20
293.5
 30
0.0
 40
1.500000000000114
100
AcDbArc
 50
0.0
 51
90.0
  0
ARC
  5
BAA
330
1F
100
AcDbEntity
  8
0
  6
Continuous
 62
     7
370
    25
100
AcDbCircle
 10
-19.70163
 20
293.5
 30
0.0
 40
1.500000000000284
100
AcDbArc
 50
90.0
 51
180.0
  0
ARC
  5
BAB
330
1F
100
AcDbEntity
  8
0
  6
Continuous
 62
     7
370
    25
100
AcDbCircle
 10
13.6317
 20
290.5
 30
0.0
 40
1.5
100
AcDbArc
 50
180.0
 51
270.0
  0
ARC
  5
BAC
330
1F
100
AcDbEntity
  8
0
  6
Continuous
 62
     7
370
    25
100
AcDbCircle
 10
19.6317
 20
290.5
 30
0.0
 40
1.500000000000117
100
AcDbArc
 50
270.0
 51
360.0
  0
ARC
  5
BAD
330
1F
100
AcDbEntity
  8
0
  6
Continuous
 62
     7
370
    25
100
AcDbCircle
 10
19.6317
 20
293.5
 30
0.0
 40
1.500000000000114
100
AcDbArc
 50
0.0
 51
90.0
  0
ARC
  5
BAE
330
1F
100
AcDbEntity
  8
0
  6
Continuous
 62
     7
370
    25
100
AcDbCircle
 10
13.6317
 20
293.5
 30
0.0
 40
1.500000000000284
100
AcDbArc
 50
90.0
 51
180.0
  0
ARC
  5
BAF
330
1F
100
AcDbEntity
  8
0
  6
Continuous
 62
     7
370
    25
100
AcDbCircle
 10
46.96503
 20
290.5
 30
0.0
 40
1.5
100
AcDbArc
 50
180.0
 51
270.0
  0
ARC
  5
BB0
330
1F
100
AcDbEntity
  8
0
  6
Continuous
 62
     7
370
    25
100
AcDbCircle
 10
52.96503
 20
290.5
 30
0.0
 40
1.500000000000114
100
AcDbArc
 50
270.0
 51
360.0
  0
ARC
  5
BB1
330
1F
100
AcDbEntity
  8
0
  6
Continuous
 62
     7
370
    25
100
AcDbCircle
 10
52.96503
 20
293.5
 30
0.0
 40
1.500000000000114
100
AcDbArc
 50
0.0
 51
90.0
  0
ARC
  5
BB2
330
1F
100
AcDbEntity
  8
0
  6
Continuous
 62
     7
370
    25
100
AcDbCircle
 10
46.96503
 20
293.5
 30
0.0
 40
1.500000000000227
100
AcDbArc
 50
90.0
 51
180.0
  0
ARC
  5
BB3
330
1F
100
AcDbEntity
  8
0
  6
Continuous
 62
     7
370
    25
100
AcDbCircle
 10
80.29836
 20
290.5
 30
0.0
 40
1.5
100
AcDbArc
 50
180.0
 51
270.0
  0
ARC
  5
BB4
330
1F
100
AcDbEntity
  8
0
  6
Continuous
 62
     7
370
    25
100
AcDbCircle
 10
86.29836
 20
290.5
 30
0.0
 40
1.500000000000128
100
AcDbArc
 50
270.0
 51
360.0
  0
ARC
  5
BB5
330
1F
100
AcDbEntity
  8
0
  6
Continuous
 62
     7
370
    25
100
AcDbCircle
 10
86.29836
 20
293.5
 30
0.0
 40
1.500000000000128
100
AcDbArc
 50
0.0
 51
90.0
  0
ARC
  5
BB6
330
1F
100
AcDbEntity
  8
0
  6
Continuous
 62
     7
370
    25
100
AcDbCircle
 10
80.29836
 20
293.5
 30
0.0
 40
1.500000000000284
100
AcDbArc
 50
90.0
 51
180.0
  0
ARC
  5
BB7
330
1F
100
AcDbEntity
  8
0
  6
Continuous
 62
     7
370
    25
100
AcDbCircle
 10
113.63169
 20
290.5
 30
0.0
 40
1.500000000000014
100
AcDbArc
 50
180.0
 51
270.0
  0
ARC
  5
BB8
330
1F
100
AcDbEntity
  8
0
  6
Continuous
 62
     7
370
    25
100
AcDbCircle
 10
119.63169
 20
290.5
 30
0.0
 40
1.500000000000114
100
AcDbArc
 50
270.0
 51
360.0
  0
ARC
  5
BB9
330
1F
100
AcDbEntity
  8
0
  6
Continuous
 62
     7
370
    25
100
AcDbCircle
 10
119.63169
 20
293.5
 30
0.0
 40
1.500000000000114
100
AcDbArc
 50
0.0
 51
90.0
  0
ARC
  5
BBA
330
1F
100
AcDbEntity
  8
0
  6
Continuous
 62
     7
370
    25
100
AcDbCircle
 10
113.63169
 20
293.5
 30
0.0
 40
1.500000000000227
100
AcDbArc
 50
90.0
 51
180.0
  0
ARC
  5
BBB
330
1F
100
AcDbEntity
  8
0
  6
Continuous
 62
     7
370
    25
100
AcDbCircle
 10
146.96502
 20
290.5
 30
0.0
 40
1.5
100
AcDbArc
 50
180.0
 51
270.0
  0
ARC
  5
BBC
330
1F
100
AcDbEntity
  8
0
  6
Continuous
 62
     7
370
    25
100
AcDbCircle
 10
152.96502
 20
290.5
 30
0.0
 40
1.500000000000114
100
AcDbArc
 50
270.0
 51
360.0
  0
ARC
  5
BBD
330
1F
100
AcDbEntity
  8
0
  6
Continuous
 62
     7
370
    25
100
AcDbCircle
 10
152.96502
 20
293.5
 30
0.0
 40
1.500000000000057
100
AcDbArc
 50
0.0
 51
90.0
  0
ARC
  5
BBE
330
1F
100
AcDbEntity
  8
0
  6
Continuous
 62
     7
370
    25
100
AcDbCircle
 10
146.96502
 20
293.5
 30
0.0
 40
1.500000000000227
100
AcDbArc
 50
90.0
 51
180.0
  0
ARC
  5
BBF
330
1F
100
AcDbEntity
  8
0
  6
Continuous
 62
     7
370
    25
100
AcDbCircle
 10
180.29835
 20
290.5
 30
0.0
 40
1.5
100
AcDbArc
 50
180.0
 51
270.0
  0
ARC
  5
BC0
330
1F
100
AcDbEntity
  8
0
  6
Continuous
 62
     7
370
    25
100
AcDbCircle
 10
186.29835
 20
290.5
 30
0.0
 40
1.500000000000114
100
AcDbArc
 50
270.0
 51
360.0
  0
ARC
  5
BC1
330
1F
100
AcDbEntity
  8
0
  6
Continuous
 62
     7
370
    25
100
AcDbCircle
 10
186.29835
 20
293.5
 30
0.0
 40
1.500000000000085
100
AcDbArc
 50
0.0
 51
90.0
  0
ARC
  5
BC2
330
1F
100
AcDbEntity
  8
0
  6
Continuous
 62
     7
370
    25
100
AcDbCircle
 10
180.29835
 20
293.5
 30
0.0
 40
1.500000000000227
100
AcDbArc
 50
90.0
 51
180.0
  0
ARC
  5
BC3
330
1F
100
AcDbEntity
  8
0
  6
Continuous
 62
     7
370
    25
100
AcDbCircle
 10
213.63168
 20
290.5
 30
0.0
 40
1.500000000000057
100
AcDbArc
 50
180.0
 51
270.0
  0
ARC
  5
BC4
330
1F
100
AcDbEntity
  8
0
  6
Continuous
 62
     7
370
    25
100
AcDbCircle
 10
219.63168
 20
290.5
 30
0.0
 40
1.500000000000114
100
AcDbArc
 50
270.0
 51
360.0
  0
ARC
  5
BC5
330
1F
100
AcDbEntity
  8
0
  6
Continuous
 62
     7
370
    25
100
AcDbCircle
 10
219.63168
 20
293.5
 30
0.0
 40
1.500000000000057
100
AcDbArc
 50
0.0
 51
90.0
  0
ARC
  5
BC6
330
1F
100
AcDbEntity
  8
0
  6
Continuous
 62
     7
370
    25
100
AcDbCircle
 10
213.63168
 20
293.5
 30
0.0
 40
1.500000000000284
100
AcDbArc
 50
90.0
 51
180.0
  0
ARC
  5
BC7
330
1F
100
AcDbEntity
  8
0
  6
Continuous
 62
     7
370
    25
100
AcDbCircle
 10
246.96501
 20
290.5
 30
0.0
 40
1.500000000000057
100
AcDbArc
 50
180.0
 51
270.0
  0
ARC
  5
BC8
330
1F
100
AcDbEntity
  8
0
  6
Continuous
 62
     7
370
    25
100
AcDbCircle
 10
252.96501
 20
290.5
 30
0.0
 40
1.500000000000171
100
AcDbArc
 50
270.0
 51
360.0
  0
ARC
  5
BC9
330
1F
100
AcDbEntity
  8
0
  6
Continuous
 62
     7
370
    25
100
AcDbCircle
 10
252.96501
 20
293.5
 30
0.0
 40
1.500000000000114
100
AcDbArc
 50
0.0
 51
90.0
  0
ARC
  5
BCA
330
1F
100
AcDbEntity
  8
0
  6
Continuous
 62
     7
370
    25
100
AcDbCircle
 10
246.96501
 20
293.5
 30
0.0
 40
1.500000000000284
100
AcDbArc
 50
90.0
 51
180.0
  0
ARC
  5
BCB
330
1F
100
AcDbEntity
  8
0
  6
Continuous
 62
     7
370
    25
100
AcDbCircle
 10
280.29834
 20
290.5
 30
0.0
 40
1.5
100
AcDbArc
 50
180.0
 51
270.0
  0
ARC
  5
BCC
330
1F
100
AcDbEntity
  8
0
  6
Continuous
 62
     7
370
    25
100
AcDbCircle
 10
286.29834
 20
290.5
 30
0.0
 40
1.500000000000114
100
AcDbArc
 50
270.0
 51
360.0
  0
ARC
  5
BCD
330
1F
100
AcDbEntity
  8
0
  6
Continuous
 62
     7
370
    25
100
AcDbCircle
 10
286.29834
 20
293.5
 30
0.0
 40
1.500000000000114
100
AcDbArc
 50
0.0
 51
90.0
  0
ARC
  5
BCE
330
1F
100
AcDbEntity
  8
0
  6
Continuous
 62
     7
370
    25
100
AcDbCircle
 10
280.29834
 20
293.5
 30
0.0
 40
1.500000000000227
100
AcDbArc
 50
90.0
 51
180.0
  0
ARC
  5
BCF
330
1F
100
AcDbEntity
  8
0
  6
Continuous
 62
     7
370
    25
100
AcDbCircle
 10
313.63167
 20
290.5
 30
0.0
 40
1.5
100
AcDbArc
 50
180.0
 51
270.0
  0
ARC
  5
BD0
330
1F
100
AcDbEntity
  8
0
  6
Continuous
 62
     7
370
    25
100
AcDbCircle
 10
319.63167
 20
290.5
 30
0.0
 40
1.500000000000114
100
AcDbArc
 50
270.0
 51
360.0
  0
ARC
  5
BD1
330
1F
100
AcDbEntity
  8
0
  6
Continuous
 62
     7
370
    25
100
AcDbCircle
 10
319.63167
 20
293.5
 30
0.0
 40
1.500000000000114
100
AcDbArc
 50
0.0
 51
90.0
  0
ARC
  5
BD2
330
1F
100
AcDbEntity
  8
0
  6
Continuous
 62
     7
370
    25
100
AcDbCircle
 10
313.63167
 20
293.5
 30
0.0
 40
1.500000000000227
100
AcDbArc
 50
90.0
 51
180.0
  0
ARC
  5
BD3
330
1F
100
AcDbEntity
  8
0
  6
Continuous
 62
     7
370
    25
100
AcDbCircle
 10
346.965
 20
290.5
 30
0.0
 40
1.5
100
AcDbArc
 50
180.0
 51
270.0
  0
ARC
  5
BD4
330
1F
100
AcDbEntity
  8
0
  6
Continuous
 62
     7
370
    25
100
AcDbCircle
 10
352.965
 20
290.5
 30
0.0
 40
1.500000000000114
100
AcDbArc
 50
270.0
 51
360.0
  0
ARC
  5
BD5
330
1F
100
AcDbEntity
  8
0
  6
Continuous
 62
     7
370
    25
100
AcDbCircle
 10
352.965
 20
293.5
 30
0.0
 40
1.500000000000114
100
AcDbArc
 50
0.0
 51
90.0
  0
ARC
  5
BD6
330
1F
100
AcDbEntity
  8
0
  6
Continuous
 62
     7
370
    25
100
AcDbCircle
 10
346.965
 20
293.5
 30
0.0
 40
1.500000000000227
100
AcDbArc
 50
90.0
 51
180.0
  0
ARC
  5
BD7
330
1F
100
AcDbEntity
  8
0
  6
Continuous
 62
     7
370
    25
100
AcDbCircle
 10
-353.03493
 20
224.5
 30
0.0
 40
1.5
100
AcDbArc
 50
180.0
 51
270.0
  0
ARC
  5
BD8
330
1F
100
AcDbEntity
  8
0
  6
Continuous
 62
     7
370
    25
100
AcDbCircle
 10
-347.03493
 20
224.5
 30
0.0
 40
1.5
100
AcDbArc
 50
270.0
 51
0.0
  0
ARC
  5
BD9
330
1F
100
AcDbEntity
  8
0
  6
Continuous
 62
     7
370
    25
100
AcDbCircle
 10
-347.03493
 20
227.5
 30
0.0
 40
1.5
100
AcDbArc
 50
360.0
 51
90.0
  0
ARC
  5
BDA
330
1F
100
AcDbEntity
  8
0
  6
Continuous
 62
     7
370
    25
100
AcDbCircle
 10
-353.03493
 20
227.5
 30
0.0
 40
1.500000000000171
100
AcDbArc
 50
90.0
 51
180.0
  0
ARC
  5
BDB
330
1F
100
AcDbEntity
  8
0
  6
Continuous
 62
     7
370
    25
100
AcDbCircle
 10
-319.7016
 20
224.5
 30
0.0
 40
1.499999999999943
100
AcDbArc
 50
180.0
 51
270.0
  0
ARC
  5
BDC
330
1F
100
AcDbEntity
  8
0
  6
Continuous
 62
     7
370
    25
100
AcDbCircle
 10
-313.7016
 20
224.5
 30
0.0
 40
1.5
100
AcDbArc
 50
270.0
 51
0.0
  0
ARC
  5
BDD
330
1F
100
AcDbEntity
  8
0
  6
Continuous
 62
     7
370
    25
100
AcDbCircle
 10
-313.7016
 20
227.5
 30
0.0
 40
1.499999999999943
100
AcDbArc
 50
360.0
 51
90.0
  0
ARC
  5
BDE
330
1F
100
AcDbEntity
  8
0
  6
Continuous
 62
     7
370
    25
100
AcDbCircle
 10
-319.7016
 20
227.5
 30
0.0
 40
1.500000000000171
100
AcDbArc
 50
90.0
 51
180.0
  0
ARC
  5
BDF
330
1F
100
AcDbEntity
  8
0
  6
Continuous
 62
     7
370
    25
100
AcDbCircle
 10
-286.36827
 20
224.5
 30
0.0
 40
1.499999999999943
100
AcDbArc
 50
180.0
 51
270.0
  0
ARC
  5
BE0
330
1F
100
AcDbEntity
  8
0
  6
Continuous
 62
     7
370
    25
100
AcDbCircle
 10
-280.36827
 20
224.5
 30
0.0
 40
1.5
100
AcDbArc
 50
270.0
 51
0.0
  0
ARC
  5
BE1
330
1F
100
AcDbEntity
  8
0
  6
Continuous
 62
     7
370
    25
100
AcDbCircle
 10
-280.36827
 20
227.5
 30
0.0
 40
1.5
100
AcDbArc
 50
360.0
 51
90.0
  0
ARC
  5
BE2
330
1F
100
AcDbEntity
  8
0
  6
Continuous
 62
     7
370
    25
100
AcDbCircle
 10
-286.36827
 20
227.5
 30
0.0
 40
1.500000000000171
100
AcDbArc
 50
90.0
 51
180.0
  0
ARC
  5
BE3
330
1F
100
AcDbEntity
  8
0
  6
Continuous
 62
     7
370
    25
100
AcDbCircle
 10
-253.03494
 20
224.5
 30
0.0
 40
1.499999999999943
100
AcDbArc
 50
180.0
 51
270.0
  0
ARC
  5
BE4
330
1F
100
AcDbEntity
  8
0
  6
Continuous
 62
     7
370
    25
100
AcDbCircle
 10
-247.03494
 20
224.5
 30
0.0
 40
1.5
100
AcDbArc
 50
270.0
 51
0.0
  0
ARC
  5
BE5
330
1F
100
AcDbEntity
  8
0
  6
Continuous
 62
     7
370
    25
100
AcDbCircle
 10
-247.03494
 20
227.5
 30
0.0
 40
1.5
100
AcDbArc
 50
0.0
 51
90.0
  0
ARC
  5
BE6
330
1F
100
AcDbEntity
  8
0
  6
Continuous
 62
     7
370
    25
100
AcDbCircle
 10
-253.03494
 20
227.5
 30
0.0
 40
1.500000000000142
100
AcDbArc
 50
90.0
 51
180.0
  0
ARC
  5
BE7
330
1F
100
AcDbEntity
  8
0
  6
Continuous
 62
     7
370
    25
100
AcDbCircle
 10
-219.70161
 20
224.5
 30
0.0
 40
1.499999999999886
100
AcDbArc
 50
180.0
 51
270.0
  0
ARC
  5
BE8
330
1F
100
AcDbEntity
  8
0
  6
Continuous
 62
     7
370
    25
100
AcDbCircle
 10
-213.70161
 20
224.5
 30
0.0
 40
1.5
100
AcDbArc
 50
270.0
 51
0.0
  0
ARC
  5
BE9
330
1F
100
AcDbEntity
  8
0
  6
Continuous
 62
     7
370
    25
100
AcDbCircle
 10
-213.70161
 20
227.5
 30
0.0
 40
1.5
100
AcDbArc
 50
0.0
 51
90.0
  0
ARC
  5
BEA
330
1F
100
AcDbEntity
  8
0
  6
Continuous
 62
     7
370
    25
100
AcDbCircle
 10
-219.70161
 20
227.5
 30
0.0
 40
1.500000000000114
100
AcDbArc
 50
90.0
 51
180.0
  0
ARC
  5
BEB
330
1F
100
AcDbEntity
  8
0
  6
Continuous
 62
     7
370
    25
100
AcDbCircle
 10
-186.36828
 20
224.5
 30
0.0
 40
1.499999999999915
100
AcDbArc
 50
180.0
 51
270.0
  0
ARC
  5
BEC
330
1F
100
AcDbEntity
  8
0
  6
Continuous
 62
     7
370
    25
100
AcDbCircle
 10
-180.36828
 20
224.5
 30
0.0
 40
1.499999999999972
100
AcDbArc
 50
270.0
 51
0.0
  0
ARC
  5
BED
330
1F
100
AcDbEntity
  8
0
  6
Continuous
 62
     7
370
    25
100
AcDbCircle
 10
-180.36828
 20
227.5
 30
0.0
 40
1.499999999999943
100
AcDbArc
 50
360.0
 51
90.0
  0
ARC
  5
BEE
330
1F
100
AcDbEntity
  8
0
  6
Continuous
 62
     7
370
    25
100
AcDbCircle
 10
-186.36828
 20
227.5
 30
0.0
 40
1.500000000000114
100
AcDbArc
 50
90.0
 51
180.0
  0
ARC
  5
BEF
330
1F
100
AcDbEntity
  8
0
  6
Continuous
 62
     7
370
    25
100
AcDbCircle
 10
-153.03495
 20
224.5
 30
0.0
 40
1.499999999999915
100
AcDbArc
 50
180.0
 51
270.0
  0
ARC
  5
BF0
330
1F
100
AcDbEntity
  8
0
  6
Continuous
 62
     7
370
    25
100
AcDbCircle
 10
-147.03495
 20
224.5
 30
0.0
 40
1.5
100
AcDbArc
 50
270.0
 51
0.0
  0
ARC
  5
BF1
330
1F
100
AcDbEntity
  8
0
  6
Continuous
 62
     7
370
    25
100
AcDbCircle
 10
-147.03495
 20
227.5
 30
0.0
 40
1.500000000000028
100
AcDbArc
 50
0.0
 51
90.0
  0
ARC
  5
BF2
330
1F
100
AcDbEntity
  8
0
  6
Continuous
 62
     7
370
    25
100
AcDbCircle
 10
-153.03495
 20
227.5
 30
0.0
 40
1.500000000000114
100
AcDbArc
 50
90.0
 51
180.0
  0
ARC
  5
BF3
330
1F
100
AcDbEntity
  8
0
  6
Continuous
 62
     7
370
    25
100
AcDbCircle
 10
-119.70162
 20
224.5
 30
0.0
 40
1.499999999999915
100
AcDbArc
 50
180.0
 51
270.0
  0
ARC
  5
BF4
330
1F
100
AcDbEntity
  8
0
  6
Continuous
 62
     7
370
    25
100
AcDbCircle
 10
-113.70162
 20
224.5
 30
0.0
 40
1.500000000000014
100
AcDbArc
 50
270.0
 51
0.0
  0
ARC
  5
BF5
330
1F
100
AcDbEntity
  8
0
  6
Continuous
 62
     7
370
    25
100
AcDbCircle
 10
-113.70162
 20
227.5
 30
0.0
 40
1.500000000000014
100
AcDbArc
 50
0.0
 51
90.0
  0
ARC
  5
BF6
330
1F
100
AcDbEntity
  8
0
  6
Continuous
 62
     7
370
    25
100
AcDbCircle
 10
-119.70162
 20
227.5
 30
0.0
 40
1.500000000000114
100
AcDbArc
 50
90.0
 51
180.0
  0
ARC
  5
BF7
330
1F
100
AcDbEntity
  8
0
  6
Continuous
 62
     7
370
    25
100
AcDbCircle
 10
-86.36829
 20
224.5
 30
0.0
 40
1.499999999999886
100
AcDbArc
 50
180.0
 51
270.0
  0
ARC
  5
BF8
330
1F
100
AcDbEntity
  8
0
  6
Continuous
 62
     7
370
    25
100
AcDbCircle
 10
-80.36829
 20
224.5
 30
0.0
 40
1.5
100
AcDbArc
 50
270.0
 51
0.0
  0
ARC
  5
BF9
330
1F
100
AcDbEntity
  8
0
  6
Continuous
 62
     7
370
    25
100
AcDbCircle
 10
-80.36829
 20
227.5
 30
0.0
 40
1.5
100
AcDbArc
 50
0.0
 51
90.0
  0
ARC
  5
BFA
330
1F
100
AcDbEntity
  8
0
  6
Continuous
 62
     7
370
    25
100
AcDbCircle
 10
-86.36829
 20
227.5
 30
0.0
 40
1.500000000000128
100
AcDbArc
 50
90.0
 51
180.0
  0
ARC
  5
BFB
330
1F
100
AcDbEntity
  8
0
  6
Continuous
 62
     7
370
    25
100
AcDbCircle
 10
-53.03496
 20
224.5
 30
0.0
 40
1.499999999999901
100
AcDbArc
 50
180.0
 51
270.0
  0
ARC
  5
BFC
330
1F
100
AcDbEntity
  8
0
  6
Continuous
 62
     7
370
    25
100
AcDbCircle
 10
-47.03496
 20
224.5
 30
0.0
 40
1.499999999999979
100
AcDbArc
 50
270.0
 51
0.0
  0
ARC
  5
BFD
330
1F
100
AcDbEntity
  8
0
  6
Continuous
 62
     7
370
    25
100
AcDbCircle
 10
-47.03496
 20
227.5
 30
0.0
 40
1.499999999999979
100
AcDbArc
 50
360.0
 51
90.0
  0
ARC
  5
BFE
330
1F
100
AcDbEntity
  8
0
  6
Continuous
 62
     7
370
    25
100
AcDbCircle
 10
-53.03496
 20
227.5
 30
0.0
 40
1.500000000000114
100
AcDbArc
 50
90.0
 51
180.0
  0
ARC
  5
BFF
330
1F
100
AcDbEntity
  8
0
  6
Continuous
 62
     7
370
    25
100
AcDbCircle
 10
-19.70163
 20
224.5
 30
0.0
 40
1.49999999999989
100
AcDbArc
 50
180.0
 51
270.0
  0
ARC
  5
C00
330
1F
100
AcDbEntity
  8
0
  6
Continuous
 62
     7
370
    25
100
AcDbCircle
 10
-13.70163
 20
224.5
 30
0.0
 40
1.5
100
AcDbArc
 50
270.0
 51
0.0
  0
ARC
  5
C01
330
1F
100
AcDbEntity
  8
0
  6
Continuous
 62
     7
370
    25
100
AcDbCircle
 10
-13.70163
 20
227.5
 30
0.0
 40
1.5
100
AcDbArc
 50
0.0
 51
90.0
  0
ARC
  5
C02
330
1F
100
AcDbEntity
  8
0
  6
Continuous
 62
     7
370
    25
100
AcDbCircle
 10
-19.70163
 20
227.5
 30
0.0
 40
1.500000000000114
100
AcDbArc
 50
90.0
 51
180.0
  0
ARC
  5
C03
330
1F
100
AcDbEntity
  8
0
  6
Continuous
 62
     7
370
    25
100
AcDbCircle
 10
13.6317
 20
224.5
 30
0.0
 40
1.499999999999888
100
AcDbArc
 50
180.0
 51
270.0
  0
ARC
  5
C04
330
1F
100
AcDbEntity
  8
0
  6
Continuous
 62
     7
370
    25
100
AcDbCircle
 10
19.6317
 20
224.5
 30
0.0
 40
1.5
100
AcDbArc
 50
270.0
 51
0.0
  0
ARC
  5
C05
330
1F
100
AcDbEntity
  8
0
  6
Continuous
 62
     7
370
    25
100
AcDbCircle
 10
19.6317
 20
227.5
 30
0.0
 40
1.500000000000032
100
AcDbArc
 50
0.0
 51
90.0
  0
ARC
  5
C06
330
1F
100
AcDbEntity
  8
0
  6
Continuous
 62
     7
370
    25
100
AcDbCircle
 10
13.6317
 20
227.5
 30
0.0
 40
1.500000000000114
100
AcDbArc
 50
90.0
 51
180.0
  0
ARC
  5
C07
330
1F
100
AcDbEntity
  8
0
  6
Continuous
 62
     7
370
    25
100
AcDbCircle
 10
46.96503
 20
224.5
 30
0.0
 40
1.499999999999886
100
AcDbArc
 50
180.0
 51
270.0
  0
ARC
  5
C08
330
1F
100
AcDbEntity
  8
0
  6
Continuous
 62
     7
370
    25
100
AcDbCircle
 10
52.96503
 20
224.5
 30
0.0
 40
1.500000000000007
100
AcDbArc
 50
270.0
 51
0.0
  0
ARC
  5
C09
330
1F
100
AcDbEntity
  8
0
  6
Continuous
 62
     7
370
    25
100
AcDbCircle
 10
52.96503
 20
227.5
 30
0.0
 40
1.500000000000007
100
AcDbArc
 50
0.0
 51
90.0
  0
ARC
  5
C0A
330
1F
100
AcDbEntity
  8
0
  6
Continuous
 62
     7
370
    25
100
AcDbCircle
 10
46.96503
 20
227.5
 30
0.0
 40
1.500000000000114
100
AcDbArc
 50
90.0
 51
180.0
  0
ARC
  5
C0B
330
1F
100
AcDbEntity
  8
0
  6
Continuous
 62
     7
370
    25
100
AcDbCircle
 10
80.29836
 20
224.5
 30
0.0
 40
1.499999999999886
100
AcDbArc
 50
180.0
 51
270.0
  0
ARC
  5
C0C
330
1F
100
AcDbEntity
  8
0
  6
Continuous
 62
     7
370
    25
100
AcDbCircle
 10
86.29836
 20
224.5
 30
0.0
 40
1.500000000000014
100
AcDbArc
 50
270.0
 51
0.0
  0
ARC
  5
C0D
330
1F
100
AcDbEntity
  8
0
  6
Continuous
 62
     7
370
    25
100
AcDbCircle
 10
86.29836
 20
227.5
 30
0.0
 40
1.500000000000014
100
AcDbArc
 50
0.0
 51
90.0
  0
ARC
  5
C0E
330
1F
100
AcDbEntity
  8
0
  6
Continuous
 62
     7
370
    25
100
AcDbCircle
 10
80.29836
 20
227.5
 30
0.0
 40
1.500000000000114
100
AcDbArc
 50
90.0
 51
180.0
  0
ARC
  5
C0F
330
1F
100
AcDbEntity
  8
0
  6
Continuous
 62
     7
370
    25
100
AcDbCircle
 10
113.63169
 20
224.5
 30
0.0
 40
1.499999999999886
100
AcDbArc
 50
180.0
 51
270.0
  0
ARC
  5
C10
330
1F
100
AcDbEntity
  8
0
  6
Continuous
 62
     7
370
    25
100
AcDbCircle
 10
119.63169
 20
224.5
 30
0.0
 40
1.500000000000028
100
AcDbArc
 50
270.0
 51
0.0
  0
ARC
  5
C11
330
1F
100
AcDbEntity
  8
0
  6
Continuous
 62
     7
370
    25
100
AcDbCircle
 10
119.63169
 20
227.5
 30
0.0
 40
1.500000000000028
100
AcDbArc
 50
0.0
 51
90.0
  0
ARC
  5
C12
330
1F
100
AcDbEntity
  8
0
  6
Continuous
 62
     7
370
    25
100
AcDbCircle
 10
113.63169
 20
227.5
 30
0.0
 40
1.500000000000114
100
AcDbArc
 50
90.0
 51
180.0
  0
ARC
  5
C13
330
1F
100
AcDbEntity
  8
0
  6
Continuous
 62
     7
370
    25
100
AcDbCircle
 10
146.96502
 20
224.5
 30
0.0
 40
1.499999999999886
100
AcDbArc
 50
180.0
 51
270.0
  0
ARC
  5
C14
330
1F
100
AcDbEntity
  8
0
  6
Continuous
 62
     7
370
    25
100
AcDbCircle
 10
152.96502
 20
224.5
 30
0.0
 40
1.5
100
AcDbArc
 50
270.0
 51
0.0
  0
ARC
  5
C15
330
1F
100
AcDbEntity
  8
0
  6
Continuous
 62
     7
370
    25
100
AcDbCircle
 10
152.96502
 20
227.5
 30
0.0
 40
1.5
100
AcDbArc
 50
0.0
 51
90.0
  0
ARC
  5
C16
330
1F
100
AcDbEntity
  8
0
  6
Continuous
 62
     7
370
    25
100
AcDbCircle
 10
146.96502
 20
227.5
 30
0.0
 40
1.500000000000114
100
AcDbArc
 50
90.0
 51
180.0
  0
ARC
  5
C17
330
1F
100
AcDbEntity
  8
0
  6
Continuous
 62
     7
370
    25
100
AcDbCircle
 10
180.29835
 20
224.5
 30
0.0
 40
1.499999999999886
100
AcDbArc
 50
180.0
 51
270.0
  0
ARC
  5
C18
330
1F
100
AcDbEntity
  8
0
  6
Continuous
 62
     7
370
    25
100
AcDbCircle
 10
186.29835
 20
224.5
 30
0.0
 40
1.499999999999972
100
AcDbArc
 50
270.0
 51
0.0
  0
ARC
  5
C19
330
1F
100
AcDbEntity
  8
0
  6
Continuous
 62
     7
370
    25
100
AcDbCircle
 10
186.29835
 20
227.5
 30
0.0
 40
1.5
100
AcDbArc
 50
0.0
 51
90.0
  0
ARC
  5
C1A
330
1F
100
AcDbEntity
  8
0
  6
Continuous
 62
     7
370
    25
100
AcDbCircle
 10
180.29835
 20
227.5
 30
0.0
 40
1.500000000000114
100
AcDbArc
 50
90.0
 51
180.0
  0
ARC
  5
C1B
330
1F
100
AcDbEntity
  8
0
  6
Continuous
 62
     7
370
    25
100
AcDbCircle
 10
213.63168
 20
224.5
 30
0.0
 40
1.499999999999915
100
AcDbArc
 50
180.0
 51
270.0
  0
ARC
  5
C1C
330
1F
100
AcDbEntity
  8
0
  6
Continuous
 62
     7
370
    25
100
AcDbCircle
 10
219.63168
 20
224.5
 30
0.0
 40
1.500000000000028
100
AcDbArc
 50
270.0
 51
0.0
  0
ARC
  5
C1D
330
1F
100
AcDbEntity
  8
0
  6
Continuous
 62
     7
370
    25
100
AcDbCircle
 10
219.63168
 20
227.5
 30
0.0
 40
1.500000000000028
100
AcDbArc
 50
0.0
 51
90.0
  0
ARC
  5
C1E
330
1F
100
AcDbEntity
  8
0
  6
Continuous
 62
     7
370
    25
100
AcDbCircle
 10
213.63168
 20
227.5
 30
0.0
 40
1.500000000000114
100
AcDbArc
 50
90.0
 51
180.0
  0
ARC
  5
C1F
330
1F
100
AcDbEntity
  8
0
  6
Continuous
 62
     7
370
    25
100
AcDbCircle
 10
246.96501
 20
224.5
 30
0.0
 40
1.499999999999943
100
AcDbArc
 50
180.0
 51
270.0
  0
ARC
  5
C20
330
1F
100
AcDbEntity
  8
0
  6
Continuous
 62
     7
370
    25
100
AcDbCircle
 10
252.96501
 20
224.5
 30
0.0
 40
1.500000000000057
100
AcDbArc
 50
270.0
 51
360.0
  0
ARC
  5
C21
330
1F
100
AcDbEntity
  8
0
  6
Continuous
 62
     7
370
    25
100
AcDbCircle
 10
252.96501
 20
227.5
 30
0.0
 40
1.500000000000028
100
AcDbArc
 50
0.0
 51
90.0
  0
ARC
  5
C22
330
1F
100
AcDbEntity
  8
0
  6
Continuous
 62
     7
370
    25
100
AcDbCircle
 10
246.96501
 20
227.5
 30
0.0
 40
1.500000000000114
100
AcDbArc
 50
90.0
 51
180.0
  0
ARC
  5
C23
330
1F
100
AcDbEntity
  8
0
  6
Continuous
 62
     7
370
    25
100
AcDbCircle
 10
280.29834
 20
224.5
 30
0.0
 40
1.499999999999886
100
AcDbArc
 50
180.0
 51
270.0
  0
ARC
  5
C24
330
1F
100
AcDbEntity
  8
0
  6
Continuous
 62
     7
370
    25
100
AcDbCircle
 10
286.29834
 20
224.5
 30
0.0
 40
1.5
100
AcDbArc
 50
270.0
 51
0.0
  0
ARC
  5
C25
330
1F
100
AcDbEntity
  8
0
  6
Continuous
 62
     7
370
    25
100
AcDbCircle
 10
286.29834
 20
227.5
 30
0.0
 40
1.500000000000057
100
AcDbArc
 50
0.0
 51
90.0
  0
ARC
  5
C26
330
1F
100
AcDbEntity
  8
0
  6
Continuous
 62
     7
370
    25
100
AcDbCircle
 10
280.29834
 20
227.5
 30
0.0
 40
1.500000000000114
100
AcDbArc
 50
90.0
 51
180.0
  0
ARC
  5
C27
330
1F
100
AcDbEntity
  8
0
  6
Continuous
 62
     7
370
    25
100
AcDbCircle
 10
313.63167
 20
224.5
 30
0.0
 40
1.499999999999886
100
AcDbArc
 50
180.0
 51
270.0
  0
ARC
  5
C28
330
1F
100
AcDbEntity
  8
0
  6
Continuous
 62
     7
370
    25
100
AcDbCircle
 10
319.63167
 20
224.5
 30
0.0
 40
1.5
100
AcDbArc
 50
270.0
 51
0.0
  0
ARC
  5
C29
330
1F
100
AcDbEntity
  8
0
  6
Continuous
 62
     7
370
    25
100
AcDbCircle
 10
319.63167
 20
227.5
 30
0.0
 40
1.499999999999943
100
AcDbArc
 50
360.0
 51
90.0
  0
ARC
  5
C2A
330
1F
100
AcDbEntity
  8
0
  6
Continuous
 62
     7
370
    25
100
AcDbCircle
 10
313.63167
 20
227.5
 30
0.0
 40
1.500000000000114
100
AcDbArc
 50
90.0
 51
180.0
  0
ARC
  5
C2B
330
1F
100
AcDbEntity
  8
0
  6
Continuous
 62
     7
370
    25
100
AcDbCircle
 10
346.965
 20
224.5
 30
0.0
 40
1.499999999999886
100
AcDbArc
 50
180.0
 51
270.0
  0
ARC
  5
C2C
330
1F
100
AcDbEntity
  8
0
  6
Continuous
 62
     7
370
    25
100
AcDbCircle
 10
352.965
 20
224.5
 30
0.0
 40
1.5
100
AcDbArc
 50
270.0
 51
0.0
  0
ARC
  5
C2D
330
1F
100
AcDbEntity
  8
0
  6
Continuous
 62
     7
370
    25
100
AcDbCircle
 10
352.965
 20
227.5
 30
0.0
 40
1.499999999999943
100
AcDbArc
 50
360.0
 51
90.0
  0
ARC
  5
C2E
330
1F
100
AcDbEntity
  8
0
  6
Continuous
 62
     7
370
    25
100
AcDbCircle
 10
346.965
 20
227.5
 30
0.0
 40
1.500000000000114
100
AcDbArc
 50
90.0
 51
180.0
  0
ARC
  5
C2F
330
1F
100
AcDbEntity
  8
0
  6
Continuous
 62
     7
370
    25
100
AcDbCircle
 10
-353.03493
 20
158.5
 30
0.0
 40
1.5
100
AcDbArc
 50
180.0
 51
270.0
  0
ARC
  5
C30
330
1F
100
AcDbEntity
  8
0
  6
Continuous
 62
     7
370
    25
100
AcDbCircle
 10
-347.03493
 20
158.5
 30
0.0
 40
1.5
100
AcDbArc
 50
270.0
 51
0.0
  0
ARC
  5
C31
330
1F
100
AcDbEntity
  8
0
  6
Continuous
 62
     7
370
    25
100
AcDbCircle
 10
-347.03493
 20
161.5
 30
0.0
 40
1.5
100
AcDbArc
 50
0.0
 51
90.0
  0
ARC
  5
C32
330
1F
100
AcDbEntity
  8
0
  6
Continuous
 62
     7
370
    25
100
AcDbCircle
 10
-353.03493
 20
161.5
 30
0.0
 40
1.500000000000171
100
AcDbArc
 50
90.0
 51
180.0
  0
ARC
  5
C33
330
1F
100
AcDbEntity
  8
0
  6
Continuous
 62
     7
370
    25
100
AcDbCircle
 10
-319.7016
 20
158.5
 30
0.0
 40
1.499999999999943
100
AcDbArc
 50
180.0
 51
270.0
  0
ARC
  5
C34
330
1F
100
AcDbEntity
  8
0
  6
Continuous
 62
     7
370
    25
100
AcDbCircle
 10
-313.7016
 20
158.5
 30
0.0
 40
1.5
100
AcDbArc
 50
270.0
 51
0.0
  0
ARC
  5
C35
330
1F
100
AcDbEntity
  8
0
  6
Continuous
 62
     7
370
    25
100
AcDbCircle
 10
-313.7016
 20
161.5
 30
0.0
 40
1.499999999999972
100
AcDbArc
 50
0.0
 51
90.0
  0
ARC
  5
C36
330
1F
100
AcDbEntity
  8
0
  6
Continuous
 62
     7
370
    25
100
AcDbCircle
 10
-319.7016
 20
161.5
 30
0.0
 40
1.500000000000171
100
AcDbArc
 50
90.0
 51
180.0
  0
ARC
  5
C37
330
1F
100
AcDbEntity
  8
0
  6
Continuous
 62
     7
370
    25
100
AcDbCircle
 10
-286.36827
 20
158.5
 30
0.0
 40
1.499999999999943
100
AcDbArc
 50
180.0
 51
270.0
  0
ARC
  5
C38
330
1F
100
AcDbEntity
  8
0
  6
Continuous
 62
     7
370
    25
100
AcDbCircle
 10
-280.36827
 20
158.5
 30
0.0
 40
1.5
100
AcDbArc
 50
270.0
 51
0.0
  0
ARC
  5
C39
330
1F
100
AcDbEntity
  8
0
  6
Continuous
 62
     7
370
    25
100
AcDbCircle
 10
-280.36827
 20
161.5
 30
0.0
 40
1.5
100
AcDbArc
 50
0.0
 51
90.0
  0
ARC
  5
C3A
330
1F
100
AcDbEntity
  8
0
  6
Continuous
 62
     7
370
    25
100
AcDbCircle
 10
-286.36827
 20
161.5
 30
0.0
 40
1.500000000000171
100
AcDbArc
 50
90.0
 51
180.0
  0
ARC
  5
C3B
330
1F
100
AcDbEntity
  8
0
  6
Continuous
 62
     7
370
    25
100
AcDbCircle
 10
-253.03494
 20
158.5
 30
0.0
 40
1.499999999999943
100
AcDbArc
 50
180.0
 51
270.0
  0
ARC
  5
C3C
330
1F
100
AcDbEntity
  8
0
  6
Continuous
 62
     7
370
    25
100
AcDbCircle
 10
-247.03494
 20
158.5
 30
0.0
 40
1.5
100
AcDbArc
 50
270.0
 51
0.0
  0
ARC
  5
C3D
330
1F
100
AcDbEntity
  8
0
  6
Continuous
 62
     7
370
    25
100
AcDbCircle
 10
-247.03494
 20
161.5
 30
0.0
 40
1.5
100
AcDbArc
 50
0.0
 51
90.0
  0
ARC
  5
C3E
330
1F
100
AcDbEntity
  8
0
  6
Continuous
 62
     7
370
    25
100
AcDbCircle
 10
-253.03494
 20
161.5
 30
0.0
 40
1.500000000000142
100
AcDbArc
 50
90.0
 51
180.0
  0
ARC
  5
C3F
330
1F
100
AcDbEntity
  8
0
  6
Continuous
 62
     7
370
    25
100
AcDbCircle
 10
-219.70161
 20
158.5
 30
0.0
 40
1.499999999999886
100
AcDbArc
 50
180.0
 51
270.0
  0
ARC
  5
C40
330
1F
100
AcDbEntity
  8
0
  6
Continuous
 62
     7
370
    25
100
AcDbCircle
 10
-213.70161
 20
158.5
 30
0.0
 40
1.5
100
AcDbArc
 50
270.0
 51
0.0
  0
ARC
  5
C41
330
1F
100
AcDbEntity
  8
0
  6
Continuous
 62
     7
370
    25
100
AcDbCircle
 10
-213.70161
 20
161.5
 30
0.0
 40
1.5
100
AcDbArc
 50
0.0
 51
90.0
  0
ARC
  5
C42
330
1F
100
AcDbEntity
  8
0
  6
Continuous
 62
     7
370
    25
100
AcDbCircle
 10
-219.70161
 20
161.5
 30
0.0
 40
1.500000000000114
100
AcDbArc
 50
90.0
 51
180.0
  0
ARC
  5
C43
330
1F
100
AcDbEntity
  8
0
  6
Continuous
 62
     7
370
    25
100
AcDbCircle
 10
-186.36828
 20
158.5
 30
0.0
 40
1.499999999999915
100
AcDbArc
 50
180.0
 51
270.0
  0
ARC
  5
C44
330
1F
100
AcDbEntity
  8
0
  6
Continuous
 62
     7
370
    25
100
AcDbCircle
 10
-180.36828
 20
158.5
 30
0.0
 40
1.499999999999943
100
AcDbArc
 50
270.0
 51
0.0
  0
ARC
  5
C45
330
1F
100
AcDbEntity
  8
0
  6
Continuous
 62
     7
370
    25
100
AcDbCircle
 10
-180.36828
 20
161.5
 30
0.0
 40
1.499999999999943
100
AcDbArc
 50
360.0
 51
90.0
  0
ARC
  5
C46
330
1F
100
AcDbEntity
  8
0
  6
Continuous
 62
     7
370
    25
100
AcDbCircle
 10
-186.36828
 20
161.5
 30
0.0
 40
1.500000000000114
100
AcDbArc
 50
90.0
 51
180.0
  0
ARC
  5
C47
330
1F
100
AcDbEntity
  8
0
  6
Continuous
 62
     7
370
    25
100
AcDbCircle
 10
-153.03495
 20
158.5
 30
0.0
 40
1.499999999999886
100
AcDbArc
 50
180.0
 51
270.0
  0
ARC
  5
C48
330
1F
100
AcDbEntity
  8
0
  6
Continuous
 62
     7
370
    25
100
AcDbCircle
 10
-147.03495
 20
158.5
 30
0.0
 40
1.5
100
AcDbArc
 50
270.0
 51
0.0
  0
ARC
  5
C49
330
1F
100
AcDbEntity
  8
0
  6
Continuous
 62
     7
370
    25
100
AcDbCircle
 10
-147.03495
 20
161.5
 30
0.0
 40
1.500000000000028
100
AcDbArc
 50
0.0
 51
90.0
  0
ARC
  5
C4A
330
1F
100
AcDbEntity
  8
0
  6
Continuous
 62
     7
370
    25
100
AcDbCircle
 10
-153.03495
 20
161.5
 30
0.0
 40
1.500000000000114
100
AcDbArc
 50
90.0
 51
180.0
  0
ARC
  5
C4B
330
1F
100
AcDbEntity
  8
0
  6
Continuous
 62
     7
370
    25
100
AcDbCircle
 10
-119.70162
 20
158.5
 30
0.0
 40
1.499999999999915
100
AcDbArc
 50
180.0
 51
270.0
  0
ARC
  5
C4C
330
1F
100
AcDbEntity
  8
0
  6
Continuous
 62
     7
370
    25
100
AcDbCircle
 10
-113.70162
 20
158.5
 30
0.0
 40
1.500000000000014
100
AcDbArc
 50
270.0
 51
0.0
  0
ARC
  5
C4D
330
1F
100
AcDbEntity
  8
0
  6
Continuous
 62
     7
370
    25
100
AcDbCircle
 10
-113.70162
 20
161.5
 30
0.0
 40
1.500000000000014
100
AcDbArc
 50
0.0
 51
90.0
  0
ARC
  5
C4E
330
1F
100
AcDbEntity
  8
0
  6
Continuous
 62
     7
370
    25
100
AcDbCircle
 10
-119.70162
 20
161.5
 30
0.0
 40
1.500000000000114
100
AcDbArc
 50
90.0
 51
180.0
  0
ARC
  5
C4F
330
1F
100
AcDbEntity
  8
0
  6
Continuous
 62
     7
370
    25
100
AcDbCircle
 10
-86.36829
 20
158.5
 30
0.0
 40
1.499999999999886
100
AcDbArc
 50
180.0
 51
270.0
  0
ARC
  5
C50
330
1F
100
AcDbEntity
  8
0
  6
Continuous
 62
     7
370
    25
100
AcDbCircle
 10
-80.36829
 20
158.5
 30
0.0
 40
1.5
100
AcDbArc
 50
270.0
 51
0.0
  0
ARC
  5
C51
330
1F
100
AcDbEntity
  8
0
  6
Continuous
 62
     7
370
    25
100
AcDbCircle
 10
-80.36829
 20
161.5
 30
0.0
 40
1.5
100
AcDbArc
 50
0.0
 51
90.0
  0
ARC
  5
C52
330
1F
100
AcDbEntity
  8
0
  6
Continuous
 62
     7
370
    25
100
AcDbCircle
 10
-86.36829
 20
161.5
 30
0.0
 40
1.500000000000128
100
AcDbArc
 50
90.0
 51
180.0
  0
ARC
  5
C53
330
1F
100
AcDbEntity
  8
0
  6
Continuous
 62
     7
370
    25
100
AcDbCircle
 10
-53.03496
 20
158.5
 30
0.0
 40
1.499999999999901
100
AcDbArc
 50
180.0
 51
270.0
  0
ARC
  5
C54
330
1F
100
AcDbEntity
  8
0
  6
Continuous
 62
     7
370
    25
100
AcDbCircle
 10
-47.03496
 20
158.5
 30
0.0
 40
1.499999999999979
100
AcDbArc
 50
270.0
 51
0.0
  0
ARC
  5
C55
330
1F
100
AcDbEntity
  8
0
  6
Continuous
 62
     7
370
    25
100
AcDbCircle
 10
-47.03496
 20
161.5
 30
0.0
 40
1.499999999999979
100
AcDbArc
 50
0.0
 51
90.0
  0
ARC
  5
C56
330
1F
100
AcDbEntity
  8
0
  6
Continuous
 62
     7
370
    25
100
AcDbCircle
 10
-53.03496
 20
161.5
 30
0.0
 40
1.500000000000114
100
AcDbArc
 50
90.0
 51
180.0
  0
ARC
  5
C57
330
1F
100
AcDbEntity
  8
0
  6
Continuous
 62
     7
370
    25
100
AcDbCircle
 10
-19.70163
 20
158.5
 30
0.0
 40
1.49999999999989
100
AcDbArc
 50
180.0
 51
270.0
  0
ARC
  5
C58
330
1F
100
AcDbEntity
  8
0
  6
Continuous
 62
     7
370
    25
100
AcDbCircle
 10
-13.70163
 20
158.5
 30
0.0
 40
1.5
100
AcDbArc
 50
270.0
 51
0.0
  0
ARC
  5
C59
330
1F
100
AcDbEntity
  8
0
  6
Continuous
 62
     7
370
    25
100
AcDbCircle
 10
-13.70163
 20
161.5
 30
0.0
 40
1.5
100
AcDbArc
 50
0.0
 51
90.0
  0
ARC
  5
C5A
330
1F
100
AcDbEntity
  8
0
  6
Continuous
 62
     7
370
    25
100
AcDbCircle
 10
-19.70163
 20
161.5
 30
0.0
 40
1.500000000000114
100
AcDbArc
 50
90.0
 51
180.0
  0
ARC
  5
C5B
330
1F
100
AcDbEntity
  8
0
  6
Continuous
 62
     7
370
    25
100
AcDbCircle
 10
13.6317
 20
158.5
 30
0.0
 40
1.499999999999888
100
AcDbArc
 50
180.0
 51
270.0
  0
ARC
  5
C5C
330
1F
100
AcDbEntity
  8
0
  6
Continuous
 62
     7
370
    25
100
AcDbCircle
 10
19.6317
 20
158.5
 30
0.0
 40
1.5
100
AcDbArc
 50
270.0
 51
0.0
  0
ARC
  5
C5D
330
1F
100
AcDbEntity
  8
0
  6
Continuous
 62
     7
370
    25
100
AcDbCircle
 10
19.6317
 20
161.5
 30
0.0
 40
1.500000000000032
100
AcDbArc
 50
0.0
 51
90.0
  0
ARC
  5
C5E
330
1F
100
AcDbEntity
  8
0
  6
Continuous
 62
     7
370
    25
100
AcDbCircle
 10
13.6317
 20
161.5
 30
0.0
 40
1.500000000000114
100
AcDbArc
 50
90.0
 51
180.0
  0
ARC
  5
C5F
330
1F
100
AcDbEntity
  8
0
  6
Continuous
 62
     7
370
    25
100
AcDbCircle
 10
46.96503
 20
158.5
 30
0.0
 40
1.499999999999886
100
AcDbArc
 50
180.0
 51
270.0
  0
ARC
  5
C60
330
1F
100
AcDbEntity
  8
0
  6
Continuous
 62
     7
370
    25
100
AcDbCircle
 10
52.96503
 20
158.5
 30
0.0
 40
1.500000000000007
100
AcDbArc
 50
270.0
 51
0.0
  0
ARC
  5
C61
330
1F
100
AcDbEntity
  8
0
  6
Continuous
 62
     7
370
    25
100
AcDbCircle
 10
52.96503
 20
161.5
 30
0.0
 40
1.500000000000007
100
AcDbArc
 50
0.0
 51
90.0
  0
ARC
  5
C62
330
1F
100
AcDbEntity
  8
0
  6
Continuous
 62
     7
370
    25
100
AcDbCircle
 10
46.96503
 20
161.5
 30
0.0
 40
1.500000000000114
100
AcDbArc
 50
90.0
 51
180.0
  0
ARC
  5
C63
330
1F
100
AcDbEntity
  8
0
  6
Continuous
 62
     7
370
    25
100
AcDbCircle
 10
80.29836
 20
158.5
 30
0.0
 40
1.499999999999886
100
AcDbArc
 50
180.0
 51
270.0
  0
ARC
  5
C64
330
1F
100
AcDbEntity
  8
0
  6
Continuous
 62
     7
370
    25
100
AcDbCircle
 10
86.29836
 20
158.5
 30
0.0
 40
1.500000000000014
100
AcDbArc
 50
270.0
 51
0.0
  0
ARC
  5
C65
330
1F
100
AcDbEntity
  8
0
  6
Continuous
 62
     7
370
    25
100
AcDbCircle
 10
86.29836
 20
161.5
 30
0.0
 40
1.500000000000014
100
AcDbArc
 50
0.0
 51
90.0
  0
ARC
  5
C66
330
1F
100
AcDbEntity
  8
0
  6
Continuous
 62
     7
370
    25
100
AcDbCircle
 10
80.29836
 20
161.5
 30
0.0
 40
1.500000000000114
100
AcDbArc
 50
90.0
 51
180.0
  0
ARC
  5
C67
330
1F
100
AcDbEntity
  8
0
  6
Continuous
 62
     7
370
    25
100
AcDbCircle
 10
113.63169
 20
158.5
 30
0.0
 40
1.499999999999886
100
AcDbArc
 50
180.0
 51
270.0
  0
ARC
  5
C68
330
1F
100
AcDbEntity
  8
0
  6
Continuous
 62
     7
370
    25
100
AcDbCircle
 10
119.63169
 20
158.5
 30
0.0
 40
1.500000000000028
100
AcDbArc
 50
270.0
 51
0.0
  0
ARC
  5
C69
330
1F
100
AcDbEntity
  8
0
  6
Continuous
 62
     7
370
    25
100
AcDbCircle
 10
119.63169
 20
161.5
 30
0.0
 40
1.500000000000028
100
AcDbArc
 50
0.0
 51
90.0
  0
ARC
  5
C6A
330
1F
100
AcDbEntity
  8
0
  6
Continuous
 62
     7
370
    25
100
AcDbCircle
 10
113.63169
 20
161.5
 30
0.0
 40
1.500000000000085
100
AcDbArc
 50
90.0
 51
180.0
  0
ARC
  5
C6B
330
1F
100
AcDbEntity
  8
0
  6
Continuous
 62
     7
370
    25
100
AcDbCircle
 10
146.96502
 20
158.5
 30
0.0
 40
1.499999999999886
100
AcDbArc
 50
180.0
 51
270.0
  0
ARC
  5
C6C
330
1F
100
AcDbEntity
  8
0
  6
Continuous
 62
     7
370
    25
100
AcDbCircle
 10
152.96502
 20
158.5
 30
0.0
 40
1.5
100
AcDbArc
 50
270.0
 51
0.0
  0
ARC
  5
C6D
330
1F
100
AcDbEntity
  8
0
  6
Continuous
 62
     7
370
    25
100
AcDbCircle
 10
152.96502
 20
161.5
 30
0.0
 40
1.5
100
AcDbArc
 50
0.0
 51
90.0
  0
ARC
  5
C6E
330
1F
100
AcDbEntity
  8
0
  6
Continuous
 62
     7
370
    25
100
AcDbCircle
 10
146.96502
 20
161.5
 30
0.0
 40
1.500000000000114
100
AcDbArc
 50
90.0
 51
180.0
  0
ARC
  5
C6F
330
1F
100
AcDbEntity
  8
0
  6
Continuous
 62
     7
370
    25
100
AcDbCircle
 10
180.29835
 20
158.5
 30
0.0
 40
1.499999999999886
100
AcDbArc
 50
180.0
 51
270.0
  0
ARC
  5
C70
330
1F
100
AcDbEntity
  8
0
  6
Continuous
 62
     7
370
    25
100
AcDbCircle
 10
186.29835
 20
158.5
 30
0.0
 40
1.499999999999972
100
AcDbArc
 50
270.0
 51
0.0
  0
ARC
  5
C71
330
1F
100
AcDbEntity
  8
0
  6
Continuous
 62
     7
370
    25
100
AcDbCircle
 10
186.29835
 20
161.5
 30
0.0
 40
1.5
100
AcDbArc
 50
0.0
 51
90.0
  0
ARC
  5
C72
330
1F
100
AcDbEntity
  8
0
  6
Continuous
 62
     7
370
    25
100
AcDbCircle
 10
180.29835
 20
161.5
 30
0.0
 40
1.500000000000114
100
AcDbArc
 50
90.0
 51
180.0
  0
ARC
  5
C73
330
1F
100
AcDbEntity
  8
0
  6
Continuous
 62
     7
370
    25
100
AcDbCircle
 10
213.63168
 20
158.5
 30
0.0
 40
1.499999999999886
100
AcDbArc
 50
180.0
 51
270.0
  0
ARC
  5
C74
330
1F
100
AcDbEntity
  8
0
  6
Continuous
 62
     7
370
    25
100
AcDbCircle
 10
219.63168
 20
158.5
 30
0.0
 40
1.500000000000028
100
AcDbArc
 50
270.0
 51
0.0
  0
ARC
  5
C75
330
1F
100
AcDbEntity
  8
0
  6
Continuous
 62
     7
370
    25
100
AcDbCircle
 10
219.63168
 20
161.5
 30
0.0
 40
1.500000000000028
100
AcDbArc
 50
0.0
 51
90.0
  0
ARC
  5
C76
330
1F
100
AcDbEntity
  8
0
  6
Continuous
 62
     7
370
    25
100
AcDbCircle
 10
213.63168
 20
161.5
 30
0.0
 40
1.500000000000114
100
AcDbArc
 50
90.0
 51
180.0
  0
ARC
  5
C77
330
1F
100
AcDbEntity
  8
0
  6
Continuous
 62
     7
370
    25
100
AcDbCircle
 10
246.96501
 20
158.5
 30
0.0
 40
1.499999999999915
100
AcDbArc
 50
180.0
 51
270.0
  0
ARC
  5
C78
330
1F
100
AcDbEntity
  8
0
  6
Continuous
 62
     7
370
    25
100
AcDbCircle
 10
252.96501
 20
158.5
 30
0.0
 40
1.500000000000057
100
AcDbArc
 50
270.0
 51
360.0
  0
ARC
  5
C79
330
1F
100
AcDbEntity
  8
0
  6
Continuous
 62
     7
370
    25
100
AcDbCircle
 10
252.96501
 20
161.5
 30
0.0
 40
1.500000000000028
100
AcDbArc
 50
0.0
 51
90.0
  0
ARC
  5
C7A
330
1F
100
AcDbEntity
  8
0
  6
Continuous
 62
     7
370
    25
100
AcDbCircle
 10
246.96501
 20
161.5
 30
0.0
 40
1.500000000000114
100
AcDbArc
 50
90.0
 51
180.0
  0
ARC
  5
C7B
330
1F
100
AcDbEntity
  8
0
  6
Continuous
 62
     7
370
    25
100
AcDbCircle
 10
280.29834
 20
158.5
 30
0.0
 40
1.499999999999886
100
AcDbArc
 50
180.0
 51
270.0
  0
ARC
  5
C7C
330
1F
100
AcDbEntity
  8
0
  6
Continuous
 62
     7
370
    25
100
AcDbCircle
 10
286.29834
 20
158.5
 30
0.0
 40
1.5
100
AcDbArc
 50
270.0
 51
0.0
  0
ARC
  5
C7D
330
1F
100
AcDbEntity
  8
0
  6
Continuous
 62
     7
370
    25
100
AcDbCircle
 10
286.29834
 20
161.5
 30
0.0
 40
1.5
100
AcDbArc
 50
0.0
 51
90.0
  0
ARC
  5
C7E
330
1F
100
AcDbEntity
  8
0
  6
Continuous
 62
     7
370
    25
100
AcDbCircle
 10
280.29834
 20
161.5
 30
0.0
 40
1.500000000000114
100
AcDbArc
 50
90.0
 51
180.0
  0
ARC
  5
C7F
330
1F
100
AcDbEntity
  8
0
  6
Continuous
 62
     7
370
    25
100
AcDbCircle
 10
313.63167
 20
158.5
 30
0.0
 40
1.499999999999886
100
AcDbArc
 50
180.0
 51
270.0
  0
ARC
  5
C80
330
1F
100
AcDbEntity
  8
0
  6
Continuous
 62
     7
370
    25
100
AcDbCircle
 10
319.63167
 20
158.5
 30
0.0
 40
1.5
100
AcDbArc
 50
270.0
 51
0.0
  0
ARC
  5
C81
330
1F
100
AcDbEntity
  8
0
  6
Continuous
 62
     7
370
    25
100
AcDbCircle
 10
319.63167
 20
161.5
 30
0.0
 40
1.499999999999972
100
AcDbArc
 50
0.0
 51
90.0
  0
ARC
  5
C82
330
1F
100
AcDbEntity
  8
0
  6
Continuous
 62
     7
370
    25
100
AcDbCircle
 10
313.63167
 20
161.5
 30
0.0
 40
1.500000000000114
100
AcDbArc
 50
90.0
 51
180.0
  0
ARC
  5
C83
330
1F
100
AcDbEntity
  8
0
  6
Continuous
 62
     7
370
    25
100
AcDbCircle
 10
346.965
 20
158.5
 30
0.0
 40
1.499999999999886
100
AcDbArc
 50
180.0
 51
270.0
  0
ARC
  5
C84
330
1F
100
AcDbEntity
  8
0
  6
Continuous
 62
     7
370
    25
100
AcDbCircle
 10
352.965
 20
158.5
 30
0.0
 40
1.5
100
AcDbArc
 50
270.0
 51
0.0
  0
ARC
  5
C85
330
1F
100
AcDbEntity
  8
0
  6
Continuous
 62
     7
370
    25
100
AcDbCircle
 10
352.965
 20
161.5
 30
0.0
 40
1.5
100
AcDbArc
 50
0.0
 51
90.0
  0
ARC
  5
C86
330
1F
100
AcDbEntity
  8
0
  6
Continuous
 62
     7
370
    25
100
AcDbCircle
 10
346.965
 20
161.5
 30
0.0
 40
1.500000000000114
100
AcDbArc
 50
90.0
 51
180.0
  0
ARC
  5
C87
330
1F
100
AcDbEntity
  8
0
  6
Continuous
 62
     7
370
    25
100
AcDbCircle
 10
-353.03493
 20
92.5
 30
0.0
 40
1.5
100
AcDbArc
 50
180.0
 51
270.0
  0
ARC
  5
C88
330
1F
100
AcDbEntity
  8
0
  6
Continuous
 62
     7
370
    25
100
AcDbCircle
 10
-347.03493
 20
92.5
 30
0.0
 40
1.500000000000014
100
AcDbArc
 50
270.0
 51
0.0
  0
ARC
  5
C89
330
1F
100
AcDbEntity
  8
0
  6
Continuous
 62
     7
370
    25
100
AcDbCircle
 10
-347.03493
 20
95.5
 30
0.0
 40
1.5
100
AcDbArc
 50
0.0
 51
90.0
  0
ARC
  5
C8A
330
1F
100
AcDbEntity
  8
0
  6
Continuous
 62
     7
370
    25
100
AcDbCircle
 10
-353.03493
 20
95.5
 30
0.0
 40
1.500000000000185
100
AcDbArc
 50
90.0
 51
180.0
  0
ARC
  5
C8B
330
1F
100
AcDbEntity
  8
0
  6
Continuous
 62
     7
370
    25
100
AcDbCircle
 10
-319.7016
 20
92.5
 30
0.0
 40
1.499999999999972
100
AcDbArc
 50
180.0
 51
270.0
  0
ARC
  5
C8C
330
1F
100
AcDbEntity
  8
0
  6
Continuous
 62
     7
370
    25
100
AcDbCircle
 10
-313.7016
 20
92.5
 30
0.0
 40
1.500000000000014
100
AcDbArc
 50
270.0
 51
0.0
  0
ARC
  5
C8D
330
1F
100
AcDbEntity
  8
0
  6
Continuous
 62
     7
370
    25
100
AcDbCircle
 10
-313.7016
 20
95.5
 30
0.0
 40
1.5
100
AcDbArc
 50
0.0
 51
90.0
  0
ARC
  5
C8E
330
1F
100
AcDbEntity
  8
0
  6
Continuous
 62
     7
370
    25
100
AcDbCircle
 10
-319.7016
 20
95.5
 30
0.0
 40
1.500000000000185
100
AcDbArc
 50
90.0
 51
180.0
  0
ARC
  5
C8F
330
1F
100
AcDbEntity
  8
0
  6
Continuous
 62
     7
370
    25
100
AcDbCircle
 10
-286.36827
 20
92.5
 30
0.0
 40
1.499999999999972
100
AcDbArc
 50
180.0
 51
270.0
  0
ARC
  5
C90
330
1F
100
AcDbEntity
  8
0
  6
Continuous
 62
     7
370
    25
100
AcDbCircle
 10
-280.36827
 20
92.5
 30
0.0
 40
1.500000000000014
100
AcDbArc
 50
270.0
 51
0.0
  0
ARC
  5
C91
330
1F
100
AcDbEntity
  8
0
  6
Continuous
 62
     7
370
    25
100
AcDbCircle
 10
-280.36827
 20
95.5
 30
0.0
 40
1.5
100
AcDbArc
 50
0.0
 51
90.0
  0
ARC
  5
C92
330
1F
100
AcDbEntity
  8
0
  6
Continuous
 62
     7
370
    25
100
AcDbCircle
 10
-286.36827
 20
95.5
 30
0.0
 40
1.500000000000185
100
AcDbArc
 50
90.0
 51
180.0
  0
ARC
  5
C93
330
1F
100
AcDbEntity
  8
0
  6
Continuous
 62
     7
370
    25
100
AcDbCircle
 10
-253.03494
 20
92.5
 30
0.0
 40
1.499999999999957
100
AcDbArc
 50
180.0
 51
270.0
  0
ARC
  5
C94
330
1F
100
AcDbEntity
  8
0
  6
Continuous
 62
     7
370
    25
100
AcDbCircle
 10
-247.03494
 20
92.5
 30
0.0
 40
1.500000000000014
100
AcDbArc
 50
270.0
 51
0.0
  0
ARC
  5
C95
330
1F
100
AcDbEntity
  8
0
  6
Continuous
 62
     7
370
    25
100
AcDbCircle
 10
-247.03494
 20
95.5
 30
0.0
 40
1.5
100
AcDbArc
 50
0.0
 51
90.0
  0
ARC
  5
C96
330
1F
100
AcDbEntity
  8
0
  6
Continuous
 62
     7
370
    25
100
AcDbCircle
 10
-253.03494
 20
95.5
 30
0.0
 40
1.500000000000142
100
AcDbArc
 50
90.0
 51
180.0
  0
ARC
  5
C97
330
1F
100
AcDbEntity
  8
0
  6
Continuous
 62
     7
370
    25
100
AcDbCircle
 10
-219.70161
 20
92.5
 30
0.0
 40
1.499999999999901
100
AcDbArc
 50
180.0
 51
270.0
  0
ARC
  5
C98
330
1F
100
AcDbEntity
  8
0
  6
Continuous
 62
     7
370
    25
100
AcDbCircle
 10
-213.70161
 20
92.5
 30
0.0
 40
1.500000000000014
100
AcDbArc
 50
270.0
 51
0.0
  0
ARC
  5
C99
330
1F
100
AcDbEntity
  8
0
  6
Continuous
 62
     7
370
    25
100
AcDbCircle
 10
-213.70161
 20
95.5
 30
0.0
 40
1.5
100
AcDbArc
 50
0.0
 51
90.0
  0
ARC
  5
C9A
330
1F
100
AcDbEntity
  8
0
  6
Continuous
 62
     7
370
    25
100
AcDbCircle
 10
-219.70161
 20
95.5
 30
0.0
 40
1.500000000000114
100
AcDbArc
 50
90.0
 51
180.0
  0
ARC
  5
C9B
330
1F
100
AcDbEntity
  8
0
  6
Continuous
 62
     7
370
    25
100
AcDbCircle
 10
-186.36828
 20
92.5
 30
0.0
 40
1.499999999999929
100
AcDbArc
 50
180.0
 51
270.0
  0
ARC
  5
C9C
330
1F
100
AcDbEntity
  8
0
  6
Continuous
 62
     7
370
    25
100
AcDbCircle
 10
-180.36828
 20
92.5
 30
0.0
 40
1.499999999999986
100
AcDbArc
 50
270.0
 51
0.0
  0
ARC
  5
C9D
330
1F
100
AcDbEntity
  8
0
  6
Continuous
 62
     7
370
    25
100
AcDbCircle
 10
-180.36828
 20
95.5
 30
0.0
 40
1.499999999999972
100
AcDbArc
 50
360.0
 51
90.0
  0
ARC
  5
C9E
330
1F
100
AcDbEntity
  8
0
  6
Continuous
 62
     7
370
    25
100
AcDbCircle
 10
-186.36828
 20
95.5
 30
0.0
 40
1.500000000000114
100
AcDbArc
 50
90.0
 51
180.0
  0
ARC
  5
C9F
330
1F
100
AcDbEntity
  8
0
  6
Continuous
 62
     7
370
    25
100
AcDbCircle
 10
-153.03495
 20
92.5
 30
0.0
 40
1.499999999999901
100
AcDbArc
 50
180.0
 51
270.0
  0
ARC
  5
CA0
330
1F
100
AcDbEntity
  8
0
  6
Continuous
 62
     7
370
    25
100
AcDbCircle
 10
-147.03495
 20
92.5
 30
0.0
 40
1.500000000000014
100
AcDbArc
 50
270.0
 51
0.0
  0
ARC
  5
CA1
330
1F
100
AcDbEntity
  8
0
  6
Continuous
 62
     7
370
    25
100
AcDbCircle
 10
-147.03495
 20
95.5
 30
0.0
 40
1.500000000000028
100
AcDbArc
 50
0.0
 51
90.0
  0
ARC
  5
CA2
330
1F
100
AcDbEntity
  8
0
  6
Continuous
 62
     7
370
    25
100
AcDbCircle
 10
-153.03495
 20
95.5
 30
0.0
 40
1.500000000000114
100
AcDbArc
 50
90.0
 51
180.0
  0
ARC
  5
CA3
330
1F
100
AcDbEntity
  8
0
  6
Continuous
 62
     7
370
    25
100
AcDbCircle
 10
-119.70162
 20
92.5
 30
0.0
 40
1.499999999999915
100
AcDbArc
 50
180.0
 51
270.0
  0
ARC
  5
CA4
330
1F
100
AcDbEntity
  8
0
  6
Continuous
 62
     7
370
    25
100
AcDbCircle
 10
-113.70162
 20
92.5
 30
0.0
 40
1.500000000000014
100
AcDbArc
 50
270.0
 51
0.0
  0
ARC
  5
CA5
330
1F
100
AcDbEntity
  8
0
  6
Continuous
 62
     7
370
    25
100
AcDbCircle
 10
-113.70162
 20
95.5
 30
0.0
 40
1.500000000000014
100
AcDbArc
 50
0.0
 51
90.0
  0
ARC
  5
CA6
330
1F
100
AcDbEntity
  8
0
  6
Continuous
 62
     7
370
    25
100
AcDbCircle
 10
-119.70162
 20
95.5
 30
0.0
 40
1.500000000000128
100
AcDbArc
 50
90.0
 51
180.0
  0
ARC
  5
CA7
330
1F
100
AcDbEntity
  8
0
  6
Continuous
 62
     7
370
    25
100
AcDbCircle
 10
-86.36829
 20
92.5
 30
0.0
 40
1.499999999999915
100
AcDbArc
 50
180.0
 51
270.0
  0
ARC
  5
CA8
330
1F
100
AcDbEntity
  8
0
  6
Continuous
 62
     7
370
    25
100
AcDbCircle
 10
-80.36829
 20
92.5
 30
0.0
 40
1.500000000000014
100
AcDbArc
 50
270.0
 51
0.0
  0
ARC
  5
CA9
330
1F
100
AcDbEntity
  8
0
  6
Continuous
 62
     7
370
    25
100
AcDbCircle
 10
-80.36829
 20
95.5
 30
0.0
 40
1.5
100
AcDbArc
 50
0.0
 51
90.0
  0
ARC
  5
CAA
330
1F
100
AcDbEntity
  8
0
  6
Continuous
 62
     7
370
    25
100
AcDbCircle
 10
-86.36829
 20
95.5
 30
0.0
 40
1.500000000000142
100
AcDbArc
 50
90.0
 51
180.0
  0
ARC
  5
CAB
330
1F
100
AcDbEntity
  8
0
  6
Continuous
 62
     7
370
    25
100
AcDbCircle
 10
-53.03496
 20
92.5
 30
0.0
 40
1.499999999999915
100
AcDbArc
 50
180.0
 51
270.0
  0
ARC
  5
CAC
330
1F
100
AcDbEntity
  8
0
  6
Continuous
 62
     7
370
    25
100
AcDbCircle
 10
-47.03496
 20
92.5
 30
0.0
 40
1.500000000000014
100
AcDbArc
 50
270.0
 51
0.0
  0
ARC
  5
CAD
330
1F
100
AcDbEntity
  8
0
  6
Continuous
 62
     7
370
    25
100
AcDbCircle
 10
-47.03496
 20
95.5
 30
0.0
 40
1.499999999999993
100
AcDbArc
 50
0.0
 51
90.0
  0
ARC
  5
CAE
330
1F
100
AcDbEntity
  8
0
  6
Continuous
 62
     7
370
    25
100
AcDbCircle
 10
-53.03496
 20
95.5
 30
0.0
 40
1.500000000000099
100
AcDbArc
 50
90.0
 51
180.0
  0
ARC
  5
CAF
330
1F
100
AcDbEntity
  8
0
  6
Continuous
 62
     7
370
    25
100
AcDbCircle
 10
-19.70163
 20
92.5
 30
0.0
 40
1.499999999999901
100
AcDbArc
 50
180.0
 51
270.0
  0
ARC
  5
CB0
330
1F
100
AcDbEntity
  8
0
  6
Continuous
 62
     7
370
    25
100
AcDbCircle
 10
-13.70163
 20
92.5
 30
0.0
 40
1.500000000000014
100
AcDbArc
 50
270.0
 51
0.0
  0
ARC
  5
CB1
330
1F
100
AcDbEntity
  8
0
  6
Continuous
 62
     7
370
    25
100
AcDbCircle
 10
-13.70163
 20
95.5
 30
0.0
 40
1.500000000000002
100
AcDbArc
 50
0.0
 51
90.0
  0
ARC
  5
CB2
330
1F
100
AcDbEntity
  8
0
  6
Continuous
 62
     7
370
    25
100
AcDbCircle
 10
-19.70163
 20
95.5
 30
0.0
 40
1.500000000000117
100
AcDbArc
 50
90.0
 51
180.0
  0
ARC
  5
CB3
330
1F
100
AcDbEntity
  8
0
  6
Continuous
 62
     7
370
    25
100
AcDbCircle
 10
13.6317
 20
92.5
 30
0.0
 40
1.499999999999901
100
AcDbArc
 50
180.0
 51
270.0
  0
ARC
  5
CB4
330
1F
100
AcDbEntity
  8
0
  6
Continuous
 62
     7
370
    25
100
AcDbCircle
 10
19.6317
 20
92.5
 30
0.0
 40
1.500000000000014
100
AcDbArc
 50
270.0
 51
0.0
  0
ARC
  5
CB5
330
1F
100
AcDbEntity
  8
0
  6
Continuous
 62
     7
370
    25
100
AcDbCircle
 10
19.6317
 20
95.5
 30
0.0
 40
1.500000000000004
100
AcDbArc
 50
0.0
 51
90.0
  0
ARC
  5
CB6
330
1F
100
AcDbEntity
  8
0
  6
Continuous
 62
     7
370
    25
100
AcDbCircle
 10
13.6317
 20
95.5
 30
0.0
 40
1.500000000000114
100
AcDbArc
 50
90.0
 51
180.0
  0
ARC
  5
CB7
330
1F
100
AcDbEntity
  8
0
  6
Continuous
 62
     7
370
    25
100
AcDbCircle
 10
46.96503
 20
92.5
 30
0.0
 40
1.499999999999901
100
AcDbArc
 50
180.0
 51
270.0
  0
ARC
  5
CB8
330
1F
100
AcDbEntity
  8
0
  6
Continuous
 62
     7
370
    25
100
AcDbCircle
 10
52.96503
 20
92.5
 30
0.0
 40
1.500000000000014
100
AcDbArc
 50
270.0
 51
0.0
  0
ARC
  5
CB9
330
1F
100
AcDbEntity
  8
0
  6
Continuous
 62
     7
370
    25
100
AcDbCircle
 10
52.96503
 20
95.5
 30
0.0
 40
1.500000000000007
100
AcDbArc
 50
0.0
 51
90.0
  0
ARC
  5
CBA
330
1F
100
AcDbEntity
  8
0
  6
Continuous
 62
     7
370
    25
100
AcDbCircle
 10
46.96503
 20
95.5
 30
0.0
 40
1.500000000000099
100
AcDbArc
 50
90.0
 51
180.0
  0
ARC
  5
CBB
330
1F
100
AcDbEntity
  8
0
  6
Continuous
 62
     7
370
    25
100
AcDbCircle
 10
80.29836
 20
92.5
 30
0.0
 40
1.499999999999901
100
AcDbArc
 50
180.0
 51
270.0
  0
ARC
  5
CBC
330
1F
100
AcDbEntity
  8
0
  6
Continuous
 62
     7
370
    25
100
AcDbCircle
 10
86.29836
 20
92.5
 30
0.0
 40
1.500000000000014
100
AcDbArc
 50
270.0
 51
0.0
  0
ARC
  5
CBD
330
1F
100
AcDbEntity
  8
0
  6
Continuous
 62
     7
370
    25
100
AcDbCircle
 10
86.29836
 20
95.5
 30
0.0
 40
1.5
100
AcDbArc
 50
0.0
 51
90.0
  0
ARC
  5
CBE
330
1F
100
AcDbEntity
  8
0
  6
Continuous
 62
     7
370
    25
100
AcDbCircle
 10
80.29836
 20
95.5
 30
0.0
 40
1.500000000000114
100
AcDbArc
 50
90.0
 51
180.0
  0
ARC
  5
CBF
330
1F
100
AcDbEntity
  8
0
  6
Continuous
 62
     7
370
    25
100
AcDbCircle
 10
113.63169
 20
92.5
 30
0.0
 40
1.499999999999901
100
AcDbArc
 50
180.0
 51
270.0
  0
ARC
  5
CC0
330
1F
100
AcDbEntity
  8
0
  6
Continuous
 62
     7
370
    25
100
AcDbCircle
 10
119.63169
 20
92.5
 30
0.0
 40
1.500000000000014
100
AcDbArc
 50
270.0
 51
0.0
  0
ARC
  5
CC1
330
1F
100
AcDbEntity
  8
0
  6
Continuous
 62
     7
370
    25
100
AcDbCircle
 10
119.63169
 20
95.5
 30
0.0
 40
1.500000000000014
100
AcDbArc
 50
0.0
 51
90.0
  0
ARC
  5
CC2
330
1F
100
AcDbEntity
  8
0
  6
Continuous
 62
     7
370
    25
100
AcDbCircle
 10
113.63169
 20
95.5
 30
0.0
 40
1.500000000000085
100
AcDbArc
 50
90.0
 51
180.0
  0
ARC
  5
CC3
330
1F
100
AcDbEntity
  8
0
  6
Continuous
 62
     7
370
    25
100
AcDbCircle
 10
146.96502
 20
92.5
 30
0.0
 40
1.499999999999901
100
AcDbArc
 50
180.0
 51
270.0
  0
ARC
  5
CC4
330
1F
100
AcDbEntity
  8
0
  6
Continuous
 62
     7
370
    25
100
AcDbCircle
 10
152.96502
 20
92.5
 30
0.0
 40
1.500000000000014
100
AcDbArc
 50
270.0
 51
0.0
  0
ARC
  5
CC5
330
1F
100
AcDbEntity
  8
0
  6
Continuous
 62
     7
370
    25
100
AcDbCircle
 10
152.96502
 20
95.5
 30
0.0
 40
1.5
100
AcDbArc
 50
0.0
 51
90.0
  0
ARC
  5
CC6
330
1F
100
AcDbEntity
  8
0
  6
Continuous
 62
     7
370
    25
100
AcDbCircle
 10
146.96502
 20
95.5
 30
0.0
 40
1.500000000000114
100
AcDbArc
 50
90.0
 51
180.0
  0
ARC
  5
CC7
330
1F
100
AcDbEntity
  8
0
  6
Continuous
 62
     7
370
    25
100
AcDbCircle
 10
180.29835
 20
92.5
 30
0.0
 40
1.499999999999901
100
AcDbArc
 50
180.0
 51
270.0
  0
ARC
  5
CC8
330
1F
100
AcDbEntity
  8
0
  6
Continuous
 62
     7
370
    25
100
AcDbCircle
 10
186.29835
 20
92.5
 30
0.0
 40
1.500000000000014
100
AcDbArc
 50
270.0
 51
0.0
  0
ARC
  5
CC9
330
1F
100
AcDbEntity
  8
0
  6
Continuous
 62
     7
370
    25
100
AcDbCircle
 10
186.29835
 20
95.5
 30
0.0
 40
1.5
100
AcDbArc
 50
0.0
 51
90.0
  0
ARC
  5
CCA
330
1F
100
AcDbEntity
  8
0
  6
Continuous
 62
     7
370
    25
100
AcDbCircle
 10
180.29835
 20
95.5
 30
0.0
 40
1.500000000000114
100
AcDbArc
 50
90.0
 51
180.0
  0
ARC
  5
CCB
330
1F
100
AcDbEntity
  8
0
  6
Continuous
 62
     7
370
    25
100
AcDbCircle
 10
213.63168
 20
92.5
 30
0.0
 40
1.499999999999901
100
AcDbArc
 50
180.0
 51
270.0
  0
ARC
  5
CCC
330
1F
100
AcDbEntity
  8
0
  6
Continuous
 62
     7
370
    25
100
AcDbCircle
 10
219.63168
 20
92.5
 30
0.0
 40
1.500000000000043
100
AcDbArc
 50
270.0
 51
0.0
  0
ARC
  5
CCD
330
1F
100
AcDbEntity
  8
0
  6
Continuous
 62
     7
370
    25
100
AcDbCircle
 10
219.63168
 20
95.5
 30
0.0
 40
1.500000000000028
100
AcDbArc
 50
0.0
 51
90.0
  0
ARC
  5
CCE
330
1F
100
AcDbEntity
  8
0
  6
Continuous
 62
     7
370
    25
100
AcDbCircle
 10
213.63168
 20
95.5
 30
0.0
 40
1.500000000000114
100
AcDbArc
 50
90.0
 51
180.0
  0
ARC
  5
CCF
330
1F
100
AcDbEntity
  8
0
  6
Continuous
 62
     7
370
    25
100
AcDbCircle
 10
246.96501
 20
92.5
 30
0.0
 40
1.499999999999915
100
AcDbArc
 50
180.0
 51
270.0
  0
ARC
  5
CD0
330
1F
100
AcDbEntity
  8
0
  6
Continuous
 62
     7
370
    25
100
AcDbCircle
 10
252.96501
 20
92.5
 30
0.0
 40
1.500000000000057
100
AcDbArc
 50
270.0
 51
0.0
  0
ARC
  5
CD1
330
1F
100
AcDbEntity
  8
0
  6
Continuous
 62
     7
370
    25
100
AcDbCircle
 10
252.96501
 20
95.5
 30
0.0
 40
1.500000000000028
100
AcDbArc
 50
0.0
 51
90.0
  0
ARC
  5
CD2
330
1F
100
AcDbEntity
  8
0
  6
Continuous
 62
     7
370
    25
100
AcDbCircle
 10
246.96501
 20
95.5
 30
0.0
 40
1.500000000000114
100
AcDbArc
 50
90.0
 51
180.0
  0
ARC
  5
CD3
330
1F
100
AcDbEntity
  8
0
  6
Continuous
 62
     7
370
    25
100
AcDbCircle
 10
280.29834
 20
92.5
 30
0.0
 40
1.499999999999901
100
AcDbArc
 50
180.0
 51
270.0
  0
ARC
  5
CD4
330
1F
100
AcDbEntity
  8
0
  6
Continuous
 62
     7
370
    25
100
AcDbCircle
 10
286.29834
 20
92.5
 30
0.0
 40
1.500000000000057
100
AcDbArc
 50
270.0
 51
0.0
  0
ARC
  5
CD5
330
1F
100
AcDbEntity
  8
0
  6
Continuous
 62
     7
370
    25
100
AcDbCircle
 10
286.29834
 20
95.5
 30
0.0
 40
1.500000000000014
100
AcDbArc
 50
0.0
 51
90.0
  0
ARC
  5
CD6
330
1F
100
AcDbEntity
  8
0
  6
Continuous
 62
     7
370
    25
100
AcDbCircle
 10
280.29834
 20
95.5
 30
0.0
 40
1.500000000000085
100
AcDbArc
 50
90.0
 51
180.0
  0
ARC
  5
CD7
330
1F
100
AcDbEntity
  8
0
  6
Continuous
 62
     7
370
    25
100
AcDbCircle
 10
313.63167
 20
92.5
 30
0.0
 40
1.499999999999901
100
AcDbArc
 50
180.0
 51
270.0
  0
ARC
  5
CD8
330
1F
100
AcDbEntity
  8
0
  6
Continuous
 62
     7
370
    25
100
AcDbCircle
 10
319.63167
 20
92.5
 30
0.0
 40
1.500000000000014
100
AcDbArc
 50
270.0
 51
0.0
  0
ARC
  5
CD9
330
1F
100
AcDbEntity
  8
0
  6
Continuous
 62
     7
370
    25
100
AcDbCircle
 10
319.63167
 20
95.5
 30
0.0
 40
1.5
100
AcDbArc
 50
0.0
 51
90.0
  0
ARC
  5
CDA
330
1F
100
AcDbEntity
  8
0
  6
Continuous
 62
     7
370
    25
100
AcDbCircle
 10
313.63167
 20
95.5
 30
0.0
 40
1.500000000000114
100
AcDbArc
 50
90.0
 51
180.0
  0
ARC
  5
CDB
330
1F
100
AcDbEntity
  8
0
  6
Continuous
 62
     7
370
    25
100
AcDbCircle
 10
346.965
 20
92.5
 30
0.0
 40
1.499999999999901
100
AcDbArc
 50
180.0
 51
270.0
  0
ARC
  5
CDC
330
1F
100
AcDbEntity
  8
0
  6
Continuous
 62
     7
370
    25
100
AcDbCircle
 10
352.965
 20
92.5
 30
0.0
 40
1.5
100
AcDbArc
 50
270.0
 51
0.0
  0
ARC
  5
CDD
330
1F
100
AcDbEntity
  8
0
  6
Continuous
 62
     7
370
    25
100
AcDbCircle
 10
352.965
 20
95.5
 30
0.0
 40
1.5
100
AcDbArc
 50
0.0
 51
90.0
  0
ARC
  5
CDE
330
1F
100
AcDbEntity
  8
0
  6
Continuous
 62
     7
370
    25
100
AcDbCircle
 10
346.965
 20
95.5
 30
0.0
 40
1.500000000000114
100
AcDbArc
 50
90.0
 51
180.0
  0
ARC
  5
CDF
330
1F
100
AcDbEntity
  8
0
  6
Continuous
 62
     7
370
    25
100
AcDbCircle
 10
-353.03493
 20
26.5
 30
0.0
 40
1.5
100
AcDbArc
 50
180.0
 51
270.0
  0
ARC
  5
CE0
330
1F
100
AcDbEntity
  8
0
  6
Continuous
 62
     7
370
    25
100
AcDbCircle
 10
-347.03493
 20
26.5
 30
0.0
 40
1.5
100
AcDbArc
 50
270.0
 51
0.0
  0
ARC
  5
CE1
330
1F
100
AcDbEntity
  8
0
  6
Continuous
 62
     7
370
    25
100
AcDbCircle
 10
-347.03493
 20
29.5
 30
0.0
 40
1.5
100
AcDbArc
 50
0.0
 51
90.0
  0
ARC
  5
CE2
330
1F
100
AcDbEntity
  8
0
  6
Continuous
 62
     7
370
    25
100
AcDbCircle
 10
-353.03493
 20
29.5
 30
0.0
 40
1.500000000000227
100
AcDbArc
 50
90.0
 51
180.0
  0
ARC
  5
CE3
330
1F
100
AcDbEntity
  8
0
  6
Continuous
 62
     7
370
    25
100
AcDbCircle
 10
-319.7016
 20
26.5
 30
0.0
 40
1.499999999999968
100
AcDbArc
 50
180.0
 51
270.0
  0
ARC
  5
CE4
330
1F
100
AcDbEntity
  8
0
  6
Continuous
 62
     7
370
    25
100
AcDbCircle
 10
-313.7016
 20
26.5
 30
0.0
 40
1.5
100
AcDbArc
 50
270.0
 51
0.0
  0
ARC
  5
CE5
330
1F
100
AcDbEntity
  8
0
  6
Continuous
 62
     7
370
    25
100
AcDbCircle
 10
-313.7016
 20
29.5
 30
0.0
 40
1.5
100
AcDbArc
 50
0.0
 51
90.0
  0
ARC
  5
CE6
330
1F
100
AcDbEntity
  8
0
  6
Continuous
 62
     7
370
    25
100
AcDbCircle
 10
-319.7016
 20
29.5
 30
0.0
 40
1.500000000000174
100
AcDbArc
 50
90.0
 51
180.0
  0
ARC
  5
CE7
330
1F
100
AcDbEntity
  8
0
  6
Continuous
 62
     7
370
    25
100
AcDbCircle
 10
-286.36827
 20
26.5
 30
0.0
 40
1.5
100
AcDbArc
 50
180.0
 51
270.0
  0
ARC
  5
CE8
330
1F
100
AcDbEntity
  8
0
  6
Continuous
 62
     7
370
    25
100
AcDbCircle
 10
-280.36827
 20
26.5
 30
0.0
 40
1.5
100
AcDbArc
 50
270.0
 51
0.0
  0
ARC
  5
CE9
330
1F
100
AcDbEntity
  8
0
  6
Continuous
 62
     7
370
    25
100
AcDbCircle
 10
-280.36827
 20
29.5
 30
0.0
 40
1.5
100
AcDbArc
 50
0.0
 51
90.0
  0
ARC
  5
CEA
330
1F
100
AcDbEntity
  8
0
  6
Continuous
 62
     7
370
    25
100
AcDbCircle
 10
-286.36827
 20
29.5
 30
0.0
 40
1.500000000000227
100
AcDbArc
 50
90.0
 51
180.0
  0
ARC
  5
CEB
330
1F
100
AcDbEntity
  8
0
  6
Continuous
 62
     7
370
    25
100
AcDbCircle
 10
-253.03494
 20
26.5
 30
0.0
 40
1.499999999999943
100
AcDbArc
 50
180.0
 51
270.0
  0
ARC
  5
CEC
330
1F
100
AcDbEntity
  8
0
  6
Continuous
 62
     7
370
    25
100
AcDbCircle
 10
-247.03494
 20
26.5
 30
0.0
 40
1.500000000000028
100
AcDbArc
 50
270.0
 51
0.0
  0
ARC
  5
CED
330
1F
100
AcDbEntity
  8
0
  6
Continuous
 62
     7
370
    25
100
AcDbCircle
 10
-247.03494
 20
29.5
 30
0.0
 40
1.5
100
AcDbArc
 50
0.0
 51
90.0
  0
ARC
  5
CEE
330
1F
100
AcDbEntity
  8
0
  6
Continuous
 62
     7
370
    25
100
AcDbCircle
 10
-253.03494
 20
29.5
 30
0.0
 40
1.500000000000142
100
AcDbArc
 50
90.0
 51
180.0
  0
ARC
  5
CEF
330
1F
100
AcDbEntity
  8
0
  6
Continuous
 62
     7
370
    25
100
AcDbCircle
 10
-219.70161
 20
26.5
 30
0.0
 40
1.499999999999893
100
AcDbArc
 50
180.0
 51
270.0
  0
ARC
  5
CF0
330
1F
100
AcDbEntity
  8
0
  6
Continuous
 62
     7
370
    25
100
AcDbCircle
 10
-213.70161
 20
26.5
 30
0.0
 40
1.500000000000028
100
AcDbArc
 50
270.0
 51
0.0
  0
ARC
  5
CF1
330
1F
100
AcDbEntity
  8
0
  6
Continuous
 62
     7
370
    25
100
AcDbCircle
 10
-213.70161
 20
29.5
 30
0.0
 40
1.500000000000028
100
AcDbArc
 50
0.0
 51
90.0
  0
ARC
  5
CF2
330
1F
100
AcDbEntity
  8
0
  6
Continuous
 62
     7
370
    25
100
AcDbCircle
 10
-219.70161
 20
29.5
 30
0.0
 40
1.500000000000114
100
AcDbArc
 50
90.0
 51
180.0
  0
ARC
  5
CF3
330
1F
100
AcDbEntity
  8
0
  6
Continuous
 62
     7
370
    25
100
AcDbCircle
 10
-186.36828
 20
26.5
 30
0.0
 40
1.499999999999915
100
AcDbArc
 50
180.0
 51
270.0
  0
ARC
  5
CF4
330
1F
100
AcDbEntity
  8
0
  6
Continuous
 62
     7
370
    25
100
AcDbCircle
 10
-180.36828
 20
26.5
 30
0.0
 40
1.499999999999972
100
AcDbArc
 50
270.0
 51
0.0
  0
ARC
  5
CF5
330
1F
100
AcDbEntity
  8
0
  6
Continuous
 62
     7
370
    25
100
AcDbCircle
 10
-180.36828
 20
29.5
 30
0.0
 40
1.499999999999972
100
AcDbArc
 50
0.0
 51
90.0
  0
ARC
  5
CF6
330
1F
100
AcDbEntity
  8
0
  6
Continuous
 62
     7
370
    25
100
AcDbCircle
 10
-186.36828
 20
29.5
 30
0.0
 40
1.500000000000121
100
AcDbArc
 50
90.0
 51
180.0
  0
ARC
  5
CF7
330
1F
100
AcDbEntity
  8
0
  6
Continuous
 62
     7
370
    25
100
AcDbCircle
 10
-153.03495
 20
26.5
 30
0.0
 40
1.499999999999904
100
AcDbArc
 50
180.0
 51
270.0
  0
ARC
  5
CF8
330
1F
100
AcDbEntity
  8
0
  6
Continuous
 62
     7
370
    25
100
AcDbCircle
 10
-147.03495
 20
26.5
 30
0.0
 40
1.500000000000007
100
AcDbArc
 50
270.0
 51
0.0
  0
ARC
  5
CF9
330
1F
100
AcDbEntity
  8
0
  6
Continuous
 62
     7
370
    25
100
AcDbCircle
 10
-147.03495
 20
29.5
 30
0.0
 40
1.500000000000028
100
AcDbArc
 50
0.0
 51
90.0
  0
ARC
  5
CFA
330
1F
100
AcDbEntity
  8
0
  6
Continuous
 62
     7
370
    25
100
AcDbCircle
 10
-153.03495
 20
29.5
 30
0.0
 40
1.500000000000121
100
AcDbArc
 50
90.0
 51
180.0
  0
ARC
  5
CFB
330
1F
100
AcDbEntity
  8
0
  6
Continuous
 62
     7
370
    25
100
AcDbCircle
 10
-119.70162
 20
26.5
 30
0.0
 40
1.499999999999901
100
AcDbArc
 50
180.0
 51
270.0
  0
ARC
  5
CFC
330
1F
100
AcDbEntity
  8
0
  6
Continuous
 62
     7
370
    25
100
AcDbCircle
 10
-113.70162
 20
26.5
 30
0.0
 40
1.500000000000014
100
AcDbArc
 50
270.0
 51
0.0
  0
ARC
  5
CFD
330
1F
100
AcDbEntity
  8
0
  6
Continuous
 62
     7
370
    25
100
AcDbCircle
 10
-113.70162
 20
29.5
 30
0.0
 40
1.500000000000014
100
AcDbArc
 50
0.0
 51
90.0
  0
ARC
  5
CFE
330
1F
100
AcDbEntity
  8
0
  6
Continuous
 62
     7
370
    25
100
AcDbCircle
 10
-119.70162
 20
29.5
 30
0.0
 40
1.500000000000128
100
AcDbArc
 50
90.0
 51
180.0
  0
ARC
  5
CFF
330
1F
100
AcDbEntity
  8
0
  6
Continuous
 62
     7
370
    25
100
AcDbCircle
 10
-86.36829
 20
26.5
 30
0.0
 40
1.499999999999901
100
AcDbArc
 50
180.0
 51
270.0
  0
ARC
  5
D00
330
1F
100
AcDbEntity
  8
0
  6
Continuous
 62
     7
370
    25
100
AcDbCircle
 10
-80.36829
 20
26.5
 30
0.0
 40
1.500000000000007
100
AcDbArc
 50
270.0
 51
0.0
  0
ARC
  5
D01
330
1F
100
AcDbEntity
  8
0
  6
Continuous
 62
     7
370
    25
100
AcDbCircle
 10
-80.36829
 20
29.5
 30
0.0
 40
1.500000000000004
100
AcDbArc
 50
0.0
 51
90.0
  0
ARC
  5
D02
330
1F
100
AcDbEntity
  8
0
  6
Continuous
 62
     7
370
    25
100
AcDbCircle
 10
-86.36829
 20
29.5
 30
0.0
 40
1.500000000000142
100
AcDbArc
 50
90.0
 51
180.0
  0
ARC
  5
D03
330
1F
100
AcDbEntity
  8
0
  6
Continuous
 62
     7
370
    25
100
AcDbCircle
 10
-53.03496
 20
26.5
 30
0.0
 40
1.499999999999908
100
AcDbArc
 50
180.0
 51
270.0
  0
ARC
  5
D04
330
1F
100
AcDbEntity
  8
0
  6
Continuous
 62
     7
370
    25
100
AcDbCircle
 10
-47.03496
 20
26.5
 30
0.0
 40
1.499999999999993
100
AcDbArc
 50
270.0
 51
0.0
  0
ARC
  5
D05
330
1F
100
AcDbEntity
  8
0
  6
Continuous
 62
     7
370
    25
100
AcDbCircle
 10
-47.03496
 20
29.5
 30
0.0
 40
1.499999999999993
100
AcDbArc
 50
0.0
 51
90.0
  0
ARC
  5
D06
330
1F
100
AcDbEntity
  8
0
  6
Continuous
 62
     7
370
    25
100
AcDbCircle
 10
-53.03496
 20
29.5
 30
0.0
 40
1.500000000000103
100
AcDbArc
 50
90.0
 51
180.0
  0
ARC
  5
D07
330
1F
100
AcDbEntity
  8
0
  6
Continuous
 62
     7
370
    25
100
AcDbCircle
 10
-19.70163
 20
26.5
 30
0.0
 40
1.499999999999901
100
AcDbArc
 50
180.0
 51
270.0
  0
ARC
  5
D08
330
1F
100
AcDbEntity
  8
0
  6
Continuous
 62
     7
370
    25
100
AcDbCircle
 10
-13.70163
 20
26.5
 30
0.0
 40
1.500000000000004
100
AcDbArc
 50
270.0
 51
0.0
  0
ARC
  5
D09
330
1F
100
AcDbEntity
  8
0
  6
Continuous
 62
     7
370
    25
100
AcDbCircle
 10
-13.70163
 20
29.5
 30
0.0
 40
1.500000000000007
100
AcDbArc
 50
0.0
 51
90.0
  0
ARC
  5
D0A
330
1F
100
AcDbEntity
  8
0
  6
Continuous
 62
     7
370
    25
100
AcDbCircle
 10
-19.70163
 20
29.5
 30
0.0
 40
1.500000000000121
100
AcDbArc
 50
90.0
 51
180.0
  0
ARC
  5
D0B
330
1F
100
AcDbEntity
  8
0
  6
Continuous
 62
     7
370
    25
100
AcDbCircle
 10
13.6317
 20
26.5
 30
0.0
 40
1.499999999999901
100
AcDbArc
 50
180.0
 51
270.0
  0
ARC
  5
D0C
330
1F
100
AcDbEntity
  8
0
  6
Continuous
 62
     7
370
    25
100
AcDbCircle
 10
19.6317
 20
26.5
 30
0.0
 40
1.500000000000004
100
AcDbArc
 50
270.0
 51
0.0
  0
ARC
  5
D0D
330
1F
100
AcDbEntity
  8
0
  6
Continuous
 62
     7
370
    25
100
AcDbCircle
 10
19.6317
 20
29.5
 30
0.0
 40
1.500000000000004
100
AcDbArc
 50
0.0
 51
90.0
  0
ARC
  5
D0E
330
1F
100
AcDbEntity
  8
0
  6
Continuous
 62
     7
370
    25
100
AcDbCircle
 10
13.6317
 20
29.5
 30
0.0
 40
1.500000000000117
100
AcDbArc
 50
90.0
 51
180.0
  0
ARC
  5
D0F
330
1F
100
AcDbEntity
  8
0
  6
Continuous
 62
     7
370
    25
100
AcDbCircle
 10
46.96503
 20
26.5
 30
0.0
 40
1.499999999999901
100
AcDbArc
 50
180.0
 51
270.0
  0
ARC
  5
D10
330
1F
100
AcDbEntity
  8
0
  6
Continuous
 62
     7
370
    25
100
AcDbCircle
 10
52.96503
 20
26.5
 30
0.0
 40
1.500000000000021
100
AcDbArc
 50
270.0
 51
0.0
  0
ARC
  5
D11
330
1F
100
AcDbEntity
  8
0
  6
Continuous
 62
     7
370
    25
100
AcDbCircle
 10
52.96503
 20
29.5
 30
0.0
 40
1.500000000000014
100
AcDbArc
 50
0.0
 51
90.0
  0
ARC
  5
D12
330
1F
100
AcDbEntity
  8
0
  6
Continuous
 62
     7
370
    25
100
AcDbCircle
 10
46.96503
 20
29.5
 30
0.0
 40
1.500000000000103
100
AcDbArc
 50
90.0
 51
180.0
  0
ARC
  5
D13
330
1F
100
AcDbEntity
  8
0
  6
Continuous
 62
     7
370
    25
100
AcDbCircle
 10
80.29836
 20
26.5
 30
0.0
 40
1.499999999999901
100
AcDbArc
 50
180.0
 51
270.0
  0
ARC
  5
D14
330
1F
100
AcDbEntity
  8
0
  6
Continuous
 62
     7
370
    25
100
AcDbCircle
 10
86.29836
 20
26.5
 30
0.0
 40
1.500000000000028
100
AcDbArc
 50
270.0
 51
0.0
  0
ARC
  5
D15
330
1F
100
AcDbEntity
  8
0
  6
Continuous
 62
     7
370
    25
100
AcDbCircle
 10
86.29836
 20
29.5
 30
0.0
 40
1.500000000000014
100
AcDbArc
 50
0.0
 51
90.0
  0
ARC
  5
D16
330
1F
100
AcDbEntity
  8
0
  6
Continuous
 62
     7
370
    25
100
AcDbCircle
 10
80.29836
 20
29.5
 30
0.0
 40
1.500000000000114
100
AcDbArc
 50
90.0
 51
180.0
  0
ARC
  5
D17
330
1F
100
AcDbEntity
  8
0
  6
Continuous
 62
     7
370
    25
100
AcDbCircle
 10
113.63169
 20
26.5
 30
0.0
 40
1.499999999999901
100
AcDbArc
 50
180.0
 51
270.0
  0
ARC
  5
D18
330
1F
100
AcDbEntity
  8
0
  6
Continuous
 62
     7
370
    25
100
AcDbCircle
 10
119.63169
 20
26.5
 30
0.0
 40
1.500000000000014
100
AcDbArc
 50
270.0
 51
0.0
  0
ARC
  5
D19
330
1F
100
AcDbEntity
  8
0
  6
Continuous
 62
     7
370
    25
100
AcDbCircle
 10
119.63169
 20
29.5
 30
0.0
 40
1.500000000000014
100
AcDbArc
 50
0.0
 51
90.0
  0
ARC
  5
D1A
330
1F
100
AcDbEntity
  8
0
  6
Continuous
 62
     7
370
    25
100
AcDbCircle
 10
113.63169
 20
29.5
 30
0.0
 40
1.500000000000089
100
AcDbArc
 50
90.0
 51
180.0
  0
ARC
  5
D1B
330
1F
100
AcDbEntity
  8
0
  6
Continuous
 62
     7
370
    25
100
AcDbCircle
 10
146.96502
 20
26.5
 30
0.0
 40
1.499999999999893
100
AcDbArc
 50
180.0
 51
270.0
  0
ARC
  5
D1C
330
1F
100
AcDbEntity
  8
0
  6
Continuous
 62
     7
370
    25
100
AcDbCircle
 10
152.96502
 20
26.5
 30
0.0
 40
1.500000000000028
100
AcDbArc
 50
270.0
 51
0.0
  0
ARC
  5
D1D
330
1F
100
AcDbEntity
  8
0
  6
Continuous
 62
     7
370
    25
100
AcDbCircle
 10
152.96502
 20
29.5
 30
0.0
 40
1.5
100
AcDbArc
 50
0.0
 51
90.0
  0
ARC
  5
D1E
330
1F
100
AcDbEntity
  8
0
  6
Continuous
 62
     7
370
    25
100
AcDbCircle
 10
146.96502
 20
29.5
 30
0.0
 40
1.500000000000114
100
AcDbArc
 50
90.0
 51
180.0
  0
ARC
  5
D1F
330
1F
100
AcDbEntity
  8
0
  6
Continuous
 62
     7
370
    25
100
AcDbCircle
 10
180.29835
 20
26.5
 30
0.0
 40
1.499999999999915
100
AcDbArc
 50
180.0
 51
270.0
  0
ARC
  5
D20
330
1F
100
AcDbEntity
  8
0
  6
Continuous
 62
     7
370
    25
100
AcDbCircle
 10
186.29835
 20
26.5
 30
0.0
 40
1.5
100
AcDbArc
 50
270.0
 51
0.0
  0
ARC
  5
D21
330
1F
100
AcDbEntity
  8
0
  6
Continuous
 62
     7
370
    25
100
AcDbCircle
 10
186.29835
 20
29.5
 30
0.0
 40
1.5
100
AcDbArc
 50
0.0
 51
90.0
  0
ARC
  5
D22
330
1F
100
AcDbEntity
  8
0
  6
Continuous
 62
     7
370
    25
100
AcDbCircle
 10
180.29835
 20
29.5
 30
0.0
 40
1.500000000000114
100
AcDbArc
 50
90.0
 51
180.0
  0
ARC
  5
D23
330
1F
100
AcDbEntity
  8
0
  6
Continuous
 62
     7
370
    25
100
AcDbCircle
 10
213.63168
 20
26.5
 30
0.0
 40
1.499999999999915
100
AcDbArc
 50
180.0
 51
270.0
  0
ARC
  5
D24
330
1F
100
AcDbEntity
  8
0
  6
Continuous
 62
     7
370
    25
100
AcDbCircle
 10
219.63168
 20
26.5
 30
0.0
 40
1.500000000000028
100
AcDbArc
 50
270.0
 51
0.0
  0
ARC
  5
D25
330
1F
100
AcDbEntity
  8
0
  6
Continuous
 62
     7
370
    25
100
AcDbCircle
 10
219.63168
 20
29.5
 30
0.0
 40
1.500000000000028
100
AcDbArc
 50
0.0
 51
90.0
  0
ARC
  5
D26
330
1F
100
AcDbEntity
  8
0
  6
Continuous
 62
     7
370
    25
100
AcDbCircle
 10
213.63168
 20
29.5
 30
0.0
 40
1.500000000000121
100
AcDbArc
 50
90.0
 51
180.0
  0
ARC
  5
D27
330
1F
100
AcDbEntity
  8
0
  6
Continuous
 62
     7
370
    25
100
AcDbCircle
 10
246.96501
 20
26.5
 30
0.0
 40
1.499999999999943
100
AcDbArc
 50
180.0
 51
270.0
  0
ARC
  5
D28
330
1F
100
AcDbEntity
  8
0
  6
Continuous
 62
     7
370
    25
100
AcDbCircle
 10
252.96501
 20
26.5
 30
0.0
 40
1.500000000000039
100
AcDbArc
 50
270.0
 51
0.0
  0
ARC
  5
D29
330
1F
100
AcDbEntity
  8
0
  6
Continuous
 62
     7
370
    25
100
AcDbCircle
 10
252.96501
 20
29.5
 30
0.0
 40
1.500000000000039
100
AcDbArc
 50
0.0
 51
90.0
  0
ARC
  5
D2A
330
1F
100
AcDbEntity
  8
0
  6
Continuous
 62
     7
370
    25
100
AcDbCircle
 10
246.96501
 20
29.5
 30
0.0
 40
1.500000000000121
100
AcDbArc
 50
90.0
 51
180.0
  0
ARC
  5
D2B
330
1F
100
AcDbEntity
  8
0
  6
Continuous
 62
     7
370
    25
100
AcDbCircle
 10
280.29834
 20
26.5
 30
0.0
 40
1.49999999999989
100
AcDbArc
 50
180.0
 51
270.0
  0
ARC
  5
D2C
330
1F
100
AcDbEntity
  8
0
  6
Continuous
 62
     7
370
    25
100
AcDbCircle
 10
286.29834
 20
26.5
 30
0.0
 40
1.500000000000057
100
AcDbArc
 50
270.0
 51
0.0
  0
ARC
  5
D2D
330
1F
100
AcDbEntity
  8
0
  6
Continuous
 62
     7
370
    25
100
AcDbCircle
 10
286.29834
 20
29.5
 30
0.0
 40
1.500000000000018
100
AcDbArc
 50
0.0
 51
90.0
  0
ARC
  5
D2E
330
1F
100
AcDbEntity
  8
0
  6
Continuous
 62
     7
370
    25
100
AcDbCircle
 10
280.29834
 20
29.5
 30
0.0
 40
1.500000000000114
100
AcDbArc
 50
90.0
 51
180.0
  0
ARC
  5
D2F
330
1F
100
AcDbEntity
  8
0
  6
Continuous
 62
     7
370
    25
100
AcDbCircle
 10
313.63167
 20
26.5
 30
0.0
 40
1.49999999999989
100
AcDbArc
 50
180.0
 51
270.0
  0
ARC
  5
D30
330
1F
100
AcDbEntity
  8
0
  6
Continuous
 62
     7
370
    25
100
AcDbCircle
 10
319.63167
 20
26.5
 30
0.0
 40
1.5
100
AcDbArc
 50
270.0
 51
0.0
  0
ARC
  5
D31
330
1F
100
AcDbEntity
  8
0
  6
Continuous
 62
     7
370
    25
100
AcDbCircle
 10
319.63167
 20
29.5
 30
0.0
 40
1.5
100
AcDbArc
 50
0.0
 51
90.0
  0
ARC
  5
D32
330
1F
100
AcDbEntity
  8
0
  6
Continuous
 62
     7
370
    25
100
AcDbCircle
 10
313.63167
 20
29.5
 30
0.0
 40
1.500000000000114
100
AcDbArc
 50
90.0
 51
180.0
  0
ARC
  5
D33
330
1F
100
AcDbEntity
  8
0
  6
Continuous
 62
     7
370
    25
100
AcDbCircle
 10
346.965
 20
26.5
 30
0.0
 40
1.49999999999989
100
AcDbArc
 50
180.0
 51
270.0
  0
ARC
  5
D34
330
1F
100
AcDbEntity
  8
0
  6
Continuous
 62
     7
370
    25
100
AcDbCircle
 10
352.965
 20
26.5
 30
0.0
 40
1.5
100
AcDbArc
 50
270.0
 51
0.0
  0
ARC
  5
D35
330
1F
100
AcDbEntity
  8
0
  6
Continuous
 62
     7
370
    25
100
AcDbCircle
 10
352.965
 20
29.5
 30
0.0
 40
1.5
100
AcDbArc
 50
0.0
 51
90.0
  0
ARC
  5
D36
330
1F
100
AcDbEntity
  8
0
  6
Continuous
 62
     7
370
    25
100
AcDbCircle
 10
346.965
 20
29.5
 30
0.0
 40
1.500000000000114
100
AcDbArc
 50
90.0
 51
180.0
  0
ARC
  5
D37
330
1F
100
AcDbEntity
  8
0
  6
Continuous
 62
     7
370
    25
100
AcDbCircle
 10
-353.03493
 20
-39.5
 30
0.0
 40
1.5
100
AcDbArc
 50
180.0
 51
270.0
  0
ARC
  5
D38
330
1F
100
AcDbEntity
  8
0
  6
Continuous
 62
     7
370
    25
100
AcDbCircle
 10
-347.03493
 20
-39.5
 30
0.0
 40
1.5
100
AcDbArc
 50
270.0
 51
0.0
  0
ARC
  5
D39
330
1F
100
AcDbEntity
  8
0
  6
Continuous
 62
     7
370
    25
100
AcDbCircle
 10
-347.03493
 20
-36.5
 30
0.0
 40
1.500000000000007
100
AcDbArc
 50
0.0
 51
90.0
  0
ARC
  5
D3A
330
1F
100
AcDbEntity
  8
0
  6
Continuous
 62
     7
370
    25
100
AcDbCircle
 10
-353.03493
 20
-36.5
 30
0.0
 40
1.500000000000227
100
AcDbArc
 50
90.0
 51
180.0
  0
ARC
  5
D3B
330
1F
100
AcDbEntity
  8
0
  6
Continuous
 62
     7
370
    25
100
AcDbCircle
 10
-319.7016
 20
-39.5
 30
0.0
 40
1.49999999999995
100
AcDbArc
 50
180.0
 51
270.0
  0
ARC
  5
D3C
330
1F
100
AcDbEntity
  8
0
  6
Continuous
 62
     7
370
    25
100
AcDbCircle
 10
-313.7016
 20
-39.5
 30
0.0
 40
1.5
100
AcDbArc
 50
270.0
 51
0.0
  0
ARC
  5
D3D
330
1F
100
AcDbEntity
  8
0
  6
Continuous
 62
     7
370
    25
100
AcDbCircle
 10
-313.7016
 20
-36.5
 30
0.0
 40
1.500000000000007
100
AcDbArc
 50
0.0
 51
90.0
  0
ARC
  5
D3E
330
1F
100
AcDbEntity
  8
0
  6
Continuous
 62
     7
370
    25
100
AcDbCircle
 10
-319.7016
 20
-36.5
 30
0.0
 40
1.500000000000227
100
AcDbArc
 50
90.0
 51
180.0
  0
ARC
  5
D3F
330
1F
100
AcDbEntity
  8
0
  6
Continuous
 62
     7
370
    25
100
AcDbCircle
 10
-286.36827
 20
-39.5
 30
0.0
 40
1.49999999999995
100
AcDbArc
 50
180.0
 51
270.0
  0
ARC
  5
D40
330
1F
100
AcDbEntity
  8
0
  6
Continuous
 62
     7
370
    25
100
AcDbCircle
 10
-280.36827
 20
-39.5
 30
0.0
 40
1.5
100
AcDbArc
 50
270.0
 51
0.0
  0
ARC
  5
D41
330
1F
100
AcDbEntity
  8
0
  6
Continuous
 62
     7
370
    25
100
AcDbCircle
 10
-280.36827
 20
-36.5
 30
0.0
 40
1.500000000000007
100
AcDbArc
 50
0.0
 51
90.0
  0
ARC
  5
D42
330
1F
100
AcDbEntity
  8
0
  6
Continuous
 62
     7
370
    25
100
AcDbCircle
 10
-286.36827
 20
-36.5
 30
0.0
 40
1.500000000000227
100
AcDbArc
 50
90.0
 51
180.0
  0
ARC
  5
D43
330
1F
100
AcDbEntity
  8
0
  6
Continuous
 62
     7
370
    25
100
AcDbCircle
 10
-253.03494
 20
-39.5
 30
0.0
 40
1.499999999999943
100
AcDbArc
 50
180.0
 51
270.0
  0
ARC
  5
D44
330
1F
100
AcDbEntity
  8
0
  6
Continuous
 62
     7
370
    25
100
AcDbCircle
 10
-247.03494
 20
-39.5
 30
0.0
 40
1.5
100
AcDbArc
 50
270.0
 51
0.0
  0
ARC
  5
D45
330
1F
100
AcDbEntity
  8
0
  6
Continuous
 62
     7
370
    25
100
AcDbCircle
 10
-247.03494
 20
-36.5
 30
0.0
 40
1.500000000000007
100
AcDbArc
 50
0.0
 51
90.0
  0
ARC
  5
D46
330
1F
100
AcDbEntity
  8
0
  6
Continuous
 62
     7
370
    25
100
AcDbCircle
 10
-253.03494
 20
-36.5
 30
0.0
 40
1.500000000000142
100
AcDbArc
 50
90.0
 51
180.0
  0
ARC
  5
D47
330
1F
100
AcDbEntity
  8
0
  6
Continuous
 62
     7
370
    25
100
AcDbCircle
 10
-219.70161
 20
-39.5
 30
0.0
 40
1.499999999999886
100
AcDbArc
 50
180.0
 51
270.0
  0
ARC
  5
D48
330
1F
100
AcDbEntity
  8
0
  6
Continuous
 62
     7
370
    25
100
AcDbCircle
 10
-213.70161
 20
-39.5
 30
0.0
 40
1.499999999999986
100
AcDbArc
 50
270.0
 51
0.0
  0
ARC
  5
D49
330
1F
100
AcDbEntity
  8
0
  6
Continuous
 62
     7
370
    25
100
AcDbCircle
 10
-213.70161
 20
-36.5
 30
0.0
 40
1.500000000000007
100
AcDbArc
 50
0.0
 51
90.0
  0
ARC
  5
D4A
330
1F
100
AcDbEntity
  8
0
  6
Continuous
 62
     7
370
    25
100
AcDbCircle
 10
-219.70161
 20
-36.5
 30
0.0
 40
1.500000000000114
100
AcDbArc
 50
90.0
 51
180.0
  0
ARC
  5
D4B
330
1F
100
AcDbEntity
  8
0
  6
Continuous
 62
     7
370
    25
100
AcDbCircle
 10
-186.36828
 20
-39.5
 30
0.0
 40
1.499999999999915
100
AcDbArc
 50
180.0
 51
270.0
  0
ARC
  5
D4C
330
1F
100
AcDbEntity
  8
0
  6
Continuous
 62
     7
370
    25
100
AcDbCircle
 10
-180.36828
 20
-39.5
 30
0.0
 40
1.499999999999957
100
AcDbArc
 50
270.0
 51
0.0
  0
ARC
  5
D4D
330
1F
100
AcDbEntity
  8
0
  6
Continuous
 62
     7
370
    25
100
AcDbCircle
 10
-180.36828
 20
-36.5
 30
0.0
 40
1.499999999999979
100
AcDbArc
 50
0.0
 51
90.0
  0
ARC
  5
D4E
330
1F
100
AcDbEntity
  8
0
  6
Continuous
 62
     7
370
    25
100
AcDbCircle
 10
-186.36828
 20
-36.5
 30
0.0
 40
1.500000000000142
100
AcDbArc
 50
90.0
 51
180.0
  0
ARC
  5
D4F
330
1F
100
AcDbEntity
  8
0
  6
Continuous
 62
     7
370
    25
100
AcDbCircle
 10
-153.03495
 20
-39.5
 30
0.0
 40
1.499999999999886
100
AcDbArc
 50
180.0
 51
270.0
  0
ARC
  5
D50
330
1F
100
AcDbEntity
  8
0
  6
Continuous
 62
     7
370
    25
100
AcDbCircle
 10
-147.03495
 20
-39.5
 30
0.0
 40
1.5
100
AcDbArc
 50
270.0
 51
0.0
  0
ARC
  5
D51
330
1F
100
AcDbEntity
  8
0
  6
Continuous
 62
     7
370
    25
100
AcDbCircle
 10
-147.03495
 20
-36.5
 30
0.0
 40
1.500000000000028
100
AcDbArc
 50
0.0
 51
90.0
  0
ARC
  5
D52
330
1F
100
AcDbEntity
  8
0
  6
Continuous
 62
     7
370
    25
100
AcDbCircle
 10
-153.03495
 20
-36.5
 30
0.0
 40
1.500000000000171
100
AcDbArc
 50
90.0
 51
180.0
  0
ARC
  5
D53
330
1F
100
AcDbEntity
  8
0
  6
Continuous
 62
     7
370
    25
100
AcDbCircle
 10
-119.70162
 20
-39.5
 30
0.0
 40
1.499999999999886
100
AcDbArc
 50
180.0
 51
270.0
  0
ARC
  5
D54
330
1F
100
AcDbEntity
  8
0
  6
Continuous
 62
     7
370
    25
100
AcDbCircle
 10
-113.70162
 20
-39.5
 30
0.0
 40
1.500000000000014
100
AcDbArc
 50
270.0
 51
0.0
  0
ARC
  5
D55
330
1F
100
AcDbEntity
  8
0
  6
Continuous
 62
     7
370
    25
100
AcDbCircle
 10
-113.70162
 20
-36.5
 30
0.0
 40
1.500000000000014
100
AcDbArc
 50
0.0
 51
90.0
  0
ARC
  5
D56
330
1F
100
AcDbEntity
  8
0
  6
Continuous
 62
     7
370
    25
100
AcDbCircle
 10
-119.70162
 20
-36.5
 30
0.0
 40
1.500000000000128
100
AcDbArc
 50
90.0
 51
180.0
  0
ARC
  5
D57
330
1F
100
AcDbEntity
  8
0
  6
Continuous
 62
     7
370
    25
100
AcDbCircle
 10
-86.36829
 20
-39.5
 30
0.0
 40
1.499999999999886
100
AcDbArc
 50
180.0
 51
270.0
  0
ARC
  5
D58
330
1F
100
AcDbEntity
  8
0
  6
Continuous
 62
     7
370
    25
100
AcDbCircle
 10
-80.36829
 20
-39.5
 30
0.0
 40
1.5
100
AcDbArc
 50
270.0
 51
0.0
  0
ARC
  5
D59
330
1F
100
AcDbEntity
  8
0
  6
Continuous
 62
     7
370
    25
100
AcDbCircle
 10
-80.36829
 20
-36.5
 30
0.0
 40
1.500000000000014
100
AcDbArc
 50
0.0
 51
90.0
  0
ARC
  5
D5A
330
1F
100
AcDbEntity
  8
0
  6
Continuous
 62
     7
370
    25
100
AcDbCircle
 10
-86.36829
 20
-36.5
 30
0.0
 40
1.500000000000142
100
AcDbArc
 50
90.0
 51
180.0
  0
ARC
  5
D5B
330
1F
100
AcDbEntity
  8
0
  6
Continuous
 62
     7
370
    25
100
AcDbCircle
 10
-53.03496
 20
-39.5
 30
0.0
 40
1.499999999999901
100
AcDbArc
 50
180.0
 51
270.0
  0
ARC
  5
D5C
330
1F
100
AcDbEntity
  8
0
  6
Continuous
 62
     7
370
    25
100
AcDbCircle
 10
-47.03496
 20
-39.5
 30
0.0
 40
1.499999999999986
100
AcDbArc
 50
270.0
 51
0.0
  0
ARC
  5
D5D
330
1F
100
AcDbEntity
  8
0
  6
Continuous
 62
     7
370
    25
100
AcDbCircle
 10
-47.03496
 20
-36.5
 30
0.0
 40
1.500000000000007
100
AcDbArc
 50
0.0
 51
90.0
  0
ARC
  5
D5E
330
1F
100
AcDbEntity
  8
0
  6
Continuous
 62
     7
370
    25
100
AcDbCircle
 10
-53.03496
 20
-36.5
 30
0.0
 40
1.500000000000114
100
AcDbArc
 50
90.0
 51
180.0
  0
ARC
  5
D5F
330
1F
100
AcDbEntity
  8
0
  6
Continuous
 62
     7
370
    25
100
AcDbCircle
 10
-19.70163
 20
-39.5
 30
0.0
 40
1.499999999999883
100
AcDbArc
 50
180.0
 51
270.0
  0
ARC
  5
D60
330
1F
100
AcDbEntity
  8
0
  6
Continuous
 62
     7
370
    25
100
AcDbCircle
 10
-13.70163
 20
-39.5
 30
0.0
 40
1.499999999999995
100
AcDbArc
 50
270.0
 51
0.0
  0
ARC
  5
D61
330
1F
100
AcDbEntity
  8
0
  6
Continuous
 62
     7
370
    25
100
AcDbCircle
 10
-13.70163
 20
-36.5
 30
0.0
 40
1.500000000000014
100
AcDbArc
 50
0.0
 51
90.0
  0
ARC
  5
D62
330
1F
100
AcDbEntity
  8
0
  6
Continuous
 62
     7
370
    25
100
AcDbCircle
 10
-19.70163
 20
-36.5
 30
0.0
 40
1.500000000000121
100
AcDbArc
 50
90.0
 51
180.0
  0
ARC
  5
D63
330
1F
100
AcDbEntity
  8
0
  6
Continuous
 62
     7
370
    25
100
AcDbCircle
 10
13.6317
 20
-39.5
 30
0.0
 40
1.499999999999883
100
AcDbArc
 50
180.0
 51
270.0
  0
ARC
  5
D64
330
1F
100
AcDbEntity
  8
0
  6
Continuous
 62
     7
370
    25
100
AcDbCircle
 10
19.6317
 20
-39.5
 30
0.0
 40
1.5
100
AcDbArc
 50
270.0
 51
0.0
  0
ARC
  5
D65
330
1F
100
AcDbEntity
  8
0
  6
Continuous
 62
     7
370
    25
100
AcDbCircle
 10
19.6317
 20
-36.5
 30
0.0
 40
1.500000000000014
100
AcDbArc
 50
0.0
 51
90.0
  0
ARC
  5
D66
330
1F
100
AcDbEntity
  8
0
  6
Continuous
 62
     7
370
    25
100
AcDbCircle
 10
13.6317
 20
-36.5
 30
0.0
 40
1.500000000000121
100
AcDbArc
 50
90.0
 51
180.0
  0
ARC
  5
D67
330
1F
100
AcDbEntity
  8
0
  6
Continuous
 62
     7
370
    25
100
AcDbCircle
 10
46.96503
 20
-39.5
 30
0.0
 40
1.499999999999886
100
AcDbArc
 50
180.0
 51
270.0
  0
ARC
  5
D68
330
1F
100
AcDbEntity
  8
0
  6
Continuous
 62
     7
370
    25
100
AcDbCircle
 10
52.96503
 20
-39.5
 30
0.0
 40
1.500000000000014
100
AcDbArc
 50
270.0
 51
0.0
  0
ARC
  5
D69
330
1F
100
AcDbEntity
  8
0
  6
Continuous
 62
     7
370
    25
100
AcDbCircle
 10
52.96503
 20
-36.5
 30
0.0
 40
1.500000000000021
100
AcDbArc
 50
0.0
 51
90.0
  0
ARC
  5
D6A
330
1F
100
AcDbEntity
  8
0
  6
Continuous
 62
     7
370
    25
100
AcDbCircle
 10
46.96503
 20
-36.5
 30
0.0
 40
1.500000000000107
100
AcDbArc
 50
90.0
 51
180.0
  0
ARC
  5
D6B
330
1F
100
AcDbEntity
  8
0
  6
Continuous
 62
     7
370
    25
100
AcDbCircle
 10
80.29836
 20
-39.5
 30
0.0
 40
1.499999999999886
100
AcDbArc
 50
180.0
 51
270.0
  0
ARC
  5
D6C
330
1F
100
AcDbEntity
  8
0
  6
Continuous
 62
     7
370
    25
100
AcDbCircle
 10
86.29836
 20
-39.5
 30
0.0
 40
1.5
100
AcDbArc
 50
270.0
 51
0.0
  0
ARC
  5
D6D
330
1F
100
AcDbEntity
  8
0
  6
Continuous
 62
     7
370
    25
100
AcDbCircle
 10
86.29836
 20
-36.5
 30
0.0
 40
1.500000000000014
100
AcDbArc
 50
0.0
 51
90.0
  0
ARC
  5
D6E
330
1F
100
AcDbEntity
  8
0
  6
Continuous
 62
     7
370
    25
100
AcDbCircle
 10
80.29836
 20
-36.5
 30
0.0
 40
1.500000000000114
100
AcDbArc
 50
90.0
 51
180.0
  0
ARC
  5
D6F
330
1F
100
AcDbEntity
  8
0
  6
Continuous
 62
     7
370
    25
100
AcDbCircle
 10
113.63169
 20
-39.5
 30
0.0
 40
1.499999999999886
100
AcDbArc
 50
180.0
 51
270.0
  0
ARC
  5
D70
330
1F
100
AcDbEntity
  8
0
  6
Continuous
 62
     7
370
    25
100
AcDbCircle
 10
119.63169
 20
-39.5
 30
0.0
 40
1.499999999999993
100
AcDbArc
 50
270.0
 51
0.0
  0
ARC
  5
D71
330
1F
100
AcDbEntity
  8
0
  6
Continuous
 62
     7
370
    25
100
AcDbCircle
 10
119.63169
 20
-36.5
 30
0.0
 40
1.500000000000014
100
AcDbArc
 50
0.0
 51
90.0
  0
ARC
  5
D72
330
1F
100
AcDbEntity
  8
0
  6
Continuous
 62
     7
370
    25
100
AcDbCircle
 10
113.63169
 20
-36.5
 30
0.0
 40
1.500000000000099
100
AcDbArc
 50
90.0
 51
180.0
  0
ARC
  5
D73
330
1F
100
AcDbEntity
  8
0
  6
Continuous
 62
     7
370
    25
100
AcDbCircle
 10
146.96502
 20
-39.5
 30
0.0
 40
1.499999999999886
100
AcDbArc
 50
180.0
 51
270.0
  0
ARC
  5
D74
330
1F
100
AcDbEntity
  8
0
  6
Continuous
 62
     7
370
    25
100
AcDbCircle
 10
152.96502
 20
-39.5
 30
0.0
 40
1.5
100
AcDbArc
 50
270.0
 51
0.0
  0
ARC
  5
D75
330
1F
100
AcDbEntity
  8
0
  6
Continuous
 62
     7
370
    25
100
AcDbCircle
 10
152.96502
 20
-36.5
 30
0.0
 40
1.500000000000007
100
AcDbArc
 50
0.0
 51
90.0
  0
ARC
  5
D76
330
1F
100
AcDbEntity
  8
0
  6
Continuous
 62
     7
370
    25
100
AcDbCircle
 10
146.96502
 20
-36.5
 30
0.0
 40
1.500000000000114
100
AcDbArc
 50
90.0
 51
180.0
  0
ARC
  5
D77
330
1F
100
AcDbEntity
  8
0
  6
Continuous
 62
     7
370
    25
100
AcDbCircle
 10
180.29835
 20
-39.5
 30
0.0
 40
1.499999999999886
100
AcDbArc
 50
180.0
 51
270.0
  0
ARC
  5
D78
330
1F
100
AcDbEntity
  8
0
  6
Continuous
 62
     7
370
    25
100
AcDbCircle
 10
186.29835
 20
-39.5
 30
0.0
 40
1.5
100
AcDbArc
 50
270.0
 51
0.0
  0
ARC
  5
D79
330
1F
100
AcDbEntity
  8
0
  6
Continuous
 62
     7
370
    25
100
AcDbCircle
 10
186.29835
 20
-36.5
 30
0.0
 40
1.500000000000007
100
AcDbArc
 50
0.0
 51
90.0
  0
ARC
  5
D7A
330
1F
100
AcDbEntity
  8
0
  6
Continuous
 62
     7
370
    25
100
AcDbCircle
 10
180.29835
 20
-36.5
 30
0.0
 40
1.500000000000114
100
AcDbArc
 50
90.0
 51
180.0
  0
ARC
  5
D7B
330
1F
100
AcDbEntity
  8
0
  6
Continuous
 62
     7
370
    25
100
AcDbCircle
 10
213.63168
 20
-39.5
 30
0.0
 40
1.499999999999886
100
AcDbArc
 50
180.0
 51
270.0
  0
ARC
  5
D7C
330
1F
100
AcDbEntity
  8
0
  6
Continuous
 62
     7
370
    25
100
AcDbCircle
 10
219.63168
 20
-39.5
 30
0.0
 40
1.500000000000028
100
AcDbArc
 50
270.0
 51
0.0
  0
ARC
  5
D7D
330
1F
100
AcDbEntity
  8
0
  6
Continuous
 62
     7
370
    25
100
AcDbCircle
 10
219.63168
 20
-36.5
 30
0.0
 40
1.500000000000028
100
AcDbArc
 50
0.0
 51
90.0
  0
ARC
  5
D7E
330
1F
100
AcDbEntity
  8
0
  6
Continuous
 62
     7
370
    25
100
AcDbCircle
 10
213.63168
 20
-36.5
 30
0.0
 40
1.500000000000142
100
AcDbArc
 50
90.0
 51
180.0
  0
ARC
  5
D7F
330
1F
100
AcDbEntity
  8
0
  6
Continuous
 62
     7
370
    25
100
AcDbCircle
 10
246.96501
 20
-39.5
 30
0.0
 40
1.499999999999915
100
AcDbArc
 50
180.0
 51
270.0
  0
ARC
  5
D80
330
1F
100
AcDbEntity
  8
0
  6
Continuous
 62
     7
370
    25
100
AcDbCircle
 10
252.96501
 20
-39.5
 30
0.0
 40
1.500000000000057
100
AcDbArc
 50
270.0
 51
0.0
  0
ARC
  5
D81
330
1F
100
AcDbEntity
  8
0
  6
Continuous
 62
     7
370
    25
100
AcDbCircle
 10
252.96501
 20
-36.5
 30
0.0
 40
1.500000000000043
100
AcDbArc
 50
0.0
 51
90.0
  0
ARC
  5
D82
330
1F
100
AcDbEntity
  8
0
  6
Continuous
 62
     7
370
    25
100
AcDbCircle
 10
246.96501
 20
-36.5
 30
0.0
 40
1.500000000000142
100
AcDbArc
 50
90.0
 51
180.0
  0
ARC
  5
D83
330
1F
100
AcDbEntity
  8
0
  6
Continuous
 62
     7
370
    25
100
AcDbCircle
 10
280.29834
 20
-39.5
 30
0.0
 40
1.499999999999886
100
AcDbArc
 50
180.0
 51
270.0
  0
ARC
  5
D84
330
1F
100
AcDbEntity
  8
0
  6
Continuous
 62
     7
370
    25
100
AcDbCircle
 10
286.29834
 20
-39.5
 30
0.0
 40
1.500000000000007
100
AcDbArc
 50
270.0
 51
0.0
  0
ARC
  5
D85
330
1F
100
AcDbEntity
  8
0
  6
Continuous
 62
     7
370
    25
100
AcDbCircle
 10
286.29834
 20
-36.5
 30
0.0
 40
1.500000000000057
100
AcDbArc
 50
0.0
 51
90.0
  0
ARC
  5
D86
330
1F
100
AcDbEntity
  8
0
  6
Continuous
 62
     7
370
    25
100
AcDbCircle
 10
280.29834
 20
-36.5
 30
0.0
 40
1.500000000000114
100
AcDbArc
 50
90.0
 51
180.0
  0
ARC
  5
D87
330
1F
100
AcDbEntity
  8
0
  6
Continuous
 62
     7
370
    25
100
AcDbCircle
 10
313.63167
 20
-39.5
 30
0.0
 40
1.499999999999886
100
AcDbArc
 50
180.0
 51
270.0
  0
ARC
  5
D88
330
1F
100
AcDbEntity
  8
0
  6
Continuous
 62
     7
370
    25
100
AcDbCircle
 10
319.63167
 20
-39.5
 30
0.0
 40
1.5
100
AcDbArc
 50
270.0
 51
0.0
  0
ARC
  5
D89
330
1F
100
AcDbEntity
  8
0
  6
Continuous
 62
     7
370
    25
100
AcDbCircle
 10
319.63167
 20
-36.5
 30
0.0
 40
1.500000000000007
100
AcDbArc
 50
0.0
 51
90.0
  0
ARC
  5
D8A
330
1F
100
AcDbEntity
  8
0
  6
Continuous
 62
     7
370
    25
100
AcDbCircle
 10
313.63167
 20
-36.5
 30
0.0
 40
1.500000000000114
100
AcDbArc
 50
90.0
 51
180.0
  0
ARC
  5
D8B
330
1F
100
AcDbEntity
  8
0
  6
Continuous
 62
     7
370
    25
100
AcDbCircle
 10
346.965
 20
-39.5
 30
0.0
 40
1.499999999999886
100
AcDbArc
 50
180.0
 51
270.0
  0
ARC
  5
D8C
330
1F
100
AcDbEntity
  8
0
  6
Continuous
 62
     7
370
    25
100
AcDbCircle
 10
352.965
 20
-39.5
 30
0.0
 40
1.5
100
AcDbArc
 50
270.0
 51
0.0
  0
ARC
  5
D8D
330
1F
100
AcDbEntity
  8
0
  6
Continuous
 62
     7
370
    25
100
AcDbCircle
 10
352.965
 20
-36.5
 30
0.0
 40
1.5
100
AcDbArc
 50
0.0
 51
90.0
  0
ARC
  5
D8E
330
1F
100
AcDbEntity
  8
0
  6
Continuous
 62
     7
370
    25
100
AcDbCircle
 10
346.965
 20
-36.5
 30
0.0
 40
1.500000000000114
100
AcDbArc
 50
90.0
 51
180.0
  0
ARC
  5
D8F
330
1F
100
AcDbEntity
  8
0
  6
Continuous
 62
     7
370
    25
100
AcDbCircle
 10
-353.03493
 20
-105.5
 30
0.0
 40
1.5
100
AcDbArc
 50
180.0
 51
270.0
  0
ARC
  5
D90
330
1F
100
AcDbEntity
  8
0
  6
Continuous
 62
     7
370
    25
100
AcDbCircle
 10
-347.03493
 20
-105.5
 30
0.0
 40
1.5
100
AcDbArc
 50
270.0
 51
0.0
  0
ARC
  5
D91
330
1F
100
AcDbEntity
  8
0
  6
Continuous
 62
     7
370
    25
100
AcDbCircle
 10
-347.03493
 20
-102.5
 30
0.0
 40
1.5
100
AcDbArc
 50
0.0
 51
90.0
  0
ARC
  5
D92
330
1F
100
AcDbEntity
  8
0
  6
Continuous
 62
     7
370
    25
100
AcDbCircle
 10
-353.03493
 20
-102.5
 30
0.0
 40
1.500000000000185
100
AcDbArc
 50
90.0
 51
180.0
  0
ARC
  5
D93
330
1F
100
AcDbEntity
  8
0
  6
Continuous
 62
     7
370
    25
100
AcDbCircle
 10
-319.7016
 20
-105.5
 30
0.0
 40
1.499999999999943
100
AcDbArc
 50
180.0
 51
270.0
  0
ARC
  5
D94
330
1F
100
AcDbEntity
  8
0
  6
Continuous
 62
     7
370
    25
100
AcDbCircle
 10
-313.7016
 20
-105.5
 30
0.0
 40
1.5
100
AcDbArc
 50
270.0
 51
0.0
  0
ARC
  5
D95
330
1F
100
AcDbEntity
  8
0
  6
Continuous
 62
     7
370
    25
100
AcDbCircle
 10
-313.7016
 20
-102.5
 30
0.0
 40
1.499999999999972
100
AcDbArc
 50
0.0
 51
90.0
  0
ARC
  5
D96
330
1F
100
AcDbEntity
  8
0
  6
Continuous
 62
     7
370
    25
100
AcDbCircle
 10
-319.7016
 20
-102.5
 30
0.0
 40
1.500000000000185
100
AcDbArc
 50
90.0
 51
180.0
  0
ARC
  5
D97
330
1F
100
AcDbEntity
  8
0
  6
Continuous
 62
     7
370
    25
100
AcDbCircle
 10
-286.36827
 20
-105.5
 30
0.0
 40
1.499999999999943
100
AcDbArc
 50
180.0
 51
270.0
  0
ARC
  5
D98
330
1F
100
AcDbEntity
  8
0
  6
Continuous
 62
     7
370
    25
100
AcDbCircle
 10
-280.36827
 20
-105.5
 30
0.0
 40
1.5
100
AcDbArc
 50
270.0
 51
0.0
  0
ARC
  5
D99
330
1F
100
AcDbEntity
  8
0
  6
Continuous
 62
     7
370
    25
100
AcDbCircle
 10
-280.36827
 20
-102.5
 30
0.0
 40
1.5
100
AcDbArc
 50
0.0
 51
90.0
  0
ARC
  5
D9A
330
1F
100
AcDbEntity
  8
0
  6
Continuous
 62
     7
370
    25
100
AcDbCircle
 10
-286.36827
 20
-102.5
 30
0.0
 40
1.500000000000185
100
AcDbArc
 50
90.0
 51
180.0
  0
ARC
  5
D9B
330
1F
100
AcDbEntity
  8
0
  6
Continuous
 62
     7
370
    25
100
AcDbCircle
 10
-253.03494
 20
-105.5
 30
0.0
 40
1.499999999999886
100
AcDbArc
 50
180.0
 51
270.0
  0
ARC
  5
D9C
330
1F
100
AcDbEntity
  8
0
  6
Continuous
 62
     7
370
    25
100
AcDbCircle
 10
-247.03494
 20
-105.5
 30
0.0
 40
1.5
100
AcDbArc
 50
270.0
 51
0.0
  0
ARC
  5
D9D
330
1F
100
AcDbEntity
  8
0
  6
Continuous
 62
     7
370
    25
100
AcDbCircle
 10
-247.03494
 20
-102.5
 30
0.0
 40
1.5
100
AcDbArc
 50
0.0
 51
90.0
  0
ARC
  5
D9E
330
1F
100
AcDbEntity
  8
0
  6
Continuous
 62
     7
370
    25
100
AcDbCircle
 10
-253.03494
 20
-102.5
 30
0.0
 40
1.500000000000142
100
AcDbArc
 50
90.0
 51
180.0
  0
ARC
  5
D9F
330
1F
100
AcDbEntity
  8
0
  6
Continuous
 62
     7
370
    25
100
AcDbCircle
 10
-219.70161
 20
-105.5
 30
0.0
 40
1.499999999999886
100
AcDbArc
 50
180.0
 51
270.0
  0
ARC
  5
DA0
330
1F
100
AcDbEntity
  8
0
  6
Continuous
 62
     7
370
    25
100
AcDbCircle
 10
-213.70161
 20
-105.5
 30
0.0
 40
1.5
100
AcDbArc
 50
270.0
 51
0.0
  0
ARC
  5
DA1
330
1F
100
AcDbEntity
  8
0
  6
Continuous
 62
     7
370
    25
100
AcDbCircle
 10
-213.70161
 20
-102.5
 30
0.0
 40
1.5
100
AcDbArc
 50
0.0
 51
90.0
  0
ARC
  5
DA2
330
1F
100
AcDbEntity
  8
0
  6
Continuous
 62
     7
370
    25
100
AcDbCircle
 10
-219.70161
 20
-102.5
 30
0.0
 40
1.500000000000142
100
AcDbArc
 50
90.0
 51
180.0
  0
ARC
  5
DA3
330
1F
100
AcDbEntity
  8
0
  6
Continuous
 62
     7
370
    25
100
AcDbCircle
 10
-186.36828
 20
-105.5
 30
0.0
 40
1.499999999999886
100
AcDbArc
 50
180.0
 51
270.0
  0
ARC
  5
DA4
330
1F
100
AcDbEntity
  8
0
  6
Continuous
 62
     7
370
    25
100
AcDbCircle
 10
-180.36828
 20
-105.5
 30
0.0
 40
1.499999999999943
100
AcDbArc
 50
270.0
 51
0.0
  0
ARC
  5
DA5
330
1F
100
AcDbEntity
  8
0
  6
Continuous
 62
     7
370
    25
100
AcDbCircle
 10
-180.36828
 20
-102.5
 30
0.0
 40
1.499999999999972
100
AcDbArc
 50
0.0
 51
90.0
  0
ARC
  5
DA6
330
1F
100
AcDbEntity
  8
0
  6
Continuous
 62
     7
370
    25
100
AcDbCircle
 10
-186.36828
 20
-102.5
 30
0.0
 40
1.500000000000142
100
AcDbArc
 50
90.0
 51
180.0
  0
ARC
  5
DA7
330
1F
100
AcDbEntity
  8
0
  6
Continuous
 62
     7
370
    25
100
AcDbCircle
 10
-153.03495
 20
-105.5
 30
0.0
 40
1.499999999999886
100
AcDbArc
 50
180.0
 51
270.0
  0
ARC
  5
DA8
330
1F
100
AcDbEntity
  8
0
  6
Continuous
 62
     7
370
    25
100
AcDbCircle
 10
-147.03495
 20
-105.5
 30
0.0
 40
1.5
100
AcDbArc
 50
270.0
 51
0.0
  0
ARC
  5
DA9
330
1F
100
AcDbEntity
  8
0
  6
Continuous
 62
     7
370
    25
100
AcDbCircle
 10
-147.03495
 20
-102.5
 30
0.0
 40
1.500000000000028
100
AcDbArc
 50
0.0
 51
90.0
  0
ARC
  5
DAA
330
1F
100
AcDbEntity
  8
0
  6
Continuous
 62
     7
370
    25
100
AcDbCircle
 10
-153.03495
 20
-102.5
 30
0.0
 40
1.500000000000171
100
AcDbArc
 50
90.0
 51
180.0
  0
ARC
  5
DAB
330
1F
100
AcDbEntity
  8
0
  6
Continuous
 62
     7
370
    25
100
AcDbCircle
 10
-119.70162
 20
-105.5
 30
0.0
 40
1.499999999999886
100
AcDbArc
 50
180.0
 51
270.0
  0
ARC
  5
DAC
330
1F
100
AcDbEntity
  8
0
  6
Continuous
 62
     7
370
    25
100
AcDbCircle
 10
-113.70162
 20
-105.5
 30
0.0
 40
1.5
100
AcDbArc
 50
270.0
 51
0.0
  0
ARC
  5
DAD
330
1F
100
AcDbEntity
  8
0
  6
Continuous
 62
     7
370
    25
100
AcDbCircle
 10
-113.70162
 20
-102.5
 30
0.0
 40
1.500000000000028
100
AcDbArc
 50
0.0
 51
90.0
  0
ARC
  5
DAE
330
1F
100
AcDbEntity
  8
0
  6
Continuous
 62
     7
370
    25
100
AcDbCircle
 10
-119.70162
 20
-102.5
 30
0.0
 40
1.500000000000128
100
AcDbArc
 50
90.0
 51
180.0
  0
ARC
  5
DAF
330
1F
100
AcDbEntity
  8
0
  6
Continuous
 62
     7
370
    25
100
AcDbCircle
 10
-86.36829
 20
-105.5
 30
0.0
 40
1.499999999999886
100
AcDbArc
 50
180.0
 51
270.0
  0
ARC
  5
DB0
330
1F
100
AcDbEntity
  8
0
  6
Continuous
 62
     7
370
    25
100
AcDbCircle
 10
-80.36829
 20
-105.5
 30
0.0
 40
1.499999999999986
100
AcDbArc
 50
270.0
 51
0.0
  0
ARC
  5
DB1
330
1F
100
AcDbEntity
  8
0
  6
Continuous
 62
     7
370
    25
100
AcDbCircle
 10
-80.36829
 20
-102.5
 30
0.0
 40
1.500000000000014
100
AcDbArc
 50
0.0
 51
90.0
  0
ARC
  5
DB2
330
1F
100
AcDbEntity
  8
0
  6
Continuous
 62
     7
370
    25
100
AcDbCircle
 10
-86.36829
 20
-102.5
 30
0.0
 40
1.500000000000142
100
AcDbArc
 50
90.0
 51
180.0
  0
ARC
  5
DB3
330
1F
100
AcDbEntity
  8
0
  6
Continuous
 62
     7
370
    25
100
AcDbCircle
 10
-53.03496
 20
-105.5
 30
0.0
 40
1.499999999999879
100
AcDbArc
 50
180.0
 51
270.0
  0
ARC
  5
DB4
330
1F
100
AcDbEntity
  8
0
  6
Continuous
 62
     7
370
    25
100
AcDbCircle
 10
-47.03496
 20
-105.5
 30
0.0
 40
1.499999999999986
100
AcDbArc
 50
270.0
 51
0.0
  0
ARC
  5
DB5
330
1F
100
AcDbEntity
  8
0
  6
Continuous
 62
     7
370
    25
100
AcDbCircle
 10
-47.03496
 20
-102.5
 30
0.0
 40
1.5
100
AcDbArc
 50
0.0
 51
90.0
  0
ARC
  5
DB6
330
1F
100
AcDbEntity
  8
0
  6
Continuous
 62
     7
370
    25
100
AcDbCircle
 10
-53.03496
 20
-102.5
 30
0.0
 40
1.500000000000114
100
AcDbArc
 50
90.0
 51
180.0
  0
ARC
  5
DB7
330
1F
100
AcDbEntity
  8
0
  6
Continuous
 62
     7
370
    25
100
AcDbCircle
 10
-19.70163
 20
-105.5
 30
0.0
 40
1.499999999999876
100
AcDbArc
 50
180.0
 51
270.0
  0
ARC
  5
DB8
330
1F
100
AcDbEntity
  8
0
  6
Continuous
 62
     7
370
    25
100
AcDbCircle
 10
-13.70163
 20
-105.5
 30
0.0
 40
1.499999999999988
100
AcDbArc
 50
270.0
 51
0.0
  0
ARC
  5
DB9
330
1F
100
AcDbEntity
  8
0
  6
Continuous
 62
     7
370
    25
100
AcDbCircle
 10
-13.70163
 20
-102.5
 30
0.0
 40
1.500000000000014
100
AcDbArc
 50
0.0
 51
90.0
  0
ARC
  5
DBA
330
1F
100
AcDbEntity
  8
0
  6
Continuous
 62
     7
370
    25
100
AcDbCircle
 10
-19.70163
 20
-102.5
 30
0.0
 40
1.500000000000128
100
AcDbArc
 50
90.0
 51
180.0
  0
ARC
  5
DBB
330
1F
100
AcDbEntity
  8
0
  6
Continuous
 62
     7
370
    25
100
AcDbCircle
 10
13.6317
 20
-105.5
 30
0.0
 40
1.499999999999876
100
AcDbArc
 50
180.0
 51
270.0
  0
ARC
  5
DBC
330
1F
100
AcDbEntity
  8
0
  6
Continuous
 62
     7
370
    25
100
AcDbCircle
 10
19.6317
 20
-105.5
 30
0.0
 40
1.499999999999989
100
AcDbArc
 50
270.0
 51
0.0
  0
ARC
  5
DBD
330
1F
100
AcDbEntity
  8
0
  6
Continuous
 62
     7
370
    25
100
AcDbCircle
 10
19.6317
 20
-102.5
 30
0.0
 40
1.500000000000014
100
AcDbArc
 50
0.0
 51
90.0
  0
ARC
  5
DBE
330
1F
100
AcDbEntity
  8
0
  6
Continuous
 62
     7
370
    25
100
AcDbCircle
 10
13.6317
 20
-102.5
 30
0.0
 40
1.500000000000114
100
AcDbArc
 50
90.0
 51
180.0
  0
ARC
  5
DBF
330
1F
100
AcDbEntity
  8
0
  6
Continuous
 62
     7
370
    25
100
AcDbCircle
 10
46.96503
 20
-105.5
 30
0.0
 40
1.499999999999886
100
AcDbArc
 50
180.0
 51
270.0
  0
ARC
  5
DC0
330
1F
100
AcDbEntity
  8
0
  6
Continuous
 62
     7
370
    25
100
AcDbCircle
 10
52.96503
 20
-105.5
 30
0.0
 40
1.5
100
AcDbArc
 50
270.0
 51
0.0
  0
ARC
  5
DC1
330
1F
100
AcDbEntity
  8
0
  6
Continuous
 62
     7
370
    25
100
AcDbCircle
 10
52.96503
 20
-102.5
 30
0.0
 40
1.500000000000014
100
AcDbArc
 50
0.0
 51
90.0
  0
ARC
  5
DC2
330
1F
100
AcDbEntity
  8
0
  6
Continuous
 62
     7
370
    25
100
AcDbCircle
 10
46.96503
 20
-102.5
 30
0.0
 40
1.500000000000114
100
AcDbArc
 50
90.0
 51
180.0
  0
ARC
  5
DC3
330
1F
100
AcDbEntity
  8
0
  6
Continuous
 62
     7
370
    25
100
AcDbCircle
 10
80.29836
 20
-105.5
 30
0.0
 40
1.499999999999886
100
AcDbArc
 50
180.0
 51
270.0
  0
ARC
  5
DC4
330
1F
100
AcDbEntity
  8
0
  6
Continuous
 62
     7
370
    25
100
AcDbCircle
 10
86.29836
 20
-105.5
 30
0.0
 40
1.5
100
AcDbArc
 50
270.0
 51
0.0
  0
ARC
  5
DC5
330
1F
100
AcDbEntity
  8
0
  6
Continuous
 62
     7
370
    25
100
AcDbCircle
 10
86.29836
 20
-102.5
 30
0.0
 40
1.500000000000028
100
AcDbArc
 50
0.0
 51
90.0
  0
ARC
  5
DC6
330
1F
100
AcDbEntity
  8
0
  6
Continuous
 62
     7
370
    25
100
AcDbCircle
 10
80.29836
 20
-102.5
 30
0.0
 40
1.500000000000128
100
AcDbArc
 50
90.0
 51
180.0
  0
ARC
  5
DC7
330
1F
100
AcDbEntity
  8
0
  6
Continuous
 62
     7
370
    25
100
AcDbCircle
 10
113.63169
 20
-105.5
 30
0.0
 40
1.499999999999872
100
AcDbArc
 50
180.0
 51
270.0
  0
ARC
  5
DC8
330
1F
100
AcDbEntity
  8
0
  6
Continuous
 62
     7
370
    25
100
AcDbCircle
 10
119.63169
 20
-105.5
 30
0.0
 40
1.499999999999986
100
AcDbArc
 50
270.0
 51
0.0
  0
ARC
  5
DC9
330
1F
100
AcDbEntity
  8
0
  6
Continuous
 62
     7
370
    25
100
AcDbCircle
 10
119.63169
 20
-102.5
 30
0.0
 40
1.500000000000014
100
AcDbArc
 50
0.0
 51
90.0
  0
ARC
  5
DCA
330
1F
100
AcDbEntity
  8
0
  6
Continuous
 62
     7
370
    25
100
AcDbCircle
 10
113.63169
 20
-102.5
 30
0.0
 40
1.500000000000085
100
AcDbArc
 50
90.0
 51
180.0
  0
ARC
  5
DCB
330
1F
100
AcDbEntity
  8
0
  6
Continuous
 62
     7
370
    25
100
AcDbCircle
 10
146.96502
 20
-105.5
 30
0.0
 40
1.499999999999886
100
AcDbArc
 50
180.0
 51
270.0
  0
ARC
  5
DCC
330
1F
100
AcDbEntity
  8
0
  6
Continuous
 62
     7
370
    25
100
AcDbCircle
 10
152.96502
 20
-105.5
 30
0.0
 40
1.5
100
AcDbArc
 50
270.0
 51
0.0
  0
ARC
  5
DCD
330
1F
100
AcDbEntity
  8
0
  6
Continuous
 62
     7
370
    25
100
AcDbCircle
 10
152.96502
 20
-102.5
 30
0.0
 40
1.5
100
AcDbArc
 50
0.0
 51
90.0
  0
ARC
  5
DCE
330
1F
100
AcDbEntity
  8
0
  6
Continuous
 62
     7
370
    25
100
AcDbCircle
 10
146.96502
 20
-102.5
 30
0.0
 40
1.500000000000142
100
AcDbArc
 50
90.0
 51
180.0
  0
ARC
  5
DCF
330
1F
100
AcDbEntity
  8
0
  6
Continuous
 62
     7
370
    25
100
AcDbCircle
 10
180.29835
 20
-105.5
 30
0.0
 40
1.499999999999886
100
AcDbArc
 50
180.0
 51
270.0
  0
ARC
  5
DD0
330
1F
100
AcDbEntity
  8
0
  6
Continuous
 62
     7
370
    25
100
AcDbCircle
 10
186.29835
 20
-105.5
 30
0.0
 40
1.5
100
AcDbArc
 50
270.0
 51
0.0
  0
ARC
  5
DD1
330
1F
100
AcDbEntity
  8
0
  6
Continuous
 62
     7
370
    25
100
AcDbCircle
 10
186.29835
 20
-102.5
 30
0.0
 40
1.5
100
AcDbArc
 50
0.0
 51
90.0
  0
ARC
  5
DD2
330
1F
100
AcDbEntity
  8
0
  6
Continuous
 62
     7
370
    25
100
AcDbCircle
 10
180.29835
 20
-102.5
 30
0.0
 40
1.500000000000142
100
AcDbArc
 50
90.0
 51
180.0
  0
ARC
  5
DD3
330
1F
100
AcDbEntity
  8
0
  6
Continuous
 62
     7
370
    25
100
AcDbCircle
 10
213.63168
 20
-105.5
 30
0.0
 40
1.499999999999886
100
AcDbArc
 50
180.0
 51
270.0
  0
ARC
  5
DD4
330
1F
100
AcDbEntity
  8
0
  6
Continuous
 62
     7
370
    25
100
AcDbCircle
 10
219.63168
 20
-105.5
 30
0.0
 40
1.499999999999986
100
AcDbArc
 50
270.0
 51
0.0
  0
ARC
  5
DD5
330
1F
100
AcDbEntity
  8
0
  6
Continuous
 62
     7
370
    25
100
AcDbCircle
 10
219.63168
 20
-102.5
 30
0.0
 40
1.500000000000028
100
AcDbArc
 50
0.0
 51
90.0
  0
ARC
  5
DD6
330
1F
100
AcDbEntity
  8
0
  6
Continuous
 62
     7
370
    25
100
AcDbCircle
 10
213.63168
 20
-102.5
 30
0.0
 40
1.500000000000142
100
AcDbArc
 50
90.0
 51
180.0
  0
ARC
  5
DD7
330
1F
100
AcDbEntity
  8
0
  6
Continuous
 62
     7
370
    25
100
AcDbCircle
 10
246.96501
 20
-105.5
 30
0.0
 40
1.499999999999915
100
AcDbArc
 50
180.0
 51
270.0
  0
ARC
  5
DD8
330
1F
100
AcDbEntity
  8
0
  6
Continuous
 62
     7
370
    25
100
AcDbCircle
 10
252.96501
 20
-105.5
 30
0.0
 40
1.500000000000057
100
AcDbArc
 50
270.0
 51
0.0
  0
ARC
  5
DD9
330
1F
100
AcDbEntity
  8
0
  6
Continuous
 62
     7
370
    25
100
AcDbCircle
 10
252.96501
 20
-102.5
 30
0.0
 40
1.500000000000057
100
AcDbArc
 50
0.0
 51
90.0
  0
ARC
  5
DDA
330
1F
100
AcDbEntity
  8
0
  6
Continuous
 62
     7
370
    25
100
AcDbCircle
 10
246.96501
 20
-102.5
 30
0.0
 40
1.500000000000142
100
AcDbArc
 50
90.0
 51
180.0
  0
ARC
  5
DDB
330
1F
100
AcDbEntity
  8
0
  6
Continuous
 62
     7
370
    25
100
AcDbCircle
 10
280.29834
 20
-105.5
 30
0.0
 40
1.499999999999886
100
AcDbArc
 50
180.0
 51
270.0
  0
ARC
  5
DDC
330
1F
100
AcDbEntity
  8
0
  6
Continuous
 62
     7
370
    25
100
AcDbCircle
 10
286.29834
 20
-105.5
 30
0.0
 40
1.500000000000057
100
AcDbArc
 50
270.0
 51
0.0
  0
ARC
  5
DDD
330
1F
100
AcDbEntity
  8
0
  6
Continuous
 62
     7
370
    25
100
AcDbCircle
 10
286.29834
 20
-102.5
 30
0.0
 40
1.500000000000014
100
AcDbArc
 50
0.0
 51
90.0
  0
ARC
  5
DDE
330
1F
100
AcDbEntity
  8
0
  6
Continuous
 62
     7
370
    25
100
AcDbCircle
 10
280.29834
 20
-102.5
 30
0.0
 40
1.500000000000085
100
AcDbArc
 50
90.0
 51
180.0
  0
ARC
  5
DDF
330
1F
100
AcDbEntity
  8
0
  6
Continuous
 62
     7
370
    25
100
AcDbCircle
 10
313.63167
 20
-105.5
 30
0.0
 40
1.499999999999886
100
AcDbArc
 50
180.0
 51
270.0
  0
ARC
  5
DE0
330
1F
100
AcDbEntity
  8
0
  6
Continuous
 62
     7
370
    25
100
AcDbCircle
 10
319.63167
 20
-105.5
 30
0.0
 40
1.5
100
AcDbArc
 50
270.0
 51
0.0
  0
ARC
  5
DE1
330
1F
100
AcDbEntity
  8
0
  6
Continuous
 62
     7
370
    25
100
AcDbCircle
 10
319.63167
 20
-102.5
 30
0.0
 40
1.499999999999972
100
AcDbArc
 50
0.0
 51
90.0
  0
ARC
  5
DE2
330
1F
100
AcDbEntity
  8
0
  6
Continuous
 62
     7
370
    25
100
AcDbCircle
 10
313.63167
 20
-102.5
 30
0.0
 40
1.500000000000114
100
AcDbArc
 50
90.0
 51
180.0
  0
ARC
  5
DE3
330
1F
100
AcDbEntity
  8
0
  6
Continuous
 62
     7
370
    25
100
AcDbCircle
 10
346.965
 20
-105.5
 30
0.0
 40
1.499999999999886
100
AcDbArc
 50
180.0
 51
270.0
  0
ARC
  5
DE4
330
1F
100
AcDbEntity
  8
0
  6
Continuous
 62
     7
370
    25
100
AcDbCircle
 10
352.965
 20
-105.5
 30
0.0
 40
1.5
100
AcDbArc
 50
270.0
 51
0.0
  0
ARC
  5
DE5
330
1F
100
AcDbEntity
  8
0
  6
Continuous
 62
     7
370
    25
100
AcDbCircle
 10
352.965
 20
-102.5
 30
0.0
 40
1.5
100
AcDbArc
 50
0.0
 51
90.0
  0
ARC
  5
DE6
330
1F
100
AcDbEntity
  8
0
  6
Continuous
 62
     7
370
    25
100
AcDbCircle
 10
346.965
 20
-102.5
 30
0.0
 40
1.500000000000114
100
AcDbArc
 50
90.0
 51
180.0
  0
ARC
  5
DE7
330
1F
100
AcDbEntity
  8
0
  6
Continuous
 62
     7
370
    25
100
AcDbCircle
 10
-353.03493
 20
-171.5
 30
0.0
 40
1.5
100
AcDbArc
 50
180.0
 51
270.0
  0
ARC
  5
DE8
330
1F
100
AcDbEntity
  8
0
  6
Continuous
 62
     7
370
    25
100
AcDbCircle
 10
-347.03493
 20
-171.5
 30
0.0
 40
1.5
100
AcDbArc
 50
270.0
 51
0.0
  0
ARC
  5
DE9
330
1F
100
AcDbEntity
  8
0
  6
Continuous
 62
     7
370
    25
100
AcDbCircle
 10
-347.03493
 20
-168.5
 30
0.0
 40
1.5
100
AcDbArc
 50
360.0
 51
90.0
  0
ARC
  5
DEA
330
1F
100
AcDbEntity
  8
0
  6
Continuous
 62
     7
370
    25
100
AcDbCircle
 10
-353.03493
 20
-168.5
 30
0.0
 40
1.500000000000171
100
AcDbArc
 50
90.0
 51
180.0
  0
ARC
  5
DEB
330
1F
100
AcDbEntity
  8
0
  6
Continuous
 62
     7
370
    25
100
AcDbCircle
 10
-319.7016
 20
-171.5
 30
0.0
 40
1.499999999999972
100
AcDbArc
 50
180.0
 51
270.0
  0
ARC
  5
DEC
330
1F
100
AcDbEntity
  8
0
  6
Continuous
 62
     7
370
    25
100
AcDbCircle
 10
-313.7016
 20
-171.5
 30
0.0
 40
1.500000000000057
100
AcDbArc
 50
270.0
 51
0.0
  0
ARC
  5
DED
330
1F
100
AcDbEntity
  8
0
  6
Continuous
 62
     7
370
    25
100
AcDbCircle
 10
-313.7016
 20
-168.5
 30
0.0
 40
1.499999999999943
100
AcDbArc
 50
360.0
 51
90.0
  0
ARC
  5
DEE
330
1F
100
AcDbEntity
  8
0
  6
Continuous
 62
     7
370
    25
100
AcDbCircle
 10
-319.7016
 20
-168.5
 30
0.0
 40
1.500000000000171
100
AcDbArc
 50
90.0
 51
180.0
  0
ARC
  5
DEF
330
1F
100
AcDbEntity
  8
0
  6
Continuous
 62
     7
370
    25
100
AcDbCircle
 10
-286.36827
 20
-171.5
 30
0.0
 40
1.499999999999972
100
AcDbArc
 50
180.0
 51
270.0
  0
ARC
  5
DF0
330
1F
100
AcDbEntity
  8
0
  6
Continuous
 62
     7
370
    25
100
AcDbCircle
 10
-280.36827
 20
-171.5
 30
0.0
 40
1.5
100
AcDbArc
 50
270.0
 51
0.0
  0
ARC
  5
DF1
330
1F
100
AcDbEntity
  8
0
  6
Continuous
 62
     7
370
    25
100
AcDbCircle
 10
-280.36827
 20
-168.5
 30
0.0
 40
1.499999999999915
100
AcDbArc
 50
360.0
 51
90.0
  0
ARC
  5
DF2
330
1F
100
AcDbEntity
  8
0
  6
Continuous
 62
     7
370
    25
100
AcDbCircle
 10
-286.36827
 20
-168.5
 30
0.0
 40
1.500000000000171
100
AcDbArc
 50
90.0
 51
180.0
  0
ARC
  5
DF3
330
1F
100
AcDbEntity
  8
0
  6
Continuous
 62
     7
370
    25
100
AcDbCircle
 10
-253.03494
 20
-171.5
 30
0.0
 40
1.499999999999943
100
AcDbArc
 50
180.0
 51
270.0
  0
ARC
  5
DF4
330
1F
100
AcDbEntity
  8
0
  6
Continuous
 62
     7
370
    25
100
AcDbCircle
 10
-247.03494
 20
-171.5
 30
0.0
 40
1.5
100
AcDbArc
 50
270.0
 51
0.0
  0
ARC
  5
DF5
330
1F
100
AcDbEntity
  8
0
  6
Continuous
 62
     7
370
    25
100
AcDbCircle
 10
-247.03494
 20
-168.5
 30
0.0
 40
1.499999999999972
100
AcDbArc
 50
0.0
 51
90.0
  0
ARC
  5
DF6
330
1F
100
AcDbEntity
  8
0
  6
Continuous
 62
     7
370
    25
100
AcDbCircle
 10
-253.03494
 20
-168.5
 30
0.0
 40
1.500000000000114
100
AcDbArc
 50
90.0
 51
180.0
  0
ARC
  5
DF7
330
1F
100
AcDbEntity
  8
0
  6
Continuous
 62
     7
370
    25
100
AcDbCircle
 10
-219.70161
 20
-171.5
 30
0.0
 40
1.499999999999915
100
AcDbArc
 50
180.0
 51
270.0
  0
ARC
  5
DF8
330
1F
100
AcDbEntity
  8
0
  6
Continuous
 62
     7
370
    25
100
AcDbCircle
 10
-213.70161
 20
-171.5
 30
0.0
 40
1.5
100
AcDbArc
 50
270.0
 51
0.0
  0
ARC
  5
DF9
330
1F
100
AcDbEntity
  8
0
  6
Continuous
 62
     7
370
    25
100
AcDbCircle
 10
-213.70161
 20
-168.5
 30
0.0
 40
1.499999999999972
100
AcDbArc
 50
0.0
 51
90.0
  0
ARC
  5
DFA
330
1F
100
AcDbEntity
  8
0
  6
Continuous
 62
     7
370
    25
100
AcDbCircle
 10
-219.70161
 20
-168.5
 30
0.0
 40
1.500000000000085
100
AcDbArc
 50
90.0
 51
180.0
  0
ARC
  5
DFB
330
1F
100
AcDbEntity
  8
0
  6
Continuous
 62
     7
370
    25
100
AcDbCircle
 10
-186.36828
 20
-171.5
 30
0.0
 40
1.499999999999915
100
AcDbArc
 50
180.0
 51
270.0
  0
ARC
  5
DFC
330
1F
100
AcDbEntity
  8
0
  6
Continuous
 62
     7
370
    25
100
AcDbCircle
 10
-180.36828
 20
-171.5
 30
0.0
 40
1.5
100
AcDbArc
 50
270.0
 51
0.0
  0
ARC
  5
DFD
330
1F
100
AcDbEntity
  8
0
  6
Continuous
 62
     7
370
    25
100
AcDbCircle
 10
-180.36828
 20
-168.5
 30
0.0
 40
1.499999999999915
100
AcDbArc
 50
360.0
 51
90.0
  0
ARC
  5
DFE
330
1F
100
AcDbEntity
  8
0
  6
Continuous
 62
     7
370
    25
100
AcDbCircle
 10
-186.36828
 20
-168.5
 30
0.0
 40
1.500000000000085
100
AcDbArc
 50
90.0
 51
180.0
  0
ARC
  5
DFF
330
1F
100
AcDbEntity
  8
0
  6
Continuous
 62
     7
370
    25
100
AcDbCircle
 10
-153.03495
 20
-171.5
 30
0.0
 40
1.499999999999915
100
AcDbArc
 50
180.0
 51
270.0
  0
ARC
  5
E00
330
1F
100
AcDbEntity
  8
0
  6
Continuous
 62
     7
370
    25
100
AcDbCircle
 10
-147.03495
 20
-171.5
 30
0.0
 40
1.500000000000028
100
AcDbArc
 50
270.0
 51
0.0
  0
ARC
  5
E01
330
1F
100
AcDbEntity
  8
0
  6
Continuous
 62
     7
370
    25
100
AcDbCircle
 10
-147.03495
 20
-168.5
 30
0.0
 40
1.499999999999972
100
AcDbArc
 50
0.0
 51
90.0
  0
ARC
  5
E02
330
1F
100
AcDbEntity
  8
0
  6
Continuous
 62
     7
370
    25
100
AcDbCircle
 10
-153.03495
 20
-168.5
 30
0.0
 40
1.500000000000114
100
AcDbArc
 50
90.0
 51
180.0
  0
ARC
  5
E03
330
1F
100
AcDbEntity
  8
0
  6
Continuous
 62
     7
370
    25
100
AcDbCircle
 10
-119.70162
 20
-171.5
 30
0.0
 40
1.499999999999915
100
AcDbArc
 50
180.0
 51
270.0
  0
ARC
  5
E04
330
1F
100
AcDbEntity
  8
0
  6
Continuous
 62
     7
370
    25
100
AcDbCircle
 10
-113.70162
 20
-171.5
 30
0.0
 40
1.500000000000014
100
AcDbArc
 50
270.0
 51
0.0
  0
ARC
  5
E05
330
1F
100
AcDbEntity
  8
0
  6
Continuous
 62
     7
370
    25
100
AcDbCircle
 10
-113.70162
 20
-168.5
 30
0.0
 40
1.499999999999986
100
AcDbArc
 50
0.0
 51
90.0
  0
ARC
  5
E06
330
1F
100
AcDbEntity
  8
0
  6
Continuous
 62
     7
370
    25
100
AcDbCircle
 10
-119.70162
 20
-168.5
 30
0.0
 40
1.500000000000085
100
AcDbArc
 50
90.0
 51
180.0
  0
ARC
  5
E07
330
1F
100
AcDbEntity
  8
0
  6
Continuous
 62
     7
370
    25
100
AcDbCircle
 10
-86.36829
 20
-171.5
 30
0.0
 40
1.499999999999929
100
AcDbArc
 50
180.0
 51
270.0
  0
ARC
  5
E08
330
1F
100
AcDbEntity
  8
0
  6
Continuous
 62
     7
370
    25
100
AcDbCircle
 10
-80.36829
 20
-171.5
 30
0.0
 40
1.500000000000014
100
AcDbArc
 50
270.0
 51
0.0
  0
ARC
  5
E09
330
1F
100
AcDbEntity
  8
0
  6
Continuous
 62
     7
370
    25
100
AcDbCircle
 10
-80.36829
 20
-168.5
 30
0.0
 40
1.499999999999972
100
AcDbArc
 50
0.0
 51
90.0
  0
ARC
  5
E0A
330
1F
100
AcDbEntity
  8
0
  6
Continuous
 62
     7
370
    25
100
AcDbCircle
 10
-86.36829
 20
-168.5
 30
0.0
 40
1.500000000000085
100
AcDbArc
 50
90.0
 51
180.0
  0
ARC
  5
E0B
330
1F
100
AcDbEntity
  8
0
  6
Continuous
 62
     7
370
    25
100
AcDbCircle
 10
-53.03496
 20
-171.5
 30
0.0
 40
1.499999999999922
100
AcDbArc
 50
180.0
 51
270.0
  0
ARC
  5
E0C
330
1F
100
AcDbEntity
  8
0
  6
Continuous
 62
     7
370
    25
100
AcDbCircle
 10
-47.03496
 20
-171.5
 30
0.0
 40
1.5
100
AcDbArc
 50
270.0
 51
0.0
  0
ARC
  5
E0D
330
1F
100
AcDbEntity
  8
0
  6
Continuous
 62
     7
370
    25
100
AcDbCircle
 10
-47.03496
 20
-168.5
 30
0.0
 40
1.499999999999972
100
AcDbArc
 50
0.0
 51
90.0
  0
ARC
  5
E0E
330
1F
100
AcDbEntity
  8
0
  6
Continuous
 62
     7
370
    25
100
AcDbCircle
 10
-53.03496
 20
-168.5
 30
0.0
 40
1.500000000000064
100
AcDbArc
 50
90.0
 51
180.0
  0
ARC
  5
E0F
330
1F
100
AcDbEntity
  8
0
  6
Continuous
 62
     7
370
    25
100
AcDbCircle
 10
-19.70163
 20
-171.5
 30
0.0
 40
1.499999999999915
100
AcDbArc
 50
180.0
 51
270.0
  0
ARC
  5
E10
330
1F
100
AcDbEntity
  8
0
  6
Continuous
 62
     7
370
    25
100
AcDbCircle
 10
-13.70163
 20
-171.5
 30
0.0
 40
1.500000000000007
100
AcDbArc
 50
270.0
 51
0.0
  0
ARC
  5
E11
330
1F
100
AcDbEntity
  8
0
  6
Continuous
 62
     7
370
    25
100
AcDbCircle
 10
-13.70163
 20
-168.5
 30
0.0
 40
1.499999999999972
100
AcDbArc
 50
0.0
 51
90.0
  0
ARC
  5
E12
330
1F
100
AcDbEntity
  8
0
  6
Continuous
 62
     7
370
    25
100
AcDbCircle
 10
-19.70163
 20
-168.5
 30
0.0
 40
1.500000000000085
100
AcDbArc
 50
90.0
 51
180.0
  0
ARC
  5
E13
330
1F
100
AcDbEntity
  8
0
  6
Continuous
 62
     7
370
    25
100
AcDbCircle
 10
13.6317
 20
-171.5
 30
0.0
 40
1.499999999999915
100
AcDbArc
 50
180.0
 51
270.0
  0
ARC
  5
E14
330
1F
100
AcDbEntity
  8
0
  6
Continuous
 62
     7
370
    25
100
AcDbCircle
 10
19.6317
 20
-171.5
 30
0.0
 40
1.500000000000011
100
AcDbArc
 50
270.0
 51
0.0
  0
ARC
  5
E15
330
1F
100
AcDbEntity
  8
0
  6
Continuous
 62
     7
370
    25
100
AcDbCircle
 10
19.6317
 20
-168.5
 30
0.0
 40
1.499999999999972
100
AcDbArc
 50
0.0
 51
90.0
  0
ARC
  5
E16
330
1F
100
AcDbEntity
  8
0
  6
Continuous
 62
     7
370
    25
100
AcDbCircle
 10
13.6317
 20
-168.5
 30
0.0
 40
1.500000000000085
100
AcDbArc
 50
90.0
 51
180.0
  0
ARC
  5
E17
330
1F
100
AcDbEntity
  8
0
  6
Continuous
 62
     7
370
    25
100
AcDbCircle
 10
46.96503
 20
-171.5
 30
0.0
 40
1.499999999999915
100
AcDbArc
 50
180.0
 51
270.0
  0
ARC
  5
E18
330
1F
100
AcDbEntity
  8
0
  6
Continuous
 62
     7
370
    25
100
AcDbCircle
 10
52.96503
 20
-171.5
 30
0.0
 40
1.500000000000021
100
AcDbArc
 50
270.0
 51
0.0
  0
ARC
  5
E19
330
1F
100
AcDbEntity
  8
0
  6
Continuous
 62
     7
370
    25
100
AcDbCircle
 10
52.96503
 20
-168.5
 30
0.0
 40
1.499999999999979
100
AcDbArc
 50
0.0
 51
90.0
  0
ARC
  5
E1A
330
1F
100
AcDbEntity
  8
0
  6
Continuous
 62
     7
370
    25
100
AcDbCircle
 10
46.96503
 20
-168.5
 30
0.0
 40
1.500000000000085
100
AcDbArc
 50
90.0
 51
180.0
  0
ARC
  5
E1B
330
1F
100
AcDbEntity
  8
0
  6
Continuous
 62
     7
370
    25
100
AcDbCircle
 10
80.29836
 20
-171.5
 30
0.0
 40
1.499999999999915
100
AcDbArc
 50
180.0
 51
270.0
  0
ARC
  5
E1C
330
1F
100
AcDbEntity
  8
0
  6
Continuous
 62
     7
370
    25
100
AcDbCircle
 10
86.29836
 20
-171.5
 30
0.0
 40
1.500000000000014
100
AcDbArc
 50
270.0
 51
0.0
  0
ARC
  5
E1D
330
1F
100
AcDbEntity
  8
0
  6
Continuous
 62
     7
370
    25
100
AcDbCircle
 10
86.29836
 20
-168.5
 30
0.0
 40
1.499999999999986
100
AcDbArc
 50
0.0
 51
90.0
  0
ARC
  5
E1E
330
1F
100
AcDbEntity
  8
0
  6
Continuous
 62
     7
370
    25
100
AcDbCircle
 10
80.29836
 20
-168.5
 30
0.0
 40
1.500000000000085
100
AcDbArc
 50
90.0
 51
180.0
  0
ARC
  5
E1F
330
1F
100
AcDbEntity
  8
0
  6
Continuous
 62
     7
370
    25
100
AcDbCircle
 10
113.63169
 20
-171.5
 30
0.0
 40
1.499999999999915
100
AcDbArc
 50
180.0
 51
270.0
  0
ARC
  5
E20
330
1F
100
AcDbEntity
  8
0
  6
Continuous
 62
     7
370
    25
100
AcDbCircle
 10
119.63169
 20
-171.5
 30
0.0
 40
1.500000000000014
100
AcDbArc
 50
270.0
 51
0.0
  0
ARC
  5
E21
330
1F
100
AcDbEntity
  8
0
  6
Continuous
 62
     7
370
    25
100
AcDbCircle
 10
119.63169
 20
-168.5
 30
0.0
 40
1.499999999999972
100
AcDbArc
 50
0.0
 51
90.0
  0
ARC
  5
E22
330
1F
100
AcDbEntity
  8
0
  6
Continuous
 62
     7
370
    25
100
AcDbCircle
 10
113.63169
 20
-168.5
 30
0.0
 40
1.500000000000057
100
AcDbArc
 50
90.0
 51
180.0
  0
ARC
  5
E23
330
1F
100
AcDbEntity
  8
0
  6
Continuous
 62
     7
370
    25
100
AcDbCircle
 10
146.96502
 20
-171.5
 30
0.0
 40
1.499999999999915
100
AcDbArc
 50
180.0
 51
270.0
  0
ARC
  5
E24
330
1F
100
AcDbEntity
  8
0
  6
Continuous
 62
     7
370
    25
100
AcDbCircle
 10
152.96502
 20
-171.5
 30
0.0
 40
1.5
100
AcDbArc
 50
270.0
 51
0.0
  0
ARC
  5
E25
330
1F
100
AcDbEntity
  8
0
  6
Continuous
 62
     7
370
    25
100
AcDbCircle
 10
152.96502
 20
-168.5
 30
0.0
 40
1.499999999999972
100
AcDbArc
 50
0.0
 51
90.0
  0
ARC
  5
E26
330
1F
100
AcDbEntity
  8
0
  6
Continuous
 62
     7
370
    25
100
AcDbCircle
 10
146.96502
 20
-168.5
 30
0.0
 40
1.500000000000085
100
AcDbArc
 50
90.0
 51
180.0
  0
ARC
  5
E27
330
1F
100
AcDbEntity
  8
0
  6
Continuous
 62
     7
370
    25
100
AcDbCircle
 10
180.29835
 20
-171.5
 30
0.0
 40
1.499999999999915
100
AcDbArc
 50
180.0
 51
270.0
  0
ARC
  5
E28
330
1F
100
AcDbEntity
  8
0
  6
Continuous
 62
     7
370
    25
100
AcDbCircle
 10
186.29835
 20
-171.5
 30
0.0
 40
1.5
100
AcDbArc
 50
270.0
 51
0.0
  0
ARC
  5
E29
330
1F
100
AcDbEntity
  8
0
  6
Continuous
 62
     7
370
    25
100
AcDbCircle
 10
186.29835
 20
-168.5
 30
0.0
 40
1.499999999999972
100
AcDbArc
 50
0.0
 51
90.0
  0
ARC
  5
E2A
330
1F
100
AcDbEntity
  8
0
  6
Continuous
 62
     7
370
    25
100
AcDbCircle
 10
180.29835
 20
-168.5
 30
0.0
 40
1.500000000000085
100
AcDbArc
 50
90.0
 51
180.0
  0
ARC
  5
E2B
330
1F
100
AcDbEntity
  8
0
  6
Continuous
 62
     7
370
    25
100
AcDbCircle
 10
213.63168
 20
-171.5
 30
0.0
 40
1.499999999999915
100
AcDbArc
 50
180.0
 51
270.0
  0
ARC
  5
E2C
330
1F
100
AcDbEntity
  8
0
  6
Continuous
 62
     7
370
    25
100
AcDbCircle
 10
219.63168
 20
-171.5
 30
0.0
 40
1.500000000000028
100
AcDbArc
 50
270.0
 51
0.0
  0
ARC
  5
E2D
330
1F
100
AcDbEntity
  8
0
  6
Continuous
 62
     7
370
    25
100
AcDbCircle
 10
219.63168
 20
-168.5
 30
0.0
 40
1.499999999999972
100
AcDbArc
 50
0.0
 51
90.0
  0
ARC
  5
E2E
330
1F
100
AcDbEntity
  8
0
  6
Continuous
 62
     7
370
    25
100
AcDbCircle
 10
213.63168
 20
-168.5
 30
0.0
 40
1.500000000000085
100
AcDbArc
 50
90.0
 51
180.0
  0
ARC
  5
E2F
330
1F
100
AcDbEntity
  8
0
  6
Continuous
 62
     7
370
    25
100
AcDbCircle
 10
246.96501
 20
-171.5
 30
0.0
 40
1.499999999999943
100
AcDbArc
 50
180.0
 51
270.0
  0
ARC
  5
E30
330
1F
100
AcDbEntity
  8
0
  6
Continuous
 62
     7
370
    25
100
AcDbCircle
 10
252.96501
 20
-171.5
 30
0.0
 40
1.500000000000028
100
AcDbArc
 50
270.0
 51
0.0
  0
ARC
  5
E31
330
1F
100
AcDbEntity
  8
0
  6
Continuous
 62
     7
370
    25
100
AcDbCircle
 10
252.96501
 20
-168.5
 30
0.0
 40
1.5
100
AcDbArc
 50
0.0
 51
90.0
  0
ARC
  5
E32
330
1F
100
AcDbEntity
  8
0
  6
Continuous
 62
     7
370
    25
100
AcDbCircle
 10
246.96501
 20
-168.5
 30
0.0
 40
1.500000000000085
100
AcDbArc
 50
90.0
 51
180.0
  0
ARC
  5
E33
330
1F
100
AcDbEntity
  8
0
  6
Continuous
 62
     7
370
    25
100
AcDbCircle
 10
280.29834
 20
-171.5
 30
0.0
 40
1.499999999999943
100
AcDbArc
 50
180.0
 51
270.0
  0
ARC
  5
E34
330
1F
100
AcDbEntity
  8
0
  6
Continuous
 62
     7
370
    25
100
AcDbCircle
 10
286.29834
 20
-171.5
 30
0.0
 40
1.5
100
AcDbArc
 50
270.0
 51
0.0
  0
ARC
  5
E35
330
1F
100
AcDbEntity
  8
0
  6
Continuous
 62
     7
370
    25
100
AcDbCircle
 10
286.29834
 20
-168.5
 30
0.0
 40
1.5
100
AcDbArc
 50
0.0
 51
90.0
  0
ARC
  5
E36
330
1F
100
AcDbEntity
  8
0
  6
Continuous
 62
     7
370
    25
100
AcDbCircle
 10
280.29834
 20
-168.5
 30
0.0
 40
1.500000000000057
100
AcDbArc
 50
90.0
 51
180.0
  0
ARC
  5
E37
330
1F
100
AcDbEntity
  8
0
  6
Continuous
 62
     7
370
    25
100
AcDbCircle
 10
313.63167
 20
-171.5
 30
0.0
 40
1.499999999999943
100
AcDbArc
 50
180.0
 51
270.0
  0
ARC
  5
E38
330
1F
100
AcDbEntity
  8
0
  6
Continuous
 62
     7
370
    25
100
AcDbCircle
 10
319.63167
 20
-171.5
 30
0.0
 40
1.500000000000057
100
AcDbArc
 50
270.0
 51
0.0
  0
ARC
  5
E39
330
1F
100
AcDbEntity
  8
0
  6
Continuous
 62
     7
370
    25
100
AcDbCircle
 10
319.63167
 20
-168.5
 30
0.0
 40
1.499999999999943
100
AcDbArc
 50
360.0
 51
90.0
  0
ARC
  5
E3A
330
1F
100
AcDbEntity
  8
0
  6
Continuous
 62
     7
370
    25
100
AcDbCircle
 10
313.63167
 20
-168.5
 30
0.0
 40
1.500000000000114
100
AcDbArc
 50
90.0
 51
180.0
  0
ARC
  5
E3B
330
1F
100
AcDbEntity
  8
0
  6
Continuous
 62
     7
370
    25
100
AcDbCircle
 10
346.965
 20
-171.5
 30
0.0
 40
1.499999999999915
100
AcDbArc
 50
180.0
 51
270.0
  0
ARC
  5
E3C
330
1F
100
AcDbEntity
  8
0
  6
Continuous
 62
     7
370
    25
100
AcDbCircle
 10
352.965
 20
-171.5
 30
0.0
 40
1.5
100
AcDbArc
 50
270.0
 51
0.0
  0
ARC
  5
E3D
330
1F
100
AcDbEntity
  8
0
  6
Continuous
 62
     7
370
    25
100
AcDbCircle
 10
352.965
 20
-168.5
 30
0.0
 40
1.499999999999943
100
AcDbArc
 50
360.0
 51
90.0
  0
ARC
  5
E3E
330
1F
100
AcDbEntity
  8
0
  6
Continuous
 62
     7
370
    25
100
AcDbCircle
 10
346.965
 20
-168.5
 30
0.0
 40
1.500000000000057
100
AcDbArc
 50
90.0
 51
180.0
  0
ARC
  5
E3F
330
1F
100
AcDbEntity
  8
0
  6
Continuous
 62
     7
370
    25
100
AcDbCircle
 10
-353.03493
 20
-237.5
 30
0.0
 40
1.5
100
AcDbArc
 50
180.0
 51
270.0
  0
ARC
  5
E40
330
1F
100
AcDbEntity
  8
0
  6
Continuous
 62
     7
370
    25
100
AcDbCircle
 10
-347.03493
 20
-237.5
 30
0.0
 40
1.5
100
AcDbArc
 50
270.0
 51
0.0
  0
ARC
  5
E41
330
1F
100
AcDbEntity
  8
0
  6
Continuous
 62
     7
370
    25
100
AcDbCircle
 10
-347.03493
 20
-234.5
 30
0.0
 40
1.5
100
AcDbArc
 50
0.0
 51
90.0
  0
ARC
  5
E42
330
1F
100
AcDbEntity
  8
0
  6
Continuous
 62
     7
370
    25
100
AcDbCircle
 10
-353.03493
 20
-234.5
 30
0.0
 40
1.500000000000171
100
AcDbArc
 50
90.0
 51
180.0
  0
ARC
  5
E43
330
1F
100
AcDbEntity
  8
0
  6
Continuous
 62
     7
370
    25
100
AcDbCircle
 10
-319.7016
 20
-237.5
 30
0.0
 40
1.499999999999972
100
AcDbArc
 50
180.0
 51
270.0
  0
ARC
  5
E44
330
1F
100
AcDbEntity
  8
0
  6
Continuous
 62
     7
370
    25
100
AcDbCircle
 10
-313.7016
 20
-237.5
 30
0.0
 40
1.500000000000057
100
AcDbArc
 50
270.0
 51
0.0
  0
ARC
  5
E45
330
1F
100
AcDbEntity
  8
0
  6
Continuous
 62
     7
370
    25
100
AcDbCircle
 10
-313.7016
 20
-234.5
 30
0.0
 40
1.499999999999943
100
AcDbArc
 50
0.0
 51
90.0
  0
ARC
  5
E46
330
1F
100
AcDbEntity
  8
0
  6
Continuous
 62
     7
370
    25
100
AcDbCircle
 10
-319.7016
 20
-234.5
 30
0.0
 40
1.500000000000171
100
AcDbArc
 50
90.0
 51
180.0
  0
ARC
  5
E47
330
1F
100
AcDbEntity
  8
0
  6
Continuous
 62
     7
370
    25
100
AcDbCircle
 10
-286.36827
 20
-237.5
 30
0.0
 40
1.499999999999972
100
AcDbArc
 50
180.0
 51
270.0
  0
ARC
  5
E48
330
1F
100
AcDbEntity
  8
0
  6
Continuous
 62
     7
370
    25
100
AcDbCircle
 10
-280.36827
 20
-237.5
 30
0.0
 40
1.5
100
AcDbArc
 50
270.0
 51
0.0
  0
ARC
  5
E49
330
1F
100
AcDbEntity
  8
0
  6
Continuous
 62
     7
370
    25
100
AcDbCircle
 10
-280.36827
 20
-234.5
 30
0.0
 40
1.5
100
AcDbArc
 50
0.0
 51
90.0
  0
ARC
  5
E4A
330
1F
100
AcDbEntity
  8
0
  6
Continuous
 62
     7
370
    25
100
AcDbCircle
 10
-286.36827
 20
-234.5
 30
0.0
 40
1.500000000000171
100
AcDbArc
 50
90.0
 51
180.0
  0
ARC
  5
E4B
330
1F
100
AcDbEntity
  8
0
  6
Continuous
 62
     7
370
    25
100
AcDbCircle
 10
-253.03494
 20
-237.5
 30
0.0
 40
1.499999999999943
100
AcDbArc
 50
180.0
 51
270.0
  0
ARC
  5
E4C
330
1F
100
AcDbEntity
  8
0
  6
Continuous
 62
     7
370
    25
100
AcDbCircle
 10
-247.03494
 20
-237.5
 30
0.0
 40
1.5
100
AcDbArc
 50
270.0
 51
0.0
  0
ARC
  5
E4D
330
1F
100
AcDbEntity
  8
0
  6
Continuous
 62
     7
370
    25
100
AcDbCircle
 10
-247.03494
 20
-234.5
 30
0.0
 40
1.5
100
AcDbArc
 50
0.0
 51
90.0
  0
ARC
  5
E4E
330
1F
100
AcDbEntity
  8
0
  6
Continuous
 62
     7
370
    25
100
AcDbCircle
 10
-253.03494
 20
-234.5
 30
0.0
 40
1.500000000000142
100
AcDbArc
 50
90.0
 51
180.0
  0
ARC
  5
E4F
330
1F
100
AcDbEntity
  8
0
  6
Continuous
 62
     7
370
    25
100
AcDbCircle
 10
-219.70161
 20
-237.5
 30
0.0
 40
1.499999999999915
100
AcDbArc
 50
180.0
 51
270.0
  0
ARC
  5
E50
330
1F
100
AcDbEntity
  8
0
  6
Continuous
 62
     7
370
    25
100
AcDbCircle
 10
-213.70161
 20
-237.5
 30
0.0
 40
1.5
100
AcDbArc
 50
270.0
 51
0.0
  0
ARC
  5
E51
330
1F
100
AcDbEntity
  8
0
  6
Continuous
 62
     7
370
    25
100
AcDbCircle
 10
-213.70161
 20
-234.5
 30
0.0
 40
1.5
100
AcDbArc
 50
0.0
 51
90.0
  0
ARC
  5
E52
330
1F
100
AcDbEntity
  8
0
  6
Continuous
 62
     7
370
    25
100
AcDbCircle
 10
-219.70161
 20
-234.5
 30
0.0
 40
1.500000000000114
100
AcDbArc
 50
90.0
 51
180.0
  0
ARC
  5
E53
330
1F
100
AcDbEntity
  8
0
  6
Continuous
 62
     7
370
    25
100
AcDbCircle
 10
-186.36828
 20
-237.5
 30
0.0
 40
1.499999999999915
100
AcDbArc
 50
180.0
 51
270.0
  0
ARC
  5
E54
330
1F
100
AcDbEntity
  8
0
  6
Continuous
 62
     7
370
    25
100
AcDbCircle
 10
-180.36828
 20
-237.5
 30
0.0
 40
1.5
100
AcDbArc
 50
270.0
 51
0.0
  0
ARC
  5
E55
330
1F
100
AcDbEntity
  8
0
  6
Continuous
 62
     7
370
    25
100
AcDbCircle
 10
-180.36828
 20
-234.5
 30
0.0
 40
1.499999999999943
100
AcDbArc
 50
0.0
 51
90.0
  0
ARC
  5
E56
330
1F
100
AcDbEntity
  8
0
  6
Continuous
 62
     7
370
    25
100
AcDbCircle
 10
-186.36828
 20
-234.5
 30
0.0
 40
1.500000000000114
100
AcDbArc
 50
90.0
 51
180.0
  0
ARC
  5
E57
330
1F
100
AcDbEntity
  8
0
  6
Continuous
 62
     7
370
    25
100
AcDbCircle
 10
-153.03495
 20
-237.5
 30
0.0
 40
1.499999999999915
100
AcDbArc
 50
180.0
 51
270.0
  0
ARC
  5
E58
330
1F
100
AcDbEntity
  8
0
  6
Continuous
 62
     7
370
    25
100
AcDbCircle
 10
-147.03495
 20
-237.5
 30
0.0
 40
1.500000000000028
100
AcDbArc
 50
270.0
 51
0.0
  0
ARC
  5
E59
330
1F
100
AcDbEntity
  8
0
  6
Continuous
 62
     7
370
    25
100
AcDbCircle
 10
-147.03495
 20
-234.5
 30
0.0
 40
1.500000000000028
100
AcDbArc
 50
0.0
 51
90.0
  0
ARC
  5
E5A
330
1F
100
AcDbEntity
  8
0
  6
Continuous
 62
     7
370
    25
100
AcDbCircle
 10
-153.03495
 20
-234.5
 30
0.0
 40
1.500000000000114
100
AcDbArc
 50
90.0
 51
180.0
  0
ARC
  5
E5B
330
1F
100
AcDbEntity
  8
0
  6
Continuous
 62
     7
370
    25
100
AcDbCircle
 10
-119.70162
 20
-237.5
 30
0.0
 40
1.499999999999915
100
AcDbArc
 50
180.0
 51
270.0
  0
ARC
  5
E5C
330
1F
100
AcDbEntity
  8
0
  6
Continuous
 62
     7
370
    25
100
AcDbCircle
 10
-113.70162
 20
-237.5
 30
0.0
 40
1.500000000000014
100
AcDbArc
 50
270.0
 51
0.0
  0
ARC
  5
E5D
330
1F
100
AcDbEntity
  8
0
  6
Continuous
 62
     7
370
    25
100
AcDbCircle
 10
-113.70162
 20
-234.5
 30
0.0
 40
1.500000000000014
100
AcDbArc
 50
0.0
 51
90.0
  0
ARC
  5
E5E
330
1F
100
AcDbEntity
  8
0
  6
Continuous
 62
     7
370
    25
100
AcDbCircle
 10
-119.70162
 20
-234.5
 30
0.0
 40
1.500000000000114
100
AcDbArc
 50
90.0
 51
180.0
  0
ARC
  5
E5F
330
1F
100
AcDbEntity
  8
0
  6
Continuous
 62
     7
370
    25
100
AcDbCircle
 10
-86.36829
 20
-237.5
 30
0.0
 40
1.499999999999929
100
AcDbArc
 50
180.0
 51
270.0
  0
ARC
  5
E60
330
1F
100
AcDbEntity
  8
0
  6
Continuous
 62
     7
370
    25
100
AcDbCircle
 10
-80.36829
 20
-237.5
 30
0.0
 40
1.500000000000014
100
AcDbArc
 50
270.0
 51
0.0
  0
ARC
  5
E61
330
1F
100
AcDbEntity
  8
0
  6
Continuous
 62
     7
370
    25
100
AcDbCircle
 10
-80.36829
 20
-234.5
 30
0.0
 40
1.5
100
AcDbArc
 50
0.0
 51
90.0
  0
ARC
  5
E62
330
1F
100
AcDbEntity
  8
0
  6
Continuous
 62
     7
370
    25
100
AcDbCircle
 10
-86.36829
 20
-234.5
 30
0.0
 40
1.500000000000128
100
AcDbArc
 50
90.0
 51
180.0
  0
ARC
  5
E63
330
1F
100
AcDbEntity
  8
0
  6
Continuous
 62
     7
370
    25
100
AcDbCircle
 10
-53.03496
 20
-237.5
 30
0.0
 40
1.499999999999922
100
AcDbArc
 50
180.0
 51
270.0
  0
ARC
  5
E64
330
1F
100
AcDbEntity
  8
0
  6
Continuous
 62
     7
370
    25
100
AcDbCircle
 10
-47.03496
 20
-237.5
 30
0.0
 40
1.5
100
AcDbArc
 50
270.0
 51
0.0
  0
ARC
  5
E65
330
1F
100
AcDbEntity
  8
0
  6
Continuous
 62
     7
370
    25
100
AcDbCircle
 10
-47.03496
 20
-234.5
 30
0.0
 40
1.499999999999979
100
AcDbArc
 50
0.0
 51
90.0
  0
ARC
  5
E66
330
1F
100
AcDbEntity
  8
0
  6
Continuous
 62
     7
370
    25
100
AcDbCircle
 10
-53.03496
 20
-234.5
 30
0.0
 40
1.500000000000085
100
AcDbArc
 50
90.0
 51
180.0
  0
ARC
  5
E67
330
1F
100
AcDbEntity
  8
0
  6
Continuous
 62
     7
370
    25
100
AcDbCircle
 10
-19.70163
 20
-237.5
 30
0.0
 40
1.499999999999915
100
AcDbArc
 50
180.0
 51
270.0
  0
ARC
  5
E68
330
1F
100
AcDbEntity
  8
0
  6
Continuous
 62
     7
370
    25
100
AcDbCircle
 10
-13.70163
 20
-237.5
 30
0.0
 40
1.500000000000007
100
AcDbArc
 50
270.0
 51
0.0
  0
ARC
  5
E69
330
1F
100
AcDbEntity
  8
0
  6
Continuous
 62
     7
370
    25
100
AcDbCircle
 10
-13.70163
 20
-234.5
 30
0.0
 40
1.5
100
AcDbArc
 50
0.0
 51
90.0
  0
ARC
  5
E6A
330
1F
100
AcDbEntity
  8
0
  6
Continuous
 62
     7
370
    25
100
AcDbCircle
 10
-19.70163
 20
-234.5
 30
0.0
 40
1.500000000000114
100
AcDbArc
 50
90.0
 51
180.0
  0
ARC
  5
E6B
330
1F
100
AcDbEntity
  8
0
  6
Continuous
 62
     7
370
    25
100
AcDbCircle
 10
13.6317
 20
-237.5
 30
0.0
 40
1.499999999999915
100
AcDbArc
 50
180.0
 51
270.0
  0
ARC
  5
E6C
330
1F
100
AcDbEntity
  8
0
  6
Continuous
 62
     7
370
    25
100
AcDbCircle
 10
19.6317
 20
-237.5
 30
0.0
 40
1.500000000000011
100
AcDbArc
 50
270.0
 51
0.0
  0
ARC
  5
E6D
330
1F
100
AcDbEntity
  8
0
  6
Continuous
 62
     7
370
    25
100
AcDbCircle
 10
19.6317
 20
-234.5
 30
0.0
 40
1.5
100
AcDbArc
 50
0.0
 51
90.0
  0
ARC
  5
E6E
330
1F
100
AcDbEntity
  8
0
  6
Continuous
 62
     7
370
    25
100
AcDbCircle
 10
13.6317
 20
-234.5
 30
0.0
 40
1.500000000000114
100
AcDbArc
 50
90.0
 51
180.0
  0
ARC
  5
E6F
330
1F
100
AcDbEntity
  8
0
  6
Continuous
 62
     7
370
    25
100
AcDbCircle
 10
46.96503
 20
-237.5
 30
0.0
 40
1.499999999999915
100
AcDbArc
 50
180.0
 51
270.0
  0
ARC
  5
E70
330
1F
100
AcDbEntity
  8
0
  6
Continuous
 62
     7
370
    25
100
AcDbCircle
 10
52.96503
 20
-237.5
 30
0.0
 40
1.500000000000021
100
AcDbArc
 50
270.0
 51
0.0
  0
ARC
  5
E71
330
1F
100
AcDbEntity
  8
0
  6
Continuous
 62
     7
370
    25
100
AcDbCircle
 10
52.96503
 20
-234.5
 30
0.0
 40
1.500000000000007
100
AcDbArc
 50
0.0
 51
90.0
  0
ARC
  5
E72
330
1F
100
AcDbEntity
  8
0
  6
Continuous
 62
     7
370
    25
100
AcDbCircle
 10
46.96503
 20
-234.5
 30
0.0
 40
1.500000000000092
100
AcDbArc
 50
90.0
 51
180.0
  0
ARC
  5
E73
330
1F
100
AcDbEntity
  8
0
  6
Continuous
 62
     7
370
    25
100
AcDbCircle
 10
80.29836
 20
-237.5
 30
0.0
 40
1.499999999999915
100
AcDbArc
 50
180.0
 51
270.0
  0
ARC
  5
E74
330
1F
100
AcDbEntity
  8
0
  6
Continuous
 62
     7
370
    25
100
AcDbCircle
 10
86.29836
 20
-237.5
 30
0.0
 40
1.500000000000014
100
AcDbArc
 50
270.0
 51
0.0
  0
ARC
  5
E75
330
1F
100
AcDbEntity
  8
0
  6
Continuous
 62
     7
370
    25
100
AcDbCircle
 10
86.29836
 20
-234.5
 30
0.0
 40
1.500000000000014
100
AcDbArc
 50
0.0
 51
90.0
  0
ARC
  5
E76
330
1F
100
AcDbEntity
  8
0
  6
Continuous
 62
     7
370
    25
100
AcDbCircle
 10
80.29836
 20
-234.5
 30
0.0
 40
1.500000000000114
100
AcDbArc
 50
90.0
 51
180.0
  0
ARC
  5
E77
330
1F
100
AcDbEntity
  8
0
  6
Continuous
 62
     7
370
    25
100
AcDbCircle
 10
113.63169
 20
-237.5
 30
0.0
 40
1.499999999999915
100
AcDbArc
 50
180.0
 51
270.0
  0
ARC
  5
E78
330
1F
100
AcDbEntity
  8
0
  6
Continuous
 62
     7
370
    25
100
AcDbCircle
 10
119.63169
 20
-237.5
 30
0.0
 40
1.500000000000014
100
AcDbArc
 50
270.0
 51
0.0
  0
ARC
  5
E79
330
1F
100
AcDbEntity
  8
0
  6
Continuous
 62
     7
370
    25
100
AcDbCircle
 10
119.63169
 20
-234.5
 30
0.0
 40
1.500000000000014
100
AcDbArc
 50
0.0
 51
90.0
  0
ARC
  5
E7A
330
1F
100
AcDbEntity
  8
0
  6
Continuous
 62
     7
370
    25
100
AcDbCircle
 10
113.63169
 20
-234.5
 30
0.0
 40
1.500000000000085
100
AcDbArc
 50
90.0
 51
180.0
  0
ARC
  5
E7B
330
1F
100
AcDbEntity
  8
0
  6
Continuous
 62
     7
370
    25
100
AcDbCircle
 10
146.96502
 20
-237.5
 30
0.0
 40
1.499999999999915
100
AcDbArc
 50
180.0
 51
270.0
  0
ARC
  5
E7C
330
1F
100
AcDbEntity
  8
0
  6
Continuous
 62
     7
370
    25
100
AcDbCircle
 10
152.96502
 20
-237.5
 30
0.0
 40
1.5
100
AcDbArc
 50
270.0
 51
0.0
  0
ARC
  5
E7D
330
1F
100
AcDbEntity
  8
0
  6
Continuous
 62
     7
370
    25
100
AcDbCircle
 10
152.96502
 20
-234.5
 30
0.0
 40
1.5
100
AcDbArc
 50
0.0
 51
90.0
  0
ARC
  5
E7E
330
1F
100
AcDbEntity
  8
0
  6
Continuous
 62
     7
370
    25
100
AcDbCircle
 10
146.96502
 20
-234.5
 30
0.0
 40
1.500000000000114
100
AcDbArc
 50
90.0
 51
180.0
  0
ARC
  5
E7F
330
1F
100
AcDbEntity
  8
0
  6
Continuous
 62
     7
370
    25
100
AcDbCircle
 10
180.29835
 20
-237.5
 30
0.0
 40
1.499999999999915
100
AcDbArc
 50
180.0
 51
270.0
  0
ARC
  5
E80
330
1F
100
AcDbEntity
  8
0
  6
Continuous
 62
     7
370
    25
100
AcDbCircle
 10
186.29835
 20
-237.5
 30
0.0
 40
1.5
100
AcDbArc
 50
270.0
 51
0.0
  0
ARC
  5
E81
330
1F
100
AcDbEntity
  8
0
  6
Continuous
 62
     7
370
    25
100
AcDbCircle
 10
186.29835
 20
-234.5
 30
0.0
 40
1.5
100
AcDbArc
 50
0.0
 51
90.0
  0
ARC
  5
E82
330
1F
100
AcDbEntity
  8
0
  6
Continuous
 62
     7
370
    25
100
AcDbCircle
 10
180.29835
 20
-234.5
 30
0.0
 40
1.500000000000114
100
AcDbArc
 50
90.0
 51
180.0
  0
ARC
  5
E83
330
1F
100
AcDbEntity
  8
0
  6
Continuous
 62
     7
370
    25
100
AcDbCircle
 10
213.63168
 20
-237.5
 30
0.0
 40
1.499999999999915
100
AcDbArc
 50
180.0
 51
270.0
  0
ARC
  5
E84
330
1F
100
AcDbEntity
  8
0
  6
Continuous
 62
     7
370
    25
100
AcDbCircle
 10
219.63168
 20
-237.5
 30
0.0
 40
1.500000000000028
100
AcDbArc
 50
270.0
 51
0.0
  0
ARC
  5
E85
330
1F
100
AcDbEntity
  8
0
  6
Continuous
 62
     7
370
    25
100
AcDbCircle
 10
219.63168
 20
-234.5
 30
0.0
 40
1.500000000000028
100
AcDbArc
 50
0.0
 51
90.0
  0
ARC
  5
E86
330
1F
100
AcDbEntity
  8
0
  6
Continuous
 62
     7
370
    25
100
AcDbCircle
 10
213.63168
 20
-234.5
 30
0.0
 40
1.500000000000114
100
AcDbArc
 50
90.0
 51
180.0
  0
ARC
  5
E87
330
1F
100
AcDbEntity
  8
0
  6
Continuous
 62
     7
370
    25
100
AcDbCircle
 10
246.96501
 20
-237.5
 30
0.0
 40
1.499999999999943
100
AcDbArc
 50
180.0
 51
270.0
  0
ARC
  5
E88
330
1F
100
AcDbEntity
  8
0
  6
Continuous
 62
     7
370
    25
100
AcDbCircle
 10
252.96501
 20
-237.5
 30
0.0
 40
1.500000000000028
100
AcDbArc
 50
270.0
 51
0.0
  0
ARC
  5
E89
330
1F
100
AcDbEntity
  8
0
  6
Continuous
 62
     7
370
    25
100
AcDbCircle
 10
252.96501
 20
-234.5
 30
0.0
 40
1.500000000000028
100
AcDbArc
 50
0.0
 51
90.0
  0
ARC
  5
E8A
330
1F
100
AcDbEntity
  8
0
  6
Continuous
 62
     7
370
    25
100
AcDbCircle
 10
246.96501
 20
-234.5
 30
0.0
 40
1.500000000000114
100
AcDbArc
 50
90.0
 51
180.0
  0
ARC
  5
E8B
330
1F
100
AcDbEntity
  8
0
  6
Continuous
 62
     7
370
    25
100
AcDbCircle
 10
280.29834
 20
-237.5
 30
0.0
 40
1.499999999999943
100
AcDbArc
 50
180.0
 51
270.0
  0
ARC
  5
E8C
330
1F
100
AcDbEntity
  8
0
  6
Continuous
 62
     7
370
    25
100
AcDbCircle
 10
286.29834
 20
-237.5
 30
0.0
 40
1.5
100
AcDbArc
 50
270.0
 51
0.0
  0
ARC
  5
E8D
330
1F
100
AcDbEntity
  8
0
  6
Continuous
 62
     7
370
    25
100
AcDbCircle
 10
286.29834
 20
-234.5
 30
0.0
 40
1.5
100
AcDbArc
 50
0.0
 51
90.0
  0
ARC
  5
E8E
330
1F
100
AcDbEntity
  8
0
  6
Continuous
 62
     7
370
    25
100
AcDbCircle
 10
280.29834
 20
-234.5
 30
0.0
 40
1.500000000000085
100
AcDbArc
 50
90.0
 51
180.0
  0
ARC
  5
E8F
330
1F
100
AcDbEntity
  8
0
  6
Continuous
 62
     7
370
    25
100
AcDbCircle
 10
313.63167
 20
-237.5
 30
0.0
 40
1.499999999999943
100
AcDbArc
 50
180.0
 51
270.0
  0
ARC
  5
E90
330
1F
100
AcDbEntity
  8
0
  6
Continuous
 62
     7
370
    25
100
AcDbCircle
 10
319.63167
 20
-237.5
 30
0.0
 40
1.500000000000057
100
AcDbArc
 50
270.0
 51
0.0
  0
ARC
  5
E91
330
1F
100
AcDbEntity
  8
0
  6
Continuous
 62
     7
370
    25
100
AcDbCircle
 10
319.63167
 20
-234.5
 30
0.0
 40
1.499999999999943
100
AcDbArc
 50
0.0
 51
90.0
  0
ARC
  5
E92
330
1F
100
AcDbEntity
  8
0
  6
Continuous
 62
     7
370
    25
100
AcDbCircle
 10
313.63167
 20
-234.5
 30
0.0
 40
1.500000000000114
100
AcDbArc
 50
90.0
 51
180.0
  0
ARC
  5
E93
330
1F
100
AcDbEntity
  8
0
  6
Continuous
 62
     7
370
    25
100
AcDbCircle
 10
346.965
 20
-237.5
 30
0.0
 40
1.499999999999915
100
AcDbArc
 50
180.0
 51
270.0
  0
ARC
  5
E94
330
1F
100
AcDbEntity
  8
0
  6
Continuous
 62
     7
370
    25
100
AcDbCircle
 10
352.965
 20
-237.5
 30
0.0
 40
1.5
100
AcDbArc
 50
270.0
 51
0.0
  0
ARC
  5
E95
330
1F
100
AcDbEntity
  8
0
  6
Continuous
 62
     7
370
    25
100
AcDbCircle
 10
352.965
 20
-234.5
 30
0.0
 40
1.5
100
AcDbArc
 50
0.0
 51
90.0
  0
ARC
  5
E96
330
1F
100
AcDbEntity
  8
0
  6
Continuous
 62
     7
370
    25
100
AcDbCircle
 10
346.965
 20
-234.5
 30
0.0
 40
1.500000000000114
100
AcDbArc
 50
90.0
 51
180.0
  0
ARC
  5
E97
330
1F
100
AcDbEntity
  8
0
  6
Continuous
 62
     7
370
    25
100
AcDbCircle
 10
-353.03493
 20
-303.5
 30
0.0
 40
1.5
100
AcDbArc
 50
180.0
 51
270.0
  0
ARC
  5
E98
330
1F
100
AcDbEntity
  8
0
  6
Continuous
 62
     7
370
    25
100
AcDbCircle
 10
-347.03493
 20
-303.5
 30
0.0
 40
1.5
100
AcDbArc
 50
270.0
 51
0.0
  0
ARC
  5
E99
330
1F
100
AcDbEntity
  8
0
  6
Continuous
 62
     7
370
    25
100
AcDbCircle
 10
-347.03493
 20
-300.5
 30
0.0
 40
1.5
100
AcDbArc
 50
0.0
 51
90.0
  0
ARC
  5
E9A
330
1F
100
AcDbEntity
  8
0
  6
Continuous
 62
     7
370
    25
100
AcDbCircle
 10
-353.03493
 20
-300.5
 30
0.0
 40
1.500000000000171
100
AcDbArc
 50
90.0
 51
180.0
  0
ARC
  5
E9B
330
1F
100
AcDbEntity
  8
0
  6
Continuous
 62
     7
370
    25
100
AcDbCircle
 10
-319.7016
 20
-303.5
 30
0.0
 40
1.5
100
AcDbArc
 50
180.0
 51
270.0
  0
ARC
  5
E9C
330
1F
100
AcDbEntity
  8
0
  6
Continuous
 62
     7
370
    25
100
AcDbCircle
 10
-313.7016
 20
-303.5
 30
0.0
 40
1.5
100
AcDbArc
 50
270.0
 51
0.0
  0
ARC
  5
E9D
330
1F
100
AcDbEntity
  8
0
  6
Continuous
 62
     7
370
    25
100
AcDbCircle
 10
-313.7016
 20
-300.5
 30
0.0
 40
1.5
100
AcDbArc
 50
0.0
 51
90.0
  0
ARC
  5
E9E
330
1F
100
AcDbEntity
  8
0
  6
Continuous
 62
     7
370
    25
100
AcDbCircle
 10
-319.7016
 20
-300.5
 30
0.0
 40
1.500000000000171
100
AcDbArc
 50
90.0
 51
180.0
  0
ARC
  5
E9F
330
1F
100
AcDbEntity
  8
0
  6
Continuous
 62
     7
370
    25
100
AcDbCircle
 10
-286.36827
 20
-303.5
 30
0.0
 40
1.5
100
AcDbArc
 50
180.0
 51
270.0
  0
ARC
  5
EA0
330
1F
100
AcDbEntity
  8
0
  6
Continuous
 62
     7
370
    25
100
AcDbCircle
 10
-280.36827
 20
-303.5
 30
0.0
 40
1.5
100
AcDbArc
 50
270.0
 51
0.0
  0
ARC
  5
EA1
330
1F
100
AcDbEntity
  8
0
  6
Continuous
 62
     7
370
    25
100
AcDbCircle
 10
-280.36827
 20
-300.5
 30
0.0
 40
1.5
100
AcDbArc
 50
0.0
 51
90.0
  0
ARC
  5
EA2
330
1F
100
AcDbEntity
  8
0
  6
Continuous
 62
     7
370
    25
100
AcDbCircle
 10
-286.36827
 20
-300.5
 30
0.0
 40
1.500000000000171
100
AcDbArc
 50
90.0
 51
180.0
  0
ARC
  5
EA3
330
1F
100
AcDbEntity
  8
0
  6
Continuous
 62
     7
370
    25
100
AcDbCircle
 10
-253.03494
 20
-303.5
 30
0.0
 40
1.499999999999943
100
AcDbArc
 50
180.0
 51
270.0
  0
ARC
  5
EA4
330
1F
100
AcDbEntity
  8
0
  6
Continuous
 62
     7
370
    25
100
AcDbCircle
 10
-247.03494
 20
-303.5
 30
0.0
 40
1.5
100
AcDbArc
 50
270.0
 51
0.0
  0
ARC
  5
EA5
330
1F
100
AcDbEntity
  8
0
  6
Continuous
 62
     7
370
    25
100
AcDbCircle
 10
-247.03494
 20
-300.5
 30
0.0
 40
1.5
100
AcDbArc
 50
0.0
 51
90.0
  0
ARC
  5
EA6
330
1F
100
AcDbEntity
  8
0
  6
Continuous
 62
     7
370
    25
100
AcDbCircle
 10
-253.03494
 20
-300.5
 30
0.0
 40
1.500000000000171
100
AcDbArc
 50
90.0
 51
180.0
  0
ARC
  5
EA7
330
1F
100
AcDbEntity
  8
0
  6
Continuous
 62
     7
370
    25
100
AcDbCircle
 10
-219.70161
 20
-303.5
 30
0.0
 40
1.499999999999886
100
AcDbArc
 50
180.0
 51
270.0
  0
ARC
  5
EA8
330
1F
100
AcDbEntity
  8
0
  6
Continuous
 62
     7
370
    25
100
AcDbCircle
 10
-213.70161
 20
-303.5
 30
0.0
 40
1.500000000000028
100
AcDbArc
 50
270.0
 51
0.0
  0
ARC
  5
EA9
330
1F
100
AcDbEntity
  8
0
  6
Continuous
 62
     7
370
    25
100
AcDbCircle
 10
-213.70161
 20
-300.5
 30
0.0
 40
1.5
100
AcDbArc
 50
0.0
 51
90.0
  0
ARC
  5
EAA
330
1F
100
AcDbEntity
  8
0
  6
Continuous
 62
     7
370
    25
100
AcDbCircle
 10
-219.70161
 20
-300.5
 30
0.0
 40
1.500000000000114
100
AcDbArc
 50
90.0
 51
180.0
  0
ARC
  5
EAB
330
1F
100
AcDbEntity
  8
0
  6
Continuous
 62
     7
370
    25
100
AcDbCircle
 10
-186.36828
 20
-303.5
 30
0.0
 40
1.499999999999943
100
AcDbArc
 50
180.0
 51
270.0
  0
ARC
  5
EAC
330
1F
100
AcDbEntity
  8
0
  6
Continuous
 62
     7
370
    25
100
AcDbCircle
 10
-180.36828
 20
-303.5
 30
0.0
 40
1.499999999999972
100
AcDbArc
 50
270.0
 51
0.0
  0
ARC
  5
EAD
330
1F
100
AcDbEntity
  8
0
  6
Continuous
 62
     7
370
    25
100
AcDbCircle
 10
-180.36828
 20
-300.5
 30
0.0
 40
1.499999999999943
100
AcDbArc
 50
360.0
 51
90.0
  0
ARC
  5
EAE
330
1F
100
AcDbEntity
  8
0
  6
Continuous
 62
     7
370
    25
100
AcDbCircle
 10
-186.36828
 20
-300.5
 30
0.0
 40
1.500000000000114
100
AcDbArc
 50
90.0
 51
180.0
  0
ARC
  5
EAF
330
1F
100
AcDbEntity
  8
0
  6
Continuous
 62
     7
370
    25
100
AcDbCircle
 10
-153.03495
 20
-303.5
 30
0.0
 40
1.499999999999943
100
AcDbArc
 50
180.0
 51
270.0
  0
ARC
  5
EB0
330
1F
100
AcDbEntity
  8
0
  6
Continuous
 62
     7
370
    25
100
AcDbCircle
 10
-147.03495
 20
-303.5
 30
0.0
 40
1.500000000000028
100
AcDbArc
 50
270.0
 51
0.0
  0
ARC
  5
EB1
330
1F
100
AcDbEntity
  8
0
  6
Continuous
 62
     7
370
    25
100
AcDbCircle
 10
-147.03495
 20
-300.5
 30
0.0
 40
1.5
100
AcDbArc
 50
0.0
 51
90.0
  0
ARC
  5
EB2
330
1F
100
AcDbEntity
  8
0
  6
Continuous
 62
     7
370
    25
100
AcDbCircle
 10
-153.03495
 20
-300.5
 30
0.0
 40
1.500000000000114
100
AcDbArc
 50
90.0
 51
180.0
  0
ARC
  5
EB3
330
1F
100
AcDbEntity
  8
0
  6
Continuous
 62
     7
370
    25
100
AcDbCircle
 10
-119.70162
 20
-303.5
 30
0.0
 40
1.499999999999901
100
AcDbArc
 50
180.0
 51
270.0
  0
ARC
  5
EB4
330
1F
100
AcDbEntity
  8
0
  6
Continuous
 62
     7
370
    25
100
AcDbCircle
 10
-113.70162
 20
-303.5
 30
0.0
 40
1.500000000000028
100
AcDbArc
 50
270.0
 51
0.0
  0
ARC
  5
EB5
330
1F
100
AcDbEntity
  8
0
  6
Continuous
 62
     7
370
    25
100
AcDbCircle
 10
-113.70162
 20
-300.5
 30
0.0
 40
1.500000000000014
100
AcDbArc
 50
0.0
 51
90.0
  0
ARC
  5
EB6
330
1F
100
AcDbEntity
  8
0
  6
Continuous
 62
     7
370
    25
100
AcDbCircle
 10
-119.70162
 20
-300.5
 30
0.0
 40
1.500000000000114
100
AcDbArc
 50
90.0
 51
180.0
  0
ARC
  5
EB7
330
1F
100
AcDbEntity
  8
0
  6
Continuous
 62
     7
370
    25
100
AcDbCircle
 10
-86.36829
 20
-303.5
 30
0.0
 40
1.499999999999943
100
AcDbArc
 50
180.0
 51
270.0
  0
ARC
  5
EB8
330
1F
100
AcDbEntity
  8
0
  6
Continuous
 62
     7
370
    25
100
AcDbCircle
 10
-80.36829
 20
-303.5
 30
0.0
 40
1.500000000000014
100
AcDbArc
 50
270.0
 51
0.0
  0
ARC
  5
EB9
330
1F
100
AcDbEntity
  8
0
  6
Continuous
 62
     7
370
    25
100
AcDbCircle
 10
-80.36829
 20
-300.5
 30
0.0
 40
1.5
100
AcDbArc
 50
0.0
 51
90.0
  0
ARC
  5
EBA
330
1F
100
AcDbEntity
  8
0
  6
Continuous
 62
     7
370
    25
100
AcDbCircle
 10
-86.36829
 20
-300.5
 30
0.0
 40
1.500000000000114
100
AcDbArc
 50
90.0
 51
180.0
  0
ARC
  5
EBB
330
1F
100
AcDbEntity
  8
0
  6
Continuous
 62
     7
370
    25
100
AcDbCircle
 10
-53.03496
 20
-303.5
 30
0.0
 40
1.499999999999943
100
AcDbArc
 50
180.0
 51
270.0
  0
ARC
  5
EBC
330
1F
100
AcDbEntity
  8
0
  6
Continuous
 62
     7
370
    25
100
AcDbCircle
 10
-47.03496
 20
-303.5
 30
0.0
 40
1.5
100
AcDbArc
 50
270.0
 51
0.0
  0
ARC
  5
EBD
330
1F
100
AcDbEntity
  8
0
  6
Continuous
 62
     7
370
    25
100
AcDbCircle
 10
-47.03496
 20
-300.5
 30
0.0
 40
1.5
100
AcDbArc
 50
0.0
 51
90.0
  0
ARC
  5
EBE
330
1F
100
AcDbEntity
  8
0
  6
Continuous
 62
     7
370
    25
100
AcDbCircle
 10
-53.03496
 20
-300.5
 30
0.0
 40
1.500000000000114
100
AcDbArc
 50
90.0
 51
180.0
  0
ARC
  5
EBF
330
1F
100
AcDbEntity
  8
0
  6
Continuous
 62
     7
370
    25
100
AcDbCircle
 10
-19.70163
 20
-303.5
 30
0.0
 40
1.499999999999911
100
AcDbArc
 50
180.0
 51
270.0
  0
ARC
  5
EC0
330
1F
100
AcDbEntity
  8
0
  6
Continuous
 62
     7
370
    25
100
AcDbCircle
 10
-13.70163
 20
-303.5
 30
0.0
 40
1.500000000000016
100
AcDbArc
 50
270.0
 51
0.0
  0
ARC
  5
EC1
330
1F
100
AcDbEntity
  8
0
  6
Continuous
 62
     7
370
    25
100
AcDbCircle
 10
-13.70163
 20
-300.5
 30
0.0
 40
1.5
100
AcDbArc
 50
0.0
 51
90.0
  0
ARC
  5
EC2
330
1F
100
AcDbEntity
  8
0
  6
Continuous
 62
     7
370
    25
100
AcDbCircle
 10
-19.70163
 20
-300.5
 30
0.0
 40
1.500000000000114
100
AcDbArc
 50
90.0
 51
180.0
  0
ARC
  5
EC3
330
1F
100
AcDbEntity
  8
0
  6
Continuous
 62
     7
370
    25
100
AcDbCircle
 10
13.6317
 20
-303.5
 30
0.0
 40
1.499999999999911
100
AcDbArc
 50
180.0
 51
270.0
  0
ARC
  5
EC4
330
1F
100
AcDbEntity
  8
0
  6
Continuous
 62
     7
370
    25
100
AcDbCircle
 10
19.6317
 20
-303.5
 30
0.0
 40
1.500000000000014
100
AcDbArc
 50
270.0
 51
0.0
  0
ARC
  5
EC5
330
1F
100
AcDbEntity
  8
0
  6
Continuous
 62
     7
370
    25
100
AcDbCircle
 10
19.6317
 20
-300.5
 30
0.0
 40
1.500000000000004
100
AcDbArc
 50
0.0
 51
90.0
  0
ARC
  5
EC6
330
1F
100
AcDbEntity
  8
0
  6
Continuous
 62
     7
370
    25
100
AcDbCircle
 10
13.6317
 20
-300.5
 30
0.0
 40
1.500000000000114
100
AcDbArc
 50
90.0
 51
180.0
  0
ARC
  5
EC7
330
1F
100
AcDbEntity
  8
0
  6
Continuous
 62
     7
370
    25
100
AcDbCircle
 10
46.96503
 20
-303.5
 30
0.0
 40
1.499999999999943
100
AcDbArc
 50
180.0
 51
270.0
  0
ARC
  5
EC8
330
1F
100
AcDbEntity
  8
0
  6
Continuous
 62
     7
370
    25
100
AcDbCircle
 10
52.96503
 20
-303.5
 30
0.0
 40
1.500000000000028
100
AcDbArc
 50
270.0
 51
0.0
  0
ARC
  5
EC9
330
1F
100
AcDbEntity
  8
0
  6
Continuous
 62
     7
370
    25
100
AcDbCircle
 10
52.96503
 20
-300.5
 30
0.0
 40
1.5
100
AcDbArc
 50
0.0
 51
90.0
  0
ARC
  5
ECA
330
1F
100
AcDbEntity
  8
0
  6
Continuous
 62
     7
370
    25
100
AcDbCircle
 10
46.96503
 20
-300.5
 30
0.0
 40
1.500000000000121
100
AcDbArc
 50
90.0
 51
180.0
  0
ARC
  5
ECB
330
1F
100
AcDbEntity
  8
0
  6
Continuous
 62
     7
370
    25
100
AcDbCircle
 10
80.29836
 20
-303.5
 30
0.0
 40
1.499999999999943
100
AcDbArc
 50
180.0
 51
270.0
  0
ARC
  5
ECC
330
1F
100
AcDbEntity
  8
0
  6
Continuous
 62
     7
370
    25
100
AcDbCircle
 10
86.29836
 20
-303.5
 30
0.0
 40
1.500000000000014
100
AcDbArc
 50
270.0
 51
0.0
  0
ARC
  5
ECD
330
1F
100
AcDbEntity
  8
0
  6
Continuous
 62
     7
370
    25
100
AcDbCircle
 10
86.29836
 20
-300.5
 30
0.0
 40
1.500000000000014
100
AcDbArc
 50
0.0
 51
90.0
  0
ARC
  5
ECE
330
1F
100
AcDbEntity
  8
0
  6
Continuous
 62
     7
370
    25
100
AcDbCircle
 10
80.29836
 20
-300.5
 30
0.0
 40
1.500000000000114
100
AcDbArc
 50
90.0
 51
180.0
  0
ARC
  5
ECF
330
1F
100
AcDbEntity
  8
0
  6
Continuous
 62
     7
370
    25
100
AcDbCircle
 10
113.63169
 20
-303.5
 30
0.0
 40
1.499999999999943
100
AcDbArc
 50
180.0
 51
270.0
  0
ARC
  5
ED0
330
1F
100
AcDbEntity
  8
0
  6
Continuous
 62
     7
370
    25
100
AcDbCircle
 10
119.63169
 20
-303.5
 30
0.0
 40
1.500000000000014
100
AcDbArc
 50
270.0
 51
0.0
  0
ARC
  5
ED1
330
1F
100
AcDbEntity
  8
0
  6
Continuous
 62
     7
370
    25
100
AcDbCircle
 10
119.63169
 20
-300.5
 30
0.0
 40
1.5
100
AcDbArc
 50
0.0
 51
90.0
  0
ARC
  5
ED2
330
1F
100
AcDbEntity
  8
0
  6
Continuous
 62
     7
370
    25
100
AcDbCircle
 10
113.63169
 20
-300.5
 30
0.0
 40
1.500000000000114
100
AcDbArc
 50
90.0
 51
180.0
  0
ARC
  5
ED3
330
1F
100
AcDbEntity
  8
0
  6
Continuous
 62
     7
370
    25
100
AcDbCircle
 10
146.96502
 20
-303.5
 30
0.0
 40
1.499999999999886
100
AcDbArc
 50
180.0
 51
270.0
  0
ARC
  5
ED4
330
1F
100
AcDbEntity
  8
0
  6
Continuous
 62
     7
370
    25
100
AcDbCircle
 10
152.96502
 20
-303.5
 30
0.0
 40
1.5
100
AcDbArc
 50
270.0
 51
0.0
  0
ARC
  5
ED5
330
1F
100
AcDbEntity
  8
0
  6
Continuous
 62
     7
370
    25
100
AcDbCircle
 10
152.96502
 20
-300.5
 30
0.0
 40
1.5
100
AcDbArc
 50
0.0
 51
90.0
  0
ARC
  5
ED6
330
1F
100
AcDbEntity
  8
0
  6
Continuous
 62
     7
370
    25
100
AcDbCircle
 10
146.96502
 20
-300.5
 30
0.0
 40
1.500000000000114
100
AcDbArc
 50
90.0
 51
180.0
  0
ARC
  5
ED7
330
1F
100
AcDbEntity
  8
0
  6
Continuous
 62
     7
370
    25
100
AcDbCircle
 10
180.29835
 20
-303.5
 30
0.0
 40
1.499999999999943
100
AcDbArc
 50
180.0
 51
270.0
  0
ARC
  5
ED8
330
1F
100
AcDbEntity
  8
0
  6
Continuous
 62
     7
370
    25
100
AcDbCircle
 10
186.29835
 20
-303.5
 30
0.0
 40
1.5
100
AcDbArc
 50
270.0
 51
0.0
  0
ARC
  5
ED9
330
1F
100
AcDbEntity
  8
0
  6
Continuous
 62
     7
370
    25
100
AcDbCircle
 10
186.29835
 20
-300.5
 30
0.0
 40
1.5
100
AcDbArc
 50
0.0
 51
90.0
  0
ARC
  5
EDA
330
1F
100
AcDbEntity
  8
0
  6
Continuous
 62
     7
370
    25
100
AcDbCircle
 10
180.29835
 20
-300.5
 30
0.0
 40
1.500000000000114
100
AcDbArc
 50
90.0
 51
180.0
  0
ARC
  5
EDB
330
1F
100
AcDbEntity
  8
0
  6
Continuous
 62
     7
370
    25
100
AcDbCircle
 10
213.63168
 20
-303.5
 30
0.0
 40
1.499999999999943
100
AcDbArc
 50
180.0
 51
270.0
  0
ARC
  5
EDC
330
1F
100
AcDbEntity
  8
0
  6
Continuous
 62
     7
370
    25
100
AcDbCircle
 10
219.63168
 20
-303.5
 30
0.0
 40
1.500000000000028
100
AcDbArc
 50
270.0
 51
0.0
  0
ARC
  5
EDD
330
1F
100
AcDbEntity
  8
0
  6
Continuous
 62
     7
370
    25
100
AcDbCircle
 10
219.63168
 20
-300.5
 30
0.0
 40
1.500000000000028
100
AcDbArc
 50
0.0
 51
90.0
  0
ARC
  5
EDE
330
1F
100
AcDbEntity
  8
0
  6
Continuous
 62
     7
370
    25
100
AcDbCircle
 10
213.63168
 20
-300.5
 30
0.0
 40
1.500000000000114
100
AcDbArc
 50
90.0
 51
180.0
  0
ARC
  5
EDF
330
1F
100
AcDbEntity
  8
0
  6
Continuous
 62
     7
370
    25
100
AcDbCircle
 10
246.96501
 20
-303.5
 30
0.0
 40
1.499999999999943
100
AcDbArc
 50
180.0
 51
270.0
  0
ARC
  5
EE0
330
1F
100
AcDbEntity
  8
0
  6
Continuous
 62
     7
370
    25
100
AcDbCircle
 10
252.96501
 20
-303.5
 30
0.0
 40
1.500000000000057
100
AcDbArc
 50
270.0
 51
360.0
  0
ARC
  5
EE1
330
1F
100
AcDbEntity
  8
0
  6
Continuous
 62
     7
370
    25
100
AcDbCircle
 10
252.96501
 20
-300.5
 30
0.0
 40
1.500000000000057
100
AcDbArc
 50
0.0
 51
90.0
  0
ARC
  5
EE2
330
1F
100
AcDbEntity
  8
0
  6
Continuous
 62
     7
370
    25
100
AcDbCircle
 10
246.96501
 20
-300.5
 30
0.0
 40
1.500000000000114
100
AcDbArc
 50
90.0
 51
180.0
  0
ARC
  5
EE3
330
1F
100
AcDbEntity
  8
0
  6
Continuous
 62
     7
370
    25
100
AcDbCircle
 10
280.29834
 20
-303.5
 30
0.0
 40
1.499999999999886
100
AcDbArc
 50
180.0
 51
270.0
  0
ARC
  5
EE4
330
1F
100
AcDbEntity
  8
0
  6
Continuous
 62
     7
370
    25
100
AcDbCircle
 10
286.29834
 20
-303.5
 30
0.0
 40
1.5
100
AcDbArc
 50
270.0
 51
0.0
  0
ARC
  5
EE5
330
1F
100
AcDbEntity
  8
0
  6
Continuous
 62
     7
370
    25
100
AcDbCircle
 10
286.29834
 20
-300.5
 30
0.0
 40
1.5
100
AcDbArc
 50
0.0
 51
90.0
  0
ARC
  5
EE6
330
1F
100
AcDbEntity
  8
0
  6
Continuous
 62
     7
370
    25
100
AcDbCircle
 10
280.29834
 20
-300.5
 30
0.0
 40
1.500000000000057
100
AcDbArc
 50
90.0
 51
180.0
  0
ARC
  5
EE7
330
1F
100
AcDbEntity
  8
0
  6
Continuous
 62
     7
370
    25
100
AcDbCircle
 10
346.965
 20
-303.5
 30
0.0
 40
1.499999999999886
100
AcDbArc
 50
180.0
 51
270.0
  0
ARC
  5
EE8
330
1F
100
AcDbEntity
  8
0
  6
Continuous
 62
     7
370
    25
100
AcDbCircle
 10
352.965
 20
-303.5
 30
0.0
 40
1.5
100
AcDbArc
 50
270.0
 51
0.0
  0
ARC
  5
EE9
330
1F
100
AcDbEntity
  8
0
  6
Continuous
 62
     7
370
    25
100
AcDbCircle
 10
352.965
 20
-300.5
 30
0.0
 40
1.5
100
AcDbArc
 50
0.0
 51
90.0
  0
ARC
  5
EEA
330
1F
100
AcDbEntity
  8
0
  6
Continuous
 62
     7
370
    25
100
AcDbCircle
 10
346.965
 20
-300.5
 30
0.0
 40
1.500000000000114
100
AcDbArc
 50
90.0
 51
180.0
  0
ARC
  5
EEB
330
1F
100
AcDbEntity
  8
0
  6
Continuous
 62
     7
370
    25
100
AcDbCircle
 10
313.63167
 20
-303.5
 30
0.0
 40
1.499999999999886
100
AcDbArc
 50
180.0
 51
270.0
  0
ARC
  5
EEC
330
1F
100
AcDbEntity
  8
0
  6
Continuous
 62
     7
370
    25
100
AcDbCircle
 10
319.63167
 20
-303.5
 30
0.0
 40
1.5
100
AcDbArc
 50
270.0
 51
0.0
  0
ARC
  5
EED
330
1F
100
AcDbEntity
  8
0
  6
Continuous
 62
     7
370
    25
100
AcDbCircle
 10
319.63167
 20
-300.5
 30
0.0
 40
1.5
100
AcDbArc
 50
0.0
 51
90.0
  0
ARC
  5
EEE
330
1F
100
AcDbEntity
  8
0
  6
Continuous
 62
     7
370
    25
100
AcDbCircle
 10
313.63167
 20
-300.5
 30
0.0
 40
1.500000000000114
100
AcDbArc
 50
90.0
 51
180.0
  0
ARC
  5
EEF
330
1F
100
AcDbEntity
  8
0
  6
Continuous
 62
     7
370
    25
100
AcDbCircle
 10
-415.1506475871
 20
390.149671665
 30
0.0
 40
1.5
100
AcDbArc
 50
360.0
 51
90.0
  0
ARC
  5
EF0
330
1F
100
AcDbEntity
  8
0
  6
Continuous
 62
     7
370
    25
100
AcDbCircle
 10
-419.1506475871
 20
390.149671665
 30
0.0
 40
1.499999999999943
100
AcDbArc
 50
90.0
 51
180.0
  0
ARC
  5
EF1
330
1F
100
AcDbEntity
  8
0
  6
Continuous
 62
     7
370
    25
100
AcDbCircle
 10
-419.1506475871
 20
387.149671665
 30
0.0
 40
1.499999999999943
100
AcDbArc
 50
180.0
 51
270.0
  0
ARC
  5
EF2
330
1F
100
AcDbEntity
  8
0
  6
Continuous
 62
     7
370
    25
100
AcDbCircle
 10
-415.1506475871
 20
387.149671665
 30
0.0
 40
1.5
100
AcDbArc
 50
270.0
 51
0.0
  0
ARC
  5
EF3
330
1F
100
AcDbEntity
  8
0
  6
Continuous
 62
     7
370
    25
100
AcDbCircle
 10
-419.1506475871
 20
-387.149671665
 30
0.0
 40
1.500000000000057
100
AcDbArc
 50
90.0
 51
180.0
  0
ARC
  5
EF4
330
1F
100
AcDbEntity
  8
0
  6
Continuous
 62
     7
370
    25
100
AcDbCircle
 10
-419.1506475871
 20
-390.149671665
 30
0.0
 40
1.5
100
AcDbArc
 50
180.0
 51
270.0
  0
ARC
  5
EF5
330
1F
100
AcDbEntity
  8
0
  6
Continuous
 62
     7
370
    25
100
AcDbCircle
 10
-415.1506475871
 20
-390.149671665
 30
0.0
 40
1.5
100
AcDbArc
 50
270.0
 51
0.0
  0
ARC
  5
EF6
330
1F
100
AcDbEntity
  8
0
  6
Continuous
 62
     7
370
    25
100
AcDbCircle
 10
-415.1506475871
 20
-387.149671665
 30
0.0
 40
1.500000000000057
100
AcDbArc
 50
0.0
 51
90.0
  0
ENDSEC
  0
SECTION
  2
OBJECTS
  0
DICTIONARY
  5
C
330
0
100
AcDbDictionary
281
     1
  3
ACAD_GROUP
350
D
  3
ACAD_LAYOUT
350
1A
  3
ACAD_MLINESTYLE
350
17
  3
ACAD_PLOTSETTINGS
350
19
  3
ACAD_PLOTSTYLENAME
350
E
  3
ACAD_SCALELIST
350
47
  3
DWGPROPS
350
EF7
  0
DICTIONARY
  5
D
102
{ACAD_REACTORS
330
C
102
}
330
C
100
AcDbDictionary
281
     1
  0
DICTIONARY
  5
1A
102
{ACAD_REACTORS
330
C
102
}
330
C
100
AcDbDictionary
281
     1
  3
Layout1
350
1E
  3
Layout2
350
26
  3
Model
350
22
  0
DICTIONARY
  5
17
102
{ACAD_REACTORS
330
C
102
}
330
C
100
AcDbDictionary
281
     1
  3
Standard
350
18
  0
DICTIONARY
  5
19
102
{ACAD_REACTORS
330
C
102
}
330
C
100
AcDbDictionary
281
     1
  0
ACDBDICTIONARYWDFLT
  5
E
102
{ACAD_REACTORS
330
C
102
}
330
C
100
AcDbDictionary
281
     1
  3
Normal
350
F
100
AcDbDictionaryWithDefault
340
F
  0
DICTIONARY
  5
47
102
{ACAD_REACTORS
330
C
102
}
330
C
100
AcDbDictionary
281
     1
  3
A0
350
48
  3
A1
350
49
  3
A2
350
4A
  3
A3
350
4B
  3
A4
350
4C
  3
A5
350
4D
  3
A6
350
4E
  3
A7
350
4F
  3
A8
350
50
  3
A9
350
51
  3
B0
350
52
  3
B1
350
53
  3
B2
350
54
  3
B3
350
55
  3
B4
350
56
  3
B5
350
57
  3
B6
350
58
  0
XRECORD
  5
EF7
102
{ACAD_REACTORS
330
C
102
}
330
C
100
AcDbXrecord
280
     1
  1
DWGPROPS COOKIE
  2

  3

  4

  6

  7

  8
Layer1
  9

300
=
301
=
302
=
303
=
304
=
305
=
306
=
307
=
308
=
309
=
 40
0.0
 41
2460680.907118993
 42
2460680.907196158
  1

 90
        0
  0
LAYOUT
  5
1E
102
{ACAD_REACTORS
330
1A
102
}
330
1A
100
AcDbPlotSettings
  1

  2
none_device
  4

  6

 40
0.0
 41
0.0
 42
0.0
 43
0.0
 44
0.0
 45
0.0
 46
0.0
 47
0.0
 48
0.0
 49
0.0
140
0.0
141
0.0
142
1.0
143
1.0
 70
   688
 72
     1
 73
     0
 74
     5
  7

 75
    16
147
1.0
148
0.0
149
0.0
100
AcDbLayout
  1
Layout1
 70
     1
 71
     1
 10
0.0
 20
0.0
 11
420.0
 21
297.0
 12
0.0
 22
0.0
 32
0.0
 14
1.0000000000E+20
 24
1.0000000000E+20
 34
1.0000000000E+20
 15
-1.0000000000E+20
 25
-1.0000000000E+20
 35
-1.0000000000E+20
146
0.0
 13
0.0
 23
0.0
 33
0.0
 16
1.0
 26
0.0
 36
0.0
 17
0.0
 27
1.0
 37
0.0
 76
     0
330
1B
  0
LAYOUT
  5
26
102
{ACAD_REACTORS
330
1A
102
}
330
1A
100
AcDbPlotSettings
  1

  2
none_device
  4

  6

 40
0.0
 41
0.0
 42
0.0
 43
0.0
 44
0.0
 45
0.0
 46
0.0
 47
0.0
 48
0.0
 49
0.0
140
0.0
141
0.0
142
1.0
143
1.0
 70
   688
 72
     1
 73
     0
 74
     5
  7

 75
    16
147
1.0
148
0.0
149
0.0
100
AcDbLayout
  1
Layout2
 70
     1
 71
     2
 10
0.0
 20
0.0
 11
0.0
 21
0.0
 12
0.0
 22
0.0
 32
0.0
 14
0.0
 24
0.0
 34
0.0
 15
0.0
 25
0.0
 35
0.0
146
0.0
 13
0.0
 23
0.0
 33
0.0
 16
1.0
 26
0.0
 36
0.0
 17
0.0
 27
1.0
 37
0.0
 76
     0
330
23
  0
LAYOUT
  5
22
102
{ACAD_REACTORS
330
1A
102
}
330
1A
100
AcDbPlotSettings
  1

  2
none_device
  4
ANSI_A_(11.00_x_8.50_Inches)
  6

 40
6.35
 41
19.05
 42
6.35000508
 43
19.05000254
 44
279.4
 45
215.9
 46
133.34999746
 47
88.89999873
 48
0.0
 49
0.0
140
0.0
141
0.0
142
0.00935
143
1.0
 70
  1696
 72
     0
 73
     0
 74
     0
  7

 75
     0
147
0.0179189148
148
-1300.4909072572
149
0.0
100
AcDbLayout
  1
Model
 70
     1
 71
     0
 10
0.0
 20
0.0
 11
420.0
 21
297.0
 12
0.0
 22
0.0
 32
0.0
 14
-483.0
 24
-450.0
 34
0.0
 15
483.0
 25
450.0
 35
0.0
146
0.0
 13
0.0
 23
0.0
 33
0.0
 16
1.0
 26
0.0
 36
0.0
 17
0.0
 27
1.0
 37
0.0
 76
     0
330
1F
331
29
  0
MLINESTYLE
  5
18
102
{ACAD_REACTORS
330
17
102
}
330
17
100
AcDbMlineStyle
  2
Standard
 70
     0
  3

 62
   256
 51
90.0
 52
90.0
 71
     2
 49
0.5
 62
   256
  6
BYLAYER
 49
-0.5
 62
   256
  6
BYLAYER
  0
ACDBPLACEHOLDER
  5
F
102
{ACAD_REACTORS
330
E
102
}
330
E
  0
SCALE
  5
48
102
{ACAD_REACTORS
330
47
102
}
330
47
100
AcDbScale
 70
     0
300
1:1
140
1.0
141
1.0
290
     1
  0
SCALE
  5
49
102
{ACAD_REACTORS
330
47
102
}
330
47
100
AcDbScale
 70
     0
300
1:2
140
1.0
141
2.0
290
     0
  0
SCALE
  5
4A
102
{ACAD_REACTORS
330
47
102
}
330
47
100
AcDbScale
 70
     0
300
1:4
140
1.0
141
4.0
290
     0
  0
SCALE
  5
4B
102
{ACAD_REACTORS
330
47
102
}
330
47
100
AcDbScale
 70
     0
300
1:5
140
1.0
141
5.0
290
     0
  0
SCALE
  5
4C
102
{ACAD_REACTORS
330
47
102
}
330
47
100
AcDbScale
 70
     0
300
1:8
140
1.0
141
8.0
290
     0
  0
SCALE
  5
4D
102
{ACAD_REACTORS
330
47
102
}
330
47
100
AcDbScale
 70
     0
300
1:10
140
1.0
141
10.0
290
     0
  0
SCALE
  5
4E
102
{ACAD_REACTORS
330
47
102
}
330
47
100
AcDbScale
 70
     0
300
1:16
140
1.0
141
16.0
290
     0
  0
SCALE
  5
4F
102
{ACAD_REACTORS
330
47
102
}
330
47
100
AcDbScale
 70
     0
300
1:20
140
1.0
141
20.0
290
     0
  0
SCALE
  5
50
102
{ACAD_REACTORS
330
47
102
}
330
47
100
AcDbScale
 70
     0
300
1:30
140
1.0
141
30.0
290
     0
  0
SCALE
  5
51
102
{ACAD_REACTORS
330
47
102
}
330
47
100
AcDbScale
 70
     0
300
1:40
140
1.0
141
40.0
290
     0
  0
SCALE
  5
52
102
{ACAD_REACTORS
330
47
102
}
330
47
100
AcDbScale
 70
     0
300
1:50
140
1.0
141
50.0
290
     0
  0
SCALE
  5
53
102
{ACAD_REACTORS
330
47
102
}
330
47
100
AcDbScale
 70
     0
300
1:100
140
1.0
141
100.0
290
     0
  0
SCALE
  5
54
102
{ACAD_REACTORS
330
47
102
}
330
47
100
AcDbScale
 70
     0
300
2:1
140
2.0
141
1.0
290
     0
  0
SCALE
  5
55
102
{ACAD_REACTORS
330
47
102
}
330
47
100
AcDbScale
 70
     0
300
4:1
140
4.0
141
1.0
290
     0
  0
SCALE
  5
56
102
{ACAD_REACTORS
330
47
102
}
330
47
100
AcDbScale
 70
     0
300
8:1
140
8.0
141
1.0
290
     0
  0
SCALE
  5
57
102
{ACAD_REACTORS
330
47
102
}
330
47
100
AcDbScale
 70
     0
300
10:1
140
10.0
141
1.0
290
     0
  0
SCALE
  5
58
102
{ACAD_REACTORS
330
47
102
}
330
47
100
AcDbScale
 70
     0
300
100:1
140
100.0
141
1.0
290
     0
  0
ENDSEC
  0
EOF
